---
locale: uz
generated_at: '2025-09-15T06:26:55Z'
cldr_version: '46'
timezone_names:
  zones:
    Pacific/Honolulu:
      exemplar_city: Gonolulu
    Etc/UTC:
      long:
        standard: Koordinatali universal vaqt
    Etc/Unknown:
      exemplar_city: noma’lum shahar
    Asia/Dubai:
      exemplar_city: Dubay
    Asia/Kabul:
      exemplar_city: Qobul
    America/Anguilla:
      exemplar_city: Angilya
    Europe/Tirane:
      exemplar_city: Tirana
    Antarctica/Rothera:
      exemplar_city: Rotera
    Antarctica/Syowa:
      exemplar_city: Syova
    Antarctica/Mawson:
      exemplar_city: Mouson
    Antarctica/Davis:
      exemplar_city: Deyvis
    Antarctica/Casey:
      exemplar_city: Keysi
    Antarctica/DumontDUrville:
      exemplar_city: Dyumon-d’Yurvil
    Antarctica/McMurdo:
      exemplar_city: Mak-Merdo
    America/Argentina/Rio_Gallegos:
      exemplar_city: Rio-Galyegos
    America/Argentina/San_Juan:
      exemplar_city: San-Xuan
    America/Argentina/Ushuaia:
      exemplar_city: Ushuaya
    America/Argentina/La_Rioja:
      exemplar_city: La-Rioxa
    America/Argentina/San_Luis:
      exemplar_city: San-Luis
    America/Catamarca:
      exemplar_city: Katamarka
    America/Argentina/Tucuman:
      exemplar_city: Tukuman
    America/Cordoba:
      exemplar_city: Kordoba
    America/Buenos_Aires:
      exemplar_city: Buenos-Ayres
    Pacific/Pago_Pago:
      exemplar_city: Pago-Pago
    Europe/Vienna:
      exemplar_city: Vena
    Australia/Perth:
      exemplar_city: Pert
    Australia/Eucla:
      exemplar_city: Evkla
    Australia/Darwin:
      exemplar_city: Darvin
    Australia/Adelaide:
      exemplar_city: Adelaida
    Australia/Broken_Hill:
      exemplar_city: Broken-Xill
    Australia/Melbourne:
      exemplar_city: Melburn
    Australia/Hobart:
      exemplar_city: Xobart
    Australia/Sydney:
      exemplar_city: Sidney
    Australia/Brisbane:
      exemplar_city: Brisben
    Antarctica/Macquarie:
      exemplar_city: Makkuori
    Australia/Lord_Howe:
      exemplar_city: Lord-Xau oroli
    Europe/Mariehamn:
      exemplar_city: Mariyexamn
    Asia/Baku:
      exemplar_city: Boku
    Europe/Sarajevo:
      exemplar_city: Sarayevo
    Asia/Dhaka:
      exemplar_city: Dakka
    Europe/Brussels:
      exemplar_city: Bryussel
    Africa/Ouagadougou:
      exemplar_city: Uagadugu
    Europe/Sofia:
      exemplar_city: Sofiya
    Asia/Bahrain:
      exemplar_city: Bahrayn
    America/St_Barthelemy:
      exemplar_city: Sen-Bartelemi
    Atlantic/Bermuda:
      exemplar_city: Bermuda orollari
    Asia/Brunei:
      exemplar_city: Bruney
    America/La_Paz:
      exemplar_city: La-Pas
    America/Kralendijk:
      exemplar_city: Kralendeyk
    America/Eirunepe:
      exemplar_city: Eyrunepe
    America/Rio_Branco:
      exemplar_city: Riu-Branku
    America/Porto_Velho:
      exemplar_city: Portu-Velyu
    America/Boa_Vista:
      exemplar_city: Boa-Vista
    America/Cuiaba:
      exemplar_city: Kuyaba
    America/Campo_Grande:
      exemplar_city: Kampu-Grandi
    America/Sao_Paulo:
      exemplar_city: San-Paulu
    America/Bahia:
      exemplar_city: Baiya
    America/Maceio:
      exemplar_city: Maseyo
    America/Recife:
      exemplar_city: Resifi
    America/Noronha:
      exemplar_city: Noronya
    America/Belize:
      exemplar_city: Beliz
    America/Dawson:
      exemplar_city: Douson
    America/Whitehorse:
      exemplar_city: Uaytxors
    America/Vancouver:
      exemplar_city: Vankuver
    America/Dawson_Creek:
      exemplar_city: Douson-Krik
    America/Creston:
      exemplar_city: Kreston
    America/Swift_Current:
      exemplar_city: Svift-Karrent
    America/Cambridge_Bay:
      exemplar_city: Kembrij-Bey
    America/Regina:
      exemplar_city: Rejayna
    America/Winnipeg:
      exemplar_city: Vinnipeg
    America/Resolute:
      exemplar_city: Rezolyut
    America/Rankin_Inlet:
      exemplar_city: Rankin-Inlet
    America/Coral_Harbour:
      exemplar_city: Koral-Xarbor
    America/Iqaluit:
      exemplar_city: Ikaluit
    America/Moncton:
      exemplar_city: Monkton
    America/Halifax:
      exemplar_city: Galifaks
    America/Goose_Bay:
      exemplar_city: Gus-Bey
    America/Glace_Bay:
      exemplar_city: Gleys-Bey
    America/Blanc-Sablon:
      exemplar_city: Blank-Sablon
    America/St_Johns:
      exemplar_city: Sent-Jons
    Indian/Cocos:
      exemplar_city: Kokos orollari
    Africa/Bangui:
      exemplar_city: Bangi
    Africa/Brazzaville:
      exemplar_city: Brazzavil
    Europe/Zurich:
      exemplar_city: Syurix
    Pacific/Easter:
      exemplar_city: Pasxa oroli
    America/Punta_Arenas:
      exemplar_city: Punta-Arenas
    America/Santiago:
      exemplar_city: Santyago
    Africa/Douala:
      exemplar_city: Duala
    Asia/Urumqi:
      exemplar_city: Urumchi
    Asia/Shanghai:
      exemplar_city: Shanxay
    America/Costa_Rica:
      exemplar_city: Kosta-Rika
    America/Havana:
      exemplar_city: Gavana
    Atlantic/Cape_Verde:
      exemplar_city: Kabo-Verde
    America/Curacao:
      exemplar_city: Kyurasao
    Indian/Christmas:
      exemplar_city: Rojdestvo oroli
    Asia/Nicosia:
      exemplar_city: Nikosiya
    Europe/Prague:
      exemplar_city: Praga
    Europe/Busingen:
      exemplar_city: Byuzingen
    Africa/Djibouti:
      exemplar_city: Jibuti
    Europe/Copenhagen:
      exemplar_city: Kopengagen
    America/Dominica:
      exemplar_city: Dominika
    America/Santo_Domingo:
      exemplar_city: Santo-Domingo
    Africa/Algiers:
      exemplar_city: Jazoir
    America/Guayaquil:
      exemplar_city: Guayakil
    Europe/Tallinn:
      exemplar_city: Tallin
    Africa/Cairo:
      exemplar_city: Qohira
    Africa/El_Aaiun:
      exemplar_city: Al-Ayun
    Africa/Asmera:
      exemplar_city: Asmera
    Atlantic/Canary:
      exemplar_city: Kanar orollari
    Africa/Ceuta:
      exemplar_city: Seuta
    Africa/Addis_Ababa:
      exemplar_city: Addis-Abeba
    Europe/Helsinki:
      exemplar_city: Xelsinki
    Atlantic/Stanley:
      exemplar_city: Stenli
    Pacific/Truk:
      exemplar_city: Truk orollari
    Pacific/Ponape:
      exemplar_city: Ponpei oroli
    Atlantic/Faeroe:
      exemplar_city: Farer orollari
    Europe/Paris:
      exemplar_city: Parij
    Africa/Libreville:
      exemplar_city: Librevil
    Europe/London:
      long:
        daylight: Britaniya yozgi vaqti
    America/Cayenne:
      exemplar_city: Kayenna
    Europe/Guernsey:
      exemplar_city: Gernsi
    Africa/Accra:
      exemplar_city: Akkra
    America/Thule:
      exemplar_city: Tule
    America/Godthab:
      exemplar_city: Gotxob
    America/Scoresbysund:
      exemplar_city: Ittokkortoormiut
    America/Danmarkshavn:
      exemplar_city: Denmarksxavn
    Africa/Conakry:
      exemplar_city: Konakri
    America/Guadeloupe:
      exemplar_city: Gvadelupa
    Europe/Athens:
      exemplar_city: Afina
    Atlantic/South_Georgia:
      exemplar_city: Janubiy Georgiya
    America/Guatemala:
      exemplar_city: Gvatemala
    Africa/Bissau:
      exemplar_city: Bisau
    America/Guyana:
      exemplar_city: Gayana
    Asia/Hong_Kong:
      exemplar_city: Gonkong
    America/Tegucigalpa:
      exemplar_city: Tegusigalpa
    America/Port-au-Prince:
      exemplar_city: Port-o-Prens
    Europe/Budapest:
      exemplar_city: Budapesht
    Asia/Makassar:
      exemplar_city: Makasar
    Asia/Jayapura:
      exemplar_city: Jaypur
    Europe/Dublin:
      long:
        daylight: Irlandiya yozgi vaqti
    Asia/Jerusalem:
      exemplar_city: Quddus
    Europe/Isle_of_Man:
      exemplar_city: Men oroli
    Asia/Calcutta:
      exemplar_city: Kalkutta
    Asia/Baghdad:
      exemplar_city: Bag‘dod
    Asia/Tehran:
      exemplar_city: Tehron
    Atlantic/Reykjavik:
      exemplar_city: Reykyavik
    Europe/Rome:
      exemplar_city: Rim
    Europe/Jersey:
      exemplar_city: Jersi
    America/Jamaica:
      exemplar_city: Yamayka
    Asia/Amman:
      exemplar_city: Ammon
    Asia/Tokyo:
      exemplar_city: Tokio
    Africa/Nairobi:
      exemplar_city: Nayrobi
    Asia/Phnom_Penh:
      exemplar_city: Pnompen
    Pacific/Enderbury:
      exemplar_city: Enderberi oroli
    Pacific/Tarawa:
      exemplar_city: Tarava
    Indian/Comoro:
      exemplar_city: Komor orollari
    America/St_Kitts:
      exemplar_city: Sent-Kits
    Asia/Pyongyang:
      exemplar_city: Pxenyan
    Asia/Seoul:
      exemplar_city: Seul
    Asia/Kuwait:
      exemplar_city: Quvayt
    America/Cayman:
      exemplar_city: Kayman orollari
    Asia/Aqtau:
      exemplar_city: Oqtov
    Asia/Oral:
      exemplar_city: Uralsk
    Asia/Atyrau:
      exemplar_city: Atirau
    Asia/Aqtobe:
      exemplar_city: Oqto‘ba
    Asia/Qostanay:
      exemplar_city: Qoʻstanay
    Asia/Qyzylorda:
      exemplar_city: Qizilo‘rda
    Asia/Almaty:
      exemplar_city: Almati
    Asia/Vientiane:
      exemplar_city: Vyentyan
    Asia/Beirut:
      exemplar_city: Bayrut
    America/St_Lucia:
      exemplar_city: Sent-Lyusiya
    Europe/Vaduz:
      exemplar_city: Vaduts
    Asia/Colombo:
      exemplar_city: Kolombo
    Africa/Monrovia:
      exemplar_city: Monroviya
    Europe/Vilnius:
      exemplar_city: Vilnyus
    Europe/Luxembourg:
      exemplar_city: Lyuksemburg
    Africa/Casablanca:
      exemplar_city: Kasablanka
    Europe/Monaco:
      exemplar_city: Monako
    Europe/Chisinau:
      exemplar_city: Kishinyov
    Europe/Podgorica:
      exemplar_city: Podgoritsa
    America/Marigot:
      exemplar_city: Marigo
    Indian/Antananarivo:
      exemplar_city: Antananarivu
    Pacific/Kwajalein:
      exemplar_city: Kvajaleyn
    Europe/Skopje:
      exemplar_city: Skopye
    Asia/Rangoon:
      exemplar_city: Rangun
    Asia/Hovd:
      exemplar_city: Xovd
    Asia/Ulaanbaatar:
      exemplar_city: Ulan-Bator
    Asia/Macau:
      exemplar_city: Makao
    Pacific/Saipan:
      exemplar_city: Saypan
    America/Martinique:
      exemplar_city: Martinika
    Indian/Mauritius:
      exemplar_city: Mavrikiy
    Indian/Maldives:
      exemplar_city: Maldiv orollari
    Africa/Blantyre:
      exemplar_city: Blantayr
    America/Tijuana:
      exemplar_city: Tixuana
    America/Hermosillo:
      exemplar_city: Ermosillo
    America/Mazatlan:
      exemplar_city: Masatlan
    America/Bahia_Banderas:
      exemplar_city: Bahiya-Banderas
    America/Ojinaga:
      exemplar_city: Oxinaga
    America/Mexico_City:
      exemplar_city: Mexiko
    America/Merida:
      exemplar_city: Merida
    America/Cancun:
      exemplar_city: Kankun
    Asia/Kuala_Lumpur:
      exemplar_city: Kuala-Lumpur
    Africa/Maputo:
      exemplar_city: Maputu
    Africa/Windhoek:
      exemplar_city: Vindxuk
    Pacific/Noumea:
      exemplar_city: Numea
    Asia/Katmandu:
      exemplar_city: Katmandu
    Pacific/Chatham:
      exemplar_city: Chatem oroli
    Pacific/Auckland:
      exemplar_city: Oklend
    Asia/Muscat:
      exemplar_city: Maskat
    Pacific/Tahiti:
      exemplar_city: Taiti oroli
    Pacific/Marquesas:
      exemplar_city: Markiz orollari
    Pacific/Gambier:
      exemplar_city: Gambye oroli
    Pacific/Port_Moresby:
      exemplar_city: Port-Morsbi
    Pacific/Bougainville:
      exemplar_city: Bugenvil
    Europe/Warsaw:
      exemplar_city: Varshava
    America/Miquelon:
      exemplar_city: Mikelon
    Pacific/Pitcairn:
      exemplar_city: Pitkern
    America/Puerto_Rico:
      exemplar_city: Puerto-Riko
    Asia/Gaza:
      exemplar_city: G‘azo
    Asia/Hebron:
      exemplar_city: Xevron
    Atlantic/Azores:
      exemplar_city: Azor orollari
    Atlantic/Madeira:
      exemplar_city: Madeyra oroli
    Europe/Lisbon:
      exemplar_city: Lissabon
    America/Asuncion:
      exemplar_city: Asunson
    Indian/Reunion:
      exemplar_city: Reyunion
    Europe/Bucharest:
      exemplar_city: Buxarest
    Europe/Belgrade:
      exemplar_city: Belgrad
    Europe/Moscow:
      exemplar_city: Moskva
    Europe/Astrakhan:
      exemplar_city: Astraxan
    Asia/Khandyga:
      exemplar_city: Xandiga
    Asia/Sakhalin:
      exemplar_city: Saxalin
    Asia/Srednekolymsk:
      exemplar_city: Srednekolimsk
    Asia/Anadyr:
      exemplar_city: Anadir
    Asia/Riyadh:
      exemplar_city: Ar-Riyod
    Pacific/Guadalcanal:
      exemplar_city: Gvadalkanal
    Indian/Mahe:
      exemplar_city: Mae
    Africa/Khartoum:
      exemplar_city: Xartum
    Europe/Stockholm:
      exemplar_city: Stokgolm
    Asia/Singapore:
      exemplar_city: Singapur
    Atlantic/St_Helena:
      exemplar_city: Muqaddas Yelena oroli
    Europe/Ljubljana:
      exemplar_city: Lyublyana
    Arctic/Longyearbyen:
      exemplar_city: Longyir
    Africa/Freetown:
      exemplar_city: Fritaun
    Europe/San_Marino:
      exemplar_city: San-Marino
    Africa/Mogadishu:
      exemplar_city: Mogadisho
    Africa/Sao_Tome:
      exemplar_city: San-Tome
    America/El_Salvador:
      exemplar_city: Salvador
    America/Lower_Princes:
      exemplar_city: Louer-Prinses-Kuorter
    Asia/Damascus:
      exemplar_city: Damashq
    Indian/Kerguelen:
      exemplar_city: Kergelen
    Asia/Ashgabat:
      exemplar_city: Ashxobod
    America/Port_of_Spain:
      exemplar_city: Port-of-Speyn
    Asia/Taipei:
      exemplar_city: Taypey
    Africa/Dar_es_Salaam:
      exemplar_city: Dor-us-Salom
    Europe/Kiev:
      exemplar_city: Kiyev
    Pacific/Midway:
      exemplar_city: Midvey orollari
    Pacific/Wake:
      exemplar_city: Ueyk oroli
    America/Adak:
      exemplar_city: Adak oroli
    America/Nome:
      exemplar_city: Nom
    America/Anchorage:
      exemplar_city: Ankorij
    America/Juneau:
      exemplar_city: Juno
    America/Los_Angeles:
      exemplar_city: Los-Anjeles
    America/Boise:
      exemplar_city: Boyse
    America/Phoenix:
      exemplar_city: Feniks
    America/North_Dakota/Beulah:
      exemplar_city: Boyla, Shimoliy Dakota
    America/North_Dakota/New_Salem:
      exemplar_city: Nyu-Salem, Shimoliy Dakota
    America/North_Dakota/Center:
      exemplar_city: Markaz, Shimoliy Dakota
    America/Chicago:
      exemplar_city: Chikago
    America/Menominee:
      exemplar_city: Menomini
    America/Indiana/Vincennes:
      exemplar_city: Vinsens, Indiana
    America/Indiana/Petersburg:
      exemplar_city: Pitersberg, Indiana
    America/Indiana/Tell_City:
      exemplar_city: Tell-Siti, Indiana
    America/Indiana/Knox:
      exemplar_city: Noks, Indiana
    America/Indiana/Winamac:
      exemplar_city: Vinamak, Indiana
    America/Louisville:
      exemplar_city: Luisvill
    America/Indiana/Vevay:
      exemplar_city: Vivey, Indiana
    America/Kentucky/Monticello:
      exemplar_city: Montisello, Kentukki
    America/Detroit:
      exemplar_city: Detroyt
    America/New_York:
      exemplar_city: Nyu-York
    Asia/Samarkand:
      exemplar_city: Samarqand
    Asia/Tashkent:
      exemplar_city: Toshkent
    Europe/Vatican:
      exemplar_city: Vatikan
    America/St_Vincent:
      exemplar_city: Sent-Vinsent
    America/Caracas:
      exemplar_city: Karakas
    America/St_Thomas:
      exemplar_city: Sent-Tomas
    Asia/Saigon:
      exemplar_city: Xoshimin
    Pacific/Wallis:
      exemplar_city: Uollis
    Asia/Aden:
      exemplar_city: Adan
    Indian/Mayotte:
      exemplar_city: Mayorka
    Africa/Johannesburg:
      exemplar_city: Yoxannesburg
    Africa/Harare:
      exemplar_city: Xarare
  metazones:
    Afghanistan:
      long:
        standard: Afgʻoniston vaqti
    Africa_Central:
      long:
        standard: Markaziy Afrika vaqti
    Africa_Eastern:
      long:
        standard: Sharqiy Afrika vaqti
    Africa_Southern:
      long:
        standard: Janubiy Afrika standart vaqti
    Africa_Western:
      long:
        generic: Gʻarbiy Afrika vaqti
        standard: Gʻarbiy Afrika standart vaqti
        daylight: Gʻarbiy Afrika yozgi vaqti
    Alaska:
      long:
        generic: Alyaska vaqti
        standard: Alyaska standart vaqti
        daylight: Alyaska yozgi vaqti
    Amazon:
      long:
        generic: Amazonka vaqti
        standard: Amazonka standart vaqti
        daylight: Amazonka yozgi vaqti
    America_Central:
      long:
        generic: Markaziy Amerika vaqti
        standard: Markaziy Amerika standart vaqti
        daylight: Markaziy Amerika yozgi vaqti
    America_Eastern:
      long:
        generic: Sharqiy Amerika vaqti
        standard: Sharqiy Amerika standart vaqti
        daylight: Sharqiy Amerika yozgi vaqti
    America_Mountain:
      long:
        generic: Tog‘ vaqti (AQSH)
        standard: Tog‘ standart vaqti (AQSH)
        daylight: Tog‘ yozgi vaqti (AQSH)
    America_Pacific:
      long:
        generic: Tinch okeani vaqti
        standard: Tinch okeani standart vaqti
        daylight: Tinch okeani yozgi vaqti
    Apia:
      long:
        generic: Apia vaqti
        standard: Apia standart vaqti
        daylight: Apia yozgi vaqti
    Arabian:
      long:
        generic: Saudiya Arabistoni vaqti
        standard: Saudiya Arabistoni standart vaqti
        daylight: Saudiya Arabistoni yozgi vaqti
    Argentina:
      long:
        generic: Argentina vaqti
        standard: Argentina standart vaqti
        daylight: Argentina yozgi vaqti
    Argentina_Western:
      long:
        generic: Gʻarbiy Argentina vaqti
        standard: Gʻarbiy Argentina standart vaqti
        daylight: Gʻarbiy Argentina yozgi vaqti
    Armenia:
      long:
        generic: Armaniston vaqti
        standard: Armaniston standart vaqti
        daylight: Armaniston yozgi vaqti
    Atlantic:
      long:
        generic: Atlantika vaqti
        standard: Atlantika standart vaqti
        daylight: Atlantika yozgi vaqti
    Australia_Central:
      long:
        generic: Markaziy Avstraliya vaqti
        standard: Markaziy Avstraliya standart vaqti
        daylight: Markaziy Avstraliya yozgi vaqti
    Australia_CentralWestern:
      long:
        generic: Markaziy Avstraliya g‘arbiy vaqti
        standard: Markaziy Avstraliya g‘arbiy standart vaqti
        daylight: Markaziy Avstraliya g‘arbiy yozgi vaqti
    Australia_Eastern:
      long:
        generic: Sharqiy Avstraliya vaqti
        standard: Sharqiy Avstraliya standart vaqti
        daylight: Sharqiy Avstraliya yozgi vaqti
    Australia_Western:
      long:
        generic: G‘arbiy Avstraliya vaqti
        standard: G‘arbiy Avstraliya standart vaqti
        daylight: G‘arbiy Avstraliya yozgi vaqti
    Azerbaijan:
      long:
        generic: Ozarbayjon vaqti
        standard: Ozarbayjon standart vaqti
        daylight: Ozarbayjon yozgi vaqti
    Azores:
      long:
        generic: Azor orollari vaqti
        standard: Azor orollari standart vaqti
        daylight: Azor orollari yozgi vaqti
    Bangladesh:
      long:
        generic: Bangladesh vaqti
        standard: Bangladesh standart vaqti
        daylight: Bangladesh yozgi vaqti
    Bhutan:
      long:
        standard: Butan vaqti
    Bolivia:
      long:
        standard: Boliviya vaqti
    Brasilia:
      long:
        generic: Braziliya vaqti
        standard: Braziliya standart vaqti
        daylight: Braziliya yozgi vaqti
    Brunei:
      long:
        standard: Bruney-Dorussalom vaqti
    Cape_Verde:
      long:
        generic: Kabo-Verde vaqti
        standard: Kabo-Verde standart vaqti
        daylight: Kabo-Verde yozgi vaqti
    Chamorro:
      long:
        standard: Chamorro standart vaqti
    Chatham:
      long:
        generic: Chatem vaqti
        standard: Chatem standart vaqti
        daylight: Chatem yozgi vaqti
    Chile:
      long:
        generic: Chili vaqti
        standard: Chili standart vaqti
        daylight: Chili yozgi vaqti
    China:
      long:
        generic: Xitoy vaqti
        standard: Xitoy standart vaqti
        daylight: Xitoy yozgi vaqti
    Christmas:
      long:
        standard: Rojdestvo oroli vaqti
    Cocos:
      long:
        standard: Kokos orollari vaqti
    Colombia:
      long:
        generic: Kolumbiya vaqti
        standard: Kolumbiya standart vaqti
        daylight: Kolumbiya yozgi vaqti
    Cook:
      long:
        generic: Kuk orollari vaqti
        standard: Kuk orollari standart vaqti
        daylight: Kuk orollari yarim yozgi vaqti
    Cuba:
      long:
        generic: Kuba vaqti
        standard: Kuba standart vaqti
        daylight: Kuba yozgi vaqti
    Davis:
      long:
        standard: Deyvis vaqti
    DumontDUrville:
      long:
        standard: Dyumon-d’Yurvil vaqti
    East_Timor:
      long:
        standard: Sharqiy Timor vaqti
    Easter:
      long:
        generic: Pasxa oroli vaqti
        standard: Pasxa oroli standart vaqti
        daylight: Pasxa oroli yozgi vaqti
    Ecuador:
      long:
        standard: Ekvador vaqti
    Europe_Central:
      long:
        generic: Markaziy Yevropa vaqti
        standard: Markaziy Yevropa standart vaqti
        daylight: Markaziy Yevropa yozgi vaqti
    Europe_Eastern:
      long:
        generic: Sharqiy Yevropa vaqti
        standard: Sharqiy Yevropa standart vaqti
        daylight: Sharqiy Yevropa yozgi vaqti
    Europe_Further_Eastern:
      long:
        standard: Kaliningrad va Minsk vaqti
    Europe_Western:
      long:
        generic: G‘arbiy Yevropa vaqti
        standard: G‘arbiy Yevropa standart vaqti
        daylight: G‘arbiy Yevropa yozgi vaqti
    Falkland:
      long:
        generic: Folklend orollari vaqti
        standard: Folklend orollari standart vaqti
        daylight: Folklend orollari yozgi vaqti
    Fiji:
      long:
        generic: Fiji vaqti
        standard: Fiji standart vaqti
        daylight: Fiji yozgi vaqti
    French_Guiana:
      long:
        standard: Fransuz Gvianasi vaqti
    French_Southern:
      long:
        standard: Fransuz Janubiy hududlari va Antarktika vaqti
    Galapagos:
      long:
        standard: Galapagos vaqti
    Gambier:
      long:
        standard: Gambye vaqti
    Georgia:
      long:
        generic: Gruziya vaqti
        standard: Gruziya standart vaqti
        daylight: Gruziya yozgi vaqti
    Gilbert_Islands:
      long:
        standard: Gilbert orollari vaqti
    GMT:
      long:
        standard: Grinvich o‘rtacha vaqti
    Greenland_Eastern:
      long:
        generic: Sharqiy Grenlandiya vaqti
        standard: Sharqiy Grenlandiya standart vaqti
        daylight: Sharqiy Grenlandiya yozgi vaqti
    Greenland_Western:
      long:
        generic: G‘arbiy Grenlandiya vaqti
        standard: G‘arbiy Grenlandiya standart vaqti
        daylight: G‘arbiy Grenlandiya yozgi vaqti
    Gulf:
      long:
        standard: Fors ko‘rfazi standart vaqti
    Guyana:
      long:
        standard: Gayana vaqti
    Hawaii_Aleutian:
      long:
        generic: Gavayi-aleut vaqti
        standard: Gavayi-aleut standart vaqti
        daylight: Gavayi-aleut yozgi vaqti
    Hong_Kong:
      long:
        generic: Gonkong vaqti
        standard: Gonkong standart vaqti
        daylight: Gonkong yozgi vaqti
    Hovd:
      long:
        generic: Xovd vaqti
        standard: Xovd standart vaqti
        daylight: Xovd yozgi vaqti
    India:
      long:
        standard: Hindiston standart vaqti
    Indian_Ocean:
      long:
        standard: Hind okeani vaqti
    Indochina:
      long:
        standard: Hindixitoy vaqti
    Indonesia_Central:
      long:
        standard: Markaziy Indoneziya vaqti
    Indonesia_Eastern:
      long:
        standard: Sharqiy Indoneziya vaqti
    Indonesia_Western:
      long:
        standard: Gʻarbiy Indoneziya vaqti
    Iran:
      long:
        generic: Eron vaqti
        standard: Eron standart vaqti
        daylight: Eron yozgi vaqti
    Irkutsk:
      long:
        generic: Irkutsk vaqti
        standard: Irkutsk standart vaqti
        daylight: Irkutsk yozgi vaqti
    Israel:
      long:
        generic: Isroil vaqti
        standard: Isroil standart vaqti
        daylight: Isroil yozgi vaqti
    Japan:
      long:
        generic: Yaponiya vaqti
        standard: Yaponiya standart vaqti
        daylight: Yaponiya yozgi vaqti
    Kazakhstan:
      long:
        standard: Qozogʻiston vaqti
    Kazakhstan_Eastern:
      long:
        standard: Sharqiy Qozogʻiston vaqti
    Kazakhstan_Western:
      long:
        standard: Gʻarbiy Qozogʻiston vaqti
    Korea:
      long:
        generic: Koreya vaqti
        standard: Koreya standart vaqti
        daylight: Koreya yozgi vaqti
    Kosrae:
      long:
        standard: Kosrae vaqti
    Krasnoyarsk:
      long:
        generic: Krasnoyarsk vaqti
        standard: Krasnoyarsk standart vaqti
        daylight: Krasnoyarsk yozgi vaqti
    Kyrgystan:
      long:
        standard: Qirgʻiziston vaqti
    Line_Islands:
      long:
        standard: Layn orollari vaqti
    Lord_Howe:
      long:
        generic: Lord-Xau vaqti
        standard: Lord-Xau standart vaqti
        daylight: Lord-Xau yozgi vaqti
    Magadan:
      long:
        generic: Magadan vaqti
        standard: Magadan standart vaqti
        daylight: Magadan yozgi vaqti
    Malaysia:
      long:
        standard: Malayziya vaqti
    Maldives:
      long:
        standard: Maldiv orollari vaqti
    Marquesas:
      long:
        standard: Markiz orollari vaqti
    Marshall_Islands:
      long:
        standard: Marshall orollari vaqti
    Mauritius:
      long:
        generic: Mavrikiy vaqti
        standard: Mavrikiy standart vaqti
        daylight: Mavrikiy yozgi vaqti
    Mawson:
      long:
        standard: Mouson vaqti
    Mexico_Pacific:
      long:
        generic: Meksika Tinch okeani vaqti
        standard: Meksika Tinch okeani standart vaqti
        daylight: Meksika Tinch okeani yozgi vaqti
    Mongolia:
      long:
        generic: Ulan-Bator vaqti
        standard: Ulan-Bator standart vaqti
        daylight: Ulan-Bator yozgi vaqti
    Moscow:
      long:
        generic: Moskva vaqti
        standard: Moskva standart vaqti
        daylight: Moskva yozgi vaqti
    Myanmar:
      long:
        standard: Myanma vaqti
    Nauru:
      long:
        standard: Nauru vaqti
    Nepal:
      long:
        standard: Nepal vaqti
    New_Caledonia:
      long:
        generic: Yangi Kaledoniya vaqti
        standard: Yangi Kaledoniya standart vaqti
        daylight: Yangi Kaledoniya yozgi vaqti
    New_Zealand:
      long:
        generic: Yangi Zelandiya vaqti
        standard: Yangi Zelandiya standart vaqti
        daylight: Yangi Zelandiya yozgi vaqti
    Newfoundland:
      long:
        generic: Nyufaundlend vaqti
        standard: Nyufaundlend standart vaqti
        daylight: Nyufaundlend yozgi vaqti
    Niue:
      long:
        standard: Niuye vaqti
    Norfolk:
      long:
        generic: Norfolk oroli vaqti
        standard: Norfolk oroli standart vaqti
        daylight: Norfolk oroli yozgi vaqti
    Noronha:
      long:
        generic: Fernandu-di-Noronya vaqti
        standard: Fernandu-di-Noronya standart vaqti
        daylight: Fernandu-di-Noronya yozgi vaqti
    Novosibirsk:
      long:
        generic: Novosibirsk vaqti
        standard: Novosibirsk standart vaqti
        daylight: Novosibirsk yozgi vaqti
    Omsk:
      long:
        generic: Omsk vaqti
        standard: Omsk standart vaqti
        daylight: Omsk yozgi vaqti
    Pakistan:
      long:
        generic: Pokiston vaqti
        standard: Pokiston standart vaqti
        daylight: Pokiston yozgi vaqti
    Palau:
      long:
        standard: Palau vaqti
    Papua_New_Guinea:
      long:
        standard: Papua-Yangi Gvineya vaqti
    Paraguay:
      long:
        generic: Paragvay vaqti
        standard: Paragvay standart vaqti
        daylight: Paragvay yozgi vaqti
    Peru:
      long:
        generic: Peru vaqti
        standard: Peru standart vaqti
        daylight: Peru yozgi vaqti
    Philippines:
      long:
        generic: Filippin vaqti
        standard: Filippin standart vaqti
        daylight: Filippin yozgi vaqti
    Phoenix_Islands:
      long:
        standard: Feniks orollari vaqti
    Pierre_Miquelon:
      long:
        generic: Sen-Pyer va Mikelon vaqti
        standard: Sen-Pyer va Mikelon standart vaqti
        daylight: Sen-Pyer va Mikelon yozgi vaqti
    Pitcairn:
      long:
        standard: Pitkern vaqti
    Ponape:
      long:
        standard: Ponape vaqti
    Pyongyang:
      long:
        standard: Pxenyan vaqti
    Reunion:
      long:
        standard: Reyunion vaqti
    Rothera:
      long:
        standard: Rotera vaqti
    Sakhalin:
      long:
        generic: Saxalin vaqti
        standard: Saxalin standart vaqti
        daylight: Saxalin yozgi vaqti
    Samoa:
      long:
        generic: Samoa vaqti
        standard: Samoa standart vaqti
        daylight: Samoa yozgi vaqti
    Seychelles:
      long:
        standard: Seyshel orollari vaqti
    Singapore:
      long:
        standard: Singapur vaqti
    Solomon:
      long:
        standard: Solomon orollari vaqti
    South_Georgia:
      long:
        standard: Janubiy Georgiya vaqti
    Suriname:
      long:
        standard: Surinam vaqti
    Syowa:
      long:
        standard: Syova vaqti
    Tahiti:
      long:
        standard: Taiti vaqti
    Taipei:
      long:
        generic: Tayvan vaqti
        standard: Tayvan standart vaqti
        daylight: Tayvan yozgi vaqti
    Tajikistan:
      long:
        standard: Tojikiston vaqti
    Tokelau:
      long:
        standard: Tokelau vaqti
    Tonga:
      long:
        generic: Tonga vaqti
        standard: Tonga standart vaqti
        daylight: Tonga yozgi vaqti
    Truk:
      long:
        standard: Chuuk vaqti
    Turkmenistan:
      long:
        generic: Turkmaniston vaqti
        standard: Turkmaniston standart vaqti
        daylight: Turkmaniston yozgi vaqti
    Tuvalu:
      long:
        standard: Tuvalu vaqti
    Uruguay:
      long:
        generic: Urugvay vaqti
        standard: Urugvay standart vaqti
        daylight: Urugvay yozgi vaqti
    Uzbekistan:
      long:
        generic: O‘zbekiston vaqti
        standard: O‘zbekiston standart vaqti
        daylight: O‘zbekiston yozgi vaqti
    Vanuatu:
      long:
        generic: Vanuatu vaqti
        standard: Vanuatu standart vaqti
        daylight: Vanuatu yozgi vaqti
    Venezuela:
      long:
        standard: Venesuela vaqti
    Vladivostok:
      long:
        generic: Vladivostok vaqti
        standard: Vladivostok standart vaqti
        daylight: Vladivostok yozgi vaqti
    Volgograd:
      long:
        generic: Volgograd vaqti
        standard: Volgograd standart vaqti
        daylight: Volgograd yozgi vaqti
    Vostok:
      long:
        standard: Vostok vaqti
    Wake:
      long:
        standard: Ueyk oroli vaqti
    Wallis:
      long:
        standard: Uollis va Futuna vaqti
    Yakutsk:
      long:
        generic: Yakutsk vaqti
        standard: Yakutsk standart vaqti
        daylight: Yakutsk yozgi vaqti
    Yekaterinburg:
      long:
        generic: Yekaterinburg vaqti
        standard: Yekaterinburg standart vaqti
        daylight: Yekaterinburg yozgi vaqti
    Yukon:
      long:
        standard: Yukon vaqti
