---
locale: th
generated_at: '2025-09-15T06:26:52Z'
cldr_version: '46'
timezone_names:
  formats:
    region_format: เวลา{0}
    region_format_daylight: เวลาออมแสง{0}
    region_format_standard: เวลามาตรฐาน{0}
  zones:
    Pacific/Honolulu:
      exemplar_city: โฮโนลูลู
    Etc/UTC:
      long:
        standard: เวลาสากลเชิงพิกัด
    Etc/Unknown:
      exemplar_city: ไม่ทราบชื่อเมือง
    Europe/Andorra:
      exemplar_city: อันดอร์รา
    Asia/Dubai:
      exemplar_city: ดูไบ
    Asia/Kabul:
      exemplar_city: คาบูล
    America/Antigua:
      exemplar_city: แอนติกา
    America/Anguilla:
      exemplar_city: แองกิลลา
    Europe/Tirane:
      exemplar_city: ติรานา
    Asia/Yerevan:
      exemplar_city: เยเรวาน
    Africa/Luanda:
      exemplar_city: ลูอันดา
    Antarctica/Rothera:
      exemplar_city: โรธีรา
    Antarctica/Palmer:
      exemplar_city: พาล์เมอร์
    Antarctica/Troll:
      exemplar_city: โทรล
    Antarctica/Syowa:
      exemplar_city: ไซโยวา
    Antarctica/Mawson:
      exemplar_city: มอว์สัน
    Antarctica/Davis:
      exemplar_city: เดวิส
    Antarctica/Vostok:
      exemplar_city: วอสตอค
    Antarctica/Casey:
      exemplar_city: เคซีย์
    Antarctica/DumontDUrville:
      exemplar_city: ดูมองต์ดูร์วิลล์
    Antarctica/McMurdo:
      exemplar_city: แมคมัวโด
    America/Argentina/Rio_Gallegos:
      exemplar_city: ริโอกาลเลกอส
    America/Mendoza:
      exemplar_city: เมนดูซา
    America/Argentina/San_Juan:
      exemplar_city: ซานฮวน
    America/Argentina/Ushuaia:
      exemplar_city: อูชูเอีย
    America/Argentina/La_Rioja:
      exemplar_city: ลาริโอจา
    America/Argentina/San_Luis:
      exemplar_city: ซันลูอิส
    America/Catamarca:
      exemplar_city: กาตามาร์กา
    America/Argentina/Salta:
      exemplar_city: ซัลตา
    America/Jujuy:
      exemplar_city: จูจิว
    America/Argentina/Tucuman:
      exemplar_city: ทูคูแมน
    America/Cordoba:
      exemplar_city: คอร์โดบา
    America/Buenos_Aires:
      exemplar_city: บัวโนสไอเรส
    Pacific/Pago_Pago:
      exemplar_city: ปาโก ปาโก
    Europe/Vienna:
      exemplar_city: เวียนนา
    Australia/Perth:
      exemplar_city: เพิร์ท
    Australia/Eucla:
      exemplar_city: ยูคลา
    Australia/Darwin:
      exemplar_city: ดาร์วิน
    Australia/Adelaide:
      exemplar_city: แอดิเลด
    Australia/Broken_Hill:
      exemplar_city: โบรกเคนฮิลล์
    Australia/Melbourne:
      exemplar_city: เมลเบิร์น
    Australia/Hobart:
      exemplar_city: โฮบาร์ต
    Australia/Lindeman:
      exemplar_city: ลินดีแมน
    Australia/Sydney:
      exemplar_city: ซิดนีย์
    Australia/Brisbane:
      exemplar_city: บริสเบน
    Antarctica/Macquarie:
      exemplar_city: แมคควอรี
    Australia/Lord_Howe:
      exemplar_city: ลอร์ดโฮว์
    America/Aruba:
      exemplar_city: อารูบา
    Europe/Mariehamn:
      exemplar_city: มารีฮามน์
    Asia/Baku:
      exemplar_city: บากู
    Europe/Sarajevo:
      exemplar_city: ซาราเยโว
    America/Barbados:
      exemplar_city: บาร์เบโดส
    Asia/Dhaka:
      exemplar_city: ดากา
    Europe/Brussels:
      exemplar_city: บรัสเซลส์
    Africa/Ouagadougou:
      exemplar_city: วากาดูกู
    Europe/Sofia:
      exemplar_city: โซเฟีย
    Asia/Bahrain:
      exemplar_city: บาห์เรน
    Africa/Bujumbura:
      exemplar_city: บูจุมบูรา
    Africa/Porto-Novo:
      exemplar_city: ปอร์โต-โนโว
    America/St_Barthelemy:
      exemplar_city: เซนต์บาร์เธเลมี
    Atlantic/Bermuda:
      exemplar_city: เบอร์มิวดา
    Asia/Brunei:
      exemplar_city: บรูไน
    America/La_Paz:
      exemplar_city: ลาปาซ
    America/Kralendijk:
      exemplar_city: คราเลนดิจค์
    America/Eirunepe:
      exemplar_city: เอรูเนเป
    America/Rio_Branco:
      exemplar_city: รีโอบรังโก
    America/Porto_Velho:
      exemplar_city: ปอร์ตูเวลโย
    America/Boa_Vista:
      exemplar_city: บัววีชตา
    America/Manaus:
      exemplar_city: มาเนาส์
    America/Cuiaba:
      exemplar_city: กุยาบา
    America/Santarem:
      exemplar_city: ซันตาเรม
    America/Campo_Grande:
      exemplar_city: กัมปูกรันดี
    America/Belem:
      exemplar_city: เบเลง
    America/Araguaina:
      exemplar_city: อารากัวนา
    America/Sao_Paulo:
      exemplar_city: เซาเปาลู
    America/Bahia:
      exemplar_city: บาเยีย
    America/Fortaleza:
      exemplar_city: ฟอร์ตาเลซา
    America/Maceio:
      exemplar_city: มาเซโอ
    America/Recife:
      exemplar_city: เรซีเฟ
    America/Noronha:
      exemplar_city: โนรอนฮา
    America/Nassau:
      exemplar_city: แนสซอ
    Asia/Thimphu:
      exemplar_city: ทิมพู
    Africa/Gaborone:
      exemplar_city: กาโบโรเน
    Europe/Minsk:
      exemplar_city: มินสก์
    America/Belize:
      exemplar_city: เบลีซ
    America/Dawson:
      exemplar_city: ดอว์สัน
    America/Whitehorse:
      exemplar_city: ไวต์ฮอร์ส
    America/Inuvik:
      exemplar_city: อินูวิก
    America/Vancouver:
      exemplar_city: แวนคูเวอร์
    America/Fort_Nelson:
      exemplar_city: ฟอร์ตเนลสัน
    America/Dawson_Creek:
      exemplar_city: ดอว์สัน ครีก
    America/Creston:
      exemplar_city: เครสตัน
    America/Edmonton:
      exemplar_city: เอดมันตัน
    America/Swift_Current:
      exemplar_city: สวิฟต์เคอร์เรนต์
    America/Cambridge_Bay:
      exemplar_city: อ่าวแคมบริดจ์
    America/Regina:
      exemplar_city: ริไจนา
    America/Winnipeg:
      exemplar_city: วินนิเพก
    America/Resolute:
      exemplar_city: เรโซลูท
    America/Rankin_Inlet:
      exemplar_city: แรงกินอินเล็ต
    America/Coral_Harbour:
      exemplar_city: คอรัลฮาร์เบอร์
    America/Toronto:
      exemplar_city: โทรอนโต
    America/Iqaluit:
      exemplar_city: อีกวาลิต
    America/Moncton:
      exemplar_city: มองตัน
    America/Halifax:
      exemplar_city: แฮลิแฟกซ์
    America/Goose_Bay:
      exemplar_city: กูสเบย์
    America/Glace_Bay:
      exemplar_city: เกลซเบย์
    America/Blanc-Sablon:
      exemplar_city: บลังค์-ซาบลอน
    America/St_Johns:
      exemplar_city: เซนต์จอนส์
    Indian/Cocos:
      exemplar_city: โคโคส
    Africa/Kinshasa:
      exemplar_city: กินชาซา
    Africa/Lubumbashi:
      exemplar_city: ลูบัมบาชิ
    Africa/Bangui:
      exemplar_city: บังกี
    Africa/Brazzaville:
      exemplar_city: บราซซาวิล
    Europe/Zurich:
      exemplar_city: ซูริค
    Africa/Abidjan:
      exemplar_city: อาบีจาน
    Pacific/Rarotonga:
      exemplar_city: ราโรตองกา
    Pacific/Easter:
      exemplar_city: อีสเตอร์
    America/Punta_Arenas:
      exemplar_city: ปุนตาอาเรนัส
    America/Santiago:
      exemplar_city: ซันติอาโก
    Africa/Douala:
      exemplar_city: ดูอาลา
    Asia/Urumqi:
      exemplar_city: อุรุมชี
    Asia/Shanghai:
      exemplar_city: เซี่ยงไฮ้
    America/Bogota:
      exemplar_city: โบโกตา
    America/Costa_Rica:
      exemplar_city: คอสตาริกา
    America/Havana:
      exemplar_city: ฮาวานา
    Atlantic/Cape_Verde:
      exemplar_city: เคปเวิร์ด
    America/Curacao:
      exemplar_city: คูราเซา
    Indian/Christmas:
      exemplar_city: คริสต์มาส
    Asia/Nicosia:
      exemplar_city: นิโคเซีย
    Asia/Famagusta:
      exemplar_city: แฟมากุสตา
    Europe/Prague:
      exemplar_city: ปราก
    Europe/Busingen:
      exemplar_city: บุสซิงเง็น
    Europe/Berlin:
      exemplar_city: เบอร์ลิน
    Africa/Djibouti:
      exemplar_city: จิบูตี
    Europe/Copenhagen:
      exemplar_city: โคเปนเฮเกน
    America/Dominica:
      exemplar_city: โดมินิกา
    America/Santo_Domingo:
      exemplar_city: ซานโต โดมิงโก
    Africa/Algiers:
      exemplar_city: แอลเจียร์
    Pacific/Galapagos:
      exemplar_city: กาลาปาโกส
    America/Guayaquil:
      exemplar_city: กัวยากิล
    Europe/Tallinn:
      exemplar_city: ทาลลินน์
    Africa/Cairo:
      exemplar_city: ไคโร
    Africa/El_Aaiun:
      exemplar_city: เอลไอย์อุง
    Africa/Asmera:
      exemplar_city: แอสมารา
    Atlantic/Canary:
      exemplar_city: คะเนรี
    Africa/Ceuta:
      exemplar_city: เซวตา
    Europe/Madrid:
      exemplar_city: มาดริด
    Africa/Addis_Ababa:
      exemplar_city: แอดดิสอาบาบา
    Europe/Helsinki:
      exemplar_city: เฮลซิงกิ
    Pacific/Fiji:
      exemplar_city: ฟิจิ
    Atlantic/Stanley:
      exemplar_city: สแตนลีย์
    Pacific/Truk:
      exemplar_city: ทรัก
    Pacific/Ponape:
      exemplar_city: โปนาเป
    Pacific/Kosrae:
      exemplar_city: คอสไร
    Atlantic/Faeroe:
      exemplar_city: แฟโร
    Europe/Paris:
      exemplar_city: ปารีส
    Africa/Libreville:
      exemplar_city: ลีเบรอวิล
    Europe/London:
      exemplar_city: ลอนดอน
      long:
        daylight: เวลาฤดูร้อนอังกฤษ
    America/Grenada:
      exemplar_city: เกรนาดา
    Asia/Tbilisi:
      exemplar_city: ทบิลิซิ
    America/Cayenne:
      exemplar_city: กาแยน
    Europe/Guernsey:
      exemplar_city: เกิร์นซีย์
    Africa/Accra:
      exemplar_city: อักกรา
    Europe/Gibraltar:
      exemplar_city: ยิบรอลตาร์
    America/Thule:
      exemplar_city: ทูเล
    America/Godthab:
      exemplar_city: กอดแธบ
    America/Scoresbysund:
      exemplar_city: สกอเรสไบซันด์
    America/Danmarkshavn:
      exemplar_city: ดานมาร์กสฮาวน์
    Africa/Banjul:
      exemplar_city: บันจูล
    Africa/Conakry:
      exemplar_city: โกนากรี
    America/Guadeloupe:
      exemplar_city: กวาเดอลูป
    Africa/Malabo:
      exemplar_city: มาลาโบ
    Europe/Athens:
      exemplar_city: เอเธนส์
    Atlantic/South_Georgia:
      exemplar_city: เซาท์ จอร์เจีย
    America/Guatemala:
      exemplar_city: กัวเตมาลา
    Pacific/Guam:
      exemplar_city: กวม
    Africa/Bissau:
      exemplar_city: บิสเซา
    America/Guyana:
      exemplar_city: กายอานา
    Asia/Hong_Kong:
      exemplar_city: ฮ่องกง
    America/Tegucigalpa:
      exemplar_city: เตกูซิกัลปา
    Europe/Zagreb:
      exemplar_city: ซาเกร็บ
    America/Port-au-Prince:
      exemplar_city: ปอร์โตแปรงซ์
    Europe/Budapest:
      exemplar_city: บูดาเปส
    Asia/Jakarta:
      exemplar_city: จาการ์ตา
    Asia/Pontianak:
      exemplar_city: พอนเทียนัก
    Asia/Makassar:
      exemplar_city: มากัสซาร์
    Asia/Jayapura:
      exemplar_city: จายาปุระ
    Europe/Dublin:
      exemplar_city: ดับบลิน
      long:
        daylight: เวลามาตรฐานไอร์แลนด์
    Asia/Jerusalem:
      exemplar_city: เยรูซาเลม
    Europe/Isle_of_Man:
      exemplar_city: เกาะแมน
    Asia/Calcutta:
      exemplar_city: โกลกาตา
    Indian/Chagos:
      exemplar_city: ชากัส
    Asia/Baghdad:
      exemplar_city: แบกแดด
    Asia/Tehran:
      exemplar_city: เตหะราน
    Atlantic/Reykjavik:
      exemplar_city: เรคยาวิก
    Europe/Rome:
      exemplar_city: โรม
    Europe/Jersey:
      exemplar_city: เจอร์ซีย์
    America/Jamaica:
      exemplar_city: จาเมกา
    Asia/Amman:
      exemplar_city: อัมมาน
    Asia/Tokyo:
      exemplar_city: โตเกียว
    Africa/Nairobi:
      exemplar_city: ไนโรเบีย
    Asia/Bishkek:
      exemplar_city: บิชเคก
    Asia/Phnom_Penh:
      exemplar_city: พนมเปญ
    Pacific/Enderbury:
      exemplar_city: เอนเดอร์เบอรี
    Pacific/Kanton:
      exemplar_city: แคนทอน
    Pacific/Kiritimati:
      exemplar_city: คิริทิมาตี
    Pacific/Tarawa:
      exemplar_city: ตาระวา
    Indian/Comoro:
      exemplar_city: โคโมโร
    America/St_Kitts:
      exemplar_city: เซนต์คิตส์
    Asia/Pyongyang:
      exemplar_city: เปียงยาง
    Asia/Seoul:
      exemplar_city: โซล
    Asia/Kuwait:
      exemplar_city: คูเวต
    America/Cayman:
      exemplar_city: เคย์แมน
    Asia/Aqtau:
      exemplar_city: อัคตาอู
    Asia/Oral:
      exemplar_city: ออรัล
    Asia/Atyrau:
      exemplar_city: อทีราว
    Asia/Aqtobe:
      exemplar_city: อัคโทบี
    Asia/Qostanay:
      exemplar_city: คอสตาเนย์
    Asia/Qyzylorda:
      exemplar_city: ไคซีลอร์ดา
    Asia/Almaty:
      exemplar_city: อัลมาตี
    Asia/Vientiane:
      exemplar_city: เวียงจันทน์
    Asia/Beirut:
      exemplar_city: เบรุต
    America/St_Lucia:
      exemplar_city: เซนต์ลูเซีย
    Europe/Vaduz:
      exemplar_city: วาดุซ
    Asia/Colombo:
      exemplar_city: โคลัมโบ
    Africa/Monrovia:
      exemplar_city: มันโรเวีย
    Africa/Maseru:
      exemplar_city: มาเซรู
    Europe/Vilnius:
      exemplar_city: วิลนีอุส
    Europe/Luxembourg:
      exemplar_city: ลักเซมเบิร์ก
    Europe/Riga:
      exemplar_city: ริกา
    Africa/Tripoli:
      exemplar_city: ตรีโปลี
    Africa/Casablanca:
      exemplar_city: คาสซาบลางก้า
    Europe/Monaco:
      exemplar_city: โมนาโก
    Europe/Chisinau:
      exemplar_city: คีชีเนา
    Europe/Podgorica:
      exemplar_city: พอดกอรีตซา
    America/Marigot:
      exemplar_city: มาริโกต์
    Indian/Antananarivo:
      exemplar_city: อันตานานาริโว
    Pacific/Kwajalein:
      exemplar_city: ควาจาเลน
    Pacific/Majuro:
      exemplar_city: มาจูโร
    Europe/Skopje:
      exemplar_city: สโกเปีย
    Africa/Bamako:
      exemplar_city: บามาโก
    Asia/Rangoon:
      exemplar_city: ย่างกุ้ง
    Asia/Hovd:
      exemplar_city: ฮอฟด์
    Asia/Ulaanbaatar:
      exemplar_city: อูลานบาตอร์
    Asia/Macau:
      exemplar_city: มาเก๊า
    Pacific/Saipan:
      exemplar_city: ไซปัน
    America/Martinique:
      exemplar_city: มาร์ตินีก
    Africa/Nouakchott:
      exemplar_city: นูแอกชอต
    America/Montserrat:
      exemplar_city: มอนเซอร์รัต
    Europe/Malta:
      exemplar_city: มอลตา
    Indian/Mauritius:
      exemplar_city: มอริเชียส
    Indian/Maldives:
      exemplar_city: มัลดีฟส์
    Africa/Blantyre:
      exemplar_city: แบลนไทร์
    America/Tijuana:
      exemplar_city: ทิฮัวนา
    America/Hermosillo:
      exemplar_city: เอร์โมซีโย
    America/Ciudad_Juarez:
      exemplar_city: ซิวดัดฮัวเรซ
    America/Mazatlan:
      exemplar_city: มาซาทลาน
    America/Chihuahua:
      exemplar_city: ชีวาวา
    America/Bahia_Banderas:
      exemplar_city: บาเอียบันเดรัส
    America/Ojinaga:
      exemplar_city: โอจินากา
    America/Monterrey:
      exemplar_city: มอนเตร์เรย์
    America/Mexico_City:
      exemplar_city: เม็กซิโกซิตี
    America/Matamoros:
      exemplar_city: มาตาโมรอส
    America/Merida:
      exemplar_city: เมรีดา
    America/Cancun:
      exemplar_city: แคนคุน
    Asia/Kuala_Lumpur:
      exemplar_city: กัวลาลัมเปอร์
    Asia/Kuching:
      exemplar_city: กูชิง
    Africa/Maputo:
      exemplar_city: มาปูโต
    Africa/Windhoek:
      exemplar_city: วินด์ฮุก
    Pacific/Noumea:
      exemplar_city: นูเมอา
    Africa/Niamey:
      exemplar_city: นีอาเมย์
    Pacific/Norfolk:
      exemplar_city: นอร์ฟอล์ก
    Africa/Lagos:
      exemplar_city: ลากอส
    America/Managua:
      exemplar_city: มานากัว
    Europe/Amsterdam:
      exemplar_city: อัมสเตอดัม
    Europe/Oslo:
      exemplar_city: ออสโล
    Asia/Katmandu:
      exemplar_city: กาตมันดุ
    Pacific/Nauru:
      exemplar_city: นาอูรู
    Pacific/Niue:
      exemplar_city: นีอูเอ
    Pacific/Chatham:
      exemplar_city: แชทัม
    Pacific/Auckland:
      exemplar_city: โอคแลนด์
    Asia/Muscat:
      exemplar_city: มัสกัต
    America/Panama:
      exemplar_city: ปานามา
    America/Lima:
      exemplar_city: ลิมา
    Pacific/Tahiti:
      exemplar_city: ตาฮีตี
    Pacific/Marquesas:
      exemplar_city: มาร์เคซัส
    Pacific/Gambier:
      exemplar_city: แกมเบียร์
    Pacific/Port_Moresby:
      exemplar_city: พอร์ตมอร์สบี
    Pacific/Bougainville:
      exemplar_city: บูเกนวิลล์
    Asia/Manila:
      exemplar_city: มะนิลา
    Asia/Karachi:
      exemplar_city: การาจี
    Europe/Warsaw:
      exemplar_city: วอร์ซอ
    America/Miquelon:
      exemplar_city: มีเกอลง
    Pacific/Pitcairn:
      exemplar_city: พิตแคร์น
    America/Puerto_Rico:
      exemplar_city: เปอโตริโก
    Asia/Gaza:
      exemplar_city: กาซา
    Asia/Hebron:
      exemplar_city: เฮบรอน
    Atlantic/Azores:
      exemplar_city: อะโซร์ส
    Atlantic/Madeira:
      exemplar_city: มาเดรา
    Europe/Lisbon:
      exemplar_city: ลิสบอน
    Pacific/Palau:
      exemplar_city: ปาเลา
    America/Asuncion:
      exemplar_city: อะซุนซิออง
    Asia/Qatar:
      exemplar_city: กาตาร์
    Indian/Reunion:
      exemplar_city: เรอูนียง
    Europe/Bucharest:
      exemplar_city: บูคาเรส
    Europe/Belgrade:
      exemplar_city: เบลเกรด
    Europe/Kaliningrad:
      exemplar_city: คาลินิงกราด
    Europe/Moscow:
      exemplar_city: มอสโก
    Europe/Volgograd:
      exemplar_city: วอลโกกราด
    Europe/Saratov:
      exemplar_city: ซาราทอฟ
    Europe/Astrakhan:
      exemplar_city: แอสตราคาน
    Europe/Ulyanovsk:
      exemplar_city: อะลิยานอฟ
    Europe/Kirov:
      exemplar_city: คิรอฟ
    Europe/Samara:
      exemplar_city: ซามารา
    Asia/Yekaterinburg:
      exemplar_city: ยีคาเตอรินเบิร์ก
    Asia/Omsk:
      exemplar_city: โอมสก์
    Asia/Novosibirsk:
      exemplar_city: โนโวซิบิร์สก์
    Asia/Barnaul:
      exemplar_city: บาร์เนาว์
    Asia/Tomsk:
      exemplar_city: ตอมสค์
    Asia/Novokuznetsk:
      exemplar_city: โนโวคุซเนตสค์
    Asia/Krasnoyarsk:
      exemplar_city: ครัสโนยาร์สก์
    Asia/Irkutsk:
      exemplar_city: อีร์คุตสค์
    Asia/Chita:
      exemplar_city: ชิตา
    Asia/Yakutsk:
      exemplar_city: ยาคุตสค์
    Asia/Vladivostok:
      exemplar_city: วลาดิโวสต็อก
    Asia/Khandyga:
      exemplar_city: ฮันดืยกา
    Asia/Sakhalin:
      exemplar_city: ซาคาลิน
    Asia/Ust-Nera:
      exemplar_city: อุสต์เนรา
    Asia/Magadan:
      exemplar_city: มากาดาน
    Asia/Srednekolymsk:
      exemplar_city: ซเรดเนคโคลิมสก์
    Asia/Kamchatka:
      exemplar_city: คามชัตกา
    Asia/Anadyr:
      exemplar_city: อานาดีร์
    Africa/Kigali:
      exemplar_city: คิกาลี
    Asia/Riyadh:
      exemplar_city: ริยาร์ด
    Pacific/Guadalcanal:
      exemplar_city: กัวดัลคานัล
    Indian/Mahe:
      exemplar_city: มาเอ
    Africa/Khartoum:
      exemplar_city: คาร์ทูม
    Europe/Stockholm:
      exemplar_city: สตอกโฮล์ม
    Asia/Singapore:
      exemplar_city: สิงคโปร์
    Atlantic/St_Helena:
      exemplar_city: เซนต์เฮเลนา
    Europe/Ljubljana:
      exemplar_city: ลูบลิยานา
    Arctic/Longyearbyen:
      exemplar_city: ลองเยียร์เบียน
    Europe/Bratislava:
      exemplar_city: บราติสลาวา
    Africa/Freetown:
      exemplar_city: ฟรีทาวน์
    Europe/San_Marino:
      exemplar_city: ซานมารีโน
    Africa/Dakar:
      exemplar_city: ดาการ์
    Africa/Mogadishu:
      exemplar_city: โมกาดิชู
    America/Paramaribo:
      exemplar_city: ปารามาริโบ
    Africa/Juba:
      exemplar_city: จูบา
    Africa/Sao_Tome:
      exemplar_city: เซาตูเม
    America/El_Salvador:
      exemplar_city: เอลซัลวาดอร์
    America/Lower_Princes:
      exemplar_city: โลเวอร์พรินซ์ ควอเตอร์
    Asia/Damascus:
      exemplar_city: ดามัสกัส
    Africa/Mbabane:
      exemplar_city: อัมบาบาเน
    America/Grand_Turk:
      exemplar_city: แกรนด์เติร์ก
    Africa/Ndjamena:
      exemplar_city: เอ็นจาเมนา
    Indian/Kerguelen:
      exemplar_city: แกร์เกอลอง
    Africa/Lome:
      exemplar_city: โลเม
    Asia/Bangkok:
      exemplar_city: กรุงเทพ
    Asia/Dushanbe:
      exemplar_city: ดูชานเบ
    Pacific/Fakaofo:
      exemplar_city: ฟาเคาโฟ
    Asia/Dili:
      exemplar_city: ดิลี
    Asia/Ashgabat:
      exemplar_city: อาชกาบัต
    Africa/Tunis:
      exemplar_city: ตูนิส
    Pacific/Tongatapu:
      exemplar_city: ตองกาตาปู
    Europe/Istanbul:
      exemplar_city: อิสตันบูล
    America/Port_of_Spain:
      exemplar_city: พอร์ทออฟสเปน
    Pacific/Funafuti:
      exemplar_city: ฟูนะฟูตี
    Asia/Taipei:
      exemplar_city: ไทเป
    Africa/Dar_es_Salaam:
      exemplar_city: ดาร์เอสซาลาม
    Europe/Kiev:
      exemplar_city: เคียฟ
    Europe/Simferopol:
      exemplar_city: ซิมเฟอโรโปล
    Africa/Kampala:
      exemplar_city: คัมพาลา
    Pacific/Midway:
      exemplar_city: มิดเวย์
    Pacific/Wake:
      exemplar_city: เวก
    America/Adak:
      exemplar_city: เอดัก
    America/Nome:
      exemplar_city: นอม
    America/Anchorage:
      exemplar_city: แองเคอเรจ
    America/Yakutat:
      exemplar_city: ยากูทัต
    America/Sitka:
      exemplar_city: ซิตกา
    America/Juneau:
      exemplar_city: จูโน
    America/Metlakatla:
      exemplar_city: เมทลากาตละ
    America/Los_Angeles:
      exemplar_city: ลอสแองเจลิส
    America/Boise:
      exemplar_city: บอยซี
    America/Phoenix:
      exemplar_city: ฟินิกซ์
    America/Denver:
      exemplar_city: เดนเวอร์
    America/North_Dakota/Beulah:
      exemplar_city: โบลาห์, นอร์ทดาโคตา
    America/North_Dakota/New_Salem:
      exemplar_city: นิวเซเลม, นอร์ทดาโคตา
    America/North_Dakota/Center:
      exemplar_city: เซนเตอร์, นอร์ทดาโคตา
    America/Chicago:
      exemplar_city: ชิคาโก
    America/Menominee:
      exemplar_city: เมโนมินี
    America/Indiana/Vincennes:
      exemplar_city: วินเซนเนส, อินดีแอนา
    America/Indiana/Petersburg:
      exemplar_city: ปีเตอร์สเบิร์ก, อินดีแอนา
    America/Indiana/Tell_City:
      exemplar_city: เทลล์ซิตี, อินดีแอนา
    America/Indiana/Knox:
      exemplar_city: นอกซ์, อินดีแอนา
    America/Indiana/Winamac:
      exemplar_city: วินาแมค, อินดีแอนา
    America/Indiana/Marengo:
      exemplar_city: มาเรงโก, อินดีแอนา
    America/Indianapolis:
      exemplar_city: อินเดียแนโพลิส
    America/Louisville:
      exemplar_city: ลูส์วิลล์
    America/Indiana/Vevay:
      exemplar_city: วีเวย์, อินดีแอนา
    America/Kentucky/Monticello:
      exemplar_city: มอนติเซลโล, เคนตักกี
    America/Detroit:
      exemplar_city: ดีทรอยต์
    America/New_York:
      exemplar_city: นิวยอร์ก
    America/Montevideo:
      exemplar_city: มอนเตวิเดโอ
    Asia/Samarkand:
      exemplar_city: ซามาร์กานด์
    Asia/Tashkent:
      exemplar_city: ทาชเคนต์
    Europe/Vatican:
      exemplar_city: วาติกัน
    America/St_Vincent:
      exemplar_city: เซนต์วินเซนต์
    America/Caracas:
      exemplar_city: คาราคัส
    America/Tortola:
      exemplar_city: ตอร์โตลา
    America/St_Thomas:
      exemplar_city: เซนต์โธมัส
    Asia/Saigon:
      exemplar_city: นครโฮจิมินห์
    Pacific/Efate:
      exemplar_city: เอฟาเต
    Pacific/Wallis:
      exemplar_city: วาลลิส
    Pacific/Apia:
      exemplar_city: อาปีอา
    Asia/Aden:
      exemplar_city: เอเดน
    Indian/Mayotte:
      exemplar_city: มาโยเต
    Africa/Johannesburg:
      exemplar_city: โจฮันเนสเบอร์ก
    Africa/Lusaka:
      exemplar_city: ลูซากา
    Africa/Harare:
      exemplar_city: ฮาราเร
  metazones:
    Acre:
      long:
        generic: เวลาอาเกร
        standard: เวลามาตรฐานอาเกร
        daylight: เวลาฤดูร้อนอาเกร
    Afghanistan:
      long:
        standard: เวลาอัฟกานิสถาน
    Africa_Central:
      long:
        standard: เวลาแอฟริกากลาง
    Africa_Eastern:
      long:
        standard: เวลาแอฟริกาตะวันออก
    Africa_Southern:
      long:
        standard: เวลาแอฟริกาใต้
    Africa_Western:
      long:
        generic: เวลาแอฟริกาตะวันตก
        standard: เวลามาตรฐานแอฟริกาตะวันตก
        daylight: เวลาฤดูร้อนแอฟริกาตะวันตก
    Alaska:
      long:
        generic: เวลาอะแลสกา
        standard: เวลามาตรฐานอะแลสกา
        daylight: เวลาออมแสงของอะแลสกา
    Almaty:
      long:
        generic: เวลาอัลมาตี
        standard: เวลามาตรฐานอัลมาตี
        daylight: เวลาฤดูร้อนอัลมาตี
    Amazon:
      long:
        generic: เวลาแอมะซอน
        standard: เวลามาตรฐานแอมะซอน
        daylight: เวลาฤดูร้อนแอมะซอน
    America_Central:
      long:
        generic: เวลาตอนกลางในอเมริกาเหนือ
        standard: เวลามาตรฐานตอนกลางในอเมริกาเหนือ
        daylight: เวลาออมแสงตอนกลางในอเมริกาเหนือ
    America_Eastern:
      long:
        generic: เวลาทางตะวันออกในอเมริกาเหนือ
        standard: เวลามาตรฐานทางตะวันออกในอเมริกาเหนือ
        daylight: เวลาออมแสงทางตะวันออกในอเมริกาเหนือ
    America_Mountain:
      long:
        generic: เวลาแถบภูเขาในอเมริกาเหนือ
        standard: เวลามาตรฐานแถบภูเขาในอเมริกาเหนือ
        daylight: เวลาออมแสงแถบภูเขาในอเมริกาเหนือ
    America_Pacific:
      long:
        generic: เวลาแปซิฟิกในอเมริกาเหนือ
        standard: เวลามาตรฐานแปซิฟิกในอเมริกาเหนือ
        daylight: เวลาออมแสงแปซิฟิกในอเมริกาเหนือ
    Anadyr:
      long:
        generic: เวลาอะนาดีร์
        standard: เวลามาตรฐานอะนาดีร์
        daylight: เวลาฤดูร้อนอะนาดีร์
    Apia:
      long:
        generic: เวลาอาปีอา
        standard: เวลามาตรฐานอาปีอา
        daylight: เวลาออมแสงอาปีอา
    Aqtau:
      long:
        generic: เวลาอัคตาอู
        standard: เวลามาตรฐานอัคตาอู
        daylight: เวลาฤดูร้อนอัคตาอู
    Aqtobe:
      long:
        generic: เวลาอัคโทเบ
        standard: เวลามาตรฐานอัคโทเบ
        daylight: เวลาฤดูร้อนอัคโทเบ
    Arabian:
      long:
        generic: เวลาอาหรับ
        standard: เวลามาตรฐานอาหรับ
        daylight: เวลาออมแสงอาหรับ
    Argentina:
      long:
        generic: เวลาอาร์เจนตินา
        standard: เวลามาตรฐานอาร์เจนตินา
        daylight: เวลาฤดูร้อนอาร์เจนตินา
    Argentina_Western:
      long:
        generic: เวลาตะวันตกของอาร์เจนตินา
        standard: เวลามาตรฐานทางตะวันตกของอาร์เจนตินา
        daylight: เวลาฤดูร้อนทางตะวันตกของอาร์เจนตินา
    Armenia:
      long:
        generic: เวลาอาร์เมเนีย
        standard: เวลามาตรฐานอาร์เมเนีย
        daylight: เวลาฤดูร้อนอาร์เมเนีย
    Atlantic:
      long:
        generic: เวลาแอตแลนติก
        standard: เวลามาตรฐานแอตแลนติก
        daylight: เวลาออมแสงของแอตแลนติก
    Australia_Central:
      long:
        generic: เวลาออสเตรเลียกลาง
        standard: เวลามาตรฐานทางตอนกลางของออสเตรเลีย
        daylight: เวลาออมแสงทางตอนกลางของออสเตรเลีย
    Australia_CentralWestern:
      long:
        generic: เวลาทางตะวันตกตอนกลางของออสเตรเลีย
        standard: เวลามาตรฐานทางตะวันตกตอนกลางของออสเตรเลีย
        daylight: เวลาออมแสงทางตะวันตกตอนกลางของออสเตรเลีย
    Australia_Eastern:
      long:
        generic: เวลาออสเตรเลียตะวันออก
        standard: เวลามาตรฐานทางตะวันออกของออสเตรเลีย
        daylight: เวลาออมแสงทางตะวันออกของออสเตรเลีย
    Australia_Western:
      long:
        generic: เวลาออสเตรเลียตะวันตก
        standard: เวลามาตรฐานทางตะวันตกของออสเตรเลีย
        daylight: เวลาออมแสงทางตะวันตกของออสเตรเลีย
    Azerbaijan:
      long:
        generic: เวลาอาเซอร์ไบจาน
        standard: เวลามาตรฐานอาเซอร์ไบจาน
        daylight: เวลาฤดูร้อนอาเซอร์ไบจาน
    Azores:
      long:
        generic: เวลาอะโซร์ส
        standard: เวลามาตรฐานอะโซร์ส
        daylight: เวลาฤดูร้อนอะโซร์ส
    Bangladesh:
      long:
        generic: เวลาบังกลาเทศ
        standard: เวลามาตรฐานบังกลาเทศ
        daylight: เวลาฤดูร้อนบังกลาเทศ
    Bhutan:
      long:
        standard: เวลาภูฏาน
    Bolivia:
      long:
        standard: เวลาโบลิเวีย
    Brasilia:
      long:
        generic: เวลาบราซิเลีย
        standard: เวลามาตรฐานบราซิเลีย
        daylight: เวลาฤดูร้อนบราซิเลีย
    Brunei:
      long:
        standard: เวลาบรูไนดารุสซาลาม
    Cape_Verde:
      long:
        generic: เวลาเคปเวิร์ด
        standard: เวลามาตรฐานเคปเวิร์ด
        daylight: เวลาฤดูร้อนเคปเวิร์ด
    Casey:
      long:
        standard: เวลาเคซีย์
    Chamorro:
      long:
        standard: เวลาชามอร์โร
    Chatham:
      long:
        generic: เวลาแชทัม
        standard: เวลามาตรฐานแชทัม
        daylight: เวลาออมแสงแชทัม
    Chile:
      long:
        generic: เวลาชิลี
        standard: เวลามาตรฐานชิลี
        daylight: เวลาฤดูร้อนชิลี
    China:
      long:
        generic: เวลาจีน
        standard: เวลามาตรฐานจีน
        daylight: เวลาออมแสงจีน
    Christmas:
      long:
        standard: เวลาเกาะคริสต์มาส
    Cocos:
      long:
        standard: เวลาหมู่เกาะโคโคส
    Colombia:
      long:
        generic: เวลาโคลอมเบีย
        standard: เวลามาตรฐานโคลอมเบีย
        daylight: เวลาฤดูร้อนโคลอมเบีย
    Cook:
      long:
        generic: เวลาหมู่เกาะคุก
        standard: เวลามาตรฐานหมู่เกาะคุก
        daylight: เวลาครึ่งฤดูร้อนหมู่เกาะคุก
    Cuba:
      long:
        generic: เวลาคิวบา
        standard: เวลามาตรฐานคิวบา
        daylight: เวลาออมแสงของคิวบา
    Davis:
      long:
        standard: เวลาเดวิส
    DumontDUrville:
      long:
        standard: เวลาดูมองต์ดูร์วิลล์
    East_Timor:
      long:
        standard: เวลาติมอร์ตะวันออก
    Easter:
      long:
        generic: เวลาเกาะอีสเตอร์
        standard: เวลามาตรฐานเกาะอีสเตอร์
        daylight: เวลาฤดูร้อนเกาะอีสเตอร์
    Ecuador:
      long:
        standard: เวลาเอกวาดอร์
    Europe_Central:
      long:
        generic: เวลายุโรปกลาง
        standard: เวลามาตรฐานยุโรปกลาง
        daylight: เวลาฤดูร้อนยุโรปกลาง
    Europe_Eastern:
      long:
        generic: เวลายุโรปตะวันออก
        standard: เวลามาตรฐานยุโรปตะวันออก
        daylight: เวลาฤดูร้อนยุโรปตะวันออก
    Europe_Further_Eastern:
      long:
        standard: เวลายุโรปตะวันออกไกล
    Europe_Western:
      long:
        generic: เวลายุโรปตะวันตก
        standard: เวลามาตรฐานยุโรปตะวันตก
        daylight: เวลาฤดูร้อนยุโรปตะวันตก
    Falkland:
      long:
        generic: เวลาหมู่เกาะฟอล์กแลนด์
        standard: เวลามาตรฐานหมู่เกาะฟอล์กแลนด์
        daylight: เวลาฤดูร้อนหมู่เกาะฟอล์กแลนด์
    Fiji:
      long:
        generic: เวลาฟิจิ
        standard: เวลามาตรฐานฟิจิ
        daylight: เวลาฤดูร้อนฟิจิ
    French_Guiana:
      long:
        standard: เวลาเฟรนช์เกียนา
    French_Southern:
      long:
        standard: เวลาเฟรนช์เซาเทิร์นและแอนตาร์กติก
    Galapagos:
      long:
        standard: เวลากาลาปาโกส
    Gambier:
      long:
        standard: เวลาแกมเบียร์
    Georgia:
      long:
        generic: เวลาจอร์เจีย
        standard: เวลามาตรฐานจอร์เจีย
        daylight: เวลาฤดูร้อนจอร์เจีย
    Gilbert_Islands:
      long:
        standard: เวลาหมู่เกาะกิลเบิร์ต
    GMT:
      long:
        standard: เวลามาตรฐานกรีนิช
    Greenland_Eastern:
      long:
        generic: เวลากรีนแลนด์ตะวันออก
        standard: เวลามาตรฐานกรีนแลนด์ตะวันออก
        daylight: เวลาฤดูร้อนกรีนแลนด์ตะวันออก
    Greenland_Western:
      long:
        generic: เวลากรีนแลนด์ตะวันตก
        standard: เวลามาตรฐานกรีนแลนด์ตะวันตก
        daylight: เวลาฤดูร้อนกรีนแลนด์ตะวันตก
    Guam:
      long:
        standard: เวลากวม
    Gulf:
      long:
        standard: เวลากัลฟ์
    Guyana:
      long:
        standard: เวลากายอานา
    Hawaii_Aleutian:
      long:
        generic: เวลาฮาวาย-อะลูเชียน
        standard: เวลามาตรฐานฮาวาย-อะลูเชียน
        daylight: เวลาออมแสงฮาวาย-อะลูเชียน
    Hong_Kong:
      long:
        generic: เวลาฮ่องกง
        standard: เวลามาตรฐานฮ่องกง
        daylight: เวลาฤดูร้อนฮ่องกง
    Hovd:
      long:
        generic: เวลาฮอฟด์
        standard: เวลามาตรฐานฮอฟด์
        daylight: เวลาฤดูร้อนฮอฟด์
    India:
      long:
        standard: เวลาอินเดีย
    Indian_Ocean:
      long:
        standard: เวลามหาสมุทรอินเดีย
    Indochina:
      long:
        standard: เวลาอินโดจีน
    Indonesia_Central:
      long:
        standard: เวลาอินโดนีเซียตอนกลาง
    Indonesia_Eastern:
      long:
        standard: เวลาอินโดนีเซียฝั่งตะวันออก
    Indonesia_Western:
      long:
        standard: เวลาอินโดนีเซียฝั่งตะวันตก
    Iran:
      long:
        generic: เวลาอิหร่าน
        standard: เวลามาตรฐานอิหร่าน
        daylight: เวลาออมแสงอิหร่าน
    Irkutsk:
      long:
        generic: เวลาอีร์คุตสค์
        standard: เวลามาตรฐานอีร์คุตสค์
        daylight: เวลาฤดูร้อนอีร์คุตสค์
    Israel:
      long:
        generic: เวลาอิสราเอล
        standard: เวลามาตรฐานอิสราเอล
        daylight: เวลาออมแสงอิสราเอล
    Japan:
      long:
        generic: เวลาญี่ปุ่น
        standard: เวลามาตรฐานญี่ปุ่น
        daylight: เวลาออมแสงญี่ปุ่น
    Kamchatka:
      long:
        generic: เวลาคัมชัตคา
        standard: เวลาเปโตรปัฟลอฟสค์-คัมชัตสกี
        daylight: เวลาฤดูร้อนเปโตรปัฟลอฟสค์-คัมชัตสกี
    Kazakhstan:
      long:
        standard: เวลาคาซัคสถาน
    Kazakhstan_Eastern:
      long:
        standard: เวลาคาซัคสถานตะวันออก
    Kazakhstan_Western:
      long:
        standard: เวลาคาซัคสถานตะวันตก
    Korea:
      long:
        generic: เวลาเกาหลี
        standard: เวลามาตรฐานเกาหลี
        daylight: เวลาออมแสงเกาหลี
    Kosrae:
      long:
        standard: เวลาคอสไร
    Krasnoyarsk:
      long:
        generic: เวลาครัสโนยาสค์
        standard: เวลามาตรฐานครัสโนยาสค์
        daylight: เวลาฤดูร้อนครัสโนยาสค์
    Kyrgystan:
      long:
        standard: เวลาคีร์กีซสถาน
    Lanka:
      long:
        standard: เวลาลังกา
    Line_Islands:
      long:
        standard: เวลาหมู่เกาะไลน์
    Lord_Howe:
      long:
        generic: เวลาลอร์ดโฮว์
        standard: เวลามาตรฐานลอร์ดโฮว์
        daylight: เวลาออมแสงลอร์ดโฮว์
    Macau:
      long:
        generic: เวลามาเก๊า
        standard: เวลามาตรฐานมาเก๊า
        daylight: เวลาฤดูร้อนมาเก๊า
    Magadan:
      long:
        generic: เวลามากาดาน
        standard: เวลามาตรฐานมากาดาน
        daylight: เวลาฤดูร้อนมากาดาน
    Malaysia:
      long:
        standard: เวลามาเลเซีย
    Maldives:
      long:
        standard: เวลามัลดีฟส์
    Marquesas:
      long:
        standard: เวลามาร์เคซัส
    Marshall_Islands:
      long:
        standard: เวลาหมู่เกาะมาร์แชลล์
    Mauritius:
      long:
        generic: เวลามอริเชียส
        standard: เวลามาตรฐานมอริเชียส
        daylight: เวลาฤดูร้อนของมอริเชียส
    Mawson:
      long:
        standard: เวลามอว์สัน
    Mexico_Pacific:
      long:
        generic: เวลาแปซิฟิกเม็กซิโก
        standard: เวลามาตรฐานแปซิฟิกเม็กซิโก
        daylight: เวลาออมแสงแปซิฟิกเม็กซิโก
    Mongolia:
      long:
        generic: เวลาอูลานบาตอร์
        standard: เวลามาตรฐานอูลานบาตอร์
        daylight: เวลาฤดูร้อนอูลานบาตอร์
    Moscow:
      long:
        generic: เวลามอสโก
        standard: เวลามาตรฐานมอสโก
        daylight: เวลาฤดูร้อนมอสโก
    Myanmar:
      long:
        standard: เวลาพม่า
    Nauru:
      long:
        standard: เวลานาอูรู
    Nepal:
      long:
        standard: เวลาเนปาล
    New_Caledonia:
      long:
        generic: เวลานิวแคลิโดเนีย
        standard: เวลามาตรฐานนิวแคลิโดเนีย
        daylight: เวลาฤดูร้อนนิวแคลิโดเนีย
    New_Zealand:
      long:
        generic: เวลานิวซีแลนด์
        standard: เวลามาตรฐานนิวซีแลนด์
        daylight: เวลาออมแสงนิวซีแลนด์
    Newfoundland:
      long:
        generic: เวลานิวฟันด์แลนด์
        standard: เวลามาตรฐานนิวฟันด์แลนด์
        daylight: เวลาออมแสงนิวฟันด์แลนด์
    Niue:
      long:
        standard: เวลานีอูเอ
    Norfolk:
      long:
        generic: เวลาเกาะนอร์ฟอล์ก
        standard: เวลามาตรฐานเกาะนอร์ฟอล์ก
        daylight: เวลาออมแสงเกาะนอร์ฟอล์ก
    Noronha:
      long:
        generic: เวลาหมู่เกาะเฟอร์นันโด
        standard: เวลามาตรฐานหมู่เกาะเฟอร์นันโด
        daylight: เวลาฤดูร้อนของหมู่เกาะเฟอร์นันโด
    North_Mariana:
      long:
        standard: เวลาหมู่เกาะมาเรียนาเหนือ
    Novosibirsk:
      long:
        generic: เวลาโนโวซีบีสค์
        standard: เวลามาตรฐานโนโวซีบีสค์
        daylight: เวลาฤดูร้อนโนโวซีบีสค์
    Omsk:
      long:
        generic: เวลาออมสค์
        standard: เวลามาตรฐานออมสค์
        daylight: เวลาฤดูร้อนออมสค์
    Pakistan:
      long:
        generic: เวลาปากีสถาน
        standard: เวลามาตรฐานปากีสถาน
        daylight: เวลาฤดูร้อนปากีสถาน
    Palau:
      long:
        standard: เวลาปาเลา
    Papua_New_Guinea:
      long:
        standard: เวลาปาปัวนิวกินี
    Paraguay:
      long:
        generic: เวลาปารากวัย
        standard: เวลามาตรฐานปารากวัย
        daylight: เวลาฤดูร้อนปารากวัย
    Peru:
      long:
        generic: เวลาเปรู
        standard: เวลามาตรฐานเปรู
        daylight: เวลาฤดูร้อนเปรู
    Philippines:
      long:
        generic: เวลาฟิลิปปินส์
        standard: เวลามาตรฐานฟิลิปปินส์
        daylight: เวลาฤดูร้อนฟิลิปปินส์
    Phoenix_Islands:
      long:
        standard: เวลาหมู่เกาะฟินิกซ์
    Pierre_Miquelon:
      long:
        generic: เวลาแซงปีแยร์และมีเกอลง
        standard: เวลามาตรฐานแซงปีแยร์และมีเกอลง
        daylight: เวลาออมแสงของแซงปีแยร์และมีเกอลง
    Pitcairn:
      long:
        standard: เวลาพิตแคร์น
    Ponape:
      long:
        standard: เวลาโปนาเป
    Pyongyang:
      long:
        standard: เวลาเปียงยาง
    Qyzylorda:
      long:
        generic: เวลาคืยซิลออร์ดา
        standard: เวลามาตรฐานคืยซิลออร์ดา
        daylight: เวลาฤดูร้อนคืยซิลออร์ดา
    Reunion:
      long:
        standard: เวลาเรอูนียง
    Rothera:
      long:
        standard: เวลาโรธีรา
    Sakhalin:
      long:
        generic: เวลาซาคาลิน
        standard: เวลามาตรฐานซาคาลิน
        daylight: เวลาฤดูร้อนซาคาลิน
    Samara:
      long:
        generic: เวลาซามารา
        standard: เวลามาตรฐานซามารา
        daylight: เวลาฤดูร้อนซามารา
    Samoa:
      long:
        generic: เวลาซามัว
        standard: เวลามาตรฐานซามัว
        daylight: เวลาฤดูร้อนซามัว
    Seychelles:
      long:
        standard: เวลาเซเชลส์
    Singapore:
      long:
        standard: เวลาสิงคโปร์
    Solomon:
      long:
        standard: เวลาหมู่เกาะโซโลมอน
    South_Georgia:
      long:
        standard: เวลาเซาท์จอร์เจีย
    Suriname:
      long:
        standard: เวลาซูรินาเม
    Syowa:
      long:
        standard: เวลาไซโยวา
    Tahiti:
      long:
        standard: เวลาตาฮีตี
    Taipei:
      long:
        generic: เวลาไทเป
        standard: เวลามาตรฐานไทเป
        daylight: เวลาออมแสงไทเป
    Tajikistan:
      long:
        standard: เวลาทาจิกิสถาน
    Tokelau:
      long:
        standard: เวลาโตเกเลา
    Tonga:
      long:
        generic: เวลาตองกา
        standard: เวลามาตรฐานตองกา
        daylight: เวลาฤดูร้อนตองกา
    Truk:
      long:
        standard: เวลาชุก
    Turkmenistan:
      long:
        generic: เวลาเติร์กเมนิสถาน
        standard: เวลามาตรฐานเติร์กเมนิสถาน
        daylight: เวลาฤดูร้อนเติร์กเมนิสถาน
    Tuvalu:
      long:
        standard: เวลาตูวาลู
    Uruguay:
      long:
        generic: เวลาอุรุกวัย
        standard: เวลามาตรฐานอุรุกวัย
        daylight: เวลาฤดูร้อนอุรุกวัย
    Uzbekistan:
      long:
        generic: เวลาอุซเบกิสถาน
        standard: เวลามาตรฐานอุซเบกิสถาน
        daylight: เวลาฤดูร้อนอุซเบกิสถาน
    Vanuatu:
      long:
        generic: เวลาวานูอาตู
        standard: เวลามาตรฐานวานูอาตู
        daylight: เวลาฤดูร้อนวานูอาตู
    Venezuela:
      long:
        standard: เวลาเวเนซุเอลา
    Vladivostok:
      long:
        generic: เวลาวลาดีวอสตอค
        standard: เวลามาตรฐานวลาดีวอสตอค
        daylight: เวลาฤดูร้อนวลาดีวอสตอค
    Volgograd:
      long:
        generic: เวลาวอลโกกราด
        standard: เวลามาตรฐานวอลโกกราด
        daylight: เวลาฤดูร้อนวอลโกกราด
    Vostok:
      long:
        standard: เวลาวอสตอค
    Wake:
      long:
        standard: เวลาเกาะเวก
    Wallis:
      long:
        standard: เวลาวาลลิสและฟุตูนา
    Yakutsk:
      long:
        generic: เวลายาคุตสค์
        standard: เวลามาตรฐานยาคุตสค์
        daylight: เวลาฤดูร้อนยาคุตสค์
    Yekaterinburg:
      long:
        generic: เวลาเยคาเตรินบูร์ก
        standard: เวลามาตรฐานเยคาเตรินบูร์ก
        daylight: เวลาฤดูร้อนเยคาเตรินบูร์ก
    Yukon:
      long:
        standard: เวลายูคอน
