---
locale: sr_Latn
generated_at: '2025-09-15T06:26:50Z'
cldr_version: '46'
timezone_names:
  formats:
    region_format_daylight: "{0}, letnje vreme"
    region_format_standard: "{0}, standardno vreme"
  zones:
    Pacific/Honolulu:
      exemplar_city: Honolulu
    Etc/UTC:
      long:
        standard: Koordinisano univerzalno vreme
    Etc/Unknown:
      exemplar_city: Nepoznat grad
    Europe/Andorra:
      exemplar_city: Andora
    Asia/Dubai:
      exemplar_city: Dubai
    Asia/Kabul:
      exemplar_city: Kabul
    America/Antigua:
      exemplar_city: Antigva
    America/Anguilla:
      exemplar_city: Angvila
    Europe/Tirane:
      exemplar_city: Tirana
    Asia/Yerevan:
      exemplar_city: Jerevan
    Africa/Luanda:
      exemplar_city: Luanda
    Antarctica/Rothera:
      exemplar_city: Rotera
    Antarctica/Palmer:
      exemplar_city: Palmer
    Antarctica/Troll:
      exemplar_city: Trol
    Antarctica/Syowa:
      exemplar_city: Šova
    Antarctica/Mawson:
      exemplar_city: Moson
    Antarctica/Davis:
      exemplar_city: Dejvis
    Antarctica/Vostok:
      exemplar_city: Vostok
    Antarctica/Casey:
      exemplar_city: Kejsi
    Antarctica/DumontDUrville:
      exemplar_city: Dimon d’Urvil
    Antarctica/McMurdo:
      exemplar_city: Makmurdo
    America/Argentina/Rio_Gallegos:
      exemplar_city: Rio Galjegos
    America/Mendoza:
      exemplar_city: Mendosa
    America/Argentina/San_Juan:
      exemplar_city: San Huan
    America/Argentina/Ushuaia:
      exemplar_city: Ušuaija
    America/Argentina/La_Rioja:
      exemplar_city: La Rioha
    America/Argentina/San_Luis:
      exemplar_city: San Lui
    America/Catamarca:
      exemplar_city: Katamarka
    America/Argentina/Salta:
      exemplar_city: Salta
    America/Jujuy:
      exemplar_city: Žužui
    America/Argentina/Tucuman:
      exemplar_city: Tukuman
    America/Cordoba:
      exemplar_city: Kordoba
    America/Buenos_Aires:
      exemplar_city: Buenos Ajres
    Pacific/Pago_Pago:
      exemplar_city: Pago Pago
    Europe/Vienna:
      exemplar_city: Beč
    Australia/Perth:
      exemplar_city: Pert
    Australia/Eucla:
      exemplar_city: Iukla
    Australia/Darwin:
      exemplar_city: Darvin
    Australia/Adelaide:
      exemplar_city: Adelejd
    Australia/Broken_Hill:
      exemplar_city: Broken Hil
    Australia/Melbourne:
      exemplar_city: Melburn
    Australia/Hobart:
      exemplar_city: Hobart
    Australia/Lindeman:
      exemplar_city: Lindeman
    Australia/Sydney:
      exemplar_city: Sidnej
    Australia/Brisbane:
      exemplar_city: Brizbejn
    Antarctica/Macquarie:
      exemplar_city: Mekvori
    Australia/Lord_Howe:
      exemplar_city: Lord Hau
    America/Aruba:
      exemplar_city: Aruba
    Europe/Mariehamn:
      exemplar_city: Marihamn
    Asia/Baku:
      exemplar_city: Baku
    Europe/Sarajevo:
      exemplar_city: Sarajevo
    America/Barbados:
      exemplar_city: Barbados
    Asia/Dhaka:
      exemplar_city: Daka
    Europe/Brussels:
      exemplar_city: Brisel
    Africa/Ouagadougou:
      exemplar_city: Uagadugu
    Europe/Sofia:
      exemplar_city: Sofija
    Asia/Bahrain:
      exemplar_city: Bahrein
    Africa/Bujumbura:
      exemplar_city: Budžumbura
    Africa/Porto-Novo:
      exemplar_city: Porto Novo
    America/St_Barthelemy:
      exemplar_city: Sv. Bartolomej
    Atlantic/Bermuda:
      exemplar_city: Bermuda
    Asia/Brunei:
      exemplar_city: Brunej
    America/La_Paz:
      exemplar_city: La Paz
    America/Kralendijk:
      exemplar_city: Kralendajk
    America/Eirunepe:
      exemplar_city: Eirunepe
    America/Rio_Branco:
      exemplar_city: Rio Branko
    America/Porto_Velho:
      exemplar_city: Porto Veljo
    America/Boa_Vista:
      exemplar_city: Boa Vista
    America/Manaus:
      exemplar_city: Manaus
    America/Cuiaba:
      exemplar_city: Kuiaba
    America/Santarem:
      exemplar_city: Santarem
    America/Campo_Grande:
      exemplar_city: Kampo Grande
    America/Belem:
      exemplar_city: Belem
    America/Araguaina:
      exemplar_city: Aragvajana
    America/Sao_Paulo:
      exemplar_city: Sao Paolo
    America/Bahia:
      exemplar_city: Baija
    America/Fortaleza:
      exemplar_city: Fortaleza
    America/Maceio:
      exemplar_city: Masejo
    America/Recife:
      exemplar_city: Resife
    America/Noronha:
      exemplar_city: Noronja
    America/Nassau:
      exemplar_city: Nasau
    Asia/Thimphu:
      exemplar_city: Timpu
    Africa/Gaborone:
      exemplar_city: Gaboron
    Europe/Minsk:
      exemplar_city: Minsk
    America/Belize:
      exemplar_city: Belize
    America/Dawson:
      exemplar_city: Doson
    America/Whitehorse:
      exemplar_city: Vajthors
    America/Inuvik:
      exemplar_city: Inuvik
    America/Vancouver:
      exemplar_city: Vankuver
    America/Fort_Nelson:
      exemplar_city: Fort Nelson
    America/Dawson_Creek:
      exemplar_city: Doson Krik
    America/Creston:
      exemplar_city: Kreston
    America/Edmonton:
      exemplar_city: Edmonton
    America/Swift_Current:
      exemplar_city: Svift Kurent
    America/Cambridge_Bay:
      exemplar_city: Kembridž Bej
    America/Regina:
      exemplar_city: Regina
    America/Winnipeg:
      exemplar_city: Vinipeg
    America/Resolute:
      exemplar_city: Resolut
    America/Rankin_Inlet:
      exemplar_city: Rankin Inlet
    America/Coral_Harbour:
      exemplar_city: Koral Harbur
    America/Toronto:
      exemplar_city: Toronto
    America/Iqaluit:
      exemplar_city: Ikvaluit
    America/Moncton:
      exemplar_city: Monkton
    America/Halifax:
      exemplar_city: Halifaks
    America/Goose_Bay:
      exemplar_city: Gus Bej
    America/Glace_Bay:
      exemplar_city: Glejs Bej
    America/Blanc-Sablon:
      exemplar_city: Blank-Sejblon
    America/St_Johns:
      exemplar_city: Sv. Džon
    Indian/Cocos:
      exemplar_city: Kokos
    Africa/Kinshasa:
      exemplar_city: Kinšasa
    Africa/Lubumbashi:
      exemplar_city: Lubumbaši
    Africa/Bangui:
      exemplar_city: Bangui
    Africa/Brazzaville:
      exemplar_city: Brazavil
    Europe/Zurich:
      exemplar_city: Cirih
    Africa/Abidjan:
      exemplar_city: Abidžan
    Pacific/Rarotonga:
      exemplar_city: Rarotonga
    Pacific/Easter:
      exemplar_city: Uskršnje ostrvo
    America/Punta_Arenas:
      exemplar_city: Punta Arenas
    America/Santiago:
      exemplar_city: Santjago
    Africa/Douala:
      exemplar_city: Duala
    Asia/Urumqi:
      exemplar_city: Urumći
    Asia/Shanghai:
      exemplar_city: Šangaj
    America/Bogota:
      exemplar_city: Bogota
    America/Costa_Rica:
      exemplar_city: Kostarika
    America/Havana:
      exemplar_city: Havana
    Atlantic/Cape_Verde:
      exemplar_city: Zelenortska Ostrva
    America/Curacao:
      exemplar_city: Kurasao
    Indian/Christmas:
      exemplar_city: Božić
    Asia/Nicosia:
      exemplar_city: Nikozija
    Asia/Famagusta:
      exemplar_city: Famagusta
    Europe/Prague:
      exemplar_city: Prag
    Europe/Busingen:
      exemplar_city: Bisingen
    Europe/Berlin:
      exemplar_city: Berlin
    Africa/Djibouti:
      exemplar_city: Džibuti
    Europe/Copenhagen:
      exemplar_city: Kopenhagen
    America/Dominica:
      exemplar_city: Dominika
    America/Santo_Domingo:
      exemplar_city: Santo Domingo
    Africa/Algiers:
      exemplar_city: Alžir
    Pacific/Galapagos:
      exemplar_city: Galapagos
    America/Guayaquil:
      exemplar_city: Gvajakil
    Europe/Tallinn:
      exemplar_city: Talin
    Africa/Cairo:
      exemplar_city: Kairo
    Africa/El_Aaiun:
      exemplar_city: El Ajun
    Africa/Asmera:
      exemplar_city: Asmera
    Atlantic/Canary:
      exemplar_city: Kanarska ostrva
    Africa/Ceuta:
      exemplar_city: Seuta
    Europe/Madrid:
      exemplar_city: Madrid
    Africa/Addis_Ababa:
      exemplar_city: Adis Abeba
    Europe/Helsinki:
      exemplar_city: Helsinki
    Pacific/Fiji:
      exemplar_city: Fidži
    Atlantic/Stanley:
      exemplar_city: Stenli
    Pacific/Truk:
      exemplar_city: Truk
    Pacific/Ponape:
      exemplar_city: Ponape
    Pacific/Kosrae:
      exemplar_city: Košre
    Atlantic/Faeroe:
      exemplar_city: Farska Ostrva
    Europe/Paris:
      exemplar_city: Pariz
    Africa/Libreville:
      exemplar_city: Librevil
    Europe/London:
      exemplar_city: London
      long:
        daylight: Britanija, letnje vreme
    America/Grenada:
      exemplar_city: Grenada
    Asia/Tbilisi:
      exemplar_city: Tbilisi
    America/Cayenne:
      exemplar_city: Kajen
    Europe/Guernsey:
      exemplar_city: Gernzi
    Africa/Accra:
      exemplar_city: Akra
    Europe/Gibraltar:
      exemplar_city: Gibraltar
    America/Thule:
      exemplar_city: Tul
    America/Godthab:
      exemplar_city: Gothab
    America/Scoresbysund:
      exemplar_city: Skorezbisund
    America/Danmarkshavn:
      exemplar_city: Danmarkshagen
    Africa/Banjul:
      exemplar_city: Banžul
    Africa/Conakry:
      exemplar_city: Konakri
    America/Guadeloupe:
      exemplar_city: Gvadalupe
    Africa/Malabo:
      exemplar_city: Malabo
    Europe/Athens:
      exemplar_city: Atina
    Atlantic/South_Georgia:
      exemplar_city: Južna Džordžija
    America/Guatemala:
      exemplar_city: Gvatemala
    Pacific/Guam:
      exemplar_city: Guam
    Africa/Bissau:
      exemplar_city: Bisao
    America/Guyana:
      exemplar_city: Gvajana
    Asia/Hong_Kong:
      exemplar_city: Hongkong
    America/Tegucigalpa:
      exemplar_city: Tegusigalpa
    Europe/Zagreb:
      exemplar_city: Zagreb
    America/Port-au-Prince:
      exemplar_city: Port o Prens
    Europe/Budapest:
      exemplar_city: Budimpešta
    Asia/Jakarta:
      exemplar_city: Džakarta
    Asia/Pontianak:
      exemplar_city: Pontijanak
    Asia/Makassar:
      exemplar_city: Makasar
    Asia/Jayapura:
      exemplar_city: Džajapura
    Europe/Dublin:
      exemplar_city: Dablin
      long:
        daylight: Irska, standardno vreme
    Asia/Jerusalem:
      exemplar_city: Jerusalim
    Europe/Isle_of_Man:
      exemplar_city: Ostrvo Man
    Asia/Calcutta:
      exemplar_city: Kalkuta
    Indian/Chagos:
      exemplar_city: Čagos
    Asia/Baghdad:
      exemplar_city: Bagdad
    Asia/Tehran:
      exemplar_city: Teheran
    Atlantic/Reykjavik:
      exemplar_city: Rejkjavik
    Europe/Rome:
      exemplar_city: Rim
    Europe/Jersey:
      exemplar_city: Džerzi
    America/Jamaica:
      exemplar_city: Jamajka
    Asia/Amman:
      exemplar_city: Aman
    Asia/Tokyo:
      exemplar_city: Tokio
    Africa/Nairobi:
      exemplar_city: Najrobi
    Asia/Bishkek:
      exemplar_city: Biškek
    Asia/Phnom_Penh:
      exemplar_city: Pnom Pen
    Pacific/Enderbury:
      exemplar_city: Enderberi
    Pacific/Kanton:
      exemplar_city: Kanton
    Pacific/Kiritimati:
      exemplar_city: Kiritimati
    Pacific/Tarawa:
      exemplar_city: Tarava
    Indian/Comoro:
      exemplar_city: Komoro
    America/St_Kitts:
      exemplar_city: Sent Kits
    Asia/Pyongyang:
      exemplar_city: Pjongjang
    Asia/Seoul:
      exemplar_city: Seul
    Asia/Kuwait:
      exemplar_city: Kuvajt
    America/Cayman:
      exemplar_city: Kajmanska Ostrva
    Asia/Aqtau:
      exemplar_city: Aktau
    Asia/Oral:
      exemplar_city: Oral
    Asia/Atyrau:
      exemplar_city: Atirau
    Asia/Aqtobe:
      exemplar_city: Akutobe
    Asia/Qostanay:
      exemplar_city: Kostanaj
    Asia/Qyzylorda:
      exemplar_city: Kizilorda
    Asia/Almaty:
      exemplar_city: Almati
    Asia/Vientiane:
      exemplar_city: Vijentijan
    Asia/Beirut:
      exemplar_city: Bejrut
    America/St_Lucia:
      exemplar_city: Sv. Lucija
    Europe/Vaduz:
      exemplar_city: Vaduz
    Asia/Colombo:
      exemplar_city: Kolombo
    Africa/Monrovia:
      exemplar_city: Monrovija
    Africa/Maseru:
      exemplar_city: Maseru
    Europe/Vilnius:
      exemplar_city: Vilnjus
    Europe/Luxembourg:
      exemplar_city: Luksemburg
    Europe/Riga:
      exemplar_city: Riga
    Africa/Tripoli:
      exemplar_city: Tripoli
    Africa/Casablanca:
      exemplar_city: Kazablanka
    Europe/Monaco:
      exemplar_city: Monako
    Europe/Chisinau:
      exemplar_city: Kišinjev
    Europe/Podgorica:
      exemplar_city: Podgorica
    America/Marigot:
      exemplar_city: Marigo
    Indian/Antananarivo:
      exemplar_city: Antananarivo
    Pacific/Kwajalein:
      exemplar_city: Kvadžalejin
    Pacific/Majuro:
      exemplar_city: Majuro
    Europe/Skopje:
      exemplar_city: Skoplje
    Africa/Bamako:
      exemplar_city: Bamako
    Asia/Rangoon:
      exemplar_city: Rangun
    Asia/Hovd:
      exemplar_city: Hovd
    Asia/Ulaanbaatar:
      exemplar_city: Ulan Bator
    Asia/Macau:
      exemplar_city: Makao
    Pacific/Saipan:
      exemplar_city: Sajpan
    America/Martinique:
      exemplar_city: Martinik
    Africa/Nouakchott:
      exemplar_city: Nuakšot
    America/Montserrat:
      exemplar_city: Montserat
    Europe/Malta:
      exemplar_city: Malta
    Indian/Mauritius:
      exemplar_city: Mauricijus
    Indian/Maldives:
      exemplar_city: Maldivi
    Africa/Blantyre:
      exemplar_city: Blantir
    America/Tijuana:
      exemplar_city: Tihuana
    America/Hermosillo:
      exemplar_city: Hermosiljo
    America/Ciudad_Juarez:
      exemplar_city: Siudad Huarez
    America/Mazatlan:
      exemplar_city: Mazatlan
    America/Chihuahua:
      exemplar_city: Čihuahua
    America/Bahia_Banderas:
      exemplar_city: Baija Banderas
    America/Ojinaga:
      exemplar_city: Ohinaga
    America/Monterrey:
      exemplar_city: Monterej
    America/Mexico_City:
      exemplar_city: Meksiko Siti
    America/Matamoros:
      exemplar_city: Matamoros
    America/Merida:
      exemplar_city: Merida
    America/Cancun:
      exemplar_city: Kankun
    Asia/Kuala_Lumpur:
      exemplar_city: Kuala Lumpur
    Asia/Kuching:
      exemplar_city: Kučing
    Africa/Maputo:
      exemplar_city: Maputo
    Africa/Windhoek:
      exemplar_city: Vindhuk
    Pacific/Noumea:
      exemplar_city: Numea
    Africa/Niamey:
      exemplar_city: Nijamej
    Pacific/Norfolk:
      exemplar_city: Norfolk
    Africa/Lagos:
      exemplar_city: Lagos
    America/Managua:
      exemplar_city: Managva
    Europe/Amsterdam:
      exemplar_city: Amsterdam
    Europe/Oslo:
      exemplar_city: Oslo
    Asia/Katmandu:
      exemplar_city: Katmandu
    Pacific/Nauru:
      exemplar_city: Nauru
    Pacific/Niue:
      exemplar_city: Niue
    Pacific/Chatham:
      exemplar_city: Čatam
    Pacific/Auckland:
      exemplar_city: Okland
    Asia/Muscat:
      exemplar_city: Muskat
    America/Panama:
      exemplar_city: Panama
    America/Lima:
      exemplar_city: Lima
    Pacific/Tahiti:
      exemplar_city: Tahiti
    Pacific/Marquesas:
      exemplar_city: Markiz
    Pacific/Gambier:
      exemplar_city: Gambije
    Pacific/Port_Moresby:
      exemplar_city: Port Morzbi
    Pacific/Bougainville:
      exemplar_city: Buganvil
    Asia/Manila:
      exemplar_city: Manila
    Asia/Karachi:
      exemplar_city: Karači
    Europe/Warsaw:
      exemplar_city: Varšava
    America/Miquelon:
      exemplar_city: Mikelon
    Pacific/Pitcairn:
      exemplar_city: Pitkern
    America/Puerto_Rico:
      exemplar_city: Porto Riko
    Asia/Gaza:
      exemplar_city: Gaza
    Asia/Hebron:
      exemplar_city: Hebron
    Atlantic/Azores:
      exemplar_city: Azori
    Atlantic/Madeira:
      exemplar_city: Madeira
    Europe/Lisbon:
      exemplar_city: Lisabon
    Pacific/Palau:
      exemplar_city: Palau
    America/Asuncion:
      exemplar_city: Asunsion
    Asia/Qatar:
      exemplar_city: Katar
    Indian/Reunion:
      exemplar_city: Reunion
    Europe/Bucharest:
      exemplar_city: Bukurešt
    Europe/Belgrade:
      exemplar_city: Beograd
    Europe/Kaliningrad:
      exemplar_city: Kalinjingrad
    Europe/Moscow:
      exemplar_city: Moskva
    Europe/Volgograd:
      exemplar_city: Volgograd
    Europe/Saratov:
      exemplar_city: Saratov
    Europe/Astrakhan:
      exemplar_city: Astrakan
    Europe/Ulyanovsk:
      exemplar_city: Uljanovsk
    Europe/Kirov:
      exemplar_city: Kirov
    Europe/Samara:
      exemplar_city: Samara
    Asia/Yekaterinburg:
      exemplar_city: Jekaterinburg
    Asia/Omsk:
      exemplar_city: Omsk
    Asia/Novosibirsk:
      exemplar_city: Novosibirsk
    Asia/Barnaul:
      exemplar_city: Barnaul
    Asia/Tomsk:
      exemplar_city: Tomsk
    Asia/Novokuznetsk:
      exemplar_city: Novokuznjeck
    Asia/Krasnoyarsk:
      exemplar_city: Krasnojarsk
    Asia/Irkutsk:
      exemplar_city: Irkuck
    Asia/Chita:
      exemplar_city: Čita
    Asia/Yakutsk:
      exemplar_city: Jakutsk
    Asia/Vladivostok:
      exemplar_city: Vladivostok
    Asia/Khandyga:
      exemplar_city: Handiga
    Asia/Sakhalin:
      exemplar_city: Sahalin
    Asia/Ust-Nera:
      exemplar_city: Ust-Nera
    Asia/Magadan:
      exemplar_city: Magadan
    Asia/Srednekolymsk:
      exemplar_city: Srednjekolimsk
    Asia/Kamchatka:
      exemplar_city: Kamčatka
    Asia/Anadyr:
      exemplar_city: Anadir
    Africa/Kigali:
      exemplar_city: Kigali
    Asia/Riyadh:
      exemplar_city: Rijad
    Pacific/Guadalcanal:
      exemplar_city: Gvadalkanal
    Indian/Mahe:
      exemplar_city: Mahe
    Africa/Khartoum:
      exemplar_city: Kartum
    Europe/Stockholm:
      exemplar_city: Stokholm
    Asia/Singapore:
      exemplar_city: Singapur
    Atlantic/St_Helena:
      exemplar_city: Sveta Jelena
    Europe/Ljubljana:
      exemplar_city: Ljubljana
    Arctic/Longyearbyen:
      exemplar_city: Longjerbjen
    Europe/Bratislava:
      exemplar_city: Bratislava
    Africa/Freetown:
      exemplar_city: Fritaun
    Europe/San_Marino:
      exemplar_city: San Marino
    Africa/Dakar:
      exemplar_city: Dakar
    Africa/Mogadishu:
      exemplar_city: Mogadiš
    America/Paramaribo:
      exemplar_city: Paramaribo
    Africa/Juba:
      exemplar_city: Džuba
    Africa/Sao_Tome:
      exemplar_city: Sao Tome
    America/El_Salvador:
      exemplar_city: Salvador
    America/Lower_Princes:
      exemplar_city: Louer Prinsiz Kvorter
    Asia/Damascus:
      exemplar_city: Damask
    Africa/Mbabane:
      exemplar_city: Mbabane
    America/Grand_Turk:
      exemplar_city: Grand Turk
    Africa/Ndjamena:
      exemplar_city: Ndžamena
    Indian/Kerguelen:
      exemplar_city: Kergelen
    Africa/Lome:
      exemplar_city: Lome
    Asia/Bangkok:
      exemplar_city: Bangkok
    Asia/Dushanbe:
      exemplar_city: Dušanbe
    Pacific/Fakaofo:
      exemplar_city: Fakaofo
    Asia/Dili:
      exemplar_city: Dili
    Asia/Ashgabat:
      exemplar_city: Ašhabad
    Africa/Tunis:
      exemplar_city: Tunis
    Pacific/Tongatapu:
      exemplar_city: Tongatapu
    Europe/Istanbul:
      exemplar_city: Istanbul
    America/Port_of_Spain:
      exemplar_city: Port of Spejn
    Pacific/Funafuti:
      exemplar_city: Funafuti
    Asia/Taipei:
      exemplar_city: Tajpej
    Africa/Dar_es_Salaam:
      exemplar_city: Dar-es-Salam
    Europe/Kiev:
      exemplar_city: Kijev
    Europe/Simferopol:
      exemplar_city: Simferopolj
    Africa/Kampala:
      exemplar_city: Kampala
    Pacific/Midway:
      exemplar_city: Midvej
    Pacific/Wake:
      exemplar_city: Vejk
    America/Adak:
      exemplar_city: Adak
    America/Nome:
      exemplar_city: Nom
    America/Anchorage:
      exemplar_city: Enkoridž
    America/Yakutat:
      exemplar_city: Jakutat
    America/Sitka:
      exemplar_city: Sitka
    America/Juneau:
      exemplar_city: Žuno
    America/Metlakatla:
      exemplar_city: Metlakatla
    America/Los_Angeles:
      exemplar_city: Los Anđeles
    America/Boise:
      exemplar_city: Bojzi
    America/Phoenix:
      exemplar_city: Finiks
    America/Denver:
      exemplar_city: Denver
    America/North_Dakota/Beulah:
      exemplar_city: Bijula, Severna Dakota
    America/North_Dakota/New_Salem:
      exemplar_city: Novi Salem, Severna Dakota
    America/North_Dakota/Center:
      exemplar_city: Centar, Severna Dakota
    America/Chicago:
      exemplar_city: Čikago
    America/Menominee:
      exemplar_city: Menomini
    America/Indiana/Vincennes:
      exemplar_city: Vincenes, Indijana
    America/Indiana/Petersburg:
      exemplar_city: Pitersburg, Indijana
    America/Indiana/Tell_City:
      exemplar_city: Tel Siti, Indijana
    America/Indiana/Knox:
      exemplar_city: Noks, Indijana
    America/Indiana/Winamac:
      exemplar_city: Vinamak, Indijana
    America/Indiana/Marengo:
      exemplar_city: Marengo, Indijana
    America/Indianapolis:
      exemplar_city: Indianapolis
    America/Louisville:
      exemplar_city: Luivile
    America/Indiana/Vevay:
      exemplar_city: Vevaj, Indijana
    America/Kentucky/Monticello:
      exemplar_city: Montičelo, Kentaki
    America/Detroit:
      exemplar_city: Detroit
    America/New_York:
      exemplar_city: Njujork
    America/Montevideo:
      exemplar_city: Montevideo
    Asia/Samarkand:
      exemplar_city: Samarkand
    Asia/Tashkent:
      exemplar_city: Taškent
    Europe/Vatican:
      exemplar_city: Vatikan
    America/St_Vincent:
      exemplar_city: Sent Vinsent
    America/Caracas:
      exemplar_city: Karakas
    America/Tortola:
      exemplar_city: Tortola
    America/St_Thomas:
      exemplar_city: Sv. Toma
    Asia/Saigon:
      exemplar_city: Ho Ši Min
    Pacific/Efate:
      exemplar_city: Efat
    Pacific/Wallis:
      exemplar_city: Valis
    Pacific/Apia:
      exemplar_city: Apija
    Asia/Aden:
      exemplar_city: Aden
    Indian/Mayotte:
      exemplar_city: Majot
    Africa/Johannesburg:
      exemplar_city: Johanesburg
    Africa/Lusaka:
      exemplar_city: Lusaka
    Africa/Harare:
      exemplar_city: Harare
  metazones:
    Acre:
      long:
        generic: Akre vreme
        standard: Akre standardno vreme
        daylight: Akre letnje računanje vremena
    Afghanistan:
      long:
        standard: Avganistan vreme
    Africa_Central:
      long:
        standard: Centralno-afričko vreme
    Africa_Eastern:
      long:
        standard: Istočno-afričko vreme
    Africa_Southern:
      long:
        standard: Južno-afričko vreme
    Africa_Western:
      long:
        generic: Zapadno-afričko vreme
        standard: Zapadno-afričko standardno vreme
        daylight: Zapadno-afričko letnje vreme
    Alaska:
      long:
        generic: Aljaska
        standard: Aljaska, standardno vreme
        daylight: Aljaska, letnje vreme
    Almaty:
      long:
        generic: Almati vreme
        standard: Almati standardno vreme
        daylight: Almati letnje računanje vremena
    Amazon:
      long:
        generic: Amazon vreme
        standard: Amazon, standardno vreme
        daylight: Amazon, letnje vreme
    America_Central:
      long:
        generic: Severnoameričko centralno vreme
        standard: Severnoameričko centralno standardno vreme
        daylight: Severnoameričko centralno letnje vreme
    America_Eastern:
      long:
        generic: Severnoameričko istočno vreme
        standard: Severnoameričko istočno standardno vreme
        daylight: Severnoameričko istočno letnje vreme
    America_Mountain:
      long:
        generic: Severnoameričko planinsko vreme
        standard: Severnoameričko planinsko standardno vreme
        daylight: Severnoameričko planinsko letnje vreme
    America_Pacific:
      long:
        generic: Severnoameričko pacifičko vreme
        standard: Severnoameričko pacifičko standardno vreme
        daylight: Severnoameričko pacifičko letnje vreme
    Anadyr:
      long:
        generic: Anadir vreme
        standard: Anadir standardno vreme
        daylight: Anadir letnje računanje vremena
    Apia:
      long:
        generic: Apija vreme
        standard: Apija, standardno vreme
        daylight: Apija, letnje vreme
    Aqtau:
      long:
        generic: Akvatau vreme
        standard: Akvatau standardno vreme
        daylight: Akvatau letnje računanje vremena
    Aqtobe:
      long:
        generic: Akutobe vreme
        standard: Akutobe standardno vreme
        daylight: Akutobe letnje računanje vremena
    Arabian:
      long:
        generic: Arabijsko vreme
        standard: Arabijsko standardno vreme
        daylight: Arabijsko letnje vreme
    Argentina:
      long:
        generic: Argentina vreme
        standard: Argentina, standardno vreme
        daylight: Argentina, letnje vreme
    Argentina_Western:
      long:
        generic: Zapadna Argentina vreme
        standard: Zapadna Argentina, standardno vreme
        daylight: Zapadna Argentina, letnje vreme
    Armenia:
      long:
        generic: Jermenija vreme
        standard: Jermenija, standardno vreme
        daylight: Jermenija, letnje vreme
    Atlantic:
      long:
        generic: Atlantsko vreme
        standard: Atlantsko standardno vreme
        daylight: Atlantsko letnje vreme
    Australia_Central:
      long:
        generic: Australijsko centralno vreme
        standard: Australijsko centralno standardno vreme
        daylight: Australijsko centralno letnje vreme
    Australia_CentralWestern:
      long:
        generic: Australijsko centralno zapadno vreme
        standard: Australijsko centralno zapadno standardno vreme
        daylight: Australijsko centralno zapadno letnje vreme
    Australia_Eastern:
      long:
        generic: Australijsko istočno vreme
        standard: Australijsko istočno standardno vreme
        daylight: Australijsko istočno letnje vreme
    Australia_Western:
      long:
        generic: Australijsko zapadno vreme
        standard: Australijsko zapadno standardno vreme
        daylight: Australijsko zapadno letnje vreme
    Azerbaijan:
      long:
        generic: Azerbejdžan vreme
        standard: Azerbejdžan, standardno vreme
        daylight: Azerbejdžan, letnje vreme
    Azores:
      long:
        generic: Azori vreme
        standard: Azori, standardno vreme
        daylight: Azori, letnje vreme
    Bangladesh:
      long:
        generic: Bangladeš vreme
        standard: Bangladeš, standardno vreme
        daylight: Bangladeš, letnje vreme
    Bhutan:
      long:
        standard: Butan vreme
    Bolivia:
      long:
        standard: Bolivija vreme
    Brasilia:
      long:
        generic: Brazilija vreme
        standard: Brazilija, standardno vreme
        daylight: Brazilija, letnje vreme
    Brunei:
      long:
        standard: Brunej Darusalum vreme
    Cape_Verde:
      long:
        generic: Zelenortska Ostrva vreme
        standard: Zelenortska Ostrva, standardno vreme
        daylight: Zelenortska Ostrva, letnje vreme
    Chamorro:
      long:
        standard: Čamoro vreme
    Chatham:
      long:
        generic: Čatam vreme
        standard: Čatam, standardno vreme
        daylight: Čatam, letnje vreme
    Chile:
      long:
        generic: Čile vreme
        standard: Čile, standardno vreme
        daylight: Čile, letnje vreme
    China:
      long:
        generic: Kina vreme
        standard: Kinesko standardno vreme
        daylight: Kina, letnje vreme
    Christmas:
      long:
        standard: Božićno ostrvo vreme
    Cocos:
      long:
        standard: Kokos (Keling) Ostrva vreme
    Colombia:
      long:
        generic: Kolumbija vreme
        standard: Kolumbija, standardno vreme
        daylight: Kolumbija, letnje vreme
    Cook:
      long:
        generic: Kukova ostrva vreme
        standard: Kukova ostrva, standardno vreme
        daylight: Kukova ostrva, polu-letnje vreme
    Cuba:
      long:
        generic: Kuba
        standard: Kuba, standardno vreme
        daylight: Kuba, letnje vreme
    Davis:
      long:
        standard: Dejvis vreme
    DumontDUrville:
      long:
        standard: Dimon d’Urvil vreme
    East_Timor:
      long:
        standard: Istočni timor vreme
    Easter:
      long:
        generic: Uskršnja ostrva vreme
        standard: Uskršnja ostrva, standardno vreme
        daylight: Uskršnja ostrva, letnje vreme
    Ecuador:
      long:
        standard: Ekvador vreme
    Europe_Central:
      short:
        generic: CET
        standard: CET
        daylight: CEST
      long:
        generic: Srednjeevropsko vreme
        standard: Srednjeevropsko standardno vreme
        daylight: Srednjeevropsko letnje vreme
    Europe_Eastern:
      short:
        generic: EET
        standard: EET
        daylight: EEST
      long:
        generic: Istočnoevropsko vreme
        standard: Istočnoevropsko standardno vreme
        daylight: Istočnoevropsko letnje vreme
    Europe_Further_Eastern:
      long:
        standard: Vreme daljeg istoka Evrope
    Europe_Western:
      short:
        generic: WET
        standard: WET
        daylight: WEST
      long:
        generic: Zapadnoevropsko vreme
        standard: Zapadnoevropsko standardno vreme
        daylight: Zapadnoevropsko letnje vreme
    Falkland:
      long:
        generic: Folklandska Ostrva vreme
        standard: Folklandska Ostrva, standardno vreme
        daylight: Folklandska Ostrva, letnje vreme
    Fiji:
      long:
        generic: Fidži vreme
        standard: Fidži, standardno vreme
        daylight: Fidži, letnje vreme
    French_Guiana:
      long:
        standard: Francuska Gvajana vreme
    French_Southern:
      long:
        standard: Francusko južno i antarktičko vreme
    Galapagos:
      long:
        standard: Galapagos vreme
    Gambier:
      long:
        standard: Gambije vreme
    Georgia:
      long:
        generic: Gruzija vreme
        standard: Gruzija, standardno vreme
        daylight: Gruzija, letnje vreme
    Gilbert_Islands:
      long:
        standard: Gilbert ostrva vreme
    GMT:
      short:
        standard: GMT
      long:
        standard: Srednje vreme po Griniču
    Greenland_Eastern:
      long:
        generic: Istočni Grenland
        standard: Istočni Grenland, standardno vreme
        daylight: Istočni Grenland, letnje vreme
    Greenland_Western:
      long:
        generic: Zapadni Grenland
        standard: Zapadni Grenland, standardno vreme
        daylight: Zapadni Grenland, letnje vreme
    Guam:
      long:
        standard: Guam standardno vreme
    Gulf:
      long:
        standard: Zalivsko vreme
    Guyana:
      long:
        standard: Gvajana vreme
    Hawaii_Aleutian:
      long:
        generic: Havajsko-aleutsko vreme
        standard: Havajsko-aleutsko standardno vreme
        daylight: Havajsko-aleutsko letnje vreme
    Hong_Kong:
      long:
        generic: Hong Kong vreme
        standard: Hong Kong, standardno vreme
        daylight: Hong Kong, letnje vreme
    Hovd:
      long:
        generic: Hovd vreme
        standard: Hovd, standardno vreme
        daylight: Hovd, letnje vreme
    India:
      long:
        standard: Indijsko standardno vreme
    Indian_Ocean:
      long:
        standard: Indijsko okeansko vreme
    Indochina:
      long:
        standard: Indokina vreme
    Indonesia_Central:
      long:
        standard: Centralno-indonezijsko vreme
    Indonesia_Eastern:
      long:
        standard: Istočno-indonezijsko vreme
    Indonesia_Western:
      long:
        standard: Zapadno-indonezijsko vreme
    Iran:
      long:
        generic: Iran vreme
        standard: Iran, standardno vreme
        daylight: Iran, letnje vreme
    Irkutsk:
      long:
        generic: Irkuck vreme
        standard: Irkuck, standardno vreme
        daylight: Irkuck, letnje vreme
    Israel:
      long:
        generic: Izraelsko vreme
        standard: Izraelsko standardno vreme
        daylight: Izraelsko letnje vreme
    Japan:
      long:
        generic: Japansko vreme
        standard: Japansko standardno vreme
        daylight: Japansko letnje vreme
    Kamchatka:
      long:
        generic: Petropavlovsko-kamčatsko vreme
        standard: Petropavlovsko-kamčatsko standardno vreme
        daylight: Petropavlovsko-kamčatsko letnje računanje vremena
    Kazakhstan:
      long:
        standard: Kazahstansko vreme
    Kazakhstan_Eastern:
      long:
        standard: Istočno-kazahstansko vreme
    Kazakhstan_Western:
      long:
        standard: Zapadno-kazahstansko vreme
    Korea:
      long:
        generic: Korejsko vreme
        standard: Korejsko standardno vreme
        daylight: Korejsko letnje vreme
    Kosrae:
      long:
        standard: Košre vreme
    Krasnoyarsk:
      long:
        generic: Krasnojarsk vreme
        standard: Krasnojarsk, standardno vreme
        daylight: Krasnojarsk, letnje vreme
    Kyrgystan:
      long:
        standard: Kirgistan vreme
    Lanka:
      long:
        standard: Šri Lanka vreme
    Line_Islands:
      long:
        standard: Ostrva Lajn vreme
    Lord_Howe:
      long:
        generic: Lord Hov vreme
        standard: Lord Hov, standardno vreme
        daylight: Lord Hov, letnje vreme
    Macau:
      long:
        generic: Makao vreme
        standard: Makao standardno vreme
        daylight: Makao letnje računanje vremena
    Magadan:
      long:
        generic: Magadan vreme
        standard: Magadan, standardno vreme
        daylight: Magadan, letnje vreme
    Malaysia:
      long:
        standard: Malezija vreme
    Maldives:
      long:
        standard: Maldivi vreme
    Marquesas:
      long:
        standard: Markiz vreme
    Marshall_Islands:
      long:
        standard: Maršalska Ostrva vreme
    Mauritius:
      long:
        generic: Mauricijus vreme
        standard: Mauricijus, standardno vreme
        daylight: Mauricijus, letnje vreme
    Mawson:
      long:
        standard: Moson vreme
    Mexico_Pacific:
      long:
        generic: Meksički Pacifik
        standard: Meksički Pacifik, standardno vreme
        daylight: Meksički Pacifik, letnje vreme
    Mongolia:
      long:
        generic: Ulan Bator vreme
        standard: Ulan Bator, standardno vreme
        daylight: Ulan Bator, letnje vreme
    Moscow:
      long:
        generic: Moskva vreme
        standard: Moskva, standardno vreme
        daylight: Moskva, letnje vreme
    Myanmar:
      long:
        standard: Mijanmar vreme
    Nauru:
      long:
        standard: Nauru vreme
    Nepal:
      long:
        standard: Nepal vreme
    New_Caledonia:
      long:
        generic: Nova Kaledonija vreme
        standard: Nova Kaledonija, standardno vreme
        daylight: Nova Kaledonija, letnje vreme
    New_Zealand:
      long:
        generic: Novi Zeland vreme
        standard: Novi Zeland, standardno vreme
        daylight: Novi Zeland, letnje vreme
    Newfoundland:
      long:
        generic: Njufaundlend
        standard: Njufaundlend, standardno vreme
        daylight: Njufaundlend, letnje vreme
    Niue:
      long:
        standard: Niue vreme
    Norfolk:
      long:
        generic: Norfolk Ostrvo vreme
        standard: Norfolk Ostrvo, standardno vreme
        daylight: Norfolk Ostrvo, letnje vreme
    Noronha:
      long:
        generic: Fernando de Noronja vreme
        standard: Fernando de Noronja, standardno vreme
        daylight: Fernando de Noronja, letnje vreme
    North_Mariana:
      long:
        standard: Severna Marijanska Ostrva vreme
    Novosibirsk:
      long:
        generic: Novosibirsk vreme
        standard: Novosibirsk, standardno vreme
        daylight: Novosibirsk, letnje vreme
    Omsk:
      long:
        generic: Omsk vreme
        standard: Omsk, standardno vreme
        daylight: Omsk, letnje vreme
    Pakistan:
      long:
        generic: Pakistan vreme
        standard: Pakistan, standardno vreme
        daylight: Pakistan, letnje vreme
    Palau:
      long:
        standard: Palau vreme
    Papua_New_Guinea:
      long:
        standard: Papua Nova Gvineja vreme
    Paraguay:
      long:
        generic: Paragvaj vreme
        standard: Paragvaj, standardno vreme
        daylight: Paragvaj, letnje vreme
    Peru:
      long:
        generic: Peru vreme
        standard: Peru, standardno vreme
        daylight: Peru, letnje vreme
    Philippines:
      long:
        generic: Filipini vreme
        standard: Filipini, standardno vreme
        daylight: Filipini, letnje vreme
    Phoenix_Islands:
      long:
        standard: Feniks ostrva vreme
    Pierre_Miquelon:
      long:
        generic: Sen Pjer i Mikelon
        standard: Sen Pjer i Mikelon, standardno vreme
        daylight: Sen Pjer i Mikelon, letnje vreme
    Pitcairn:
      long:
        standard: Pitkern vreme
    Ponape:
      long:
        standard: Ponpej vreme
    Pyongyang:
      long:
        standard: Pjongjanško vreme
    Qyzylorda:
      long:
        generic: Kizilorda vreme
        standard: Kizilorda standardno vreme
        daylight: Kizilorda letnje računanje vremena
    Reunion:
      long:
        standard: Reinion vreme
    Rothera:
      long:
        standard: Rotera vreme
    Sakhalin:
      long:
        generic: Sahalin vreme
        standard: Sahalin, standardno vreme
        daylight: Sahalin, letnje vreme
    Samara:
      long:
        generic: Samara vreme
        standard: Samara standardno vreme
        daylight: Samara letnje računanje vremena
    Samoa:
      long:
        generic: Samoa vreme
        standard: Samoa, standardno vreme
        daylight: Samoa, letnje vreme
    Seychelles:
      long:
        standard: Sejšeli vreme
    Singapore:
      long:
        standard: Singapur, standardno vreme
    Solomon:
      long:
        standard: Solomonska Ostrva vreme
    South_Georgia:
      long:
        standard: Južna Džordžija vreme
    Suriname:
      long:
        standard: Surinam vreme
    Syowa:
      long:
        standard: Šova vreme
    Tahiti:
      long:
        standard: Tahiti vreme
    Taipei:
      long:
        generic: Tajpej vreme
        standard: Tajpej, standardno vreme
        daylight: Tajpej, letnje vreme
    Tajikistan:
      long:
        standard: Tadžikistan vreme
    Tokelau:
      long:
        standard: Tokelau vreme
    Tonga:
      long:
        generic: Tonga vreme
        standard: Tonga, standardno vreme
        daylight: Tonga, letnje vreme
    Truk:
      long:
        standard: Čuuk vreme
    Turkmenistan:
      long:
        generic: Turkmenistan vreme
        standard: Turkmenistan, standardno vreme
        daylight: Turkmenistan, letnje vreme
    Tuvalu:
      long:
        standard: Tuvalu vreme
    Uruguay:
      long:
        generic: Urugvaj vreme
        standard: Urugvaj, standardno vreme
        daylight: Urugvaj, letnje vreme
    Uzbekistan:
      long:
        generic: Uzbekistan vreme
        standard: Uzbekistan, standardno vreme
        daylight: Uzbekistan, letnje vreme
    Vanuatu:
      long:
        generic: Vanuatu vreme
        standard: Vanuatu, standardno vreme
        daylight: Vanuatu, letnje vreme
    Venezuela:
      long:
        standard: Venecuela vreme
    Vladivostok:
      long:
        generic: Vladivostok vreme
        standard: Vladivostok, standardno vreme
        daylight: Vladivostok, letnje vreme
    Volgograd:
      long:
        generic: Volgograd vreme
        standard: Volgograd, standardno vreme
        daylight: Volgograd, letnje vreme
    Vostok:
      long:
        standard: Vostok vreme
    Wake:
      long:
        standard: Vejk ostrvo vreme
    Wallis:
      long:
        standard: Valis i Futuna Ostrva vreme
    Yakutsk:
      long:
        generic: Jakutsk vreme
        standard: Jakutsk, standardno vreme
        daylight: Jakutsk, letnje vreme
    Yekaterinburg:
      long:
        generic: Jekaterinburg vreme
        standard: Jekaterinburg, standardno vreme
        daylight: Jekaterinburg, letnje vreme
    Yukon:
      long:
        standard: Jukon
