---
locale: root
generated_at: '2025-09-15T06:26:45Z'
cldr_version: '46'
timezone_names:
  formats:
    hour_format: "+HH:mm;-HH:mm"
    gmt_format: GMT{0}
    region_format: "{0}"
    region_format_daylight: "{0} (+1)"
    region_format_standard: "{0} (+0)"
    fallback_format: "{1} ({0})"
  zones:
    Etc/UTC:
      short:
        standard: UTC
    Etc/Unknown:
      exemplar_city: Unknown
    Antarctica/DumontDUrville:
      exemplar_city: Dumont d’Urville
    America/St_Barthelemy:
      exemplar_city: St. Barthélemy
    America/Coral_Harbour:
      exemplar_city: Atikokan
    America/St_Johns:
      exemplar_city: St. John’s
    America/Curacao:
      exemplar_city: Curaçao
    Africa/Asmera:
      exemplar_city: Asmara
    Pacific/Truk:
      exemplar_city: Chuuk
    Pacific/Ponape:
      exemplar_city: Pohnpei
    Atlantic/Faeroe:
      exemplar_city: Faroe
    America/Godthab:
      exemplar_city: Nuuk
    America/Scoresbysund:
      exemplar_city: Ittoqqortoormiit
    Asia/Calcutta:
      exemplar_city: Kolkata
    America/St_Kitts:
      exemplar_city: St. Kitts
    America/St_Lucia:
      exemplar_city: St. Lucia
    Asia/Rangoon:
      exemplar_city: Yangon
    Asia/Macau:
      exemplar_city: Macao
    America/Ciudad_Juarez:
      exemplar_city: Ciudad Juárez
    America/Bahia_Banderas:
      exemplar_city: Bahía de Banderas
    America/Merida:
      exemplar_city: Mérida
    America/Cancun:
      exemplar_city: Cancún
    Asia/Katmandu:
      exemplar_city: Kathmandu
    America/Asuncion:
      exemplar_city: Asunción
    Indian/Reunion:
      exemplar_city: Réunion
    Atlantic/St_Helena:
      exemplar_city: St. Helena
    Africa/Sao_Tome:
      exemplar_city: São Tomé
    America/Lower_Princes:
      exemplar_city: Lower Prince’s Quarter
    Europe/Kiev:
      exemplar_city: Kyiv
    America/North_Dakota/Beulah:
      exemplar_city: Beulah, North Dakota
    America/North_Dakota/New_Salem:
      exemplar_city: New Salem, North Dakota
    America/North_Dakota/Center:
      exemplar_city: Center, North Dakota
    America/Indiana/Vincennes:
      exemplar_city: Vincennes, Indiana
    America/Indiana/Petersburg:
      exemplar_city: Petersburg, Indiana
    America/Indiana/Tell_City:
      exemplar_city: Tell City, Indiana
    America/Indiana/Knox:
      exemplar_city: Knox, Indiana
    America/Indiana/Winamac:
      exemplar_city: Winamac, Indiana
    America/Indiana/Marengo:
      exemplar_city: Marengo, Indiana
    America/Indiana/Vevay:
      exemplar_city: Vevay, Indiana
    America/Kentucky/Monticello:
      exemplar_city: Monticello, Kentucky
    America/St_Vincent:
      exemplar_city: St. Vincent
    America/St_Thomas:
      exemplar_city: St. Thomas
    Asia/Saigon:
      exemplar_city: Ho Chi Minh
