---
locale: kxv
generated_at: '2025-09-15T06:26:36Z'
cldr_version: '46'
timezone_names:
  formats:
    region_format: "{0} belā"
    region_format_daylight: "{0} ḍayliṭ belā"
    region_format_standard: "{0} mānānka belā"
  zones:
    Etc/UTC:
      long:
        standard: smani jaga pruti belā
    Etc/Unknown:
      exemplar_city: puṇaã ti gaḍa
    Europe/Andorra:
      exemplar_city: aaṇḍora
    Asia/Dubai:
      exemplar_city: dubai
    Asia/Kabul:
      exemplar_city: kabul
    America/Antigua:
      exemplar_city: enṭigua
    America/Anguilla:
      exemplar_city: enguilla
    Europe/Tirane:
      exemplar_city: ṭirane
    Asia/Yerevan:
      exemplar_city: yerevan
    Africa/Luanda:
      exemplar_city: luanḍa
    Antarctica/Rothera:
      exemplar_city: rotera
    Antarctica/Palmer:
      exemplar_city: palmer
    Antarctica/Troll:
      exemplar_city: ṭroll
    Antarctica/Syowa:
      exemplar_city: syova
    Antarctica/Mawson:
      exemplar_city: mavson
    Antarctica/Davis:
      exemplar_city: ḍevis
    Antarctica/Vostok:
      exemplar_city: vosṭok
    Antarctica/Casey:
      exemplar_city: kesee
    Antarctica/DumontDUrville:
      exemplar_city: ḍyumont de urvill
    Antarctica/McMurdo:
      exemplar_city: mek murḍo
    America/Argentina/Rio_Gallegos:
      exemplar_city: riyo gallegos
    America/Mendoza:
      exemplar_city: menḍoja
    America/Argentina/San_Juan:
      exemplar_city: san huan
    America/Argentina/Ushuaia:
      exemplar_city: usvaiya
    America/Argentina/La_Rioja:
      exemplar_city: la rioja
    America/Argentina/San_Luis:
      exemplar_city: san luis
    America/Catamarca:
      exemplar_city: katamarka
    America/Argentina/Salta:
      exemplar_city: salṭa
    America/Jujuy:
      exemplar_city: huhue
    America/Argentina/Tucuman:
      exemplar_city: ṭukūmn
    America/Cordoba:
      exemplar_city: korḍaba
    America/Buenos_Aires:
      exemplar_city: buenous aires
    Pacific/Pago_Pago:
      exemplar_city: pango pango
    Europe/Vienna:
      exemplar_city: vienna
    Australia/Perth:
      exemplar_city: pert
    Australia/Eucla:
      exemplar_city: yukla
    Australia/Darwin:
      exemplar_city: ḍarvin
    Australia/Adelaide:
      exemplar_city: aedileid
    Australia/Broken_Hill:
      exemplar_city: broken hill
    Australia/Melbourne:
      exemplar_city: melborne
    Australia/Hobart:
      exemplar_city: hobarṭ
    Australia/Lindeman:
      exemplar_city: linḍerman
    Australia/Sydney:
      exemplar_city: syḍnī
    Australia/Brisbane:
      exemplar_city: brisbane
    Antarctica/Macquarie:
      exemplar_city: mekvari
    Australia/Lord_Howe:
      exemplar_city: lorḍ hove
    America/Aruba:
      exemplar_city: aruba
    Europe/Mariehamn:
      exemplar_city: marieham
    Asia/Baku:
      exemplar_city: baku
    Europe/Sarajevo:
      exemplar_city: sarajevo
    America/Barbados:
      exemplar_city: barbaḍos
    Asia/Dhaka:
      exemplar_city: ḍaka
    Europe/Brussels:
      exemplar_city: brussels
    Africa/Ouagadougou:
      exemplar_city: vagdugu
    Europe/Sofia:
      exemplar_city: sopiya
    Asia/Bahrain:
      exemplar_city: bahrain
    Africa/Bujumbura:
      exemplar_city: bujumbura
    Africa/Porto-Novo:
      exemplar_city: porṭo-ṇovo
    America/St_Barthelemy:
      exemplar_city: senṭ bartelemi
    Atlantic/Bermuda:
      exemplar_city: bermūda
    Asia/Brunei:
      exemplar_city: brunei
    America/La_Paz:
      exemplar_city: la paj
    America/Kralendijk:
      exemplar_city: krelenḍeik
    America/Eirunepe:
      exemplar_city: eirunepe
    America/Rio_Branco:
      exemplar_city: rio branko
    America/Porto_Velho:
      exemplar_city: porṭp velho
    America/Boa_Vista:
      exemplar_city: boa vista
    America/Manaus:
      exemplar_city: manaus
    America/Cuiaba:
      exemplar_city: kuaaba
    America/Santarem:
      exemplar_city: satari
    America/Campo_Grande:
      exemplar_city: kampo granḍe
    America/Belem:
      exemplar_city: belem
    America/Araguaina:
      exemplar_city: aragvaina
    America/Sao_Paulo:
      exemplar_city: sao paulo
    America/Bahia:
      exemplar_city: bahia
    America/Fortaleza:
      exemplar_city: portaleja
    America/Maceio:
      exemplar_city: masīo
    America/Recife:
      exemplar_city: resipi
    America/Noronha:
      exemplar_city: noronha
    America/Nassau:
      exemplar_city: nasau
    Asia/Thimphu:
      exemplar_city: timphu
    Africa/Gaborone:
      exemplar_city: gaboron
    Europe/Minsk:
      exemplar_city: minsk
    America/Belize:
      exemplar_city: belij
    America/Dawson:
      exemplar_city: ḍaosn
    America/Whitehorse:
      exemplar_city: vhaiṭhors
    America/Inuvik:
      exemplar_city: inūvik
    America/Vancouver:
      exemplar_city: vankūver
    America/Fort_Nelson:
      exemplar_city: phort nelsn
    America/Dawson_Creek:
      exemplar_city: ḍaoson krīk
    America/Creston:
      exemplar_city: kresṭon
    America/Edmonton:
      exemplar_city: eḍmonṭon
    America/Swift_Current:
      exemplar_city: svipṭ kurrenṭ
    America/Cambridge_Bay:
      exemplar_city: kembrij be
    America/Regina:
      exemplar_city: rejina
    America/Winnipeg:
      exemplar_city: vinnipeg
    America/Resolute:
      exemplar_city: rejalyuṭ
    America/Rankin_Inlet:
      exemplar_city: rankin inledṭ
    America/Coral_Harbour:
      exemplar_city: eṭikoken
    America/Toronto:
      exemplar_city: ṭoronṭo
    America/Iqaluit:
      exemplar_city: ikaluiṭ
    America/Moncton:
      exemplar_city: monkṭon
    America/Halifax:
      exemplar_city: helipaks
    America/Goose_Bay:
      exemplar_city: goos be
    America/Glace_Bay:
      exemplar_city: glas bay
    America/Blanc-Sablon:
      exemplar_city: blank-sablon
    America/St_Johns:
      exemplar_city: senṭ jons
    Indian/Cocos:
      exemplar_city: kokos
    Africa/Kinshasa:
      exemplar_city: kinsasa
    Africa/Lubumbashi:
      exemplar_city: lubumbasi
    Africa/Bangui:
      exemplar_city: bangui
    Africa/Brazzaville:
      exemplar_city: brajavill
    Europe/Zurich:
      exemplar_city: juric
    Africa/Abidjan:
      exemplar_city: abidjan
    Pacific/Rarotonga:
      exemplar_city: rarotonga
    Pacific/Easter:
      exemplar_city: īster
    America/Punta_Arenas:
      exemplar_city: puṇṭa erenas
    America/Santiago:
      exemplar_city: sanṭiago
    Africa/Douala:
      exemplar_city: duala
    Asia/Urumqi:
      exemplar_city: urumci
    Asia/Shanghai:
      exemplar_city: sengai
    America/Bogota:
      exemplar_city: bogoṭa
    America/Costa_Rica:
      exemplar_city: kosṭa rika
    America/Havana:
      exemplar_city: havana
    Atlantic/Cape_Verde:
      exemplar_city: kep verḍe
    America/Curacao:
      exemplar_city: kyuraso
    Indian/Christmas:
      exemplar_city: krisṭmas
    Asia/Nicosia:
      exemplar_city: nikosiya
    Asia/Famagusta:
      exemplar_city: pamagusta
    Europe/Prague:
      exemplar_city: prag
    Europe/Busingen:
      exemplar_city: busingen
    Europe/Berlin:
      exemplar_city: berlin
    Africa/Djibouti:
      exemplar_city: jibuti
    Europe/Copenhagen:
      exemplar_city: kopenhagen
    America/Dominica:
      exemplar_city: ḍominika
    America/Santo_Domingo:
      exemplar_city: sento ḍomingo
    Africa/Algiers:
      exemplar_city: aljīyrs
    Pacific/Galapagos:
      exemplar_city: galapagos
    America/Guayaquil:
      exemplar_city: guajakil
    Europe/Tallinn:
      exemplar_city: talin
    Africa/Cairo:
      exemplar_city: kairo
    Africa/El_Aaiun:
      exemplar_city: el aaiyun
    Africa/Asmera:
      exemplar_city: asmara
    Atlantic/Canary:
      exemplar_city: keneri
    Africa/Ceuta:
      exemplar_city: seuṭa
    Europe/Madrid:
      exemplar_city: meḍriḍ
    Africa/Addis_Ababa:
      exemplar_city: aḍis ababa
    Europe/Helsinki:
      exemplar_city: helsinki
    Pacific/Fiji:
      exemplar_city: piji
    Atlantic/Stanley:
      exemplar_city: sṭanli
    Pacific/Truk:
      exemplar_city: cūk
    Pacific/Ponape:
      exemplar_city: ponpei
    Pacific/Kosrae:
      exemplar_city: kisrae
    Atlantic/Faeroe:
      exemplar_city: pero
    Europe/Paris:
      exemplar_city: paris
    Africa/Libreville:
      exemplar_city: librevill
    Europe/London:
      exemplar_city: lnḍn
      long:
        daylight: briṭis karã masa belā
    America/Grenada:
      exemplar_city: grenaḍa
    Asia/Tbilisi:
      exemplar_city: tbilisi
    America/Cayenne:
      exemplar_city: keyen
    Europe/Guernsey:
      exemplar_city: gernsi
    Africa/Accra:
      exemplar_city: ecra
    Europe/Gibraltar:
      exemplar_city: jibralṭar
    America/Thule:
      exemplar_city: tule
    America/Godthab:
      exemplar_city: nūk
    America/Scoresbysund:
      exemplar_city: iṭokoṭormiṭ
    America/Danmarkshavn:
      exemplar_city: ḍanmarksavn
    Africa/Banjul:
      exemplar_city: banjul
    Africa/Conakry:
      exemplar_city: konakrī
    America/Guadeloupe:
      exemplar_city: guaḍeloupe
    Africa/Malabo:
      exemplar_city: malabo
    Europe/Athens:
      exemplar_city: etens
    Atlantic/South_Georgia:
      exemplar_city: dkiṇ jorjia
    America/Guatemala:
      exemplar_city: guatemala
    Pacific/Guam:
      exemplar_city: guam
    Africa/Bissau:
      exemplar_city: bissau
    America/Guyana:
      exemplar_city: guyana
    Asia/Hong_Kong:
      exemplar_city: hong kong
    America/Tegucigalpa:
      exemplar_city: tegu
    Europe/Zagreb:
      exemplar_city: tegusigalpa
    America/Port-au-Prince:
      exemplar_city: port-au-prinse
    Europe/Budapest:
      exemplar_city: buḍapest
    Asia/Jakarta:
      exemplar_city: jakarta
    Asia/Pontianak:
      exemplar_city: ponṭianak
    Asia/Makassar:
      exemplar_city: makasar
    Asia/Jayapura:
      exemplar_city: jayapura
    Europe/Dublin:
      exemplar_city: ḍblin
      long:
        daylight: aairis manaka belā
    Asia/Jerusalem:
      exemplar_city: jerusalem
    Europe/Isle_of_Man:
      exemplar_city: aail ap man
    Asia/Calcutta:
      exemplar_city: kolkata
    Indian/Chagos:
      exemplar_city: chagos
    Asia/Baghdad:
      exemplar_city: bagdad
    Asia/Tehran:
      exemplar_city: tehran
    Atlantic/Reykjavik:
      exemplar_city: reykyavik
    Europe/Rome:
      exemplar_city: rom
    Europe/Jersey:
      exemplar_city: jersi
    America/Jamaica:
      exemplar_city: jamaika
    Asia/Amman:
      exemplar_city: amman
    Asia/Tokyo:
      exemplar_city: ṭokyo
    Africa/Nairobi:
      exemplar_city: nairobi
    Asia/Bishkek:
      exemplar_city: biskek
    Asia/Phnom_Penh:
      exemplar_city: pnom penh
    Pacific/Kanton:
      exemplar_city: kanṭon
    Pacific/Kiritimati:
      exemplar_city: kiritimati
    Pacific/Tarawa:
      exemplar_city: tarava
    Indian/Comoro:
      exemplar_city: komoro
    America/St_Kitts:
      exemplar_city: sent kiṭṭs
    Asia/Pyongyang:
      exemplar_city: pyongyang
    Asia/Seoul:
      exemplar_city: seol
    Asia/Kuwait:
      exemplar_city: kuvait
    America/Cayman:
      exemplar_city: keiman
    Asia/Aqtau:
      exemplar_city: aktau
    Asia/Oral:
      exemplar_city: oral
    Asia/Atyrau:
      exemplar_city: atarau
    Asia/Aqtobe:
      exemplar_city: aaktobe
    Asia/Qostanay:
      exemplar_city: kosṭane
    Asia/Qyzylorda:
      exemplar_city: kijuorda
    Asia/Almaty:
      exemplar_city: almaṭy
    Asia/Vientiane:
      exemplar_city: vienṭiaan
    Asia/Beirut:
      exemplar_city: beirut
    America/St_Lucia:
      exemplar_city: sent lusia
    Europe/Vaduz:
      exemplar_city: vaḍuj
    Asia/Colombo:
      exemplar_city: kolombo
    Africa/Monrovia:
      exemplar_city: monrovia
    Africa/Maseru:
      exemplar_city: maseru
    Europe/Vilnius:
      exemplar_city: vilnius
    Europe/Luxembourg:
      exemplar_city: lksembrg
    Europe/Riga:
      exemplar_city: riga
    Africa/Tripoli:
      exemplar_city: tripoli
    Africa/Casablanca:
      exemplar_city: kasablanka
    Europe/Monaco:
      exemplar_city: monako
    Europe/Chisinau:
      exemplar_city: kisinau
    Europe/Podgorica:
      exemplar_city: pḍgoritsa
    America/Marigot:
      exemplar_city: marigoṭ
    Indian/Antananarivo:
      exemplar_city: ṭananariv
    Pacific/Kwajalein:
      exemplar_city: kvajalein
    Pacific/Majuro:
      exemplar_city: majuro
    Europe/Skopje:
      exemplar_city: skopi
    Africa/Bamako:
      exemplar_city: bamako
    Asia/Rangoon:
      exemplar_city: yangon
    Asia/Hovd:
      exemplar_city: hovd
    Asia/Ulaanbaatar:
      exemplar_city: ulanbaṭar
    Asia/Macau:
      exemplar_city: mkao
    Pacific/Saipan:
      exemplar_city: saipan
    America/Martinique:
      exemplar_city: marṭinik
    Africa/Nouakchott:
      exemplar_city: nueksa
    America/Montserrat:
      exemplar_city: monṭserreṭ
    Europe/Malta:
      exemplar_city: malṭa
    Indian/Mauritius:
      exemplar_city: maurisius
    Indian/Maldives:
      exemplar_city: maldives
    Africa/Blantyre:
      exemplar_city: blanṭaer
    America/Tijuana:
      exemplar_city: tihvana
    America/Hermosillo:
      exemplar_city: ermosijo
    America/Mazatlan:
      exemplar_city: masaṭlan
    America/Chihuahua:
      exemplar_city: chihuahua
    America/Bahia_Banderas:
      exemplar_city: baia banḍeras
    America/Ojinaga:
      exemplar_city: ojinaga
    America/Monterrey:
      exemplar_city: monṭerre
    America/Mexico_City:
      exemplar_city: meksico siṭy
    America/Matamoros:
      exemplar_city: maṭamoros
    America/Merida:
      exemplar_city: meriḍa
    America/Cancun:
      exemplar_city: kankun
    Asia/Kuala_Lumpur:
      exemplar_city: kuala lumpur
    Asia/Kuching:
      exemplar_city: kucing
    Africa/Maputo:
      exemplar_city: mapuṭu
    Africa/Windhoek:
      exemplar_city: vindhuk
    Pacific/Noumea:
      exemplar_city: numie
    Africa/Niamey:
      exemplar_city: niyame
    Pacific/Norfolk:
      exemplar_city: norpok
    Africa/Lagos:
      exemplar_city: lagos
    America/Managua:
      exemplar_city: managua
    Europe/Amsterdam:
      exemplar_city: amsṭerḍam
    Europe/Oslo:
      exemplar_city: oslo
    Asia/Katmandu:
      exemplar_city: kaṭmanḍu
    Pacific/Nauru:
      exemplar_city: nauru
    Pacific/Niue:
      exemplar_city: niue
    Pacific/Chatham:
      exemplar_city: ceṭam
    Pacific/Auckland:
      exemplar_city: āklanḍ
    Asia/Muscat:
      exemplar_city: maskat
    America/Panama:
      exemplar_city: panama
    America/Lima:
      exemplar_city: lima
    Pacific/Tahiti:
      exemplar_city: ṭahiṭi
    Pacific/Marquesas:
      exemplar_city: markisas
    Pacific/Gambier:
      exemplar_city: gambier
    Pacific/Port_Moresby:
      exemplar_city: porṭ moresbi
    Pacific/Bougainville:
      exemplar_city: bouganvill
    Asia/Manila:
      exemplar_city: manīla
    Asia/Karachi:
      exemplar_city: karacī
    Europe/Warsaw:
      exemplar_city: varsa
    America/Miquelon:
      exemplar_city: mikvilõ
    Pacific/Pitcairn:
      exemplar_city: piṭkern
    America/Puerto_Rico:
      exemplar_city: puerto riko
    Asia/Gaza:
      exemplar_city: gaja
    Asia/Hebron:
      exemplar_city: hebron
    Atlantic/Azores:
      exemplar_city: ajores
    Atlantic/Madeira:
      exemplar_city: maḍiera
    Europe/Lisbon:
      exemplar_city: lisbon
    Pacific/Palau:
      exemplar_city: palau
    America/Asuncion:
      exemplar_city: esunsion
    Asia/Qatar:
      exemplar_city: katar
    Indian/Reunion:
      exemplar_city: reunion
    Europe/Bucharest:
      exemplar_city: bukarest
    Europe/Belgrade:
      exemplar_city: belgraḍe
    Europe/Kaliningrad:
      exemplar_city: kaliningraḍ
    Europe/Moscow:
      exemplar_city: mosko
    Europe/Volgograd:
      exemplar_city: volgograḍ
    Europe/Saratov:
      exemplar_city: saraṭov
    Europe/Astrakhan:
      exemplar_city: aasṭrahan
    Europe/Ulyanovsk:
      exemplar_city: ulyanovsk
    Europe/Kirov:
      exemplar_city: kirov
    Europe/Samara:
      exemplar_city: samara
    Asia/Yekaterinburg:
      exemplar_city: yikaterinburg
    Asia/Omsk:
      exemplar_city: omsk
    Asia/Novosibirsk:
      exemplar_city: novosibirsk
    Asia/Barnaul:
      exemplar_city: barnaul
    Asia/Tomsk:
      exemplar_city: ṭomsk
    Asia/Novokuznetsk:
      exemplar_city: nevokujneṭsk
    Asia/Krasnoyarsk:
      exemplar_city: krasneyarsk
    Asia/Irkutsk:
      exemplar_city: irkuṭsk
    Asia/Chita:
      exemplar_city: cita
    Asia/Yakutsk:
      exemplar_city: yakuṭsk
    Asia/Vladivostok:
      exemplar_city: vlaḍivosṭok
    Asia/Khandyga:
      exemplar_city: kandiga
    Asia/Sakhalin:
      exemplar_city: sahalin
    Asia/Ust-Nera:
      exemplar_city: yust-nera
    Asia/Magadan:
      exemplar_city: megaḍan
    Asia/Srednekolymsk:
      exemplar_city: sreḍnekolymsk
    Asia/Kamchatka:
      exemplar_city: kamcaṭka
    Asia/Anadyr:
      exemplar_city: anaḍir
    Africa/Kigali:
      exemplar_city: kigali
    Asia/Riyadh:
      exemplar_city: riyad
    Pacific/Guadalcanal:
      exemplar_city: guaḍalkenal
    Indian/Mahe:
      exemplar_city: mahe
    Africa/Khartoum:
      exemplar_city: karṭoum
    Europe/Stockholm:
      exemplar_city: sṭokhom
    Asia/Singapore:
      exemplar_city: singapor
    Atlantic/St_Helena:
      exemplar_city: sent helena
    Europe/Ljubljana:
      exemplar_city: lyublyana
    Arctic/Longyearbyen:
      exemplar_city: lngyarbyen
    Europe/Bratislava:
      exemplar_city: braṭislava
    Africa/Freetown:
      exemplar_city: prīṭaun
    Europe/San_Marino:
      exemplar_city: san marino
    Africa/Dakar:
      exemplar_city: ḍkar
    Africa/Mogadishu:
      exemplar_city: mogaḍisu
    America/Paramaribo:
      exemplar_city: paramaribo
    Africa/Juba:
      exemplar_city: juba
    Africa/Sao_Tome:
      exemplar_city: sao ṭom
    America/El_Salvador:
      exemplar_city: el salvaḍor
    America/Lower_Princes:
      exemplar_city: lover princ’s kuvaṭar
    Asia/Damascus:
      exemplar_city: ḍamaskus
    Africa/Mbabane:
      exemplar_city: mbabane
    America/Grand_Turk:
      exemplar_city: granḍ ṭurk
    Africa/Ndjamena:
      exemplar_city: njamena
    Indian/Kerguelen:
      exemplar_city: kerguelen
    Africa/Lome:
      exemplar_city: lom
    Asia/Bangkok:
      exemplar_city: bangkok
    Asia/Dushanbe:
      exemplar_city: dusambe
    Pacific/Fakaofo:
      exemplar_city: pakaopo
    Asia/Dili:
      exemplar_city: ḍili
    Asia/Ashgabat:
      exemplar_city: asgabaṭ
    Africa/Tunis:
      exemplar_city: ṭunis
    Pacific/Tongatapu:
      exemplar_city: ṭongaṭapu
    Europe/Istanbul:
      exemplar_city: istanbul
    America/Port_of_Spain:
      exemplar_city: porṭ ap spain
    Pacific/Funafuti:
      exemplar_city: punaputi
    Asia/Taipei:
      exemplar_city: taipei
    Africa/Dar_es_Salaam:
      exemplar_city: dar es salaam
    Europe/Kiev:
      exemplar_city: kiyv
    Europe/Simferopol:
      exemplar_city: simperopol
    Africa/Kampala:
      exemplar_city: kmpala
    Pacific/Midway:
      exemplar_city: miḍvay
    Pacific/Wake:
      exemplar_city: vek
    America/Adak:
      exemplar_city: aḍak
    America/Nome:
      exemplar_city: nom
    America/Anchorage:
      exemplar_city: ankoraj
    America/Yakutat:
      exemplar_city: yakuṭaṭ
    America/Sitka:
      exemplar_city: sitka
    America/Juneau:
      exemplar_city: junov
    America/Metlakatla:
      exemplar_city: meṭlakaṭla
    America/Los_Angeles:
      exemplar_city: los anjeles
    America/Boise:
      exemplar_city: boisī
    America/Phoenix:
      exemplar_city: piniks
    America/Denver:
      exemplar_city: ḍenver
    America/North_Dakota/Beulah:
      exemplar_city: biyula, uttar ḍakoṭa
    America/North_Dakota/New_Salem:
      exemplar_city: neu salem, uttar ḍakoṭa
    America/North_Dakota/Center:
      exemplar_city: maḍinī uttar ḍakoṭa
    America/Chicago:
      exemplar_city: cikago
    America/Menominee:
      exemplar_city: menominī
    America/Indiana/Vincennes:
      exemplar_city: vincens, inḍiyana
    America/Indiana/Petersburg:
      exemplar_city: piṭtrsberg, inḍiyana
    America/Indiana/Tell_City:
      exemplar_city: ṭell sity, inḍiyana
    America/Indiana/Knox:
      exemplar_city: noks, inḍiyana
    America/Indiana/Winamac:
      exemplar_city: vinamak, inḍiyana
    America/Indiana/Marengo:
      exemplar_city: marengo, inḍiyana
    America/Indianapolis:
      exemplar_city: inḍianapolis
    America/Louisville:
      exemplar_city: louiville
    America/Indiana/Vevay:
      exemplar_city: vivi, inḍiyana
    America/Kentucky/Monticello:
      exemplar_city: monṭisello, kenṭukī
    America/Detroit:
      exemplar_city: ḍeṭroiṭ
    America/New_York:
      exemplar_city: niyu york
    America/Montevideo:
      exemplar_city: monṭevidio
    Asia/Samarkand:
      exemplar_city: samarkand
    Asia/Tashkent:
      exemplar_city: taskenṭ
    Europe/Vatican:
      exemplar_city: vaṭikan
    America/St_Vincent:
      exemplar_city: senṭ vinsenṭ
    America/Caracas:
      exemplar_city: karakas
    America/Tortola:
      exemplar_city: ṭorṭola
    America/St_Thomas:
      exemplar_city: senṭ tomas
    Asia/Saigon:
      exemplar_city: ho ci minh siti
    Pacific/Efate:
      exemplar_city: ipeṭe
    Pacific/Wallis:
      exemplar_city: vallis
    Pacific/Apia:
      exemplar_city: apia
    Asia/Aden:
      exemplar_city: eḍen
    Indian/Mayotte:
      exemplar_city: mayoṭ
    Africa/Johannesburg:
      exemplar_city: johannesburg
    Africa/Lusaka:
      exemplar_city: lusaka
    Africa/Harare:
      exemplar_city: hrare
  metazones:
    Afghanistan:
      long:
        standard: aapganistan belā
    Africa_Central:
      long:
        standard: madini aaprika belā
    Africa_Eastern:
      long:
        standard: veḍa hpu aaprika belā
    Africa_Southern:
      long:
        standard: dkiṇ aaprika belā
    Africa_Western:
      long:
        generic: veḍakuṇpu aaprika belā
        standard: veḍa kuṇpu aaprika mananka belā
        daylight: veḍa kuṇpu aaprika karã belā
    Alaska:
      long:
        generic: alaska belā
        standard: alaska mananka belā
        daylight: alaska ḍelaaiṭ belā
    Amazon:
      long:
        generic: āmajon belā
        standard: āmajon mananka belā
        daylight: āmajon karã masa belā
    America_Central:
      long:
        generic: madinī belā
        standard: madinī mananka belā
        daylight: madinī ḍelaaiṭ belā
    America_Eastern:
      long:
        generic: veḍahapu belā
        standard: veḍahapu mananka belā
        daylight: veḍahapu ḍelaaiṭ belā
    America_Mountain:
      long:
        generic: harka belā
        standard: harka mananka belā
        daylight: harka ḍelaaiṭ belā
    America_Pacific:
      long:
        generic: pesipik belā
        standard: pesipik mananka belā
        daylight: pesipik ḍelaaiṭ belā
    Apia:
      long:
        generic: epiā belā
        standard: epiā mānānka belā
        daylight: epiā delāit belā
    Arabian:
      long:
        generic: ārbiāti belā
        standard: ārbiāti mānānka belā
        daylight: ārbiāti delāit belā
    Argentina:
      long:
        generic: ārjenṭinā belā
        standard: ārjenṭinā mānānka belā
        daylight: ārjenṭinā kār~ā belā belā
    Argentina_Western:
      long:
        generic: weḍākuṇupu ārjenṭinā belā
        standard: weḍākuṇupu ārjenṭinā mānānka belā
        daylight: weḍākuṇupu ārjenṭinā kār~ā belā
    Armenia:
      long:
        generic: ārmeniā belā
        standard: ārmeniā mānānka belā
        daylight: ārmeniā kār~ā belā
    Atlantic:
      long:
        generic: āṭlānṭik belā
        standard: āṭlānṭik mānānka belā
        daylight: āṭlānṭik delāiṭ belā
    Australia_Central:
      long:
        generic: mādinā āstreliā belā
        standard: āstreliāti mādinā mānānka belā
        daylight: āstreliāti mādinā delāiṭ belā
    Australia_CentralWestern:
      long:
        generic: āstreliāti mādinā weḍākuṇupu belā
        standard: āstreliāti mādinā weḍākuṇupu mānānka belā
        daylight: āstreliāti mādinā weḍākuṇupu delāiṭ belā
    Australia_Eastern:
      long:
        generic: weḍāhapu āstraliā belā
        standard: āstreliāti weḍāhapū mānānka belā
        daylight: āstreliāti weḍāhapū delāiti belā
    Australia_Western:
      long:
        generic: weḍākuṇupū āstreliā belā
        standard: āstreliāti weḍākuṇupū mānānka belā
        daylight: āstreliāti weḍākuṇupū delāiṭ belā
    Azerbaijan:
      long:
        generic: ājerbāijān belā
        standard: ājerbāijān mānānka belā
        daylight: ājerbāijān kār~ā belā
    Azores:
      long:
        generic: ajores belā
        standard: ajores mānānka belā
        daylight: ajores kār~ā belā
    Bangladesh:
      long:
        generic: bānglādes belā
        standard: bānglādes mānānka belā
        daylight: bānglādes kār~ā belā
    Bhutan:
      long:
        standard: butān belā
    Bolivia:
      long:
        standard: bolwiā belā
    Brasilia:
      long:
        generic: brājiliā belā
        standard: brājiliā mānānka belā
        daylight: brājiliā kār~ā belā
    Brunei:
      long:
        standard: bruneti dārusālām belā
    Cape_Verde:
      long:
        generic: kep bḍ belā
        standard: kep bḍ mānānka belā
        daylight: kep bḍ kār~ā belā
    Chamorro:
      long:
        standard: cāmor mānānka belā
    Chatham:
      long:
        generic: cyātām belā
        standard: cyātām mānānka belā
        daylight: cyātām delāit belā
    Chile:
      long:
        generic: cini belā
        standard: cili mānānka belā
        daylight: cili kār~ā belā
    China:
      long:
        generic: cin belā
        standard: cin mānānka belā
        daylight: cin delāiṭ belā
    Christmas:
      long:
        standard: krismās dīp belā
    Cocos:
      long:
        standard: kokos dīp belā
    Colombia:
      long:
        generic: kolombiā belā
        standard: kolombiā mānānka belā
        daylight: kolombiā kār~ā belā
    Cook:
      long:
        generic: kuk dīp belā
        standard: kuk dīp mānānka belā
        daylight: kuk dīp ādā kār~ā belā
    Cuba:
      long:
        generic: kubā belā
        standard: kubā mānānka belā
        daylight: kubā delāiṭ belā
    Davis:
      long:
        standard: debis belā
    DumontDUrville:
      long:
        standard: ḍumonṭ ḍi arwilē belā
    East_Timor:
      long:
        standard: weḍāhapu timor belā
    Easter:
      long:
        generic: isṭr dīp belā
        standard: isṭr dīp mānānka belā
        daylight: isṭr dīp kār~ā belā
    Ecuador:
      long:
        standard: iquāḍor belā
    Europe_Central:
      long:
        generic: mādinā yuropiāti belā
        standard: mādinā yuropiāti mānānka belā
        daylight: mādinā yuropiāti kār~ā belā
    Europe_Eastern:
      long:
        generic: weḍāhpu yuropiāti belā
        standard: weḍāhpu yuropiāti mānānka belā
        daylight: weḍāhpu yuropiāti kār~ā belā
    Europe_Further_Eastern:
      long:
        standard: ar weḍāhpu yuropati belā
    Europe_Western:
      long:
        generic: weḍākūṇūpu yuropiāti belā
        standard: weḍākūṇūpu yuropiāti mānānka belā
        daylight: weḍākūṇūpu yuropiāti kār~ā belā
    Falkland:
      long:
        generic: paklyānḍ dīpati belā
        standard: paklyānḍ dīpati mānānka belā
        daylight: paklyānḍ dīpati kār~ā belā
    Fiji:
      long:
        generic: piji belā
        standard: piji mānānka belā
        daylight: piji kār~ā belā
    French_Guiana:
      long:
        standard: prench guyān belā
    French_Southern:
      long:
        standard: prenc dakiṇ aḍe aanṭārkṭik belā
    Galapagos:
      long:
        standard: gālāpogs belā
    Gambier:
      long:
        standard: gambiyr belā
    Georgia:
      long:
        generic: jarjīā belā
        standard: jarjiā mānānka belā
        daylight: jarjiā kār~ā belā
    Gilbert_Islands:
      long:
        standard: gīlbrṭ dīp belā
    GMT:
      long:
        standard: grinwic mīn belā
    Greenland_Eastern:
      long:
        generic: weḍāhpu grinlānd belā
        standard: weḍāhpu grinlānd mānānka belā
        daylight: weḍāhpu grinlānd kār~ā belā
    Greenland_Western:
      long:
        generic: weḍakūṇūp grinlānḍ belā
        standard: weḍakūṇūp grinlānḍ mānānka belā
        daylight: weḍakūṇūp grinlānḍ kār~ā belā
    Gulf:
      long:
        standard: galp mānānka belā
    Guyana:
      long:
        standard: guyān belā
    Hawaii_Aleutian:
      long:
        generic: hāwāe- aalūsān belā
        standard: hāwāe- aalūsān mānānka belā
        daylight: hāwāe- aalūsān ḍelāiṭ belā
    Hong_Kong:
      long:
        generic: hang kang belā
        standard: hang kang mānānka belā
        daylight: hang kang kār~ā belā
    Hovd:
      long:
        generic: hwoḍ belā
        standard: hwoḍ mānānka belā
        daylight: hwoḍ kār~ā belā
    India:
      long:
        standard: bārat mānānka belā
    Indian_Ocean:
      long:
        standard: bārat kājā belā
    Indochina:
      long:
        standard: inḍocinā belā
    Indonesia_Central:
      long:
        standard: mādini inḍnesiā belā
    Indonesia_Eastern:
      long:
        standard: weḍāhpu inḍnesiā belā
    Indonesia_Western:
      long:
        standard: weḍākūṇpū inḍnesiā belā
    Iran:
      long:
        generic: irān belā
        standard: irān mānānka belā
        daylight: irān ḍelāiṭ belā
    Irkutsk:
      long:
        generic: īrkustak belā
        standard: īrkustak mānānka belā
        daylight: īrkustak kār~ā belā
    Israel:
      long:
        generic: ijarāīl belā
        standard: ijarāīl mānānka belā
        daylight: ijarāīl ḍelāiṭ belā
    Japan:
      long:
        generic: jāpān belā
        standard: jāpān mānānka belā
        daylight: jāpān ḍelāiṭ belā
    Kazakhstan:
      long:
        standard: kājākstān belā
    Kazakhstan_Eastern:
      long:
        standard: weḍāhapu kājākstān belā
    Kazakhstan_Western:
      long:
        standard: weḍākūṇpū kājākstān belā
    Korea:
      long:
        generic: koriān belā
        standard: koriān mānānka belā
        daylight: koriān ḍelāiṭ belā
    Kosrae:
      long:
        standard: kasrāē belā
    Krasnoyarsk:
      long:
        generic: krāsnōrska belā
        standard: krāsnōrska mānānka belā
        daylight: krāsnōrska kār~ā belā
    Kyrgystan:
      long:
        standard: kirgijstān belā
    Line_Islands:
      long:
        standard: lāin dīp belā
    Lord_Howe:
      long:
        generic: laṛ hawe belā
        standard: laṛ hawe mānānka belā
        daylight: laṛ hawe ḍelāiṭ belā
    Magadan:
      long:
        generic: māgādan belā
        standard: māgādan mānānka belā
        daylight: māgādan ḍelāit belā
    Malaysia:
      long:
        standard: malesiā belā
    Maldives:
      long:
        standard: māldīp belā
    Marquesas:
      long:
        standard: mārksas belā
    Marshall_Islands:
      long:
        standard: mārsāl dīpa belā
    Mauritius:
      long:
        generic: marīsas belā
        standard: marīsasmānānka belā
        daylight: marīsas kār~ā belā
    Mawson:
      long:
        standard: māwosn belā
    Mexico_Pacific:
      long:
        generic: meksikān pesipic belā
        standard: meksikān pesipic mānānka belā
        daylight: meksikān pesipic ḍelāiṭ belā
    Mongolia:
      long:
        generic: ūlānbator belā
        standard: ūlānbator mānānka belā
        daylight: ūlānbator kār~ā belā
    Moscow:
      long:
        generic: mosko belā
        standard: mosko mānānka belā
        daylight: mosko kār~ā belā
    Myanmar:
      long:
        standard: miñyāmār belā
    Nauru:
      long:
        standard: nāurū belā
    Nepal:
      long:
        standard: nepāl belā
    New_Caledonia:
      long:
        generic: niū keleḍoniā belā
        standard: niū keleḍoniā mānānka belā
        daylight: niū keleḍoniā kār~ā belā
    New_Zealand:
      long:
        generic: niūjilānḍ belā
        standard: niūjilānḍ mānānka belā
        daylight: niūjilānḍ ḍelāiṭ belā
    Newfoundland:
      long:
        generic: niūpaunḍlyānḍ belā
        standard: niūpaunḍlyānḍ mānānka belā
        daylight: niūpaunḍlyānḍ ḍelāiṭ belā
    Niue:
      long:
        standard: niū belā
    Norfolk:
      long:
        generic: norpok dīp belā
        standard: norpok dīp mānānka belā
        daylight: norpok dīp ḍelāiṭ belā
    Noronha:
      long:
        generic: parn~ḍo ḍe norohā~ belā
        standard: parn~ḍo ḍe norohā~ mānānka belā
        daylight: parn~ḍo ḍe norohā~ kār~ā belā
    Novosibirsk:
      long:
        generic: nawosibisrk belā
        standard: nawosibisrk mānānka belā
        daylight: nawosibisrk kār~ā belā
    Omsk:
      long:
        generic: amska belā
        standard: amska mānānka belā
        daylight: amska kār~ā belā
    Pakistan:
      long:
        generic: pākistān belā
        standard: pākistān mānānka belā
        daylight: pākistān kār~ā belā
    Palau:
      long:
        standard: pālāu belā
    Papua_New_Guinea:
      long:
        standard: pāpuā niu gunīā belā
    Paraguay:
      long:
        generic: pārāguyē belā
        standard: pārāguyē mānānka belā
        daylight: pārāguyē kār~ā belā
    Peru:
      long:
        generic: peru belā
        standard: peru mānānka belā
        daylight: peru kār~ā belā
    Philippines:
      long:
        generic: pilipin belā
        standard: pilipin mānānka belā
        daylight: pilipin kār~ā belā
    Phoenix_Islands:
      long:
        standard: piniksa dīpati belā
    Pierre_Miquelon:
      long:
        generic: sēnṭ pierē aḍē mekwēlān belā
        standard: sēnṭ pierē aḍē mekwēlān mānānka belā
        daylight: sēnṭ pierē aḍē mekwēlān ḍelāiṭ belā
    Pitcairn:
      long:
        standard: piṭkēran belā
    Ponape:
      long:
        standard: ponāpe belā
    Pyongyang:
      long:
        standard: pyongayāng belā
    Reunion:
      long:
        standard: rīūnīan belā
    Rothera:
      long:
        standard: rotērā belā
    Sakhalin:
      long:
        generic: sakālin belā
        standard: sakālin mānānka belā
        daylight: sakālin kār~ā belā
    Samoa:
      long:
        generic: saāmoa belā
        standard: saāmoa mānānka belā
        daylight: saāmoa ḍelāiṭ
    Seychelles:
      long:
        standard: sēsels belā
    Singapore:
      long:
        standard: singāpur mānānka belā
    Solomon:
      long:
        standard: soloman dīpati belā
    South_Georgia:
      long:
        standard: dkīṇa jarjīā belā
    Suriname:
      long:
        standard: surīnām belā
    Syowa:
      long:
        standard: sawā belā
    Tahiti:
      long:
        standard: tāhiti belā
    Taipei:
      long:
        generic: tāipē belā
        standard: tāipē mānānka belā
        daylight: tāipē ḍelāiṭ
    Tajikistan:
      long:
        standard: tājikistān belā
    Tokelau:
      long:
        standard: ṭokelāu belā
    Tonga:
      long:
        generic: ṭangā belā
        standard: ṭangā mānānka belā
        daylight: ṭangā kār~ā belā
    Truk:
      long:
        standard: cuk belā
    Turkmenistan:
      long:
        generic: turkmenistān belā
        standard: turkmenistān manaka belā
        daylight: turkmenistān kār~ā belā
    Tuvalu:
      long:
        standard: tuwalū belā
    Uruguay:
      long:
        generic: urguwē belā
        standard: urguwē manaka belā
        daylight: urguwē kār~ā belā
    Uzbekistan:
      long:
        generic: uzwēkistān belā
        standard: uzwēkistān mānānka belā
        daylight: uzwēkistān kārã belā
    Vanuatu:
      long:
        generic: wanuātū belā
        standard: wanuātū mānānka belā
        daylight: wanuātū kār~ā belā
    Venezuela:
      long:
        standard: wenēzuelā belā
    Vladivostok:
      long:
        generic: wlādiwostak belā
        standard: wlādiwostak mānānka belā
        daylight: wlādiwostak kār~ā belā
    Volgograd:
      long:
        generic: wālgogrāḍ belā
        standard: wālgogrāḍ mānānka belā
        daylight: wālgogrāḍ kār~ā belā
    Vostok:
      long:
        standard: wostak belā
    Wake:
      long:
        standard: waka dīpa belā
    Wallis:
      long:
        standard: walis aḍē puṭunā
    Yakutsk:
      long:
        generic: yakustuk belā
        standard: yakustuk mānānka belā
        daylight: yakustuk kār~ā belā
    Yekaterinburg:
      long:
        generic: yakaterinbarg belā
        standard: yakaterinbarg mānānka belā
        daylight: yakaterinbarg kār~ā belā
