---
locale: mn
generated_at: '2025-09-15T06:26:40Z'
cldr_version: '46'
timezone_names:
  formats:
    region_format: "{0}-н цаг"
    region_format_daylight: "{0}-н зуны цаг"
    region_format_standard: "{0}-н стандарт цаг"
  zones:
    Pacific/Honolulu:
      exemplar_city: Хонолулу
    Etc/UTC:
      long:
        standard: Олон улсын зохицуулалттай цаг
    Etc/Unknown:
      exemplar_city: Үл мэдэгдэх хот
    Europe/Andorra:
      exemplar_city: Андорра
    Asia/Dubai:
      exemplar_city: Дубай
    Asia/Kabul:
      exemplar_city: Кабул
    America/Antigua:
      exemplar_city: Антигуа
    America/Anguilla:
      exemplar_city: Ангилья
    Europe/Tirane:
      exemplar_city: Тирана
    Asia/Yerevan:
      exemplar_city: Ереван
    Africa/Luanda:
      exemplar_city: Луанда
    Antarctica/Rothera:
      exemplar_city: Ротера
    Antarctica/Palmer:
      exemplar_city: Палмер
    Antarctica/Troll:
      exemplar_city: Тролл
    Antarctica/Syowa:
      exemplar_city: Сёва
    Antarctica/Mawson:
      exemplar_city: Моусон
    Antarctica/Davis:
      exemplar_city: Дэвис
    Antarctica/Vostok:
      exemplar_city: Восток
    Antarctica/Casey:
      exemplar_city: Кэсей
    Antarctica/DumontDUrville:
      exemplar_city: Дюмон д’Юрвиль
    Antarctica/McMurdo:
      exemplar_city: Мак-Мөрдо
    America/Argentina/Rio_Gallegos:
      exemplar_city: Рио-Гальегос
    America/Mendoza:
      exemplar_city: Мендоза
    America/Argentina/San_Juan:
      exemplar_city: Сан-Хуан
    America/Argentina/Ushuaia:
      exemplar_city: Ушуайя
    America/Argentina/La_Rioja:
      exemplar_city: Ла-Риоха
    America/Argentina/San_Luis:
      exemplar_city: Сан Луи
    America/Catamarca:
      exemplar_city: Катамарка
    America/Argentina/Salta:
      exemplar_city: Салта
    America/Jujuy:
      exemplar_city: Жужуй
    America/Argentina/Tucuman:
      exemplar_city: Тукуман
    America/Cordoba:
      exemplar_city: Кордова
    America/Buenos_Aires:
      exemplar_city: Буэнос-Айрес
    Pacific/Pago_Pago:
      exemplar_city: Паго Паго
    Europe/Vienna:
      exemplar_city: Вена
    Australia/Perth:
      exemplar_city: Перс
    Australia/Eucla:
      exemplar_city: Еукла
    Australia/Darwin:
      exemplar_city: Дарвин
    Australia/Adelaide:
      exemplar_city: Аделаида
    Australia/Broken_Hill:
      exemplar_city: Брокен Хилл
    Australia/Melbourne:
      exemplar_city: Мельбурн
    Australia/Hobart:
      exemplar_city: Хобарт
    Australia/Lindeman:
      exemplar_city: Линдемэн
    Australia/Sydney:
      exemplar_city: Сидней
    Australia/Brisbane:
      exemplar_city: Брисбен
    Antarctica/Macquarie:
      exemplar_city: Маккуори
    Australia/Lord_Howe:
      exemplar_city: Лорд Хоу
    America/Aruba:
      exemplar_city: Аруба
    Europe/Mariehamn:
      exemplar_city: Марихамн
    Asia/Baku:
      exemplar_city: Баку
    Europe/Sarajevo:
      exemplar_city: Сараево
    America/Barbados:
      exemplar_city: Барбадос
    Asia/Dhaka:
      exemplar_city: Дака
    Europe/Brussels:
      exemplar_city: Брюссель
    Africa/Ouagadougou:
      exemplar_city: Уагадугу
    Europe/Sofia:
      exemplar_city: Софи
    Asia/Bahrain:
      exemplar_city: Бахрейн
    Africa/Bujumbura:
      exemplar_city: Бужумбура
    Africa/Porto-Novo:
      exemplar_city: Порто-Ново
    America/St_Barthelemy:
      exemplar_city: Сент-Бартельми
    Atlantic/Bermuda:
      exemplar_city: Бермуда
    Asia/Brunei:
      exemplar_city: Бруней
    America/La_Paz:
      exemplar_city: Ла Паз
    America/Kralendijk:
      exemplar_city: Кралендик
    America/Eirunepe:
      exemplar_city: Эйрунепе
    America/Rio_Branco:
      exemplar_city: Рио-Бранко
    America/Porto_Velho:
      exemplar_city: Порто-Велью
    America/Boa_Vista:
      exemplar_city: Боа-Виста
    America/Manaus:
      exemplar_city: Манаус
    America/Cuiaba:
      exemplar_city: Куяба
    America/Santarem:
      exemplar_city: Сантарем
    America/Campo_Grande:
      exemplar_city: Кампо-Гранде
    America/Belem:
      exemplar_city: Белем
    America/Araguaina:
      exemplar_city: Арагуаяна
    America/Sao_Paulo:
      exemplar_city: Сан-Паулу
    America/Bahia:
      exemplar_city: Байя
    America/Fortaleza:
      exemplar_city: Форталеза
    America/Maceio:
      exemplar_city: Масейо
    America/Recife:
      exemplar_city: Ресифи
    America/Noronha:
      exemplar_city: Норона
    America/Nassau:
      exemplar_city: Нассау
    Asia/Thimphu:
      exemplar_city: Тхимпху
    Africa/Gaborone:
      exemplar_city: Габороне
    Europe/Minsk:
      exemplar_city: Минск
    America/Belize:
      exemplar_city: Белиз
    America/Dawson:
      exemplar_city: Доусон
    America/Whitehorse:
      exemplar_city: Уайтхорз
    America/Inuvik:
      exemplar_city: Инувик
    America/Vancouver:
      exemplar_city: Ванкувер
    America/Fort_Nelson:
      exemplar_city: Форт Нэльсон
    America/Dawson_Creek:
      exemplar_city: Доусон Крик
    America/Creston:
      exemplar_city: Крестон
    America/Edmonton:
      exemplar_city: Эдмонтон
    America/Swift_Current:
      exemplar_city: Свифт Каррент
    America/Cambridge_Bay:
      exemplar_city: Кэмбрижийн булан
    America/Regina:
      exemplar_city: Регина
    America/Winnipeg:
      exemplar_city: Виннипег
    America/Resolute:
      exemplar_city: Резолют
    America/Rankin_Inlet:
      exemplar_city: Рэнкин Инлет
    America/Coral_Harbour:
      exemplar_city: Атикокан
    America/Toronto:
      exemplar_city: Торонто
    America/Iqaluit:
      exemplar_city: Икалуит
    America/Moncton:
      exemplar_city: Монктон
    America/Halifax:
      exemplar_city: Халифакс
    America/Goose_Bay:
      exemplar_city: Гуус булан
    America/Glace_Bay:
      exemplar_city: Глейс булан
    America/Blanc-Sablon:
      exemplar_city: Блан-Саблон
    America/St_Johns:
      exemplar_city: Сент-Жонс
    Indian/Cocos:
      exemplar_city: Кокос
    Africa/Kinshasa:
      exemplar_city: Киншаса
    Africa/Lubumbashi:
      exemplar_city: Лубумбаши
    Africa/Bangui:
      exemplar_city: Бангуй
    Africa/Brazzaville:
      exemplar_city: Браззавиль
    Europe/Zurich:
      exemplar_city: Цюрих
    Africa/Abidjan:
      exemplar_city: Абижан
    Pacific/Rarotonga:
      exemplar_city: Раротонга
    Pacific/Easter:
      exemplar_city: Истер
    America/Punta_Arenas:
      exemplar_city: Пунта Арена
    America/Santiago:
      exemplar_city: Сантьяго
    Africa/Douala:
      exemplar_city: Дуала
    Asia/Urumqi:
      exemplar_city: Үрүмчи
    Asia/Shanghai:
      exemplar_city: Шанхай
    America/Bogota:
      exemplar_city: Богота
    America/Costa_Rica:
      exemplar_city: Коста-Рика
    America/Havana:
      exemplar_city: Хавана
    Atlantic/Cape_Verde:
      exemplar_city: Кабо-Верде
    America/Curacao:
      exemplar_city: Кюрасао
    Indian/Christmas:
      exemplar_city: Крисмас
    Asia/Nicosia:
      exemplar_city: Никосия
    Asia/Famagusta:
      exemplar_city: Фамагуста
    Europe/Prague:
      exemplar_city: Прага
    Europe/Busingen:
      exemplar_city: Бусинген
    Europe/Berlin:
      exemplar_city: Берлин
    Africa/Djibouti:
      exemplar_city: Жибути
    Europe/Copenhagen:
      exemplar_city: Копенхаген
    America/Dominica:
      exemplar_city: Доминик
    America/Santo_Domingo:
      exemplar_city: Санто Доминго
    Africa/Algiers:
      exemplar_city: Алжир
    Pacific/Galapagos:
      exemplar_city: Галапагос
    America/Guayaquil:
      exemplar_city: Гуаякиль
    Europe/Tallinn:
      exemplar_city: Таллин
    Africa/Cairo:
      exemplar_city: Каир
    Africa/El_Aaiun:
      exemplar_city: Эль-Аюн
    Africa/Asmera:
      exemplar_city: Асмара
    Atlantic/Canary:
      exemplar_city: Канари
    Africa/Ceuta:
      exemplar_city: Сеута
    Europe/Madrid:
      exemplar_city: Мадрид
    Africa/Addis_Ababa:
      exemplar_city: Аддис-Aбеба
    Europe/Helsinki:
      exemplar_city: Хельсинк
    Pacific/Fiji:
      exemplar_city: Фижи
    Atlantic/Stanley:
      exemplar_city: Стэнли
    Pacific/Truk:
      exemplar_city: Чүүк
    Pacific/Ponape:
      exemplar_city: Понпей
    Pacific/Kosrae:
      exemplar_city: Косрэ
    Atlantic/Faeroe:
      exemplar_city: Фарер
    Europe/Paris:
      exemplar_city: Парис
    Africa/Libreville:
      exemplar_city: Либревиль
    Europe/London:
      exemplar_city: Лондон
      long:
        daylight: Британийн зуны цаг
    America/Grenada:
      exemplar_city: Гренада
    Asia/Tbilisi:
      exemplar_city: Тбилиси
    America/Cayenne:
      exemplar_city: Кайенна
    Europe/Guernsey:
      exemplar_city: Гернси
    Africa/Accra:
      exemplar_city: Аккра
    Europe/Gibraltar:
      exemplar_city: Гибралтар
    America/Thule:
      exemplar_city: Туле
    America/Godthab:
      exemplar_city: Нүүк
    America/Scoresbysund:
      exemplar_city: Скорсбисунн
    America/Danmarkshavn:
      exemplar_city: Данмаркшавн
    Africa/Banjul:
      exemplar_city: Банжул
    Africa/Conakry:
      exemplar_city: Конакри
    America/Guadeloupe:
      exemplar_city: Гваделуп
    Africa/Malabo:
      exemplar_city: Малабо
    Europe/Athens:
      exemplar_city: Афин
    Atlantic/South_Georgia:
      exemplar_city: Өмнөд Жоржиа
    America/Guatemala:
      exemplar_city: Гватемал
    Pacific/Guam:
      exemplar_city: Гуам
    Africa/Bissau:
      exemplar_city: Биссау
    America/Guyana:
      exemplar_city: Гайана
    Asia/Hong_Kong:
      exemplar_city: Хонг Конг
    America/Tegucigalpa:
      exemplar_city: Тегусигальпа
    Europe/Zagreb:
      exemplar_city: Загреб
    America/Port-au-Prince:
      exemplar_city: Порт-о-Принс
    Europe/Budapest:
      exemplar_city: Будапешт
    Asia/Jakarta:
      exemplar_city: Жакарта
    Asia/Pontianak:
      exemplar_city: Понтианак
    Asia/Makassar:
      exemplar_city: Макассар
    Asia/Jayapura:
      exemplar_city: Жайпур
    Europe/Dublin:
      exemplar_city: Дублин
      long:
        daylight: Ирландын стандарт цаг
    Asia/Jerusalem:
      exemplar_city: Йерусалим
    Europe/Isle_of_Man:
      exemplar_city: Мэн Арал
    Asia/Calcutta:
      exemplar_city: Калькутта
    Indian/Chagos:
      exemplar_city: Чагос
    Asia/Baghdad:
      exemplar_city: Багдад
    Asia/Tehran:
      exemplar_city: Тегеран
    Atlantic/Reykjavik:
      exemplar_city: Рейкьявик
    Europe/Rome:
      exemplar_city: Ром
    Europe/Jersey:
      exemplar_city: Жерси
    America/Jamaica:
      exemplar_city: Ямайка
    Asia/Amman:
      exemplar_city: Амман
    Asia/Tokyo:
      exemplar_city: Токио
    Africa/Nairobi:
      exemplar_city: Найроби
    Asia/Bishkek:
      exemplar_city: Бишкек
    Asia/Phnom_Penh:
      exemplar_city: Пномпень
    Pacific/Enderbury:
      exemplar_city: Эндербери
    Pacific/Kanton:
      exemplar_city: Кантон
    Pacific/Kiritimati:
      exemplar_city: Киритимати
    Pacific/Tarawa:
      exemplar_city: Тарава
    Indian/Comoro:
      exemplar_city: Коморо
    America/St_Kitts:
      exemplar_city: Сент-Киттс
    Asia/Pyongyang:
      exemplar_city: Пёньян
    Asia/Seoul:
      exemplar_city: Сөүл
    Asia/Kuwait:
      exemplar_city: Кувейт
    America/Cayman:
      exemplar_city: Кайман
    Asia/Aqtau:
      exemplar_city: Актау
    Asia/Oral:
      exemplar_city: Орал
    Asia/Atyrau:
      exemplar_city: Атырау
    Asia/Aqtobe:
      exemplar_city: Актөбе
    Asia/Qostanay:
      exemplar_city: Костанай
    Asia/Qyzylorda:
      exemplar_city: Кызылорд
    Asia/Almaty:
      exemplar_city: Алматы
    Asia/Vientiane:
      exemplar_city: Вьентьян
    Asia/Beirut:
      exemplar_city: Бейрут
    America/St_Lucia:
      exemplar_city: Сент Люсиа
    Europe/Vaduz:
      exemplar_city: Вадуз
    Asia/Colombo:
      exemplar_city: Коломбо
    Africa/Monrovia:
      exemplar_city: Монровиа
    Africa/Maseru:
      exemplar_city: Масеру
    Europe/Vilnius:
      exemplar_city: Вильнюс
    Europe/Luxembourg:
      exemplar_city: Люксембург
    Europe/Riga:
      exemplar_city: Рига
    Africa/Tripoli:
      exemplar_city: Триполи
    Africa/Casablanca:
      exemplar_city: Касабланка
    Europe/Monaco:
      exemplar_city: Монако
    Europe/Chisinau:
      exemplar_city: Кишинёв
    Europe/Podgorica:
      exemplar_city: Подгорица
    America/Marigot:
      exemplar_city: Маригот
    Indian/Antananarivo:
      exemplar_city: Антананариво
    Pacific/Kwajalein:
      exemplar_city: Кважалейн
    Pacific/Majuro:
      exemplar_city: Мажуро
    Europe/Skopje:
      exemplar_city: Скопье
    Africa/Bamako:
      exemplar_city: Бамако
    Asia/Rangoon:
      exemplar_city: Рангун
    Asia/Hovd:
      exemplar_city: Ховд
    Asia/Ulaanbaatar:
      exemplar_city: Улаанбаатар
    Asia/Macau:
      exemplar_city: Макао
    Pacific/Saipan:
      exemplar_city: Сайпан
    America/Martinique:
      exemplar_city: Мартиник
    Africa/Nouakchott:
      exemplar_city: Нуакшот
    America/Montserrat:
      exemplar_city: Монтсеррат
    Europe/Malta:
      exemplar_city: Мальта
    Indian/Mauritius:
      exemplar_city: Маврики
    Indian/Maldives:
      exemplar_city: Мальдив
    Africa/Blantyre:
      exemplar_city: Блантайр
    America/Tijuana:
      exemplar_city: Тихуана
    America/Hermosillo:
      exemplar_city: Хермосилло
    America/Ciudad_Juarez:
      exemplar_city: Сьюдад Хуарес
    America/Mazatlan:
      exemplar_city: Мазатлан
    America/Chihuahua:
      exemplar_city: Чихуахуа
    America/Bahia_Banderas:
      exemplar_city: Бахья Бандерас
    America/Ojinaga:
      exemplar_city: Ожинага
    America/Monterrey:
      exemplar_city: Монтерей
    America/Mexico_City:
      exemplar_city: Мехико
    America/Matamoros:
      exemplar_city: Матаморос
    America/Merida:
      exemplar_city: Мерида
    America/Cancun:
      exemplar_city: Канкун
    Asia/Kuala_Lumpur:
      exemplar_city: Куала Лумпур
    Asia/Kuching:
      exemplar_city: Кучин
    Africa/Maputo:
      exemplar_city: Мапуто
    Africa/Windhoek:
      exemplar_city: Виндхук
    Pacific/Noumea:
      exemplar_city: Нумеа
    Africa/Niamey:
      exemplar_city: Ниамей
    Pacific/Norfolk:
      exemplar_city: Норфолк
    Africa/Lagos:
      exemplar_city: Лагос
    America/Managua:
      exemplar_city: Манагуа
    Europe/Amsterdam:
      exemplar_city: Амстердам
    Europe/Oslo:
      exemplar_city: Осло
    Asia/Katmandu:
      exemplar_city: Катманду
    Pacific/Nauru:
      exemplar_city: Науру
    Pacific/Niue:
      exemplar_city: Ниуэ
    Pacific/Chatham:
      exemplar_city: Чатем
    Pacific/Auckland:
      exemplar_city: Оукленд
    Asia/Muscat:
      exemplar_city: Мускат
    America/Panama:
      exemplar_city: Панама
    America/Lima:
      exemplar_city: Лима
    Pacific/Tahiti:
      exemplar_city: Таити
    Pacific/Marquesas:
      exemplar_city: Маркез
    Pacific/Gambier:
      exemplar_city: Гамбьер
    Pacific/Port_Moresby:
      exemplar_city: Порт-Морсби
    Pacific/Bougainville:
      exemplar_city: Бугенвиль
    Asia/Manila:
      exemplar_city: Манила
    Asia/Karachi:
      exemplar_city: Карачи
    Europe/Warsaw:
      exemplar_city: Варшав
    America/Miquelon:
      exemplar_city: Микелон
    Pacific/Pitcairn:
      exemplar_city: Питкэрн
    America/Puerto_Rico:
      exemplar_city: Пуэрто-Рико
    Asia/Gaza:
      exemplar_city: Газа
    Asia/Hebron:
      exemplar_city: Хеброн
    Atlantic/Azores:
      exemplar_city: Азор
    Atlantic/Madeira:
      exemplar_city: Мадейра
    Europe/Lisbon:
      exemplar_city: Лисбон
    Pacific/Palau:
      exemplar_city: Палау
    America/Asuncion:
      exemplar_city: Асунсьон
    Asia/Qatar:
      exemplar_city: Катар
    Indian/Reunion:
      exemplar_city: Реюнион
    Europe/Bucharest:
      exemplar_city: Бухарест
    Europe/Belgrade:
      exemplar_city: Белград
    Europe/Kaliningrad:
      exemplar_city: Калининград
    Europe/Moscow:
      exemplar_city: Москва
    Europe/Volgograd:
      exemplar_city: Волгоград
    Europe/Saratov:
      exemplar_city: Саратов
    Europe/Astrakhan:
      exemplar_city: Астрахань
    Europe/Ulyanovsk:
      exemplar_city: Ульяновск
    Europe/Kirov:
      exemplar_city: Киров
    Europe/Samara:
      exemplar_city: Самара
    Asia/Yekaterinburg:
      exemplar_city: Екатеринбург
    Asia/Omsk:
      exemplar_city: Омск
    Asia/Novosibirsk:
      exemplar_city: Новосибирск
    Asia/Barnaul:
      exemplar_city: Барнаул
    Asia/Tomsk:
      exemplar_city: Томск
    Asia/Novokuznetsk:
      exemplar_city: Новокузнецк
    Asia/Krasnoyarsk:
      exemplar_city: Красноярск
    Asia/Irkutsk:
      exemplar_city: Эрхүү
    Asia/Chita:
      exemplar_city: Чита
    Asia/Yakutsk:
      exemplar_city: Якутск
    Asia/Vladivostok:
      exemplar_city: Владивосток
    Asia/Khandyga:
      exemplar_city: Кандыга
    Asia/Sakhalin:
      exemplar_city: Сахалин
    Asia/Ust-Nera:
      exemplar_city: Уст-Нера
    Asia/Magadan:
      exemplar_city: Магадан
    Asia/Srednekolymsk:
      exemplar_city: Среднеколымск
    Asia/Kamchatka:
      exemplar_city: Камчатка
    Asia/Anadyr:
      exemplar_city: Анадыр
    Africa/Kigali:
      exemplar_city: Кигали
    Asia/Riyadh:
      exemplar_city: Рияд
    Pacific/Guadalcanal:
      exemplar_city: Гуадалканал
    Indian/Mahe:
      exemplar_city: Махе
    Africa/Khartoum:
      exemplar_city: Хартум
    Europe/Stockholm:
      exemplar_city: Стокхолм
    Asia/Singapore:
      exemplar_city: Сингапур
    Atlantic/St_Helena:
      exemplar_city: Сент Хелена
    Europe/Ljubljana:
      exemplar_city: Любляна
    Arctic/Longyearbyen:
      exemplar_city: Лонгирбайен
    Europe/Bratislava:
      exemplar_city: Братислав
    Africa/Freetown:
      exemplar_city: Фритаун
    Europe/San_Marino:
      exemplar_city: Сан-Марино
    Africa/Dakar:
      exemplar_city: Дакар
    Africa/Mogadishu:
      exemplar_city: Могадишу
    America/Paramaribo:
      exemplar_city: Парамарибо
    Africa/Juba:
      exemplar_city: Жуба
    Africa/Sao_Tome:
      exemplar_city: Сан-Томе
    America/El_Salvador:
      exemplar_city: Эль Сальвадор
    America/Lower_Princes:
      exemplar_city: Ловер Принсес Квартер
    Asia/Damascus:
      exemplar_city: Дамаск
    Africa/Mbabane:
      exemplar_city: Мбабане
    America/Grand_Turk:
      exemplar_city: Гранд Турк
    Africa/Ndjamena:
      exemplar_city: Нжамена
    Indian/Kerguelen:
      exemplar_city: Кергелен
    Africa/Lome:
      exemplar_city: Ломе
    Asia/Bangkok:
      exemplar_city: Бангкок
    Asia/Dushanbe:
      exemplar_city: Душанбе
    Pacific/Fakaofo:
      exemplar_city: Факаофо
    Asia/Dili:
      exemplar_city: Дили
    Asia/Ashgabat:
      exemplar_city: Ашхабад
    Africa/Tunis:
      exemplar_city: Тунис
    Pacific/Tongatapu:
      exemplar_city: Тонгатапу
    Europe/Istanbul:
      exemplar_city: Истанбул
    America/Port_of_Spain:
      exemplar_city: Испаний боомт
    Pacific/Funafuti:
      exemplar_city: Фунафути
    Asia/Taipei:
      exemplar_city: Тайпей
    Africa/Dar_es_Salaam:
      exemplar_city: Дар-эс-Салам
    Europe/Kiev:
      exemplar_city: Киев
    Europe/Simferopol:
      exemplar_city: Симферополь
    Africa/Kampala:
      exemplar_city: Кампала
    Pacific/Midway:
      exemplar_city: Мидуэй
    Pacific/Wake:
      exemplar_city: Уэк
    America/Adak:
      exemplar_city: Адак
    America/Nome:
      exemplar_city: Ном
    America/Anchorage:
      exemplar_city: Анкораж
    America/Yakutat:
      exemplar_city: Якутат
    America/Sitka:
      exemplar_city: Ситка
    America/Juneau:
      exemplar_city: Жуно
    America/Metlakatla:
      exemplar_city: Метлакатла
    America/Los_Angeles:
      exemplar_city: Лос-Анжелес
    America/Boise:
      exemplar_city: Боисе
    America/Phoenix:
      exemplar_city: Феникс
    America/Denver:
      exemplar_city: Денвер
    America/North_Dakota/Beulah:
      exemplar_city: Била, Хойд Дакота
    America/North_Dakota/New_Salem:
      exemplar_city: Нью-Салем, Хойд Дакота
    America/North_Dakota/Center:
      exemplar_city: Төв, Хойд Дакота
    America/Chicago:
      exemplar_city: Чикаго
    America/Menominee:
      exemplar_city: Меномини
    America/Indiana/Vincennes:
      exemplar_city: Винсенес, Индиана
    America/Indiana/Petersburg:
      exemplar_city: Питерсбург, Индиана
    America/Indiana/Tell_City:
      exemplar_city: Тел Сити, Индиана
    America/Indiana/Knox:
      exemplar_city: Нокс, Индиана
    America/Indiana/Winamac:
      exemplar_city: Винамак, Индиана
    America/Indiana/Marengo:
      exemplar_city: Маренго, Индиана
    America/Indianapolis:
      exemplar_city: Индианаполис
    America/Louisville:
      exemplar_city: Луисвилл
    America/Indiana/Vevay:
      exemplar_city: Вивей, Индиана
    America/Kentucky/Monticello:
      exemplar_city: Монтичелло, Кентаки
    America/Detroit:
      exemplar_city: Детройт
    America/New_York:
      exemplar_city: Нью-Йорк
    America/Montevideo:
      exemplar_city: Монтевидео
    Asia/Samarkand:
      exemplar_city: Самарканд
    Asia/Tashkent:
      exemplar_city: Ташкент
    Europe/Vatican:
      exemplar_city: Ватикан
    America/St_Vincent:
      exemplar_city: Сент Винсент
    America/Caracas:
      exemplar_city: Каракас
    America/Tortola:
      exemplar_city: Тортола
    America/St_Thomas:
      exemplar_city: Сент Томас
    Asia/Saigon:
      exemplar_city: Хо Ши Мин хот
    Pacific/Efate:
      exemplar_city: Эфате
    Pacific/Wallis:
      exemplar_city: Уоллис
    Pacific/Apia:
      exemplar_city: Апиа
    Asia/Aden:
      exemplar_city: Аден
    Indian/Mayotte:
      exemplar_city: Майотта
    Africa/Johannesburg:
      exemplar_city: Йоханнесбург
    Africa/Lusaka:
      exemplar_city: Лусака
    Africa/Harare:
      exemplar_city: Хараре
  metazones:
    Afghanistan:
      long:
        standard: Афганистаны цаг
    Africa_Central:
      long:
        standard: Төв Африкийн цаг
    Africa_Eastern:
      long:
        standard: Зүүн Африкийн цаг
    Africa_Southern:
      long:
        standard: Өмнөд Африкийн стандарт цаг
    Africa_Western:
      long:
        generic: Баруун Африкийн цаг
        standard: Баруун Африкийн стандарт цаг
        daylight: Баруун Африкийн зуны цаг
    Alaska:
      long:
        generic: Аляскийн цаг
        standard: Аляскийн стандарт цаг
        daylight: Аляскийн зуны цаг
    Amazon:
      long:
        generic: Амазоны цаг
        standard: Амазоны стандарт цаг
        daylight: Амазоны зуны цаг
    America_Central:
      long:
        generic: Төв цаг
        standard: Төв стандарт цаг
        daylight: Төв зуны цаг
    America_Eastern:
      long:
        generic: Зүүн эргийн цаг
        standard: Зүүн эргийн стандарт цаг
        daylight: Зүүн эргийн зуны цаг
    America_Mountain:
      long:
        generic: Уулын цаг
        standard: Уулын стандарт цаг
        daylight: Уулын зуны цаг
    America_Pacific:
      long:
        generic: Номхон далайн цаг
        standard: Номхон далайн стандарт цаг
        daylight: Номхон далайн зуны цаг
    Apia:
      long:
        generic: Апиагийн цаг
        standard: Апиагийн стандарт цаг
        daylight: Апиагийн зуны цаг
    Arabian:
      long:
        generic: Арабын цаг
        standard: Арабын стандарт цаг
        daylight: Арабын зуны цаг
    Argentina:
      long:
        generic: Аргентины цаг
        standard: Аргентины стандарт цаг
        daylight: Аргентины зуны цаг
    Argentina_Western:
      long:
        generic: Баруун Аргентины цаг
        standard: Баруун Аргентины стандарт цаг
        daylight: Баруун Аргентины зуны цаг
    Armenia:
      long:
        generic: Арменийн цаг
        standard: Арменийн стандарт цаг
        daylight: Арменийн зуны цаг
    Atlantic:
      long:
        generic: Атлантын цаг
        standard: Атлантын стандарт цаг
        daylight: Атлантын зуны цаг
    Australia_Central:
      long:
        generic: Төв Австралийн цаг
        standard: Төв Австралийн стандарт цаг
        daylight: Төв Австралийн зуны цаг
    Australia_CentralWestern:
      long:
        generic: Австралийн төв баруун эргийн цаг
        standard: Австралийн төв баруун эргийн стандарт цаг
        daylight: Австралийн төв баруун эргийн зуны цаг
    Australia_Eastern:
      long:
        generic: Зүүн Австралийн цаг
        standard: Австралийн зүүн эргийн стандарт цаг
        daylight: Австралийн зүүн эргийн зуны цаг
    Australia_Western:
      long:
        generic: Баруун Австралийн цаг
        standard: Австралийн баруун эргийн стандарт цаг
        daylight: Австралийн баруун эргийн зуны цаг
    Azerbaijan:
      long:
        generic: Азербайжаны цаг
        standard: Азербайжаны стандарт цаг
        daylight: Азербайжаны зуны цаг
    Azores:
      long:
        generic: Азорын цаг
        standard: Азорын стандарт цаг
        daylight: Азорын зуны цаг
    Bangladesh:
      long:
        generic: Бангладешийн цаг
        standard: Бангладешийн стандарт цаг
        daylight: Бангладешийн зуны цаг
    Bhutan:
      long:
        standard: Бутаны цаг
    Bolivia:
      long:
        standard: Боливийн цаг
    Brasilia:
      long:
        generic: Бразилийн цаг
        standard: Бразилийн стандарт цаг
        daylight: Бразилийн зуны цаг
    Brunei:
      long:
        standard: Бруней Даруссаламын цаг
    Cape_Verde:
      long:
        generic: Кабо-Вердийн цаг
        standard: Кабо-Вердийн стандарт цаг
        daylight: Кабо-Вердийн зуны цаг
    Chamorro:
      long:
        standard: Чаморрогийн цаг
    Chatham:
      long:
        generic: Чатемын цаг
        standard: Чатемын стандарт цаг
        daylight: Чатемын зуны цаг
    Chile:
      long:
        generic: Чилийн цаг
        standard: Чилийн стандарт цаг
        daylight: Чилийн зуны цаг
    China:
      long:
        generic: Хятадын цаг
        standard: Хятадын стандарт цаг
        daylight: Хятадын зуны цаг
    Christmas:
      long:
        standard: Крисмас арлын цаг
    Cocos:
      long:
        standard: Кокос арлын цаг
    Colombia:
      long:
        generic: Колумбын цаг
        standard: Колумбын стандарт цаг
        daylight: Колумбын зуны цаг
    Cook:
      long:
        generic: Күүкийн арлуудын цаг
        standard: Күүкийн арлуудын стандарт цаг
        daylight: Күүкийн арлуудын хагас зуны цаг
    Cuba:
      long:
        generic: Кубын цаг
        standard: Кубын стандарт цаг
        daylight: Кубын зуны цаг
    Davis:
      long:
        standard: Дэвисийн цаг
    DumontDUrville:
      long:
        standard: Дюмон д’Юрвилийн цаг
    East_Timor:
      long:
        standard: Зүүн Тиморын цаг
    Easter:
      long:
        generic: Зүүн Исландын цаг
        standard: Зүүн Исландын стандарт цаг
        daylight: Зүүн Исландын зуны цаг
    Ecuador:
      long:
        standard: Эквадорын цаг
    Europe_Central:
      long:
        generic: Төв Европын цаг
        standard: Төв Европын стандарт цаг
        daylight: Төв Европын зуны цаг
    Europe_Eastern:
      long:
        generic: Зүүн Европын цаг
        standard: Зүүн Европын стандарт цаг
        daylight: Зүүн Европын зуны цаг
    Europe_Further_Eastern:
      long:
        standard: Алс дорнод Европын цаг
    Europe_Western:
      long:
        generic: Баруун Европын цаг
        standard: Баруун Европын стандарт цаг
        daylight: Баруун Европын зуны цаг
    Falkland:
      long:
        generic: Фолклендийн арлуудын цаг
        standard: Фолклендийн арлуудын стандарт цаг
        daylight: Фолклендийн арлуудын зуны цаг
    Fiji:
      long:
        generic: Фижигийн цаг
        standard: Фижигийн стандарт цаг
        daylight: Фижигийн зуны цаг
    French_Guiana:
      long:
        standard: Францын Гвианагийн цаг
    French_Southern:
      long:
        standard: Францын Өмнөд ба Антарктидийн цаг
    Galapagos:
      long:
        standard: Галапагосын цаг
    Gambier:
      long:
        standard: Гамбьегийн цаг
    Georgia:
      long:
        generic: Гүржийн цаг
        standard: Гүржийн стандарт цаг
        daylight: Гүржийн зуны цаг
    Gilbert_Islands:
      long:
        standard: Гильбертийн арлуудын цаг
    GMT:
      long:
        standard: Гринвичийн цаг
    Greenland_Eastern:
      long:
        generic: Зүүн Гренландын цаг
        standard: Зүүн Гренландын стандарт цаг
        daylight: Зүүн Гренландын зуны цаг
    Greenland_Western:
      long:
        generic: Баруун Гренландын цаг
        standard: Баруун Гренландын стандарт цаг
        daylight: Баруун Гренландын зуны цаг
    Gulf:
      long:
        standard: Персийн булангийн цаг
    Guyana:
      long:
        standard: Гайанагийн цаг
    Hawaii_Aleutian:
      long:
        generic: Хавай-Алеутын цаг
        standard: Хавай-Алеутын стандарт цаг
        daylight: Хавай-Алеутын зуны цаг
    Hong_Kong:
      long:
        generic: Хонг Конгийн цаг
        standard: Хонг Конгийн стандарт цаг
        daylight: Хонг Конгийн зуны цаг
    Hovd:
      long:
        generic: Ховдын цаг
        standard: Ховдын стандарт цаг
        daylight: Ховдын зуны цаг
    India:
      long:
        standard: Энэтхэгийн цаг
    Indian_Ocean:
      long:
        standard: Энэтхэгийн далайн цаг
    Indochina:
      long:
        standard: Энэтхэг-Хятадын хойгийн цаг
    Indonesia_Central:
      long:
        standard: Төв Индонезийн цаг
    Indonesia_Eastern:
      long:
        standard: Зүүн Индонезийн цаг
    Indonesia_Western:
      long:
        standard: Баруун Индонезийн цаг
    Iran:
      long:
        generic: Ираны цаг
        standard: Ираны стандарт цаг
        daylight: Ираны зуны цаг
    Irkutsk:
      long:
        generic: Эрхүүгийн цаг
        standard: Эрхүүгийн стандарт цаг
        daylight: Эрхүүгийн зуны цаг
    Israel:
      long:
        generic: Израилийн цаг
        standard: Израилийн стандарт цаг
        daylight: Израилийн зуны цаг
    Japan:
      long:
        generic: Японы цаг
        standard: Японы стандарт цаг
        daylight: Японы зуны цаг
    Kazakhstan:
      long:
        standard: Казахстаны цаг
    Kazakhstan_Eastern:
      long:
        standard: Зүүн Казахстаны цаг
    Kazakhstan_Western:
      long:
        standard: Баруун Казахстаны цаг
    Korea:
      long:
        generic: Солонгосын цаг
        standard: Солонгосын стандарт цаг
        daylight: Солонгосын зуны цаг
    Kosrae:
      long:
        standard: Косрэгийн цаг
    Krasnoyarsk:
      long:
        generic: Красноярскийн цаг
        standard: Красноярскийн стандарт цаг
        daylight: Красноярскийн зуны цаг
    Kyrgystan:
      long:
        standard: Киргизийн цаг
    Line_Islands:
      long:
        standard: Лайн арлуудын цаг
    Lord_Howe:
      long:
        generic: Лорд Хоугийн цаг
        standard: Лорд Хоугийн стандарт цаг
        daylight: Лорд Хоугийн зуны цаг
    Magadan:
      long:
        generic: Магаданы цаг
        standard: Магаданы стандарт цаг
        daylight: Магаданы зуны цаг
    Malaysia:
      long:
        standard: Малайзын цаг
    Maldives:
      long:
        standard: Мальдивийн цаг
    Marquesas:
      long:
        standard: Маркезын арлуудын цаг
    Marshall_Islands:
      long:
        standard: Маршаллын арлуудын цаг
    Mauritius:
      long:
        generic: Маврикийн цаг
        standard: Маврикийн стандарт цаг
        daylight: Маврикийн зуны цаг
    Mawson:
      long:
        standard: Моусоны цаг
    Mexico_Pacific:
      long:
        generic: Мексик-Номхон далайн цаг
        standard: Мексик-Номхон далайн стандарт цаг
        daylight: Мексик-Номхон далайн зуны цаг
    Mongolia:
      long:
        generic: Улаанбаатарын цаг
        standard: Улаанбаатарын стандарт цаг
        daylight: Улаанбаатарын зуны цаг
    Moscow:
      long:
        generic: Москвагийн цаг
        standard: Москвагийн стандарт цаг
        daylight: Москвагийн зуны цаг
    Myanmar:
      long:
        standard: Мьянмарын цаг
    Nauru:
      long:
        standard: Науругийн цаг
    Nepal:
      long:
        standard: Балбын цаг
    New_Caledonia:
      long:
        generic: Шинэ Каледонийн цаг
        standard: Шинэ Каледонийн стандарт цаг
        daylight: Шинэ Каледонийн зуны цаг
    New_Zealand:
      long:
        generic: Шинэ Зеландын цаг
        standard: Шинэ Зеландын стандарт цаг
        daylight: Шинэ Зеландын зуны цаг
    Newfoundland:
      long:
        generic: Нью-Фаундлендын цаг
        standard: Нью-Фаундлендын стандарт цаг
        daylight: Нью-Фаундлендын зуны цаг
    Niue:
      long:
        standard: Ниуэгийн цаг
    Norfolk:
      long:
        generic: Норфолк арлын цаг
        standard: Норфолк арлын стандарт цаг
        daylight: Норфолк арлын зуны цаг
    Noronha:
      long:
        generic: Фернандо де Норонагийн цаг
        standard: Фернандо де Норонагийн стандарт цаг
        daylight: Фернандо де Норонагийн зуны цаг
    Novosibirsk:
      long:
        generic: Новосибирскийн цаг
        standard: Новосибирскийн стандарт цаг
        daylight: Новосибирскийн зуны цаг
    Omsk:
      long:
        generic: Омскийн цаг
        standard: Омскийн стандарт цаг
        daylight: Омскийн зуны цаг
    Pakistan:
      long:
        generic: Пакистаны цаг
        standard: Пакистаны стандарт цаг
        daylight: Пакистаны зуны цаг
    Palau:
      long:
        standard: Палаугийн цаг
    Papua_New_Guinea:
      long:
        standard: Папуа Шинэ Гвинейн цаг
    Paraguay:
      long:
        generic: Парагвайн цаг
        standard: Парагвайн стандарт цаг
        daylight: Парагвайн зуны цаг
    Peru:
      long:
        generic: Перугийн цаг
        standard: Перугийн стандарт цаг
        daylight: Перугийн зуны цаг
    Philippines:
      long:
        generic: Филиппиний цаг
        standard: Филиппиний стандарт цаг
        daylight: Филиппиний зуны цаг
    Phoenix_Islands:
      long:
        standard: Феникс арлын цаг
    Pierre_Miquelon:
      long:
        generic: Сент-Пьер ба Микелоны цаг
        standard: Сент-Пьер ба Микелоны стандарт цаг
        daylight: Сент-Пьер ба Микелоны зуны цаг
    Pitcairn:
      long:
        standard: Питкернийн цаг
    Ponape:
      long:
        standard: Понапегийн цаг
    Pyongyang:
      long:
        standard: Пёньяны цаг
    Reunion:
      long:
        standard: Реюнионы цаг
    Rothera:
      long:
        standard: Ротерагийн цаг
    Sakhalin:
      long:
        generic: Сахалины цаг
        standard: Сахалины стандарт цаг
        daylight: Сахалины зуны цаг
    Samoa:
      long:
        generic: Самоагийн цаг
        standard: Самоагийн стандарт цаг
        daylight: Самоагийн зуны цаг
    Seychelles:
      long:
        standard: Сейшелийн арлуудын цаг
    Singapore:
      long:
        standard: Сингапурын цаг
    Solomon:
      long:
        standard: Соломоны арлуудын цаг
    South_Georgia:
      long:
        standard: Өмнөд Жоржиагийн цаг
    Suriname:
      long:
        standard: Суринамын цаг
    Syowa:
      long:
        standard: Сёвагийн цаг
    Tahiti:
      long:
        standard: Таитигийн цаг
    Taipei:
      long:
        generic: Тайпейн цаг
        standard: Тайпейн стандарт цаг
        daylight: Тайпейн зуны цаг
    Tajikistan:
      long:
        standard: Тажикистаны цаг
    Tokelau:
      long:
        standard: Токелаугийн цаг
    Tonga:
      long:
        generic: Тонгагийн цаг
        standard: Тонгагийн стандарт цаг
        daylight: Тонгагийн зуны цаг
    Truk:
      long:
        standard: Чүүкийн цаг
    Turkmenistan:
      long:
        generic: Туркменистаны цаг
        standard: Туркменистаны стандарт цаг
        daylight: Туркменистаны зуны цаг
    Tuvalu:
      long:
        standard: Тувалугийн цаг
    Uruguay:
      long:
        generic: Уругвайн цаг
        standard: Уругвайн стандарт цаг
        daylight: Уругвайн зуны цаг
    Uzbekistan:
      long:
        generic: Узбекистаны цаг
        standard: Узбекистаны стандарт цаг
        daylight: Узбекистаны зуны цаг
    Vanuatu:
      long:
        generic: Вануатугийн цаг
        standard: Вануатугийн стандарт цаг
        daylight: Вануатугийн зуны цаг
    Venezuela:
      long:
        standard: Венесуэлийн цаг
    Vladivostok:
      long:
        generic: Владивостокийн цаг
        standard: Владивостокийн стандарт цаг
        daylight: Владивостокийн зуны цаг
    Volgograd:
      long:
        generic: Волгоградын цаг
        standard: Волгоградын стандарт цаг
        daylight: Волгоградын зуны цаг
    Vostok:
      long:
        standard: Востокийн цаг
    Wake:
      long:
        standard: Уэкийн арлуудын цаг
    Wallis:
      long:
        standard: Уоллис ба Футунагийн цаг
    Yakutsk:
      long:
        generic: Якутын цаг
        standard: Якутын стандарт цаг
        daylight: Якутын зуны цаг
    Yekaterinburg:
      long:
        generic: Екатеринбургийн цаг
        standard: Екатеринбургийн стандарт цаг
        daylight: Екатеринбургийн зуны цаг
    Yukon:
      long:
        standard: Юкон цагийн бүс
