---
locale: pl
generated_at: '2025-09-19T10:42:56Z'
cldr_version: '46'
timezone_names:
  formats:
    region_format: 'czas: {0}'
    region_format_daylight: "{0} (czas letni)"
    region_format_standard: "{0} (czas standardowy)"
  zones:
    Pacific/Honolulu:
      exemplar_city: Honolulu
    Etc/UTC:
      long:
        standard: uniwersalny czas koordynowany
    Etc/Unknown:
      exemplar_city: Nieznane miasto
    Europe/Andorra:
      exemplar_city: Andora
    Asia/Dubai:
      exemplar_city: Dubaj
    Europe/Tirane:
      exemplar_city: Tirana
    Asia/Yerevan:
      exemplar_city: Erywań
    Antarctica/Vostok:
      exemplar_city: Wostok
    America/Cordoba:
      exemplar_city: Córdoba
    Europe/Vienna:
      exemplar_city: Wiedeń
    Europe/Mariehamn:
      exemplar_city: Maarianhamina
    Europe/Sarajevo:
      exemplar_city: Sarajewo
    Europe/Brussels:
      exemplar_city: Bruksela
    Africa/Ouagadougou:
      exemplar_city: Wagadugu
    Asia/Bahrain:
      exemplar_city: Bahrajn
    Africa/Bujumbura:
      exemplar_city: Bużumbura
    Africa/Porto-Novo:
      exemplar_city: Porto Novo
    America/St_Barthelemy:
      exemplar_city: Saint-Barthélemy
    Atlantic/Bermuda:
      exemplar_city: Bermudy
    America/Cuiaba:
      exemplar_city: Cuiabá
    America/Belem:
      exemplar_city: Belém
    America/Bahia:
      exemplar_city: Salvador
    America/Maceio:
      exemplar_city: Maceió
    Europe/Minsk:
      exemplar_city: Mińsk
    Indian/Cocos:
      exemplar_city: Wyspy Kokosowe
    Africa/Kinshasa:
      exemplar_city: Kinszasa
    Africa/Bangui:
      exemplar_city: Bangi
    Europe/Zurich:
      exemplar_city: Zurych
    Africa/Abidjan:
      exemplar_city: Abidżan
    Pacific/Easter:
      exemplar_city: Wyspa Wielkanocna
    Africa/Douala:
      exemplar_city: Duala
    Asia/Urumqi:
      exemplar_city: Urumczi
    Asia/Shanghai:
      exemplar_city: Szanghaj
    America/Costa_Rica:
      exemplar_city: Kostaryka
    America/Havana:
      exemplar_city: Hawana
    Atlantic/Cape_Verde:
      exemplar_city: Republika Zielonego Przylądka
    Indian/Christmas:
      exemplar_city: Wyspa Bożego Narodzenia
    Asia/Nicosia:
      exemplar_city: Nikozja
    Europe/Prague:
      exemplar_city: Praga
    Europe/Busingen:
      exemplar_city: Büsingen am Hochrhein
    Africa/Djibouti:
      exemplar_city: Dżibuti
    Europe/Copenhagen:
      exemplar_city: Kopenhaga
    America/Dominica:
      exemplar_city: Dominika
    Africa/Algiers:
      exemplar_city: Algier
    Europe/Tallinn:
      exemplar_city: Tallin
    Africa/Cairo:
      exemplar_city: Kair
    Africa/El_Aaiun:
      exemplar_city: Al-Ujun
    Atlantic/Canary:
      exemplar_city: Wyspy Kanaryjskie
    Europe/Madrid:
      exemplar_city: Madryt
    Africa/Addis_Ababa:
      exemplar_city: Addis Abeba
    Pacific/Fiji:
      exemplar_city: Fidżi
    Atlantic/Faeroe:
      exemplar_city: Wyspy Owcze
    Europe/Paris:
      exemplar_city: Paryż
    Europe/London:
      exemplar_city: Londyn
      long:
        daylight: Brytyjski czas letni
    America/Cayenne:
      exemplar_city: Kajenna
    Africa/Accra:
      exemplar_city: Akra
    America/Thule:
      exemplar_city: Qaanaaq
    Africa/Banjul:
      exemplar_city: Bandżul
    Africa/Conakry:
      exemplar_city: Konakry
    America/Guadeloupe:
      exemplar_city: Gwadelupa
    Europe/Athens:
      exemplar_city: Ateny
    Atlantic/South_Georgia:
      exemplar_city: Georgia Południowa
    America/Guatemala:
      exemplar_city: Gwatemala
    America/Guyana:
      exemplar_city: Gujana
    Asia/Hong_Kong:
      exemplar_city: Hongkong
    Europe/Zagreb:
      exemplar_city: Zagrzeb
    Europe/Budapest:
      exemplar_city: Budapeszt
    Asia/Jakarta:
      exemplar_city: Dżakarta
    Europe/Dublin:
      long:
        daylight: Irlandia (czas letni)
    Asia/Jerusalem:
      exemplar_city: Jerozolima
    Europe/Isle_of_Man:
      exemplar_city: Wyspa Man
    Asia/Calcutta:
      exemplar_city: Kalkuta
    Indian/Chagos:
      exemplar_city: Czagos
    Asia/Baghdad:
      exemplar_city: Bagdad
    Asia/Tehran:
      exemplar_city: Teheran
    Europe/Rome:
      exemplar_city: Rzym
    America/Jamaica:
      exemplar_city: Jamajka
    Asia/Tokyo:
      exemplar_city: Tokio
    Asia/Bishkek:
      exemplar_city: Biszkek
    Pacific/Enderbury:
      exemplar_city: Enderbury
    Indian/Comoro:
      exemplar_city: Komory
    America/St_Kitts:
      exemplar_city: Saint Kitts
    Asia/Pyongyang:
      exemplar_city: Pjongjang
    Asia/Seoul:
      exemplar_city: Seul
    Asia/Kuwait:
      exemplar_city: Kuwejt
    America/Cayman:
      exemplar_city: Kajmany
    Asia/Aqtau:
      exemplar_city: Aktau
    Asia/Oral:
      exemplar_city: Uralsk
    Asia/Aqtobe:
      exemplar_city: Aktiubińsk
    Asia/Qostanay:
      exemplar_city: Kustanaj
    Asia/Qyzylorda:
      exemplar_city: Kyzyłorda
    Asia/Almaty:
      exemplar_city: Ałmaty
    Asia/Vientiane:
      exemplar_city: Wientian
    Asia/Beirut:
      exemplar_city: Bejrut
    America/St_Lucia:
      exemplar_city: Saint Lucia
    Asia/Colombo:
      exemplar_city: Kolombo
    Europe/Vilnius:
      exemplar_city: Wilno
    Europe/Luxembourg:
      exemplar_city: Luksemburg
    Europe/Riga:
      exemplar_city: Ryga
    Africa/Tripoli:
      exemplar_city: Trypolis
    Europe/Monaco:
      exemplar_city: Monako
    Europe/Chisinau:
      exemplar_city: Kiszyniów
    Indian/Antananarivo:
      exemplar_city: Antananarywa
    Asia/Rangoon:
      exemplar_city: Rangun
    Asia/Hovd:
      exemplar_city: Kobdo
    Asia/Ulaanbaatar:
      exemplar_city: Ułan Bator
    Asia/Macau:
      exemplar_city: Makau
    America/Martinique:
      exemplar_city: Martynika
    Africa/Nouakchott:
      exemplar_city: Nawakszut
    Indian/Maldives:
      exemplar_city: Malediwy
    America/Bahia_Banderas:
      exemplar_city: Bahia Banderas
    America/Mexico_City:
      exemplar_city: Meksyk (miasto)
    America/Merida:
      exemplar_city: Merida
    Africa/Windhoek:
      exemplar_city: Windhuk
    Pacific/Noumea:
      exemplar_city: Numea
    Asia/Katmandu:
      exemplar_city: Katmandu
    Asia/Muscat:
      exemplar_city: Maskat
    Pacific/Marquesas:
      exemplar_city: Markizy
    Pacific/Gambier:
      exemplar_city: Wyspy Gambiera
    Pacific/Bougainville:
      exemplar_city: Wyspa Bougainville’a
    Asia/Karachi:
      exemplar_city: Karaczi
    Europe/Warsaw:
      exemplar_city: Warszawa
    America/Puerto_Rico:
      exemplar_city: Portoryko
    Atlantic/Azores:
      exemplar_city: Azory
    Atlantic/Madeira:
      exemplar_city: Madera
    Europe/Lisbon:
      exemplar_city: Lizbona
    Asia/Qatar:
      exemplar_city: Katar
    Europe/Bucharest:
      exemplar_city: Bukareszt
    Europe/Belgrade:
      exemplar_city: Belgrad
    Europe/Moscow:
      exemplar_city: Moskwa
    Europe/Volgograd:
      exemplar_city: Wołgograd
    Europe/Saratov:
      exemplar_city: Saratów
    Europe/Astrakhan:
      exemplar_city: Astrachań
    Europe/Ulyanovsk:
      exemplar_city: Uljanowsk
    Europe/Kirov:
      exemplar_city: Kirow
    Asia/Yekaterinburg:
      exemplar_city: Jekaterynburg
    Asia/Novosibirsk:
      exemplar_city: Nowosybirsk
    Asia/Barnaul:
      exemplar_city: Barnauł
    Asia/Novokuznetsk:
      exemplar_city: Nowokuźnieck
    Asia/Krasnoyarsk:
      exemplar_city: Krasnojarsk
    Asia/Irkutsk:
      exemplar_city: Irkuck
    Asia/Chita:
      exemplar_city: Czyta
    Asia/Yakutsk:
      exemplar_city: Jakuck
    Asia/Vladivostok:
      exemplar_city: Władywostok
    Asia/Khandyga:
      exemplar_city: Chandyga
    Asia/Sakhalin:
      exemplar_city: Sachalin
    Asia/Ust-Nera:
      exemplar_city: Ust-Niera
    Asia/Srednekolymsk:
      exemplar_city: Sriedniekołymsk
    Asia/Kamchatka:
      exemplar_city: Kamczatka
    Asia/Riyadh:
      exemplar_city: Rijad
    Indian/Mahe:
      exemplar_city: Mahé
    Africa/Khartoum:
      exemplar_city: Chartum
    Europe/Stockholm:
      exemplar_city: Sztokholm
    Asia/Singapore:
      exemplar_city: Singapur
    Atlantic/St_Helena:
      exemplar_city: Święta Helena
    Europe/Ljubljana:
      exemplar_city: Lublana
    Europe/Bratislava:
      exemplar_city: Bratysława
    Africa/Mogadishu:
      exemplar_city: Mogadiszu
    Africa/Juba:
      exemplar_city: Dżuba
    America/El_Salvador:
      exemplar_city: Salwador
    Asia/Damascus:
      exemplar_city: Damaszek
    Africa/Ndjamena:
      exemplar_city: Ndżamena
    Indian/Kerguelen:
      exemplar_city: Wyspy Kerguelena
    Africa/Lome:
      exemplar_city: Lomé
    Asia/Dushanbe:
      exemplar_city: Duszanbe
    Asia/Ashgabat:
      exemplar_city: Aszchabad
    Europe/Istanbul:
      exemplar_city: Stambuł
    America/Port_of_Spain:
      exemplar_city: Port-of-Spain
    Asia/Taipei:
      exemplar_city: Tajpej
    Europe/Kiev:
      exemplar_city: Kijów
    Europe/Simferopol:
      exemplar_city: Symferopol
    America/North_Dakota/Beulah:
      exemplar_city: Beulah, Dakota Północna
    America/North_Dakota/New_Salem:
      exemplar_city: New Salem, Dakota Północna
    America/North_Dakota/Center:
      exemplar_city: Center, Dakota Północna
    America/New_York:
      exemplar_city: Nowy Jork
    Asia/Samarkand:
      exemplar_city: Samarkanda
    Asia/Tashkent:
      exemplar_city: Taszkient
    Europe/Vatican:
      exemplar_city: Watykan
    America/St_Vincent:
      exemplar_city: Saint Vincent
    America/St_Thomas:
      exemplar_city: Saint Thomas
    Indian/Mayotte:
      exemplar_city: Majotta
  metazones:
    Afghanistan:
      long:
        standard: czas Afganistan
    Africa_Central:
      long:
        standard: czas środkowoafrykański
    Africa_Eastern:
      long:
        standard: czas wschodnioafrykański
    Africa_Southern:
      long:
        standard: czas południowoafrykański
    Africa_Western:
      long:
        generic: czas zachodnioafrykański
        standard: czas zachodnioafrykański standardowy
        daylight: czas zachodnioafrykański letni
    Alaska:
      long:
        generic: czas Alaska
        standard: Alaska (czas standardowy)
        daylight: Alaska (czas letni)
    Amazon:
      long:
        generic: czas amazoński
        standard: czas amazoński standardowy
        daylight: czas amazoński letni
    America_Central:
      long:
        generic: czas środkowoamerykański
        standard: czas środkowoamerykański standardowy
        daylight: czas środkowoamerykański letni
    America_Eastern:
      long:
        generic: czas wschodnioamerykański
        standard: czas wschodnioamerykański standardowy
        daylight: czas wschodnioamerykański letni
    America_Mountain:
      long:
        generic: czas górski
        standard: czas górski standardowy
        daylight: czas górski letni
    America_Pacific:
      long:
        generic: czas pacyficzny
        standard: czas pacyficzny standardowy
        daylight: czas pacyficzny letni
    Anadyr:
      long:
        generic: czas Anadyr
        standard: czas standardowy Anadyr
        daylight: czas Anadyr letni
    Apia:
      long:
        generic: czas Apia
        standard: Apia (czas standardowy)
        daylight: Apia (czas letni)
    Arabian:
      long:
        generic: czas Półwysep Arabski
        standard: Półwysep Arabski (czas standardowy)
        daylight: Półwysep Arabski (czas letni)
    Argentina:
      long:
        generic: czas Argentyna
        standard: Argentyna (czas standardowy)
        daylight: Argentyna (czas letni)
    Argentina_Western:
      long:
        generic: czas Argentyna Zachodnia
        standard: Argentyna Zachodnia (czas standardowy)
        daylight: Argentyna Zachodnia (czas letni)
    Armenia:
      long:
        generic: czas Armenia
        standard: Armenia (czas standardowy)
        daylight: Armenia (czas letni)
    Atlantic:
      long:
        generic: czas atlantycki
        standard: czas atlantycki standardowy
        daylight: czas atlantycki letni
    Australia_Central:
      long:
        generic: czas środkowoaustralijski
        standard: czas środkowoaustralijski standardowy
        daylight: czas środkowoaustralijski letni
    Australia_CentralWestern:
      long:
        generic: czas środkowo-zachodnioaustralijski
        standard: czas środkowo-zachodnioaustralijski standardowy
        daylight: czas środkowo-zachodnioaustralijski letni
    Australia_Eastern:
      long:
        generic: czas wschodnioaustralijski
        standard: czas wschodnioaustralijski standardowy
        daylight: czas wschodnioaustralijski letni
    Australia_Western:
      long:
        generic: czas zachodnioaustralijski
        standard: czas zachodnioaustralijski standardowy
        daylight: czas zachodnioaustralijski letni
    Azerbaijan:
      long:
        generic: czas Azerbejdżan
        standard: Azerbejdżan (czas standardowy)
        daylight: Azerbejdżan (czas letni)
    Azores:
      long:
        generic: czas Azory
        standard: Azory (czas standardowy)
        daylight: Azory (czas letni)
    Bangladesh:
      long:
        generic: czas Bangladesz
        standard: Bangladesz (czas standardowy)
        daylight: Bangladesz (czas letni)
    Bhutan:
      long:
        standard: czas Bhutan
    Bolivia:
      long:
        standard: czas Boliwia
    Brasilia:
      long:
        generic: czas Brasília
        standard: Brasília (czas standardowy)
        daylight: Brasília (czas letni)
    Brunei:
      long:
        standard: czas Brunei
    Cape_Verde:
      long:
        generic: czas Wyspy Zielonego Przylądka
        standard: Wyspy Zielonego Przylądka (czas standardowy)
        daylight: Wyspy Zielonego Przylądka (czas letni)
    Chamorro:
      long:
        standard: czas Czamorro
    Chatham:
      long:
        generic: czas Chatham
        standard: Chatham (czas standardowy)
        daylight: Chatham (czas letni)
    Chile:
      long:
        generic: czas Chile
        standard: Chile (czas standardowy)
        daylight: Chile (czas letni)
    China:
      long:
        generic: czas Chiny
        standard: Chiny (czas standardowy)
        daylight: Chiny (czas letni)
    Christmas:
      long:
        standard: czas Wyspa Bożego Narodzenia
    Cocos:
      long:
        standard: czas Wyspy Kokosowe
    Colombia:
      long:
        generic: czas Kolumbia
        standard: Kolumbia (czas standardowy)
        daylight: Kolumbia (czas letni)
    Cook:
      long:
        generic: czas Wyspy Cooka
        standard: Wyspy Cooka (czas standardowy)
        daylight: Wyspy Cooka (czas letni)
    Cuba:
      long:
        generic: czas Kuba
        standard: Kuba (czas standardowy)
        daylight: Kuba (czas letni)
    Davis:
      long:
        standard: czas Davis
    DumontDUrville:
      long:
        standard: czas Dumont-d’Urville
    East_Timor:
      long:
        standard: czas Timor Wschodni
    Easter:
      long:
        generic: czas Wyspa Wielkanocna
        standard: Wyspa Wielkanocna (czas standardowy)
        daylight: Wyspa Wielkanocna (czas letni)
    Ecuador:
      long:
        standard: czas Ekwador
    Europe_Central:
      short:
        generic: CET
        standard: CET
        daylight: CEST
      long:
        generic: czas środkowoeuropejski
        standard: czas środkowoeuropejski standardowy
        daylight: czas środkowoeuropejski letni
    Europe_Eastern:
      short:
        generic: EET
        standard: EET
        daylight: EEST
      long:
        generic: czas wschodnioeuropejski
        standard: czas wschodnioeuropejski standardowy
        daylight: czas wschodnioeuropejski letni
    Europe_Further_Eastern:
      long:
        standard: czas wschodnioeuropejski dalszy
    Europe_Western:
      short:
        generic: WET
        standard: WET
        daylight: WEST
      long:
        generic: czas zachodnioeuropejski
        standard: czas zachodnioeuropejski standardowy
        daylight: czas zachodnioeuropejski letni
    Falkland:
      long:
        generic: czas Falklandy
        standard: Falklandy (czas standardowy)
        daylight: Falklandy (czas letni)
    Fiji:
      long:
        generic: czas Fidżi
        standard: Fidżi (czas standardowy)
        daylight: Fidżi (czas letni)
    French_Guiana:
      long:
        standard: czas Gujana Francuska
    French_Southern:
      long:
        standard: czas Francuskie Terytoria Południowe i Antarktyczne
    Galapagos:
      long:
        standard: czas Galapagos
    Gambier:
      long:
        standard: czas Wyspy Gambiera
    Georgia:
      long:
        generic: czas Gruzja
        standard: Gruzja (czas standardowy)
        daylight: Gruzja (czas letni)
    Gilbert_Islands:
      long:
        standard: czas Wyspy Gilberta
    GMT:
      long:
        standard: czas uniwersalny
    Greenland_Eastern:
      long:
        generic: czas Grenlandia Wschodnia
        standard: Grenlandia Wschodnia (czas standardowy)
        daylight: Grenlandia Wschodnia (czas letni)
    Greenland_Western:
      long:
        generic: czas Grenlandia Zachodnia
        standard: Grenlandia Zachodnia (czas standardowy)
        daylight: Grenlandia Zachodnia (czas letni)
    Gulf:
      long:
        standard: czas Zatoka Perska
    Guyana:
      long:
        standard: czas Gujana
    Hawaii_Aleutian:
      long:
        generic: czas Hawaje-Aleuty
        standard: Hawaje-Aleuty (czas standardowy)
        daylight: Hawaje-Aleuty (czas letni)
    Hong_Kong:
      long:
        generic: czas Hongkong
        standard: Hongkong (czas standardowy)
        daylight: Hongkong (czas letni)
    Hovd:
      long:
        generic: czas Kobdo
        standard: Kobdo (czas standardowy)
        daylight: Kobdo (czas letni)
    India:
      long:
        standard: czas indyjski standardowy
    Indian_Ocean:
      long:
        standard: czas Ocean Indyjski
    Indochina:
      long:
        standard: czas indochiński
    Indonesia_Central:
      long:
        standard: czas Indonezja Środkowa
    Indonesia_Eastern:
      long:
        standard: czas Indonezja Wschodnia
    Indonesia_Western:
      long:
        standard: czas Indonezja Zachodnia
    Iran:
      long:
        generic: czas Iran
        standard: Iran (czas standardowy)
        daylight: Iran (czas letni)
    Irkutsk:
      long:
        generic: czas Irkuck
        standard: Irkuck (czas standardowy)
        daylight: Irkuck (czas letni)
    Israel:
      long:
        generic: czas Izrael
        standard: Izrael (czas standardowy)
        daylight: Izrael (czas letni)
    Japan:
      long:
        generic: czas Japonia
        standard: Japonia (czas standardowy)
        daylight: Japonia (czas letni)
    Kamchatka:
      long:
        generic: czas Pietropawłowsk Kamczacki
        standard: czas standardowy Pietropawłowsk Kamczacki
        daylight: czas Pietropawłowsk Kamczacki letni
    Kazakhstan:
      long:
        standard: czas Kazachstan
    Kazakhstan_Eastern:
      long:
        standard: czas Kazachstan Wschodni
    Kazakhstan_Western:
      long:
        standard: czas Kazachstan Zachodni
    Korea:
      long:
        generic: czas Korea
        standard: Korea (czas standardowy)
        daylight: Korea (czas letni)
    Kosrae:
      long:
        standard: czas Kosrae
    Krasnoyarsk:
      long:
        generic: czas Krasnojarsk
        standard: Krasnojarsk (czas standardowy)
        daylight: Krasnojarsk (czas letni)
    Kyrgystan:
      long:
        standard: czas Kirgistan
    Line_Islands:
      long:
        standard: czas Line Islands
    Lord_Howe:
      long:
        generic: czas Lord Howe
        standard: Lord Howe (czas standardowy)
        daylight: Lord Howe (czas letni)
    Magadan:
      long:
        generic: czas Magadan
        standard: Magadan (czas standardowy)
        daylight: Magadan (czas letni)
    Malaysia:
      long:
        standard: czas Malezja
    Maldives:
      long:
        standard: czas Malediwy
    Marquesas:
      long:
        standard: czas Markizy
    Marshall_Islands:
      long:
        standard: czas Wyspy Marshalla
    Mauritius:
      long:
        generic: czas Mauritius
        standard: Mauritius (czas standardowy)
        daylight: Mauritius (czas letni)
    Mawson:
      long:
        standard: czas Mawson
    Mexico_Pacific:
      long:
        generic: Meksyk (czas pacyficzny)
        standard: Meksyk (czas pacyficzny standardowy)
        daylight: Meksyk (czas pacyficzny letni)
    Mongolia:
      long:
        generic: czas Ułan Bator
        standard: Ułan Bator (czas standardowy)
        daylight: Ułan Bator (czas letni)
    Moscow:
      long:
        generic: czas Moskwa
        standard: Moskwa (czas standardowy)
        daylight: Moskwa (czas letni)
    Myanmar:
      long:
        standard: czas Mjanma
    Nauru:
      long:
        standard: czas Nauru
    Nepal:
      long:
        standard: czas Nepal
    New_Caledonia:
      long:
        generic: czas Nowa Kaledonia
        standard: Nowa Kaledonia (czas standardowy)
        daylight: Nowa Kaledonia (czas letni)
    New_Zealand:
      long:
        generic: czas Nowa Zelandia
        standard: Nowa Zelandia (czas standardowy)
        daylight: Nowa Zelandia (czas letni)
    Newfoundland:
      long:
        generic: czas Nowa Fundlandia
        standard: Nowa Fundlandia (czas standardowy)
        daylight: Nowa Fundlandia (czas letni)
    Niue:
      long:
        standard: czas Niue
    Norfolk:
      long:
        generic: czas Norfolk
        standard: Norfolk (czas standardowy)
        daylight: Norfolk (czas letni)
    Noronha:
      long:
        generic: czas Fernando de Noronha
        standard: Fernando de Noronha (czas standardowy)
        daylight: Fernando de Noronha (czas letni)
    Novosibirsk:
      long:
        generic: czas Nowosybirsk
        standard: Nowosybirsk (czas standardowy)
        daylight: Nowosybirsk (czas letni)
    Omsk:
      long:
        generic: czas Omsk
        standard: Omsk (czas standardowy)
        daylight: Omsk (czas letni)
    Pakistan:
      long:
        generic: czas Pakistan
        standard: Pakistan (czas standardowy)
        daylight: Pakistan (czas letni)
    Palau:
      long:
        standard: czas Palau
    Papua_New_Guinea:
      long:
        standard: czas Papua-Nowa Gwinea
    Paraguay:
      long:
        generic: czas Paragwaj
        standard: Paragwaj (czas standardowy)
        daylight: Paragwaj (czas letni)
    Peru:
      long:
        generic: czas Peru
        standard: Peru (czas standardowy)
        daylight: Peru (czas letni)
    Philippines:
      long:
        generic: czas Filipiny
        standard: Filipiny (czas standardowy)
        daylight: Filipiny (czas letni)
    Phoenix_Islands:
      long:
        standard: czas Feniks
    Pierre_Miquelon:
      long:
        generic: czas Saint-Pierre i Miquelon
        standard: Saint-Pierre i Miquelon (czas standardowy)
        daylight: Saint-Pierre i Miquelon (czas letni)
    Pitcairn:
      long:
        standard: czas Pitcairn
    Ponape:
      long:
        standard: czas Pohnpei
    Pyongyang:
      long:
        standard: czas Pjongjang
    Reunion:
      long:
        standard: czas Reunion
    Rothera:
      long:
        standard: czas Rothera
    Sakhalin:
      long:
        generic: czas Sachalin
        standard: Sachalin (czas standardowy)
        daylight: Sachalin (czas letni)
    Samara:
      long:
        generic: czas Samara
        standard: czas standardowy Samara
        daylight: czas Samara letni
    Samoa:
      long:
        generic: czas Samoa
        standard: Samoa (czas standardowy)
        daylight: Samoa (czas letni)
    Seychelles:
      long:
        standard: czas Seszele
    Singapore:
      long:
        standard: czas Singapur
    Solomon:
      long:
        standard: czas Wyspy Salomona
    South_Georgia:
      long:
        standard: czas Georgia Południowa
    Suriname:
      long:
        standard: czas Surinam
    Syowa:
      long:
        standard: czas Syowa
    Tahiti:
      long:
        standard: czas Tahiti
    Taipei:
      long:
        generic: czas Tajpej
        standard: Tajpej (czas standardowy)
        daylight: Tajpej (czas letni)
    Tajikistan:
      long:
        standard: czas Tadżykistan
    Tokelau:
      long:
        standard: czas Tokelau
    Tonga:
      long:
        generic: czas Tonga
        standard: Tonga (czas standardowy)
        daylight: Tonga (czas letni)
    Truk:
      long:
        standard: czas Chuuk
    Turkmenistan:
      long:
        generic: czas Turkmenistan
        standard: Turkmenistan (czas standardowy)
        daylight: Turkmenistan (czas letni)
    Tuvalu:
      long:
        standard: czas Tuvalu
    Uruguay:
      long:
        generic: czas Urugwaj
        standard: Urugwaj (czas standardowy)
        daylight: Urugwaj (czas letni)
    Uzbekistan:
      long:
        generic: czas Uzbekistan
        standard: Uzbekistan (czas standardowy)
        daylight: Uzbekistan (czas letni)
    Vanuatu:
      long:
        generic: czas Vanuatu
        standard: Vanuatu (czas standardowy)
        daylight: Vanuatu (czas letni)
    Venezuela:
      long:
        standard: czas Wenezuela
    Vladivostok:
      long:
        generic: czas Władywostok
        standard: Władywostok (czas standardowy)
        daylight: Władywostok (czas letni)
    Volgograd:
      long:
        generic: czas Wołgograd
        standard: Wołgograd (czas standardowy)
        daylight: Wołgograd (czas letni)
    Vostok:
      long:
        standard: czas Wostok
    Wake:
      long:
        standard: czas Wake
    Wallis:
      long:
        standard: czas Wallis i Futuna
    Yakutsk:
      long:
        generic: czas Jakuck
        standard: Jakuck (czas standardowy)
        daylight: Jakuck (czas letni)
    Yekaterinburg:
      long:
        generic: czas Jekaterynburg
        standard: Jekaterynburg (czas standardowy)
        daylight: Jekaterynburg (czas letni)
    Yukon:
      long:
        standard: czas Jukon
