---
locale: ml
generated_at: '2025-09-15T06:26:40Z'
cldr_version: '46'
timezone_names:
  formats:
    gmt_format: ജിഎംടി {0}
    region_format: "{0} സമയം"
    region_format_daylight: "{0} ഡേലൈറ്റ് സമയം"
    region_format_standard: "{0} സ്റ്റാൻഡേർഡ് സമയം"
  zones:
    Pacific/Honolulu:
      exemplar_city: ഹോണലൂലു
    Etc/UTC:
      long:
        standard: കോർഡിനേറ്റഡ് യൂണിവേഴ്‌സൽ സമയം
    Etc/Unknown:
      exemplar_city: അജ്ഞാത നഗരം
    Europe/Andorra:
      exemplar_city: അണ്ടോറ
    Asia/Dubai:
      exemplar_city: ദുബായ്
    Asia/Kabul:
      exemplar_city: കാബൂൾ
    America/Antigua:
      exemplar_city: ആൻറിഗ്വ
    America/Anguilla:
      exemplar_city: ആൻഗ്വില്ല
    Europe/Tirane:
      exemplar_city: ടിരാനെ
    Asia/Yerevan:
      exemplar_city: യേരവൻ‌
    Africa/Luanda:
      exemplar_city: ലുവാൻഡ
    Antarctica/Rothera:
      exemplar_city: റൊതീറ
    Antarctica/Palmer:
      exemplar_city: പാമർ
    Antarctica/Troll:
      exemplar_city: ട്രോൾ
    Antarctica/Syowa:
      exemplar_city: സ്യോവ
    Antarctica/Mawson:
      exemplar_city: മാവ്സൺ
    Antarctica/Davis:
      exemplar_city: ഡെയ്‌വിസ്
    Antarctica/Vostok:
      exemplar_city: വോസ്റ്റോക്
    Antarctica/Casey:
      exemplar_city: കാസെ
    Antarctica/DumontDUrville:
      exemplar_city: ഡ്യൂമണ്ട് ഡി യുർവിൽ
    Antarctica/McMurdo:
      exemplar_city: മാക്മർഡോ
    America/Argentina/Rio_Gallegos:
      exemplar_city: റിയോ ഗ്യാലഗോസ്
    America/Mendoza:
      exemplar_city: മെൻഡോസ
    America/Argentina/San_Juan:
      exemplar_city: സാൻ ജുവാൻ
    America/Argentina/Ushuaia:
      exemplar_city: ഉഷിയ
    America/Argentina/La_Rioja:
      exemplar_city: ലാ റിയോജ
    America/Argentina/San_Luis:
      exemplar_city: സാൻ ലൂയിസ്
    America/Catamarca:
      exemplar_city: "‍ക്യാറ്റമാർക്ക"
    America/Argentina/Salta:
      exemplar_city: സാൽട്ട
    America/Jujuy:
      exemplar_city: ജുജുയ്
    America/Argentina/Tucuman:
      exemplar_city: റ്റുകുമാൻ
    America/Cordoba:
      exemplar_city: കോർഡോബ
    America/Buenos_Aires:
      exemplar_city: ബ്യൂണസ് ഐറിസ്
    Pacific/Pago_Pago:
      exemplar_city: പാഗോ പാഗോ
    Europe/Vienna:
      exemplar_city: വിയന്ന
    Australia/Perth:
      exemplar_city: പെർത്ത്
    Australia/Eucla:
      exemplar_city: യൂക്ല
    Australia/Darwin:
      exemplar_city: ഡാർവിൻ
    Australia/Adelaide:
      exemplar_city: അഡിലെയ്‌ഡ്
    Australia/Broken_Hill:
      exemplar_city: ബ്രോക്കൺ ഹിൽ
    Australia/Melbourne:
      exemplar_city: മെൽബൺ
    Australia/Hobart:
      exemplar_city: ഹൊബാർട്ട്
    Australia/Lindeman:
      exemplar_city: ലിൻഡെമാൻ
    Australia/Sydney:
      exemplar_city: സിഡ്നി
    Australia/Brisbane:
      exemplar_city: ബ്രിസ്‌ബെയിൻ
    Antarctica/Macquarie:
      exemplar_city: മക്വയറി
    Australia/Lord_Howe:
      exemplar_city: ലോഡ് ഹോവ്
    America/Aruba:
      exemplar_city: അറൂബ
    Europe/Mariehamn:
      exemplar_city: മരിയാഹാമൻ
    Asia/Baku:
      exemplar_city: ബാക്കു
    Europe/Sarajevo:
      exemplar_city: സരയേവോ
    America/Barbados:
      exemplar_city: ബാർബഡോസ്
    Asia/Dhaka:
      exemplar_city: ധാക്ക
    Europe/Brussels:
      exemplar_city: ബ്രസ്സൽ‌സ്
    Africa/Ouagadougou:
      exemplar_city: ഔഗാദൗഗൗ
    Europe/Sofia:
      exemplar_city: സോഫിയ
    Asia/Bahrain:
      exemplar_city: ബഹ്റിൻ
    Africa/Bujumbura:
      exemplar_city: ബുജും‌ബുര
    Africa/Porto-Novo:
      exemplar_city: പോർ‌ട്ടോ-നോവോ
    America/St_Barthelemy:
      exemplar_city: സെന്റ് ബർത്തലെമി
    Atlantic/Bermuda:
      exemplar_city: ബർമുഡ
    Asia/Brunei:
      exemplar_city: ബ്രൂണൈ
    America/La_Paz:
      exemplar_city: ലാ പാസ്
    America/Kralendijk:
      exemplar_city: കാർലൻഡിജെക്ക്
    America/Eirunepe:
      exemplar_city: യെറുനീപ്പെ
    America/Rio_Branco:
      exemplar_city: റിയോ ബ്രാങ്കോ
    America/Porto_Velho:
      exemplar_city: പോർട്ടോ വെല്ലോ
    America/Boa_Vista:
      exemplar_city: ബോവ വിസ്റ്റ
    America/Manaus:
      exemplar_city: മനൗസ്
    America/Cuiaba:
      exemplar_city: കുയ്‌ബ
    America/Santarem:
      exemplar_city: സാന്ററെം
    America/Campo_Grande:
      exemplar_city: ക്യാമ്പോ ഗ്രാൻഡെ
    America/Belem:
      exemplar_city: ബെലം
    America/Araguaina:
      exemplar_city: അറഗ്വൈന
    America/Sao_Paulo:
      exemplar_city: സാവോപോളോ
    America/Bahia:
      exemplar_city: ബഹിയ
    America/Fortaleza:
      exemplar_city: ഫോർട്ടലീസ
    America/Maceio:
      exemplar_city: മാസിയോ
    America/Recife:
      exemplar_city: റെസീഫെ
    America/Noronha:
      exemplar_city: നൊറോന
    America/Nassau:
      exemplar_city: നാസൗ
    Asia/Thimphu:
      exemplar_city: തിംഫു
    Africa/Gaborone:
      exemplar_city: ഗാബറോൺ
    Europe/Minsk:
      exemplar_city: മിൻ‌സ്ക്
    America/Belize:
      exemplar_city: ബെലീസ്
    America/Dawson:
      exemplar_city: ഡോവ്സൺ
    America/Whitehorse:
      exemplar_city: വൈറ്റ്ഹോഴ്സ്
    America/Inuvik:
      exemplar_city: ഇനുവിക്
    America/Vancouver:
      exemplar_city: വാൻ‌കൂവർ
    America/Fort_Nelson:
      exemplar_city: ഫോർട്ട് നെൽസൺ
    America/Dawson_Creek:
      exemplar_city: ഡോവ്സൺ ക്രീക്ക്
    America/Creston:
      exemplar_city: ക്രെസ്റ്റൺ
    America/Edmonton:
      exemplar_city: എഡ്മോൺടൺ
    America/Swift_Current:
      exemplar_city: സ്വിഫ്‌റ്റ് കറന്റ്
    America/Cambridge_Bay:
      exemplar_city: കേംബ്രിഡ്‌ജ് ബേ
    America/Regina:
      exemplar_city: റിജീന
    America/Winnipeg:
      exemplar_city: വിന്നിപെഗ്
    America/Resolute:
      exemplar_city: റെസല്യൂട്ട്
    America/Rankin_Inlet:
      exemplar_city: റാങ്കിൻ ഇൻലെറ്റ്
    America/Coral_Harbour:
      exemplar_city: ഏറ്റികോക്കൺ
    America/Toronto:
      exemplar_city: ടൊറന്റോ
    America/Iqaluit:
      exemplar_city: ഇഖാലിത്
    America/Moncton:
      exemplar_city: മോംഗ്‌ടൻ
    America/Halifax:
      exemplar_city: ഹാലിഫാക്സ്
    America/Goose_Bay:
      exemplar_city: ഗൂസ് ബേ
    America/Glace_Bay:
      exemplar_city: ഗ്ലെയ്സ് ബേ
    America/Blanc-Sablon:
      exemplar_city: ബ്ലാങ്ക് സാബ്ലോൺ
    America/St_Johns:
      exemplar_city: സെന്റ് ജോൺസ്
    Indian/Cocos:
      exemplar_city: കോക്കോസ്
    Africa/Kinshasa:
      exemplar_city: കിൻഷാസ
    Africa/Lubumbashi:
      exemplar_city: ലൂബുംബാഷി
    Africa/Bangui:
      exemplar_city: ബംഗുയി
    Africa/Brazzaville:
      exemplar_city: ബ്രാസവിൽ
    Europe/Zurich:
      exemplar_city: സൂറിച്ച്
    Africa/Abidjan:
      exemplar_city: അബിദ്‌ജാൻ‌
    Pacific/Rarotonga:
      exemplar_city: റാരോടോംഗ
    Pacific/Easter:
      exemplar_city: ഈസ്റ്റർ
    America/Punta_Arenas:
      exemplar_city: പുന്റ അരീനസ്
    America/Santiago:
      exemplar_city: സാന്റിയാഗോ
    Africa/Douala:
      exemplar_city: ഡൗല
    Asia/Urumqi:
      exemplar_city: ഉറുംഖി
    Asia/Shanghai:
      exemplar_city: ഷാങ്‌ഹായി
    America/Bogota:
      exemplar_city: ബൊഗോട്ട
    America/Costa_Rica:
      exemplar_city: കോസ്റ്റ റിക്ക
    America/Havana:
      exemplar_city: ഹവാന
    Atlantic/Cape_Verde:
      exemplar_city: കേപ് വെർദെ
    America/Curacao:
      exemplar_city: കുറാക്കാവോ
    Indian/Christmas:
      exemplar_city: ക്രിസ്തുമസ്
    Asia/Nicosia:
      exemplar_city: നിക്കോഷ്യ
    Asia/Famagusta:
      exemplar_city: ഫാമഗുസ്‌റ്റ
    Europe/Prague:
      exemplar_city: പ്രാഗ്
    Europe/Busingen:
      exemplar_city: ബുസിൻജൻ
    Europe/Berlin:
      exemplar_city: ബെർ‌ലിൻ‌
    Africa/Djibouti:
      exemplar_city: ദിജിബൗട്ടി
    Europe/Copenhagen:
      exemplar_city: കോപ്പൻ‌ഹേഗൻ‌
    America/Dominica:
      exemplar_city: ഡൊമിനിക്ക
    America/Santo_Domingo:
      exemplar_city: സാന്തോ ഡോമിംഗോ
    Africa/Algiers:
      exemplar_city: അൾജിയേഴ്‌സ്
    Pacific/Galapagos:
      exemplar_city: ഗാലപ്പാഗോസ്
    America/Guayaquil:
      exemplar_city: ഗുവായക്വിൽ
    Europe/Tallinn:
      exemplar_city: ടാലിൻ‌
    Africa/Cairo:
      exemplar_city: കെയ്‌റോ
    Africa/El_Aaiun:
      exemplar_city: എൽ‌ ഐയുൻ‌
    Africa/Asmera:
      exemplar_city: അസ്‍മാര
    Atlantic/Canary:
      exemplar_city: ക്യാനറി
    Africa/Ceuta:
      exemplar_city: ക്യൂട്ട
    Europe/Madrid:
      exemplar_city: മാഡ്രിഡ്
    Africa/Addis_Ababa:
      exemplar_city: അഡിസ് അബാബ
    Europe/Helsinki:
      exemplar_city: ഹെൽ‌സിങ്കി
    Pacific/Fiji:
      exemplar_city: ഫിജി
    Atlantic/Stanley:
      exemplar_city: സ്റ്റാൻ‌ലി
    Pacific/Truk:
      exemplar_city: ചക്
    Pacific/Ponape:
      exemplar_city: പോൺപെ
    Pacific/Kosrae:
      exemplar_city: കൊസ്രേ
    Atlantic/Faeroe:
      exemplar_city: ഫെറോ
    Europe/Paris:
      exemplar_city: പാരീസ്
    Africa/Libreville:
      exemplar_city: ലിബ്രെവില്ല
    Europe/London:
      exemplar_city: ലണ്ടൻ‌
      long:
        daylight: ബ്രിട്ടീഷ് ഗ്രീഷ്‌മകാല സമയം
    America/Grenada:
      exemplar_city: ഗ്രനേഡ
    Asia/Tbilisi:
      exemplar_city: തിബിലിസി
    America/Cayenne:
      exemplar_city: കയീൻ‌
    Europe/Guernsey:
      exemplar_city: ഗേൺസേ
    Africa/Accra:
      exemplar_city: ആക്ര
    Europe/Gibraltar:
      exemplar_city: ജിബ്രാൾട്ടർ
    America/Thule:
      exemplar_city: തൂളി
    America/Godthab:
      exemplar_city: നൂക്ക്
    America/Scoresbysund:
      exemplar_city: ഇറ്റ്വാഖ്വാർടൂർമിറ്റ്
    America/Danmarkshavn:
      exemplar_city: ഡാൻമാർക്ക്ഷാവ്ൻ
    Africa/Banjul:
      exemplar_city: ബഞ്ചുൽ
    Africa/Conakry:
      exemplar_city: കൊണാക്രി
    America/Guadeloupe:
      exemplar_city: ഗ്വാഡലൂപ്പ്
    Africa/Malabo:
      exemplar_city: മലാബോ
    Europe/Athens:
      exemplar_city: ഏതൻ‌സ്
    Atlantic/South_Georgia:
      exemplar_city: ദക്ഷിണ ജോർജിയ
    America/Guatemala:
      exemplar_city: ഗ്വാട്ടിമാല
    Pacific/Guam:
      exemplar_city: ഗ്വാം
    Africa/Bissau:
      exemplar_city: ബിസ്സാവു
    America/Guyana:
      exemplar_city: ഗയാന
    Asia/Hong_Kong:
      exemplar_city: ഹോങ്കോംഗ്
    America/Tegucigalpa:
      exemplar_city: ടെഗൂസിഗാൽപ
    Europe/Zagreb:
      exemplar_city: സാക്രെബ്
    America/Port-au-Prince:
      exemplar_city: പോർട്ടോപ്രിൻസ്
    Europe/Budapest:
      exemplar_city: ബുഡാപെസ്റ്റ്
    Asia/Jakarta:
      exemplar_city: ജക്കാർത്ത
    Asia/Pontianak:
      exemplar_city: പൊന്റിയാനക്
    Asia/Makassar:
      exemplar_city: മകസ്സർ
    Asia/Jayapura:
      exemplar_city: ജയപുര
    Europe/Dublin:
      exemplar_city: ഡബ്ലിൻ
      long:
        daylight: ഐറിഷ് സ്റ്റാൻഡേർഡ് സമയം
    Asia/Jerusalem:
      exemplar_city: ജെറുസലേം
    Europe/Isle_of_Man:
      exemplar_city: ഐൽ‌ ഓഫ് മാൻ‌
    Asia/Calcutta:
      exemplar_city: കൊൽ‌ക്കത്ത
    Indian/Chagos:
      exemplar_city: ചാഗോസ്
    Asia/Baghdad:
      exemplar_city: ബാഗ്‌ദാദ്
    Asia/Tehran:
      exemplar_city: ടെഹ്‌റാൻ‌
    Atlantic/Reykjavik:
      exemplar_city: റേയ്‌ജാവിക്
    Europe/Rome:
      exemplar_city: റോം
    Europe/Jersey:
      exemplar_city: ജേഴ്‌സി
    America/Jamaica:
      exemplar_city: ജമൈക്ക
    Asia/Amman:
      exemplar_city: അമ്മാൻ‌
    Asia/Tokyo:
      exemplar_city: ടോക്കിയോ
    Africa/Nairobi:
      exemplar_city: നയ്‌റോബി
    Asia/Bishkek:
      exemplar_city: ബിഷ്‌കേക്
    Asia/Phnom_Penh:
      exemplar_city: ഫെനോം പെൻ
    Pacific/Enderbury:
      exemplar_city: എൻഡബറി
    Pacific/Kanton:
      exemplar_city: കാൻട്ടൻ
    Pacific/Kiritimati:
      exemplar_city: കിരിറ്റിമാറ്റി
    Pacific/Tarawa:
      exemplar_city: തരാവ
    Indian/Comoro:
      exemplar_city: കൊമോറോ
    America/St_Kitts:
      exemplar_city: സെന്റ് കിറ്റ്സ്
    Asia/Pyongyang:
      exemplar_city: പ്യോംഗ്‌യാംഗ്
    Asia/Seoul:
      exemplar_city: സോൾ
    Asia/Kuwait:
      exemplar_city: കുവൈത്ത്
    America/Cayman:
      exemplar_city: കേമാൻ
    Asia/Aqtau:
      exemplar_city: അക്തൗ
    Asia/Oral:
      exemplar_city: ഓറൽ
    Asia/Atyrau:
      exemplar_city: അറ്റിറോ
    Asia/Aqtobe:
      exemplar_city: അഖ്‌തോബ്
    Asia/Qostanay:
      exemplar_city: കോസ്റ്റനേ
    Asia/Qyzylorda:
      exemplar_city: ഖിസിലോർഡ
    Asia/Almaty:
      exemplar_city: അൽമാട്ടി
    Asia/Vientiane:
      exemplar_city: വെന്റിയാൻ
    Asia/Beirut:
      exemplar_city: ബെയ്‌റൂട്ട്
    America/St_Lucia:
      exemplar_city: സെന്റ് ലൂസിയ
    Europe/Vaduz:
      exemplar_city: വാദുസ്
    Asia/Colombo:
      exemplar_city: കൊളം‌ബോ
    Africa/Monrovia:
      exemplar_city: മൺ‌റോവിയ
    Africa/Maseru:
      exemplar_city: മസേറു
    Europe/Vilnius:
      exemplar_city: വിൽ‌നിയസ്
    Europe/Luxembourg:
      exemplar_city: ലക്‌സംബർഗ്
    Europe/Riga:
      exemplar_city: റിഗ
    Africa/Tripoli:
      exemplar_city: ട്രിപൊളി
    Africa/Casablanca:
      exemplar_city: കാസബ്ലാങ്ക
    Europe/Monaco:
      exemplar_city: മൊണാക്കോ
    Europe/Chisinau:
      exemplar_city: ചിസിനാവു
    Europe/Podgorica:
      exemplar_city: പൊഡ്‍ഗൊറിസ
    America/Marigot:
      exemplar_city: മാരിഗോ
    Indian/Antananarivo:
      exemplar_city: അൻറാനനറിവോ
    Pacific/Kwajalein:
      exemplar_city: ക്വാജലെയ്ൻ
    Pacific/Majuro:
      exemplar_city: മജൂറോ
    Europe/Skopje:
      exemplar_city: സ്കോപ്പിയെ
    Africa/Bamako:
      exemplar_city: ബമാകോ
    Asia/Rangoon:
      exemplar_city: റങ്കൂൺ‌
    Asia/Hovd:
      exemplar_city: ഹോഡ്
    Asia/Ulaanbaatar:
      exemplar_city: ഉലാൻബാത്തർ
    Asia/Macau:
      exemplar_city: മക്കാവു
    Pacific/Saipan:
      exemplar_city: സെയ്‌പ്പാൻ‌
    America/Martinique:
      exemplar_city: മാർട്ടിനിക്
    Africa/Nouakchott:
      exemplar_city: നൗവാക്‌ഷോട്ട്
    America/Montserrat:
      exemplar_city: മൊണ്ടെസരത്ത്
    Europe/Malta:
      exemplar_city: മാൾട്ട
    Indian/Mauritius:
      exemplar_city: മൗറീഷ്യസ്
    Indian/Maldives:
      exemplar_city: മാലിദ്വീപ്
    Africa/Blantyre:
      exemplar_city: ബ്ലാണ്ടെയർ‌
    America/Tijuana:
      exemplar_city: തിയുവാന
    America/Hermosillo:
      exemplar_city: ഹെർമോസില്ലോ
    America/Ciudad_Juarez:
      exemplar_city: സിയുഡാഡ് ഹുവാരസ്
    America/Mazatlan:
      exemplar_city: മസറ്റ്‌ലാൻ
    America/Chihuahua:
      exemplar_city: ചിഹ്വാഹ
    America/Bahia_Banderas:
      exemplar_city: ബഹിയ ബൻഡാരസ്
    America/Ojinaga:
      exemplar_city: ഒജിൻഗ
    America/Monterrey:
      exemplar_city: മോണ്ടെറി
    America/Mexico_City:
      exemplar_city: മെക്സിക്കോ സിറ്റി
    America/Matamoros:
      exemplar_city: മറ്റാമൊറോസ്
    America/Merida:
      exemplar_city: മെരിഡ
    America/Cancun:
      exemplar_city: കാൻകൂൺ
    Asia/Kuala_Lumpur:
      exemplar_city: ക്വാലലം‌പൂർ‌‌
    Asia/Kuching:
      exemplar_city: കുചിങ്
    Africa/Maputo:
      exemplar_city: മാപ്യുട്ടോ
    Africa/Windhoek:
      exemplar_city: വിൻഡ്‌ഹോക്
    Pacific/Noumea:
      exemplar_city: നോമിയ
    Africa/Niamey:
      exemplar_city: നിയാമി
    Pacific/Norfolk:
      exemplar_city: നോർ‌ഫോക്ക്
    Africa/Lagos:
      exemplar_city: ലാഗോസ്
    America/Managua:
      exemplar_city: മനാഗ്വ
    Europe/Amsterdam:
      exemplar_city: ആം‌സ്റ്റർ‌ഡാം
    Europe/Oslo:
      exemplar_city: ഓസ്ലോ
    Asia/Katmandu:
      exemplar_city: കാഠ്‌മണ്ഡു
    Pacific/Nauru:
      exemplar_city: നൗറു
    Pacific/Niue:
      exemplar_city: നിയു
    Pacific/Chatham:
      exemplar_city: ചാത്തം
    Pacific/Auckland:
      exemplar_city: ഓക്ക്‌ലാന്റ്
    Asia/Muscat:
      exemplar_city: മസ്കറ്റ്
    America/Panama:
      exemplar_city: പനാമ
    America/Lima:
      exemplar_city: ലിമ
    Pacific/Tahiti:
      exemplar_city: താഹിതി
    Pacific/Marquesas:
      exemplar_city: മാർക്യുസാസ്
    Pacific/Gambier:
      exemplar_city: ഗാമ്പിയർ
    Pacific/Port_Moresby:
      exemplar_city: പോർട്ട് മോഴ്‌സ്ബൈ
    Pacific/Bougainville:
      exemplar_city: ബോഗൺവില്ലെ
    Asia/Manila:
      exemplar_city: മനില
    Asia/Karachi:
      exemplar_city: കറാച്ചി
    Europe/Warsaw:
      exemplar_city: വാർസോ
    America/Miquelon:
      exemplar_city: മിക്വലൻ
    Pacific/Pitcairn:
      exemplar_city: പിറ്റ്കയിൻ‌
    America/Puerto_Rico:
      exemplar_city: പ്യൂർട്ടോ റിക്കോ
    Asia/Gaza:
      exemplar_city: ഗാസ
    Asia/Hebron:
      exemplar_city: ഹെബ്‌റോൺ
    Atlantic/Azores:
      exemplar_city: അസോറസ്
    Atlantic/Madeira:
      exemplar_city: മഡെയ്റ
    Europe/Lisbon:
      exemplar_city: ലിസ്‌ബൺ‌
    Pacific/Palau:
      exemplar_city: പലാവു
    America/Asuncion:
      exemplar_city: അസൻ‌ഷ്യൻ‌
    Asia/Qatar:
      exemplar_city: ഖത്തർ
    Indian/Reunion:
      exemplar_city: റീയൂണിയൻ
    Europe/Bucharest:
      exemplar_city: ബുച്ചാറെസ്റ്റ്
    Europe/Belgrade:
      exemplar_city: ബെൽഗ്രേഡ്
    Europe/Kaliningrad:
      exemplar_city: കലിനിൻഗ്രാഡ്
    Europe/Moscow:
      exemplar_city: മോസ്കോ
    Europe/Volgograd:
      exemplar_city: വോൾഗോഗ്രാഡ്
    Europe/Saratov:
      exemplar_city: സരാറ്റോവ്
    Europe/Astrakhan:
      exemplar_city: അസ്‌ട്രഖാൻ
    Europe/Ulyanovsk:
      exemplar_city: ഉല്ല്യാനോവ്‌സ്‌ക്
    Europe/Kirov:
      exemplar_city: കിറോ
    Europe/Samara:
      exemplar_city: സമാറ
    Asia/Yekaterinburg:
      exemplar_city: യാകാറ്റെറിൻബർഗ്
    Asia/Omsk:
      exemplar_city: ഒംസ്ക്
    Asia/Novosibirsk:
      exemplar_city: നൊവോസിബിർസ്ക്
    Asia/Barnaul:
      exemplar_city: ബർണോൽ
    Asia/Tomsk:
      exemplar_city: ടോംസ്ക്
    Asia/Novokuznetsk:
      exemplar_city: നോവോകുസെൻസ്‌ക്
    Asia/Krasnoyarsk:
      exemplar_city: ക്രാസ്നോയാസ്ക്
    Asia/Irkutsk:
      exemplar_city: ഇർകസ്ക്
    Asia/Chita:
      exemplar_city: ചീറ്റ
    Asia/Yakutsk:
      exemplar_city: യാക്കറ്റ്സ്‌ക്
    Asia/Vladivostok:
      exemplar_city: വ്ളാഡിവോസ്റ്റോക്
    Asia/Khandyga:
      exemplar_city: കാൻഡിഗ
    Asia/Sakhalin:
      exemplar_city: സഖാലിൻ
    Asia/Ust-Nera:
      exemplar_city: യുസ്-നേര
    Asia/Magadan:
      exemplar_city: മഗഡാൻ
    Asia/Srednekolymsk:
      exemplar_city: സ്രിഡ്‌നികോളിംസ്ക്
    Asia/Kamchatka:
      exemplar_city: കാംചട്ക
    Asia/Anadyr:
      exemplar_city: അനാഡിർ
    Africa/Kigali:
      exemplar_city: കിഗാലി
    Asia/Riyadh:
      exemplar_city: റിയാദ്
    Pacific/Guadalcanal:
      exemplar_city: ഗ്വാഡൽകനാൽ
    Indian/Mahe:
      exemplar_city: മാഹി
    Africa/Khartoum:
      exemplar_city: ഖാർ‌തൌം
    Europe/Stockholm:
      exemplar_city: സ്റ്റോക്ക്ഹോം
    Asia/Singapore:
      exemplar_city: സിംഗപ്പൂർ
    Atlantic/St_Helena:
      exemplar_city: സെന്റ് ഹെലെന
    Europe/Ljubljana:
      exemplar_city: ലുബ്‍ലിയാന
    Arctic/Longyearbyen:
      exemplar_city: ലംഗ്‍യെർബിൻ
    Europe/Bratislava:
      exemplar_city: ബ്രാട്ടിസ്‍ലാവ
    Africa/Freetown:
      exemplar_city: ഫ്രീടൗൺ
    Europe/San_Marino:
      exemplar_city: സാൻ മാരിനോ
    Africa/Dakar:
      exemplar_city: ഡാക്കർ‌
    Africa/Mogadishu:
      exemplar_city: മൊഗാദിഷു
    America/Paramaribo:
      exemplar_city: പരാമാരിബോ
    Africa/Juba:
      exemplar_city: ജുബ
    Africa/Sao_Tome:
      exemplar_city: സാവോ ടോം‌
    America/El_Salvador:
      exemplar_city: എൽ സാൽ‌വദോർ
    America/Lower_Princes:
      exemplar_city: ലോവർ പ്രിൻസസ് ക്വാർട്ടർ
    Asia/Damascus:
      exemplar_city: ദമാസ്കസ്
    Africa/Mbabane:
      exemplar_city: മബാബെയ്‌ൻ‌
    America/Grand_Turk:
      exemplar_city: ഗ്രാൻഡ് ടർക്ക്
    Africa/Ndjamena:
      exemplar_city: ജമെന
    Indian/Kerguelen:
      exemplar_city: കെർഗുലെൻ
    Africa/Lome:
      exemplar_city: ലോം
    Asia/Bangkok:
      exemplar_city: ബാങ്കോക്ക്
    Asia/Dushanbe:
      exemplar_city: ദുഷൻ‌ബെ
    Pacific/Fakaofo:
      exemplar_city: ഫക്കാവോഫോ
    Asia/Dili:
      exemplar_city: ദിലി
    Asia/Ashgabat:
      exemplar_city: ആഷ്‌ഗാബട്ട്
    Africa/Tunis:
      exemplar_city: ട്യൂണിസ്
    Pacific/Tongatapu:
      exemplar_city: ടോംഗാടാപു
    Europe/Istanbul:
      exemplar_city: ഇസ്താം‌ബുൾ‌
    America/Port_of_Spain:
      exemplar_city: പോർ‌ട്ട് ഓഫ് സ്‌പെയിൻ‌
    Pacific/Funafuti:
      exemplar_city: ഫുണാഫുട്ടി
    Asia/Taipei:
      exemplar_city: തായ്‌പെയ്
    Africa/Dar_es_Salaam:
      exemplar_city: ദാർ എസ് സലാം
    Europe/Kiev:
      exemplar_city: കീവ്
    Europe/Simferopol:
      exemplar_city: സിംഫെറോപോൾ
    Africa/Kampala:
      exemplar_city: കമ്പാല
    Pacific/Midway:
      exemplar_city: മിഡ്‌വേ
    Pacific/Wake:
      exemplar_city: വെയ്ക്
    America/Adak:
      exemplar_city: അഡാക്
    America/Nome:
      exemplar_city: നോം
    America/Anchorage:
      exemplar_city: ആങ്കറേജ്
    America/Yakutat:
      exemplar_city: യാകുറ്റാറ്റ്
    America/Sitka:
      exemplar_city: സിറ്റ്‌കാ
    America/Juneau:
      exemplar_city: ജൂനോ
    America/Metlakatla:
      exemplar_city: മെഡ്‌ലകട്‌ലെ
    America/Los_Angeles:
      exemplar_city: ലോസ് എയ്ഞ്ചലസ്
    America/Boise:
      exemplar_city: ബൊയ്സി
    America/Phoenix:
      exemplar_city: ഫീനിക്സ്
    America/Denver:
      exemplar_city: ഡെൻ‌വർ
    America/North_Dakota/Beulah:
      exemplar_city: ബ്യൂല, വടക്കൻ ഡെക്കോട്ട
    America/North_Dakota/New_Salem:
      exemplar_city: ന്യൂ സെയ്‌ലം, വടക്കൻ ഡെക്കോട്ട
    America/North_Dakota/Center:
      exemplar_city: സെന്റർ, വടക്കൻ ഡെക്കോട്ട
    America/Chicago:
      exemplar_city: ചിക്കാഗോ
    America/Menominee:
      exemplar_city: മെനോമിനീ
    America/Indiana/Vincennes:
      exemplar_city: വിൻസെൻസ്, ഇൻഡ്യാന
    America/Indiana/Petersburg:
      exemplar_city: പീറ്റേഴ്സ്ബർഗ്, ഇൻഡ്യാന
    America/Indiana/Tell_City:
      exemplar_city: റ്റെൽ സിറ്റി, ഇൻഡ്യാന
    America/Indiana/Knox:
      exemplar_city: നോക്സ്, ഇൻഡ്യാന
    America/Indiana/Winamac:
      exemplar_city: വിനാമാക്, ഇൻഡ്യാന
    America/Indiana/Marengo:
      exemplar_city: മരെങ്കോ, ഇൻഡ്യാന
    America/Indianapolis:
      exemplar_city: ഇൻഡ്യാനാപോലീസ്
    America/Louisville:
      exemplar_city: ലൂയിസ്‌വില്ലെ
    America/Indiana/Vevay:
      exemplar_city: വിവെയ്, ഇൻഡ്യാന
    America/Kentucky/Monticello:
      exemplar_city: മോണ്ടിസെല്ലോ, കെന്റക്കി
    America/Detroit:
      exemplar_city: ഡെട്രോയിറ്റ്
    America/New_York:
      exemplar_city: ന്യൂയോർക്ക്
    America/Montevideo:
      exemplar_city: മൊണ്ടെ‌വീഡിയോ
    Asia/Samarkand:
      exemplar_city: സമർക്കന്ദ്
    Asia/Tashkent:
      exemplar_city: താഷ്‌ക്കന്റ്
    Europe/Vatican:
      exemplar_city: വത്തിക്കാൻ
    America/St_Vincent:
      exemplar_city: സെന്റ് വിൻസെന്റ്
    America/Caracas:
      exemplar_city: കരാക്കസ്
    America/Tortola:
      exemplar_city: ടോർ‌ട്ടോള
    America/St_Thomas:
      exemplar_city: സെന്റ് തോമസ്
    Asia/Saigon:
      exemplar_city: ഹോ ചി മിൻ സിറ്റി
    Pacific/Efate:
      exemplar_city: ഇഫാതെ
    Pacific/Wallis:
      exemplar_city: വാല്ലിസ്
    Pacific/Apia:
      exemplar_city: ആപിയ
    Asia/Aden:
      exemplar_city: ഏദെൻ
    Indian/Mayotte:
      exemplar_city: മയോട്ടി
    Africa/Johannesburg:
      exemplar_city: ജോഹന്നാസ്ബർ‌ഗ്
    Africa/Lusaka:
      exemplar_city: ലുസാക
    Africa/Harare:
      exemplar_city: ഹരാരെ
  metazones:
    Acre:
      long:
        generic: എയ്ക്കർ സമയം
        standard: എയ്ക്കർ സ്റ്റാൻഡേർഡ് സമയം
        daylight: എയ്ക്കർ വേനൽക്കാല സമയം
    Afghanistan:
      long:
        standard: അഫ്‌ഗാനിസ്ഥാൻ സമയം
    Africa_Central:
      long:
        standard: മധ്യ ആഫ്രിക്ക സമയം
    Africa_Eastern:
      long:
        standard: കിഴക്കൻ ആഫ്രിക്ക സമയം
    Africa_Southern:
      long:
        standard: ദക്ഷിണാഫ്രിക്ക സ്റ്റാൻഡേർഡ് സമയം
    Africa_Western:
      long:
        generic: പടിഞ്ഞാറൻ ആഫ്രിക്ക സമയം
        standard: പടിഞ്ഞാറൻ ആഫ്രിക്ക സ്റ്റാൻഡേർഡ് സമയം
        daylight: പടിഞ്ഞാറൻ ആഫ്രിക്ക ഗ്രീഷ്‌മകാല സമയം
    Alaska:
      long:
        generic: അലാസ്‌ക സമയം
        standard: അലാസ്ക സ്റ്റാൻഡേർഡ് സമയം
        daylight: അലാസ്‌ക ഡേലൈറ്റ് സമയം
    Almaty:
      long:
        generic: അൽമതി സമയം
        standard: അൽമതി സ്റ്റാൻഡേർഡ് സമയം
        daylight: അൽമതി വേനൽക്കാല സമയം
    Amazon:
      long:
        generic: ആമസോൺ സമയം
        standard: ആമസോൺ സ്റ്റാൻഡേർഡ് സമയം
        daylight: ആമസോൺ ഗ്രീഷ്‌മകാല സമയം
    America_Central:
      long:
        generic: വടക്കെ അമേരിക്കൻ സെൻട്രൽ സമയം
        standard: വടക്കെ അമേരിക്കൻ സെൻട്രൽ സ്റ്റാൻഡേർഡ് സമയം
        daylight: വടക്കെ അമേരിക്കൻ സെൻട്രൽ ഡേലൈറ്റ് സമയം
    America_Eastern:
      long:
        generic: വടക്കെ അമേരിക്കൻ കിഴക്കൻ സമയം
        standard: വടക്കെ അമേരിക്കൻ കിഴക്കൻ സ്റ്റാൻഡേർഡ് സമയം
        daylight: വടക്കെ അമേരിക്കൻ കിഴക്കൻ ഡേലൈറ്റ് സമയം
    America_Mountain:
      long:
        generic: വടക്കെ അമേരിക്കൻ മൌണ്ടൻ സമയം
        standard: വടക്കെ അമേരിക്കൻ മൗണ്ടൻ സ്റ്റാൻഡേർഡ് സമയം
        daylight: വടക്കെ അമേരിക്കൻ മൗണ്ടൻ ഡേലൈറ്റ് സമയം
    America_Pacific:
      long:
        generic: വടക്കെ അമേരിക്കൻ പസഫിക് സമയം
        standard: വടക്കെ അമേരിക്കൻ പസഫിക് സ്റ്റാൻഡേർഡ് സമയം
        daylight: വടക്കെ അമേരിക്കൻ പസഫിക് ഡേലൈറ്റ് സമയം
    Anadyr:
      long:
        generic: അനാഡിർ സമയം
        standard: അനാഡിർ സ്റ്റാൻഡേർഡ് സമയം
        daylight: അനാഡിർ വേനൽക്കാല സമയം
    Apia:
      long:
        generic: അപിയ സമയം
        standard: അപിയ സ്റ്റാൻഡേർഡ് സമയം
        daylight: അപിയ ഡേലൈറ്റ് സമയം
    Aqtau:
      long:
        generic: അഖ്തൌ സമയം
        standard: അഖ്തൌ സ്റ്റാൻഡേർഡ് സമയം
        daylight: അഖ്തൌ വേനൽക്കാല സമയം
    Aqtobe:
      long:
        generic: അഖ്തോബ് സമയം
        standard: അഖ്തോബ് സ്റ്റാൻഡേർഡ് സമയം
        daylight: അഖ്തോബ് വേനൽക്കാല സമയം
    Arabian:
      long:
        generic: അറേബ്യൻ സമയം
        standard: അറേബ്യൻ സ്റ്റാൻഡേർഡ് സമയം
        daylight: അറേബ്യൻ ഡേലൈറ്റ് സമയം
    Argentina:
      long:
        generic: അർജന്റീന സമയം
        standard: അർജന്റീന സ്റ്റാൻഡേർഡ് സമയം
        daylight: അർജന്റീന ഗ്രീഷ്‌മകാല സമയം
    Argentina_Western:
      long:
        generic: പടിഞ്ഞാറൻ അർജന്റീന സമയം
        standard: പടിഞ്ഞാറൻ അർജന്റീന സ്റ്റാൻഡേർഡ് സമയം
        daylight: പടിഞ്ഞാറൻ അർജന്റീന ഗ്രീഷ്‌മകാല സമയം
    Armenia:
      long:
        generic: അർമേനിയ സമയം
        standard: അർമേനിയ സ്റ്റാൻഡേർഡ് സമയം
        daylight: അർമേനിയ ഗ്രീഷ്‌മകാല സമയം
    Atlantic:
      long:
        generic: അറ്റ്‌ലാന്റിക് സമയം
        standard: അറ്റ്‌ലാന്റിക് സ്റ്റാൻഡേർഡ് സമയം
        daylight: അറ്റ്‌ലാന്റിക് ഡേലൈറ്റ് സമയം
    Australia_Central:
      long:
        generic: സെൻട്രൽ ഓസ്ട്രേലിയ സമയം
        standard: ഓസ്ട്രേലിയൻ സെൻട്രൽ സ്റ്റാൻഡേർഡ് സമയം
        daylight: ഓസ്ട്രേലിയൻ സെൻട്രൽ ഡേലൈറ്റ് സമയം
    Australia_CentralWestern:
      long:
        generic: ഓസ്ട്രേലിയൻ സെൻട്രൽ പടിഞ്ഞാറൻ സമയം
        standard: ഓസ്ട്രേലിയൻ സെൻട്രൽ പടിഞ്ഞാറൻ സ്റ്റാൻഡേർഡ് സമയം
        daylight: ഓസ്ട്രേലിയൻ സെൻട്രൽ പടിഞ്ഞാറൻ ഡേലൈറ്റ് സമയം
    Australia_Eastern:
      long:
        generic: കിഴക്കൻ ഓസ്‌ട്രേലിയ സമയം
        standard: ഓസ്‌ട്രേലിയൻ കിഴക്കൻ സ്റ്റാൻഡേർഡ് സമയം
        daylight: ഓസ്‌ട്രേലിയൻ കിഴക്കൻ ഡേലൈറ്റ് സമയം
    Australia_Western:
      long:
        generic: പടിഞ്ഞാറൻ ഓസ്‌ട്രേലിയ സമയം
        standard: ഓസ്‌ട്രേലിയൻ പടിഞ്ഞാറൻ സ്റ്റാൻഡേർഡ് സമയം
        daylight: ഓസ്‌ട്രേലിയൻ പടിഞ്ഞാറൻ ഡേലൈറ്റ് സമയം
    Azerbaijan:
      long:
        generic: അസർബൈജാൻ സമയം
        standard: അസർബൈജാൻ സ്റ്റാൻഡേർഡ് സമയം
        daylight: അസർബൈജാൻ ഗ്രീഷ്‌മകാല സമയം
    Azores:
      long:
        generic: അസോർസ് സമയം
        standard: അസോർസ് സ്റ്റാൻഡേർഡ് സമയം
        daylight: അസോർസ് ഗ്രീഷ്‌മകാല സമയം
    Bangladesh:
      long:
        generic: ബംഗ്ലാദേശ് സമയം
        standard: ബംഗ്ലാദേശ് സ്റ്റാൻഡേർഡ് സമയം
        daylight: ബംഗ്ലാദേശ് ഗ്രീഷ്‌മകാല സമയം
    Bhutan:
      long:
        standard: ഭൂട്ടാൻ സമയം
    Bolivia:
      long:
        standard: ബൊളീവിയ സമയം
    Brasilia:
      long:
        generic: ബ്രസീലിയ സമയം
        standard: ബ്രസീലിയ സ്റ്റാൻഡേർഡ് സമയം
        daylight: ബ്രസീലിയ ഗ്രീഷ്‌മകാല സമയം
    Brunei:
      long:
        standard: ബ്രൂണൈ ദാറുസ്സലാം സമയം
    Cape_Verde:
      long:
        generic: കേപ് വെർദെ സമയം
        standard: കേപ് വെർദെ സ്റ്റാൻഡേർഡ് സമയം
        daylight: കേപ് വെർദെ ഗ്രീഷ്‌മകാല സമയം
    Chamorro:
      long:
        standard: ചമോറോ സ്റ്റാൻഡേർഡ് സമയം
    Chatham:
      long:
        generic: ചാത്തം സമയം
        standard: ചാത്തം സ്റ്റാൻഡേർഡ് സമയം
        daylight: ചാത്തം ഗ്രീഷ്‌മകാല സമയം
    Chile:
      long:
        generic: ചിലി സമയം
        standard: ചിലി സ്റ്റാൻഡേർഡ് സമയം
        daylight: ചിലി ഗ്രീഷ്‌മകാല സമയം
    China:
      long:
        generic: ചൈന സമയം
        standard: ചൈന സ്റ്റാൻഡേർഡ് സമയം
        daylight: ചൈന ഡേലൈറ്റ് സമയം
    Christmas:
      long:
        standard: ക്രിസ്‌മസ് ദ്വീപ് സമയം
    Cocos:
      long:
        standard: കൊക്കോസ് ദ്വീപുകൾ സമയം
    Colombia:
      long:
        generic: കൊളംബിയ സമയം
        standard: കൊളംബിയ സ്റ്റാൻഡേർഡ് സമയം
        daylight: കൊളംബിയ ഗ്രീഷ്‌മകാല സമയം
    Cook:
      long:
        generic: കുക്ക് ദ്വീപുകൾ സമയം
        standard: കുക്ക് ദ്വീപുകൾ സ്റ്റാൻഡേർഡ് സമയം
        daylight: കുക്ക് ദ്വീപുകൾ അർദ്ധ ഗ്രീഷ്‌മകാല സമയം
    Cuba:
      long:
        generic: ക്യൂബ സമയം
        standard: ക്യൂബ സ്റ്റാൻഡേർഡ് സമയം
        daylight: ക്യൂബ ഡേലൈറ്റ് സമയം
    Davis:
      long:
        standard: ഡേവിസ് സമയം
    DumontDUrville:
      long:
        standard: ഡുമോണ്ട് ഡി ഉർവില്ലെ സമയം
    East_Timor:
      long:
        standard: കിഴക്കൻ തിമോർ സമയം
    Easter:
      long:
        generic: ഈസ്റ്റർ ദ്വീപ് സമയം
        standard: ഈസ്റ്റർ ദ്വീപ് സ്റ്റാൻഡേർഡ് സമയം
        daylight: ഈസ്റ്റർ ദ്വീപ് ഗ്രീഷ്‌മകാല സമയം
    Ecuador:
      long:
        standard: ഇക്വഡോർ സമയം
    Europe_Central:
      long:
        generic: സെൻട്രൽ യൂറോപ്യൻ സമയം
        standard: സെൻട്രൽ യൂറോപ്യൻ സ്റ്റാൻഡേർഡ് സമയം
        daylight: സെൻട്രൽ യൂറോപ്യൻ ഗ്രീഷ്മകാല സമയം
    Europe_Eastern:
      long:
        generic: കിഴക്കൻ യൂറോപ്യൻ സമയം
        standard: കിഴക്കൻ യൂറോപ്യൻ സ്റ്റാൻഡേർഡ് സമയം
        daylight: കിഴക്കൻ യൂറോപ്യൻ ഗ്രീഷ്മകാല സമയം
    Europe_Further_Eastern:
      long:
        standard: കിഴക്കേയറ്റത്തെ യൂറോപ്യൻ സമയം
    Europe_Western:
      long:
        generic: പടിഞ്ഞാറൻ യൂറോപ്യൻ സമയം
        standard: പടിഞ്ഞാറൻ യൂറോപ്യൻ സ്റ്റാൻഡേർഡ് സമയം
        daylight: പടിഞ്ഞാറൻ യൂറോപ്യൻ ഗ്രീഷ്‌മകാല സമയം
    Falkland:
      long:
        generic: ഫാക്ക്‌ലാൻഡ് ദ്വീപുകൾ സമയം
        standard: ഫാക്ക്‌ലാൻഡ് ദ്വീപുകൾ സ്റ്റാൻഡേർഡ് സമയം
        daylight: ഫാക്ക്‌ലാൻഡ് ദ്വീപുകൾ ഗ്രീഷ്‌മകാല സമയം
    Fiji:
      long:
        generic: ഫിജി സമയം
        standard: ഫിജി സ്റ്റാൻഡേർഡ് സമയം
        daylight: ഫിജി ഗ്രീഷ്‌മകാല സമയം
    French_Guiana:
      long:
        standard: ഫ്രഞ്ച് ഗയാന സമയം
    French_Southern:
      long:
        standard: ഫ്രഞ്ച് സതേൺ, അന്റാർട്ടിക് സമയം
    Galapagos:
      long:
        standard: ഗാലപ്പഗോസ് സമയം
    Gambier:
      long:
        standard: ഗാമ്പിയർ സമയം
    Georgia:
      long:
        generic: ജോർജ്ജിയ സമയം
        standard: ജോർജ്ജിയ സ്റ്റാൻഡേർഡ് സമയം
        daylight: ജോർജ്ജിയ ഗ്രീഷ്‌മകാല സമയം
    Gilbert_Islands:
      long:
        standard: ഗിൽബേർട്ട് ദ്വീപുകൾ സമയം
    GMT:
      long:
        standard: ഗ്രീൻവിച്ച് മീൻ സമയം
    Greenland_Eastern:
      long:
        generic: കിഴക്കൻ ഗ്രീൻലാൻഡ് സമയം
        standard: കിഴക്കൻ ഗ്രീൻലാൻഡ് സ്റ്റാൻഡേർഡ് സമയം
        daylight: കിഴക്കൻ ഗ്രീൻലാൻഡ് ഗ്രീഷ്‌മകാല സമയം
    Greenland_Western:
      long:
        generic: പടിഞ്ഞാറൻ ഗ്രീൻലാൻഡ് സമയം
        standard: പടിഞ്ഞാറൻ ഗ്രീൻലാൻഡ് സ്റ്റാൻഡേർഡ് സമയം
        daylight: പടിഞ്ഞാറൻ ഗ്രീൻലാൻഡ് ഗ്രീഷ്‌മകാല സമയം
    Guam:
      long:
        standard: ഗ്വാം സ്റ്റാൻഡേർഡ് സമയം
    Gulf:
      long:
        standard: ഗൾഫ് സ്റ്റാൻഡേർഡ് സമയം
    Guyana:
      long:
        standard: ഗയാന സമയം
    Hawaii_Aleutian:
      long:
        generic: ഹവായ്-അലൂഷ്യൻ സമയം
        standard: ഹവായ്-അലൂഷ്യൻ സ്റ്റാൻഡേർഡ് സമയം
        daylight: ഹവായ്-അലൂഷ്യൻ ഡേലൈറ്റ് സമയം
    Hong_Kong:
      long:
        generic: ഹോങ്കോങ്ങ് സമയം
        standard: ഹോങ്കോങ്ങ് സ്റ്റാൻഡേർഡ് സമയം
        daylight: ഹോങ്കോങ്ങ് ഗ്രീഷ്‌മകാല സമയം
    Hovd:
      long:
        generic: ഹോഡ് സമയം
        standard: ഹോഡ് സ്റ്റാൻഡേർഡ് സമയം
        daylight: ഹോഡ് ഗ്രീഷ്‌മകാല സമയം
    India:
      short:
        standard: IST
      long:
        standard: ഇന്ത്യൻ സ്റ്റാൻഡേർഡ് സമയം
    Indian_Ocean:
      long:
        standard: ഇന്ത്യൻ മഹാസമുദ്ര സമയം
    Indochina:
      long:
        standard: ഇൻഡോചൈന സമയം
    Indonesia_Central:
      long:
        standard: മധ്യ ഇന്തോനേഷ്യ സമയം
    Indonesia_Eastern:
      long:
        standard: കിഴക്കൻ ഇന്തോനേഷ്യ സമയം
    Indonesia_Western:
      long:
        standard: പടിഞ്ഞാറൻ ഇന്തോനേഷ്യ സമയം
    Iran:
      long:
        generic: ഇറാൻ സമയം
        standard: ഇറാൻ സ്റ്റാൻഡേർഡ് സമയം
        daylight: ഇറാൻ ഡേലൈറ്റ് സമയം
    Irkutsk:
      long:
        generic: ഇർകസ്ക് സമയം
        standard: ഇർകസ്ക് സ്റ്റാൻഡേർഡ് സമയം
        daylight: ഇർകസ്‌ക് ഗ്രീഷ്‌മകാല സമയം
    Israel:
      long:
        generic: ഇസ്രായേൽ സമയം
        standard: ഇസ്രായേൽ സ്റ്റാൻഡേർഡ് സമയം
        daylight: ഇസ്രായേൽ ഡേലൈറ്റ് സമയം
    Japan:
      long:
        generic: ജപ്പാൻ സമയം
        standard: ജപ്പാൻ സ്റ്റാൻഡേർഡ് സമയം
        daylight: ജപ്പാൻ ഡേലൈറ്റ് സമയം
    Kamchatka:
      long:
        generic: പെട്രോപാവ്‌ലോസ്ക് കംചാസ്കി സമയം
        standard: പെട്രോപാവ്‌ലോസ്ക് കംചാസ്കി സ്റ്റാൻഡേർഡ് സമയം
        daylight: പെട്രോപാവ്‌ലോസ്ക് കംചാസ്കി വേനൽക്കാല സമയം
    Kazakhstan:
      long:
        standard: കസാഖിസ്ഥാൻ സമയം
    Kazakhstan_Eastern:
      long:
        standard: കിഴക്കൻ കസാഖിസ്ഥാൻ സമയം
    Kazakhstan_Western:
      long:
        standard: പടിഞ്ഞാറൻ കസാഖിസ്ഥാൻ സമയം
    Korea:
      long:
        generic: കൊറിയൻ സമയം
        standard: കൊറിയൻ സ്റ്റാൻഡേർഡ് സമയം
        daylight: കൊറിയൻ ഡേലൈറ്റ് സമയം
    Kosrae:
      long:
        standard: കൊസ്ര സമയം
    Krasnoyarsk:
      long:
        generic: ക്രാസ്‌നോയാർസ്‌ക് സമയം
        standard: ക്രാസ്‌നോയാർസ്‌ക് സ്റ്റാൻഡേർഡ് സമയം
        daylight: ക്രാസ്‌നോയാർസ്‌ക് ഗ്രീഷ്‌മകാല സമയം
    Kyrgystan:
      long:
        standard: കിർഗിസ്ഥാൻ സമയം
    Lanka:
      long:
        standard: ലങ്ക സമയം
    Line_Islands:
      long:
        standard: ലൈൻ ദ്വീപുകൾ സമയം
    Lord_Howe:
      long:
        generic: ലോർഡ് ഹോവ് സമയം
        standard: ലോർഡ് ഹോവ് സ്റ്റാൻഡേർഡ് സമയം
        daylight: ലോർഡ് ഹോവ് ഡേലൈറ്റ് സമയം
    Macau:
      long:
        generic: മകൌ സമയം
        standard: മകൌ സ്റ്റാൻഡേർഡ് സമയം
        daylight: മകൌ വേനൽക്കാല സമയം
    Magadan:
      long:
        generic: മഗാദൻ സമയം
        standard: മഗാദൻ സ്റ്റാൻഡേർഡ് സമയം
        daylight: മഗാദൻ ഗ്രീഷ്‌മകാല സമയം
    Malaysia:
      long:
        standard: മലേഷ്യ സമയം
    Maldives:
      long:
        standard: മാലിദ്വീപ് സമയം
    Marquesas:
      long:
        standard: മർക്കസസ് സമയം
    Marshall_Islands:
      long:
        standard: മാർഷൽ ദ്വീപുകൾ സമയം
    Mauritius:
      long:
        generic: മൗറീഷ്യസ് സമയം
        standard: മൗറീഷ്യസ് സ്റ്റാൻഡേർഡ് സമയം
        daylight: മൗറീഷ്യസ് ഗ്രീഷ്‌മകാല സമയം
    Mawson:
      long:
        standard: മാസൺ സമയം
    Mexico_Pacific:
      long:
        generic: മെക്സിക്കൻ പസഫിക് സമയം
        standard: മെക്‌സിക്കൻ പസഫിക് സ്റ്റാൻഡേർഡ് സമയം
        daylight: മെക്സിക്കൻ പസഫിക് ഡേലൈറ്റ് സമയം
    Mongolia:
      long:
        generic: ഉലാൻബാത്തർ സമയം
        standard: ഉലാൻബാത്തർ സ്റ്റാൻഡേർഡ് സമയം
        daylight: ഉലാൻബാത്തർ ഗ്രീഷ്‌മകാല സമയം
    Moscow:
      long:
        generic: മോസ്കോ സമയം
        standard: മോസ്കോ സ്റ്റാൻഡേർഡ് സമയം
        daylight: മോസ്‌കോ ഗ്രീഷ്‌മകാല സമയം
    Myanmar:
      long:
        standard: മ്യാൻമാർ സമയം
    Nauru:
      long:
        standard: നൗറു സമയം
    Nepal:
      long:
        standard: നേപ്പാൾ സമയം
    New_Caledonia:
      long:
        generic: ന്യൂ കാലിഡോണിയ സമയം
        standard: ന്യൂ കാലിഡോണിയ സ്റ്റാൻഡേർഡ് സമയം
        daylight: ന്യൂ കാലിഡോണിയ ഗ്രീഷ്‌മകാല സമയം
    New_Zealand:
      long:
        generic: ന്യൂസിലാൻഡ് സമയം
        standard: ന്യൂസിലാൻഡ് സ്റ്റാൻഡേർഡ് സമയം
        daylight: ന്യൂസിലാൻഡ് ഡേലൈറ്റ് സമയം
    Newfoundland:
      long:
        generic: ന്യൂഫൗണ്ട്‌ലാന്റ് സമയം
        standard: ന്യൂഫൗണ്ട്‌ലാന്റ് സ്റ്റാൻഡേർഡ് സമയം
        daylight: ന്യൂഫൗണ്ട്‌ലാന്റ് ഡേലൈറ്റ് സമയം
    Niue:
      long:
        standard: ന്യൂയി സമയം
    Norfolk:
      long:
        generic: നോർ‌ഫോക്ക് ദ്വീപ് സമയം
        standard: നോർ‌ഫോക്ക് ദ്വീപ് സ്റ്റാൻഡേർഡ് സമയം
        daylight: നോർ‌ഫോക്ക് ദ്വീപ് ഡേലൈറ്റ് സമയം
    Noronha:
      long:
        generic: ഫെർണാഡോ ഡി നൊറോൻഹ സമയം
        standard: ഫെർണാഡോ ഡി നൊറോൻഹ സ്റ്റാൻഡേർഡ് സമയം
        daylight: ഫെർണാഡോ ഡി നൊറോൻഹ ഗ്രീഷ്‌മകാല സമയം
    North_Mariana:
      long:
        standard: നോർത്ത് മറിയാനാ ദ്വീപുകൾ സമയം
    Novosibirsk:
      long:
        generic: നോവോസിബിർസ്‌ക് സമയം
        standard: നോവോസിബിർസ്ക് സ്റ്റാൻഡേർഡ് സമയം
        daylight: നോവോസിബിർസ്‌ക് ഗ്രീഷ്‌മകാല സമയം
    Omsk:
      long:
        generic: ഓംസ്‌ക്ക് സമയം
        standard: ഓംസ്‌ക്ക് സ്റ്റാൻഡേർഡ് സമയം
        daylight: ഓംസ്‌ക്ക് ഗ്രീഷ്‌മകാല സമയം
    Pakistan:
      long:
        generic: പാക്കിസ്ഥാൻ സമയം
        standard: പാക്കിസ്ഥാൻ സ്റ്റാൻഡേർഡ് സമയം
        daylight: പാക്കിസ്ഥാൻ ഗ്രീഷ്‌മകാല സമയം
    Palau:
      long:
        standard: പലാവു സമയം
    Papua_New_Guinea:
      long:
        standard: പാപ്പുവ ന്യൂ ഗിനിയ സമയം
    Paraguay:
      long:
        generic: പരാഗ്വേ സമയം
        standard: പരാഗ്വേ സ്റ്റാൻഡേർഡ് സമയം
        daylight: പരാഗ്വേ ഗ്രീഷ്‌മകാല സമയം
    Peru:
      long:
        generic: പെറു സമയം
        standard: പെറു സ്റ്റാൻഡേർഡ് സമയം
        daylight: പെറു ഗ്രീഷ്‌മകാല സമയം
    Philippines:
      long:
        generic: ഫിലിപ്പൈൻ സമയം
        standard: ഫിലിപ്പൈൻ സ്റ്റാൻഡേർഡ് സമയം
        daylight: ഫിലിപ്പൈൻ ഗ്രീഷ്‌മകാല സമയം
    Phoenix_Islands:
      long:
        standard: ഫിനിക്‌സ് ദ്വീപ് സമയം
    Pierre_Miquelon:
      long:
        generic: സെന്റ് പിയറി ആൻഡ് മിക്വലൻ സമയം
        standard: സെന്റ് പിയറി ആൻഡ് മിക്വലൻ സ്റ്റാൻഡേർഡ് സമയം
        daylight: സെന്റ് പിയറി ആൻഡ് മിക്വലൻ ഡേലൈറ്റ് സമയം
    Pitcairn:
      long:
        standard: പിറ്റ്കേൻ സമയം
    Ponape:
      long:
        standard: പൊനാപ്പ് സമയം
    Pyongyang:
      long:
        standard: പ്യോംഗ്‌യാംഗ് സമയം
    Qyzylorda:
      long:
        generic: ഖിസിലോർഡ സമയം
        standard: ഖിസിലോർഡ സ്റ്റാൻഡേർഡ് സമയം
        daylight: ഖിസിലോർഡ വേനൽക്കാല സമയം
    Reunion:
      long:
        standard: റീയൂണിയൻ സമയം
    Rothera:
      long:
        standard: റോഥെറ സമയം
    Sakhalin:
      long:
        generic: സഖാലിൻ സമയം
        standard: സഖാലിൻ സ്റ്റാൻഡേർഡ് സമയം
        daylight: സഖാലിൻ ഗ്രീഷ്‌മകാല സമയം
    Samara:
      long:
        generic: സമാര സമയം
        standard: സമാറ സ്റ്റാൻഡേർഡ് സമയം
        daylight: സമാറ വേനൽക്കാല സമയം
    Samoa:
      long:
        generic: സമോവ സമയം
        standard: സമോവ സ്റ്റാൻഡേർഡ് സമയം
        daylight: സമോവാ ഗ്രീഷ്‌മകാല സമയം
    Seychelles:
      long:
        standard: സീഷെൽസ് സമയം
    Singapore:
      long:
        standard: സിംഗപ്പൂർ സ്റ്റാൻഡേർഡ് സമയം
    Solomon:
      long:
        standard: സോളമൻ ദ്വീപുകൾ സമയം
    South_Georgia:
      long:
        standard: ദക്ഷിണ ജോർജ്ജിയൻ സമയം
    Suriname:
      long:
        standard: സുരിനെയിം സമയം
    Syowa:
      long:
        standard: സയോവ സമയം
    Tahiti:
      long:
        standard: താഹിതി സമയം
    Taipei:
      long:
        generic: തായ്‌പെയ് സമയം
        standard: തായ്‌പെയ് സ്റ്റാൻഡേർഡ് സമയം
        daylight: തായ്‌പെയ് ഡേലൈറ്റ് സമയം
    Tajikistan:
      long:
        standard: താജിക്കിസ്ഥാൻ സമയം
    Tokelau:
      long:
        standard: ടോക്കെലൂ സമയം
    Tonga:
      long:
        generic: ടോംഗ സമയം
        standard: ടോംഗ സ്റ്റാൻഡേർഡ് സമയം
        daylight: ടോംഗ ഗ്രീഷ്‌മകാല സമയം
    Truk:
      long:
        standard: ചൂക്ക് സമയം
    Turkmenistan:
      long:
        generic: തുർക്ക്‌മെനിസ്ഥാൻ സമയം
        standard: തുർക്ക്‌മെനിസ്ഥാൻ സ്റ്റാൻഡേർഡ് സമയം
        daylight: തുർക്ക്‌മെനിസ്ഥാൻ ഗ്രീഷ്‌മകാല സമയം
    Tuvalu:
      long:
        standard: ടുവാലു സമയം
    Uruguay:
      long:
        generic: ഉറുഗ്വേ സമയം
        standard: ഉറുഗ്വേ സ്റ്റാൻഡേർഡ് സമയം
        daylight: ഉറുഗ്വേ ഗ്രീഷ്‌മകാല സമയം
    Uzbekistan:
      long:
        generic: ഉസ്‌ബെക്കിസ്ഥാൻ സമയം
        standard: ഉസ്‌ബെക്കിസ്ഥാൻ സ്റ്റാൻഡേർഡ് സമയം
        daylight: ഉസ്‌ബെക്കിസ്ഥാൻ ഗ്രീഷ്‌മകാല സമയം
    Vanuatu:
      long:
        generic: വന്വാതു സമയം
        standard: വന്വാതു സ്റ്റാൻഡേർഡ് സമയം
        daylight: വന്വാതു ഗ്രീഷ്‌മകാല സമയം
    Venezuela:
      long:
        standard: വെനിസ്വേല സമയം
    Vladivostok:
      long:
        generic: വ്ലാഡിവോസ്റ്റോക് സമയം
        standard: വ്ലാഡിവോസ്റ്റോക് സ്റ്റാൻഡേർഡ് സമയം
        daylight: വ്ലാഡിവോസ്റ്റോക് ഗ്രീഷ്‌മകാല സമയം
    Volgograd:
      long:
        generic: വോൾഗോഗ്രാഡ് സമയം
        standard: വോൾഗോഗ്രാഡ് സ്റ്റാൻഡേർഡ് സമയം
        daylight: വോൾഗോഗ്രാഡ് ഗ്രീഷ്‌മകാല സമയം
    Vostok:
      long:
        standard: വോസ്റ്റോക് സമയം
    Wake:
      long:
        standard: വേക്ക് ദ്വീപ് സമയം
    Wallis:
      long:
        standard: വാലിസ് ആന്റ് ഫ്യൂച്യുന സമയം
    Yakutsk:
      long:
        generic: യാകസ്‌ക്ക് സമയം
        standard: യാകസ്‌ക്ക് സ്റ്റാൻഡേർഡ് സമയം
        daylight: യാകസ്‌ക്ക് ഗ്രീഷ്‌മകാല സമയം
    Yekaterinburg:
      long:
        generic: യെക്കാറ്റരിൻബർഗ് സമയം
        standard: യെക്കാറ്റരിൻബർഗ് സ്റ്റാൻഡേർഡ് സമയം
        daylight: യെക്കാറ്റരിൻബർഗ് ഗ്രീഷ്‌മകാല സമയം
    Yukon:
      long:
        standard: യൂക്കോൺ സമയം
