---
locale: ru
generated_at: '2025-09-15T06:26:46Z'
cldr_version: '46'
timezone_names:
  formats:
    region_format_daylight: "{0}, летнее время"
    region_format_standard: "{0}, стандартное время"
  zones:
    Pacific/Honolulu:
      exemplar_city: Гонолулу
    Etc/UTC:
      long:
        standard: Всемирное координированное время
    Etc/Unknown:
      exemplar_city: Неизвестный город
    Europe/Andorra:
      exemplar_city: Андорра
    Asia/Dubai:
      exemplar_city: Дубай
    Asia/Kabul:
      exemplar_city: Кабул
    America/Antigua:
      exemplar_city: Антигуа
    America/Anguilla:
      exemplar_city: Ангилья
    Europe/Tirane:
      exemplar_city: Тирана
    Asia/Yerevan:
      exemplar_city: Ереван
    Africa/Luanda:
      exemplar_city: Луанда
    Antarctica/Rothera:
      exemplar_city: Ротера
    Antarctica/Palmer:
      exemplar_city: Палмер
    Antarctica/Troll:
      exemplar_city: Тролль
    Antarctica/Syowa:
      exemplar_city: Сёва
    Antarctica/Mawson:
      exemplar_city: Моусон
    Antarctica/Davis:
      exemplar_city: Дейвис
    Antarctica/Vostok:
      exemplar_city: Восток
    Antarctica/Casey:
      exemplar_city: Кейси
    Antarctica/DumontDUrville:
      exemplar_city: Дюмон-д’Юрвиль
    Antarctica/McMurdo:
      exemplar_city: Мак-Мердо
    America/Argentina/Rio_Gallegos:
      exemplar_city: Рио-Гальегос
    America/Mendoza:
      exemplar_city: Мендоса
    America/Argentina/San_Juan:
      exemplar_city: Сан-Хуан
    America/Argentina/Ushuaia:
      exemplar_city: Ушуая
    America/Argentina/La_Rioja:
      exemplar_city: Ла-Риоха
    America/Argentina/San_Luis:
      exemplar_city: Сан-Луис
    America/Catamarca:
      exemplar_city: Катамарка
    America/Argentina/Salta:
      exemplar_city: Сальта
    America/Jujuy:
      exemplar_city: Жужуй
    America/Argentina/Tucuman:
      exemplar_city: Тукуман
    America/Cordoba:
      exemplar_city: Кордова
    America/Buenos_Aires:
      exemplar_city: Буэнос-Айрес
    Pacific/Pago_Pago:
      exemplar_city: Паго-Паго
    Europe/Vienna:
      exemplar_city: Вена
    Australia/Perth:
      exemplar_city: Перт
    Australia/Eucla:
      exemplar_city: Юкла
    Australia/Darwin:
      exemplar_city: Дарвин
    Australia/Adelaide:
      exemplar_city: Аделаида
    Australia/Broken_Hill:
      exemplar_city: Брокен-Хилл
    Australia/Melbourne:
      exemplar_city: Мельбурн
    Australia/Hobart:
      exemplar_city: Хобарт
    Australia/Lindeman:
      exemplar_city: Линдеман
    Australia/Sydney:
      exemplar_city: Сидней
    Australia/Brisbane:
      exemplar_city: Брисбен
    Antarctica/Macquarie:
      exemplar_city: Маккуори
    Australia/Lord_Howe:
      exemplar_city: Лорд-Хау
    America/Aruba:
      exemplar_city: Аруба
    Europe/Mariehamn:
      exemplar_city: Мариехамн
    Asia/Baku:
      exemplar_city: Баку
    Europe/Sarajevo:
      exemplar_city: Сараево
    America/Barbados:
      exemplar_city: Барбадос
    Asia/Dhaka:
      exemplar_city: Дакка
    Europe/Brussels:
      exemplar_city: Брюссель
    Africa/Ouagadougou:
      exemplar_city: Уагадугу
    Europe/Sofia:
      exemplar_city: София
    Asia/Bahrain:
      exemplar_city: Бахрейн
    Africa/Bujumbura:
      exemplar_city: Бужумбура
    Africa/Porto-Novo:
      exemplar_city: Порто-Ново
    America/St_Barthelemy:
      exemplar_city: Сен-Бартелеми
    Atlantic/Bermuda:
      exemplar_city: Бермудские о-ва
    Asia/Brunei:
      exemplar_city: Бруней
    America/La_Paz:
      exemplar_city: Ла-Пас
    America/Kralendijk:
      exemplar_city: Кралендейк
    America/Eirunepe:
      exemplar_city: Эйрунепе
    America/Rio_Branco:
      exemplar_city: Риу-Бранку
    America/Porto_Velho:
      exemplar_city: Порту-Велью
    America/Boa_Vista:
      exemplar_city: Боа-Виста
    America/Manaus:
      exemplar_city: Манаус
    America/Cuiaba:
      exemplar_city: Куяба
    America/Santarem:
      exemplar_city: Сантарен
    America/Campo_Grande:
      exemplar_city: Кампу-Гранди
    America/Belem:
      exemplar_city: Белен
    America/Araguaina:
      exemplar_city: Арагуаина
    America/Sao_Paulo:
      exemplar_city: Сан-Паулу
    America/Bahia:
      exemplar_city: Баия
    America/Fortaleza:
      exemplar_city: Форталеза
    America/Maceio:
      exemplar_city: Масейо
    America/Recife:
      exemplar_city: Ресифи
    America/Noronha:
      exemplar_city: Норонья
    America/Nassau:
      exemplar_city: Нассау
    Asia/Thimphu:
      exemplar_city: Тхимпху
    Africa/Gaborone:
      exemplar_city: Габороне
    Europe/Minsk:
      exemplar_city: Минск
    America/Belize:
      exemplar_city: Белиз
    America/Dawson:
      exemplar_city: Доусон
    America/Whitehorse:
      exemplar_city: Уайтхорс
    America/Inuvik:
      exemplar_city: Инувик
    America/Vancouver:
      exemplar_city: Ванкувер
    America/Fort_Nelson:
      exemplar_city: Форт Нельсон
    America/Dawson_Creek:
      exemplar_city: Доусон-Крик
    America/Creston:
      exemplar_city: Крестон
    America/Edmonton:
      exemplar_city: Эдмонтон
    America/Swift_Current:
      exemplar_city: Свифт-Керрент
    America/Cambridge_Bay:
      exemplar_city: Кеймбридж-Бей
    America/Regina:
      exemplar_city: Реджайна
    America/Winnipeg:
      exemplar_city: Виннипег
    America/Resolute:
      exemplar_city: Резольют
    America/Rankin_Inlet:
      exemplar_city: Ранкин-Инлет
    America/Coral_Harbour:
      exemplar_city: Корал-Харбор
    America/Toronto:
      exemplar_city: Торонто
    America/Iqaluit:
      exemplar_city: Икалуит
    America/Moncton:
      exemplar_city: Монктон
    America/Halifax:
      exemplar_city: Галифакс
    America/Goose_Bay:
      exemplar_city: Гус-Бей
    America/Glace_Bay:
      exemplar_city: Глейс-Бей
    America/Blanc-Sablon:
      exemplar_city: Бланк-Саблон
    America/St_Johns:
      exemplar_city: Сент-Джонс
    Indian/Cocos:
      exemplar_city: Кокосовые о-ва
    Africa/Kinshasa:
      exemplar_city: Киншаса
    Africa/Lubumbashi:
      exemplar_city: Лубумбаши
    Africa/Bangui:
      exemplar_city: Банги
    Africa/Brazzaville:
      exemplar_city: Браззавиль
    Europe/Zurich:
      exemplar_city: Цюрих
    Africa/Abidjan:
      exemplar_city: Абиджан
    Pacific/Rarotonga:
      exemplar_city: Раротонга
    Pacific/Easter:
      exemplar_city: о-в Пасхи
    America/Punta_Arenas:
      exemplar_city: Пунта-Аренас
    America/Santiago:
      exemplar_city: Сантьяго
    Africa/Douala:
      exemplar_city: Дуала
    Asia/Urumqi:
      exemplar_city: Урумчи
    Asia/Shanghai:
      exemplar_city: Шанхай
    America/Bogota:
      exemplar_city: Богота
    America/Costa_Rica:
      exemplar_city: Коста-Рика
    America/Havana:
      exemplar_city: Гавана
    Atlantic/Cape_Verde:
      exemplar_city: Кабо-Верде
    America/Curacao:
      exemplar_city: Кюрасао
    Indian/Christmas:
      exemplar_city: о-в Рождества
    Asia/Nicosia:
      exemplar_city: Никосия
    Asia/Famagusta:
      exemplar_city: Фамагуста
    Europe/Prague:
      exemplar_city: Прага
    Europe/Busingen:
      exemplar_city: Бюзинген-на-Верхнем-Рейне
    Europe/Berlin:
      exemplar_city: Берлин
    Africa/Djibouti:
      exemplar_city: Джибути
    Europe/Copenhagen:
      exemplar_city: Копенгаген
    America/Dominica:
      exemplar_city: Доминика
    America/Santo_Domingo:
      exemplar_city: Санто-Доминго
    Africa/Algiers:
      exemplar_city: Алжир
    Pacific/Galapagos:
      exemplar_city: Галапагосские о-ва
    America/Guayaquil:
      exemplar_city: Гуаякиль
    Europe/Tallinn:
      exemplar_city: Таллин
    Africa/Cairo:
      exemplar_city: Каир
    Africa/El_Aaiun:
      exemplar_city: Эль-Аюн
    Africa/Asmera:
      exemplar_city: Асмэра
    Atlantic/Canary:
      exemplar_city: Канарские о-ва
    Africa/Ceuta:
      exemplar_city: Сеута
    Europe/Madrid:
      exemplar_city: Мадрид
    Africa/Addis_Ababa:
      exemplar_city: Аддис-Абеба
    Europe/Helsinki:
      exemplar_city: Хельсинки
    Pacific/Fiji:
      exemplar_city: Фиджи
    Atlantic/Stanley:
      exemplar_city: Стэнли
    Pacific/Truk:
      exemplar_city: Трук
    Pacific/Ponape:
      exemplar_city: Понпеи
    Pacific/Kosrae:
      exemplar_city: Косрае
    Atlantic/Faeroe:
      exemplar_city: Фарерские о-ва
    Europe/Paris:
      exemplar_city: Париж
    Africa/Libreville:
      exemplar_city: Либревиль
    Europe/London:
      exemplar_city: Лондон
      long:
        daylight: Великобритания, летнее время
    America/Grenada:
      exemplar_city: Гренада
    Asia/Tbilisi:
      exemplar_city: Тбилиси
    America/Cayenne:
      exemplar_city: Кайенна
    Europe/Guernsey:
      exemplar_city: Гернси
    Africa/Accra:
      exemplar_city: Аккра
    Europe/Gibraltar:
      exemplar_city: Гибралтар
    America/Thule:
      exemplar_city: Туле
    America/Godthab:
      exemplar_city: Нуук
    America/Scoresbysund:
      exemplar_city: Скорсбисунн
    America/Danmarkshavn:
      exemplar_city: Денмарксхавн
    Africa/Banjul:
      exemplar_city: Банжул
    Africa/Conakry:
      exemplar_city: Конакри
    America/Guadeloupe:
      exemplar_city: Гваделупа
    Africa/Malabo:
      exemplar_city: Малабо
    Europe/Athens:
      exemplar_city: Афины
    Atlantic/South_Georgia:
      exemplar_city: Южная Георгия
    America/Guatemala:
      exemplar_city: Гватемала
    Pacific/Guam:
      exemplar_city: Гуам
    Africa/Bissau:
      exemplar_city: Бисау
    America/Guyana:
      exemplar_city: Гайана
    Asia/Hong_Kong:
      exemplar_city: Гонконг
    America/Tegucigalpa:
      exemplar_city: Тегусигальпа
    Europe/Zagreb:
      exemplar_city: Загреб
    America/Port-au-Prince:
      exemplar_city: Порт-о-Пренс
    Europe/Budapest:
      exemplar_city: Будапешт
    Asia/Jakarta:
      exemplar_city: Джакарта
    Asia/Pontianak:
      exemplar_city: Понтианак
    Asia/Makassar:
      exemplar_city: Макасар
    Asia/Jayapura:
      exemplar_city: Джаяпура
    Europe/Dublin:
      exemplar_city: Дублин
      long:
        daylight: Ирландия, стандартное время
    Asia/Jerusalem:
      exemplar_city: Иерусалим
    Europe/Isle_of_Man:
      exemplar_city: о-в Мэн
    Asia/Calcutta:
      exemplar_city: Калькутта
    Indian/Chagos:
      exemplar_city: Чагос
    Asia/Baghdad:
      exemplar_city: Багдад
    Asia/Tehran:
      exemplar_city: Тегеран
    Atlantic/Reykjavik:
      exemplar_city: Рейкьявик
    Europe/Rome:
      exemplar_city: Рим
    Europe/Jersey:
      exemplar_city: Джерси
    America/Jamaica:
      exemplar_city: Ямайка
    Asia/Amman:
      exemplar_city: Амман
    Asia/Tokyo:
      exemplar_city: Токио
    Africa/Nairobi:
      exemplar_city: Найроби
    Asia/Bishkek:
      exemplar_city: Бишкек
    Asia/Phnom_Penh:
      exemplar_city: Пномпень
    Pacific/Enderbury:
      exemplar_city: о-в Эндербери
    Pacific/Kanton:
      exemplar_city: Кантон
    Pacific/Kiritimati:
      exemplar_city: Киритимати
    Pacific/Tarawa:
      exemplar_city: Тарава
    Indian/Comoro:
      exemplar_city: Коморы
    America/St_Kitts:
      exemplar_city: Сент-Китс
    Asia/Pyongyang:
      exemplar_city: Пхеньян
    Asia/Seoul:
      exemplar_city: Сеул
    Asia/Kuwait:
      exemplar_city: Кувейт
    America/Cayman:
      exemplar_city: Острова Кайман
    Asia/Aqtau:
      exemplar_city: Актау
    Asia/Oral:
      exemplar_city: Уральск
    Asia/Atyrau:
      exemplar_city: Атырау
    Asia/Aqtobe:
      exemplar_city: Актобе
    Asia/Qostanay:
      exemplar_city: Костанай
    Asia/Qyzylorda:
      exemplar_city: Кызылорда
    Asia/Almaty:
      exemplar_city: Алматы
    Asia/Vientiane:
      exemplar_city: Вьентьян
    Asia/Beirut:
      exemplar_city: Бейрут
    America/St_Lucia:
      exemplar_city: Сент-Люсия
    Europe/Vaduz:
      exemplar_city: Вадуц
    Asia/Colombo:
      exemplar_city: Коломбо
    Africa/Monrovia:
      exemplar_city: Монровия
    Africa/Maseru:
      exemplar_city: Масеру
    Europe/Vilnius:
      exemplar_city: Вильнюс
    Europe/Luxembourg:
      exemplar_city: Люксембург
    Europe/Riga:
      exemplar_city: Рига
    Africa/Tripoli:
      exemplar_city: Триполи
    Africa/Casablanca:
      exemplar_city: Касабланка
    Europe/Monaco:
      exemplar_city: Монако
    Europe/Chisinau:
      exemplar_city: Кишинев
    Europe/Podgorica:
      exemplar_city: Подгорица
    America/Marigot:
      exemplar_city: Мариго
    Indian/Antananarivo:
      exemplar_city: Антананариву
    Pacific/Kwajalein:
      exemplar_city: Кваджалейн
    Pacific/Majuro:
      exemplar_city: Маджуро
    Europe/Skopje:
      exemplar_city: Скопье
    Africa/Bamako:
      exemplar_city: Бамако
    Asia/Rangoon:
      exemplar_city: Янгон
    Asia/Hovd:
      exemplar_city: Ховд
    Asia/Ulaanbaatar:
      exemplar_city: Улан-Батор
    Asia/Macau:
      exemplar_city: Макао
    Pacific/Saipan:
      exemplar_city: Сайпан
    America/Martinique:
      exemplar_city: Мартиника
    Africa/Nouakchott:
      exemplar_city: Нуакшот
    America/Montserrat:
      exemplar_city: Монтсеррат
    Europe/Malta:
      exemplar_city: Мальта
    Indian/Mauritius:
      exemplar_city: Маврикий
    Indian/Maldives:
      exemplar_city: Мальдивы
    Africa/Blantyre:
      exemplar_city: Блантайр
    America/Tijuana:
      exemplar_city: Тихуана
    America/Hermosillo:
      exemplar_city: Эрмосильо
    America/Ciudad_Juarez:
      exemplar_city: Сьюдад-Хуарес
    America/Mazatlan:
      exemplar_city: Масатлан
    America/Chihuahua:
      exemplar_city: Чиуауа
    America/Bahia_Banderas:
      exemplar_city: Баия-де-Бандерас
    America/Ojinaga:
      exemplar_city: Охинага
    America/Monterrey:
      exemplar_city: Монтеррей
    America/Mexico_City:
      exemplar_city: Мехико
    America/Matamoros:
      exemplar_city: Матаморос
    America/Merida:
      exemplar_city: Мерида
    America/Cancun:
      exemplar_city: Канкун
    Asia/Kuala_Lumpur:
      exemplar_city: Куала-Лумпур
    Asia/Kuching:
      exemplar_city: Кучинг
    Africa/Maputo:
      exemplar_city: Мапуту
    Africa/Windhoek:
      exemplar_city: Виндхук
    Pacific/Noumea:
      exemplar_city: Нумеа
    Africa/Niamey:
      exemplar_city: Ниамей
    Pacific/Norfolk:
      exemplar_city: Норфолк
    Africa/Lagos:
      exemplar_city: Лагос
    America/Managua:
      exemplar_city: Манагуа
    Europe/Amsterdam:
      exemplar_city: Амстердам
    Europe/Oslo:
      exemplar_city: Осло
    Asia/Katmandu:
      exemplar_city: Катманду
    Pacific/Nauru:
      exemplar_city: Науру
    Pacific/Niue:
      exemplar_city: Ниуэ
    Pacific/Chatham:
      exemplar_city: Чатем
    Pacific/Auckland:
      exemplar_city: Окленд
    Asia/Muscat:
      exemplar_city: Маскат
    America/Panama:
      exemplar_city: Панама
    America/Lima:
      exemplar_city: Лима
    Pacific/Tahiti:
      exemplar_city: Таити
    Pacific/Marquesas:
      exemplar_city: Маркизские о-ва
    Pacific/Gambier:
      exemplar_city: о-ва Гамбье
    Pacific/Port_Moresby:
      exemplar_city: Порт-Морсби
    Pacific/Bougainville:
      exemplar_city: Бугенвиль
    Asia/Manila:
      exemplar_city: Манила
    Asia/Karachi:
      exemplar_city: Карачи
    Europe/Warsaw:
      exemplar_city: Варшава
    America/Miquelon:
      exemplar_city: Микелон
    Pacific/Pitcairn:
      exemplar_city: Питкэрн
    America/Puerto_Rico:
      exemplar_city: Пуэрто-Рико
    Asia/Gaza:
      exemplar_city: Газа
    Asia/Hebron:
      exemplar_city: Хеврон
    Atlantic/Azores:
      exemplar_city: Азорские о-ва
    Atlantic/Madeira:
      exemplar_city: Мадейра
    Europe/Lisbon:
      exemplar_city: Лиссабон
    Pacific/Palau:
      exemplar_city: Палау
    America/Asuncion:
      exemplar_city: Асунсьон
    Asia/Qatar:
      exemplar_city: Катар
    Indian/Reunion:
      exemplar_city: Реюньон
    Europe/Bucharest:
      exemplar_city: Бухарест
    Europe/Belgrade:
      exemplar_city: Белград
    Europe/Kaliningrad:
      exemplar_city: Калининград
    Europe/Moscow:
      exemplar_city: Москва
    Europe/Volgograd:
      exemplar_city: Волгоград
    Europe/Saratov:
      exemplar_city: Саратов
    Europe/Astrakhan:
      exemplar_city: Астрахань
    Europe/Ulyanovsk:
      exemplar_city: Ульяновск
    Europe/Kirov:
      exemplar_city: Киров
    Europe/Samara:
      exemplar_city: Самара
    Asia/Yekaterinburg:
      exemplar_city: Екатеринбург
    Asia/Omsk:
      exemplar_city: Омск
    Asia/Novosibirsk:
      exemplar_city: Новосибирск
    Asia/Barnaul:
      exemplar_city: Барнаул
    Asia/Tomsk:
      exemplar_city: Томск
    Asia/Novokuznetsk:
      exemplar_city: Новокузнецк
    Asia/Krasnoyarsk:
      exemplar_city: Красноярск
    Asia/Irkutsk:
      exemplar_city: Иркутск
    Asia/Chita:
      exemplar_city: Чита
    Asia/Yakutsk:
      exemplar_city: Якутск
    Asia/Vladivostok:
      exemplar_city: Владивосток
    Asia/Khandyga:
      exemplar_city: Хандыга
    Asia/Sakhalin:
      exemplar_city: о-в Сахалин
    Asia/Ust-Nera:
      exemplar_city: Усть-Нера
    Asia/Magadan:
      exemplar_city: Магадан
    Asia/Srednekolymsk:
      exemplar_city: Среднеколымск
    Asia/Kamchatka:
      exemplar_city: Петропавловск-Камчатский
    Asia/Anadyr:
      exemplar_city: Анадырь
    Africa/Kigali:
      exemplar_city: Кигали
    Asia/Riyadh:
      exemplar_city: Эр-Рияд
    Pacific/Guadalcanal:
      exemplar_city: Гуадалканал
    Indian/Mahe:
      exemplar_city: Маэ
    Africa/Khartoum:
      exemplar_city: Хартум
    Europe/Stockholm:
      exemplar_city: Стокгольм
    Asia/Singapore:
      exemplar_city: Сингапур
    Atlantic/St_Helena:
      exemplar_city: о-в Святой Елены
    Europe/Ljubljana:
      exemplar_city: Любляна
    Arctic/Longyearbyen:
      exemplar_city: Лонгйир
    Europe/Bratislava:
      exemplar_city: Братислава
    Africa/Freetown:
      exemplar_city: Фритаун
    Europe/San_Marino:
      exemplar_city: Сан-Марино
    Africa/Dakar:
      exemplar_city: Дакар
    Africa/Mogadishu:
      exemplar_city: Могадишо
    America/Paramaribo:
      exemplar_city: Парамарибо
    Africa/Juba:
      exemplar_city: Джуба
    Africa/Sao_Tome:
      exemplar_city: Сан-Томе
    America/El_Salvador:
      exemplar_city: Сальвадор
    America/Lower_Princes:
      exemplar_city: Лоуэр-Принс-Куотер
    Asia/Damascus:
      exemplar_city: Дамаск
    Africa/Mbabane:
      exemplar_city: Мбабане
    America/Grand_Turk:
      exemplar_city: Гранд-Терк
    Africa/Ndjamena:
      exemplar_city: Нджамена
    Indian/Kerguelen:
      exemplar_city: Кергелен
    Africa/Lome:
      exemplar_city: Ломе
    Asia/Bangkok:
      exemplar_city: Бангкок
    Asia/Dushanbe:
      exemplar_city: Душанбе
    Pacific/Fakaofo:
      exemplar_city: Факаофо
    Asia/Dili:
      exemplar_city: Дили
    Asia/Ashgabat:
      exemplar_city: Ашхабад
    Africa/Tunis:
      exemplar_city: Тунис
    Pacific/Tongatapu:
      exemplar_city: Тонгатапу
    Europe/Istanbul:
      exemplar_city: Стамбул
    America/Port_of_Spain:
      exemplar_city: Порт-оф-Спейн
    Pacific/Funafuti:
      exemplar_city: Фунафути
    Asia/Taipei:
      exemplar_city: Тайбэй
    Africa/Dar_es_Salaam:
      exemplar_city: Дар-эс-Салам
    Europe/Kiev:
      exemplar_city: Киев
    Europe/Simferopol:
      exemplar_city: Симферополь
    Africa/Kampala:
      exemplar_city: Кампала
    Pacific/Midway:
      exemplar_city: о-ва Мидуэй
    Pacific/Wake:
      exemplar_city: Уэйк
    America/Adak:
      exemplar_city: Адак
    America/Nome:
      exemplar_city: Ном
    America/Anchorage:
      exemplar_city: Анкоридж
    America/Yakutat:
      exemplar_city: Якутат
    America/Sitka:
      exemplar_city: Ситка
    America/Juneau:
      exemplar_city: Джуно
    America/Metlakatla:
      exemplar_city: Метлакатла
    America/Los_Angeles:
      exemplar_city: Лос-Анджелес
    America/Boise:
      exemplar_city: Бойсе
    America/Phoenix:
      exemplar_city: Финикс
    America/Denver:
      exemplar_city: Денвер
    America/North_Dakota/Beulah:
      exemplar_city: Бойла, Северная Дакота
    America/North_Dakota/New_Salem:
      exemplar_city: Нью-Сейлем, Северная Дакота
    America/North_Dakota/Center:
      exemplar_city: Центр, Северная Дакота
    America/Chicago:
      exemplar_city: Чикаго
    America/Menominee:
      exemplar_city: Меномини
    America/Indiana/Vincennes:
      exemplar_city: Винсеннес
    America/Indiana/Petersburg:
      exemplar_city: Питерсберг, Индиана
    America/Indiana/Tell_City:
      exemplar_city: Телл-Сити
    America/Indiana/Knox:
      exemplar_city: Нокс, Индиана
    America/Indiana/Winamac:
      exemplar_city: Уинамак
    America/Indiana/Marengo:
      exemplar_city: Маренго, Индиана
    America/Indianapolis:
      exemplar_city: Индианаполис
    America/Louisville:
      exemplar_city: Луисвилл
    America/Indiana/Vevay:
      exemplar_city: Вевей, Индиана
    America/Kentucky/Monticello:
      exemplar_city: Монтиселло, Кентукки
    America/Detroit:
      exemplar_city: Детройт
    America/New_York:
      exemplar_city: Нью-Йорк
    America/Montevideo:
      exemplar_city: Монтевидео
    Asia/Samarkand:
      exemplar_city: Самарканд
    Asia/Tashkent:
      exemplar_city: Ташкент
    Europe/Vatican:
      exemplar_city: Ватикан
    America/St_Vincent:
      exemplar_city: Сент-Винсент
    America/Caracas:
      exemplar_city: Каракас
    America/Tortola:
      exemplar_city: Тортола
    America/St_Thomas:
      exemplar_city: Сент-Томас
    Asia/Saigon:
      exemplar_city: Хошимин
    Pacific/Efate:
      exemplar_city: Эфате
    Pacific/Wallis:
      exemplar_city: Уоллис
    Pacific/Apia:
      exemplar_city: Апиа
    Asia/Aden:
      exemplar_city: Аден
    Indian/Mayotte:
      exemplar_city: Майотта
    Africa/Johannesburg:
      exemplar_city: Йоханнесбург
    Africa/Lusaka:
      exemplar_city: Лусака
    Africa/Harare:
      exemplar_city: Хараре
  metazones:
    Acre:
      long:
        generic: Акри время
        standard: Акри стандартное время
        daylight: Акри летнее время
    Afghanistan:
      long:
        standard: Афганистан
    Africa_Central:
      long:
        standard: Центральная Африка
    Africa_Eastern:
      long:
        standard: Восточная Африка
    Africa_Southern:
      long:
        standard: Южная Африка
    Africa_Western:
      long:
        generic: Западная Африка
        standard: Западная Африка, стандартное время
        daylight: Западная Африка, летнее время
    Alaska:
      long:
        generic: Аляска
        standard: Аляска, стандартное время
        daylight: Аляска, летнее время
    Almaty:
      long:
        generic: Алма-Ата время
        standard: Алма-Ата стандартное время
        daylight: Алма-Ата летнее время
    Amazon:
      long:
        generic: Амазонка
        standard: Амазонка, стандартное время
        daylight: Амазонка, летнее время
    America_Central:
      long:
        generic: Центральная Америка
        standard: Центральная Америка, стандартное время
        daylight: Центральная Америка, летнее время
    America_Eastern:
      long:
        generic: Восточная Америка
        standard: Восточная Америка, стандартное время
        daylight: Восточная Америка, летнее время
    America_Mountain:
      long:
        generic: Горное время (Северная Америка)
        standard: Стандартное горное время (Северная Америка)
        daylight: Летнее горное время (Северная Америка)
    America_Pacific:
      long:
        generic: Тихоокеанское время
        standard: Тихоокеанское стандартное время
        daylight: Тихоокеанское летнее время
    Anadyr:
      long:
        generic: Время по Анадырю
        standard: Анадырь стандартное время
        daylight: Анадырь летнее время
    Apia:
      long:
        generic: Апиа
        standard: Апиа, стандартное время
        daylight: Апиа, летнее время
    Aqtau:
      long:
        generic: Актау время
        standard: Актау, стандартное время
        daylight: Актау летнее время
    Aqtobe:
      long:
        generic: Актобе время
        standard: Актобе стандартное время
        daylight: Актобе летнее время
    Arabian:
      long:
        generic: Саудовская Аравия
        standard: Саудовская Аравия, стандартное время
        daylight: Саудовская Аравия, летнее время
    Argentina:
      long:
        generic: Аргентина
        standard: Аргентина, стандартное время
        daylight: Аргентина, летнее время
    Argentina_Western:
      long:
        generic: Западная Аргентина
        standard: Западная Аргентина, стандартное время
        daylight: Западная Аргентина, летнее время
    Armenia:
      long:
        generic: Армения
        standard: Армения, стандартное время
        daylight: Армения, летнее время
    Atlantic:
      long:
        generic: Атлантическое время
        standard: Атлантическое стандартное время
        daylight: Атлантическое летнее время
    Australia_Central:
      long:
        generic: Центральная Австралия
        standard: Центральная Австралия, стандартное время
        daylight: Центральная Австралия, летнее время
    Australia_CentralWestern:
      long:
        generic: Центральная Австралия, западное время
        standard: Центральная Австралия, западное стандартное время
        daylight: Центральная Австралия, западное летнее время
    Australia_Eastern:
      long:
        generic: Восточная Австралия
        standard: Восточная Австралия, стандартное время
        daylight: Восточная Австралия, летнее время
    Australia_Western:
      long:
        generic: Западная Австралия
        standard: Западная Австралия, стандартное время
        daylight: Западная Австралия, летнее время
    Azerbaijan:
      long:
        generic: Азербайджан
        standard: Азербайджан, стандартное время
        daylight: Азербайджан, летнее время
    Azores:
      long:
        generic: Азорские о-ва
        standard: Азорские о-ва, стандартное время
        daylight: Азорские о-ва, летнее время
    Bangladesh:
      long:
        generic: Бангладеш
        standard: Бангладеш, стандартное время
        daylight: Бангладеш, летнее время
    Bhutan:
      long:
        standard: Бутан
    Bolivia:
      long:
        standard: Боливия
    Brasilia:
      long:
        generic: Бразилия
        standard: Бразилия, стандартное время
        daylight: Бразилия, летнее время
    Brunei:
      long:
        standard: Бруней-Даруссалам
    Cape_Verde:
      long:
        generic: Кабо-Верде
        standard: Кабо-Верде, стандартное время
        daylight: Кабо-Верде, летнее время
    Casey:
      long:
        standard: Кейси
    Chamorro:
      long:
        standard: Чаморро
    Chatham:
      long:
        generic: Чатем
        standard: Чатем, стандартное время
        daylight: Чатем, летнее время
    Chile:
      long:
        generic: Чили
        standard: Чили, стандартное время
        daylight: Чили, летнее время
    China:
      long:
        generic: Китай
        standard: Китай, стандартное время
        daylight: Китай, летнее время
    Christmas:
      long:
        standard: о-в Рождества
    Cocos:
      long:
        standard: Кокосовые о-ва
    Colombia:
      long:
        generic: Колумбия
        standard: Колумбия, стандартное время
        daylight: Колумбия, летнее время
    Cook:
      long:
        generic: Острова Кука
        standard: Острова Кука, стандартное время
        daylight: Острова Кука, полулетнее время
    Cuba:
      long:
        generic: Куба
        standard: Куба, стандартное время
        daylight: Куба, летнее время
    Davis:
      long:
        standard: Дейвис
    DumontDUrville:
      long:
        standard: Дюмон-д’Юрвиль
    East_Timor:
      long:
        standard: Восточный Тимор
    Easter:
      long:
        generic: О-в Пасхи
        standard: О-в Пасхи, стандартное время
        daylight: О-в Пасхи, летнее время
    Ecuador:
      long:
        standard: Эквадор
    Europe_Central:
      long:
        generic: Центральная Европа
        standard: Центральная Европа, стандартное время
        daylight: Центральная Европа, летнее время
    Europe_Eastern:
      long:
        generic: Восточная Европа
        standard: Восточная Европа, стандартное время
        daylight: Восточная Европа, летнее время
    Europe_Further_Eastern:
      long:
        standard: Московское время
    Europe_Western:
      long:
        generic: Западная Европа
        standard: Западная Европа, стандартное время
        daylight: Западная Европа, летнее время
    Falkland:
      long:
        generic: Фолклендские о-ва
        standard: Фолклендские о-ва, стандартное время
        daylight: Фолклендские о-ва, летнее время
    Fiji:
      long:
        generic: Фиджи
        standard: Фиджи, стандартное время
        daylight: Фиджи, летнее время
    French_Guiana:
      long:
        standard: Французская Гвиана
    French_Southern:
      long:
        standard: Французские Южные и Антарктические территории
    Galapagos:
      long:
        standard: Галапагосские о-ва
    Gambier:
      long:
        standard: Гамбье
    Georgia:
      long:
        generic: Грузия
        standard: Грузия, стандартное время
        daylight: Грузия, летнее время
    Gilbert_Islands:
      long:
        standard: о-ва Гилберта
    GMT:
      long:
        standard: Среднее время по Гринвичу
    Greenland_Eastern:
      long:
        generic: Восточная Гренландия
        standard: Восточная Гренландия, стандарное время
        daylight: Восточная Гренландия, летнее время
    Greenland_Western:
      long:
        generic: Западная Гренландия
        standard: Западная Гренландия, стандартное время
        daylight: Западная Гренландия, летнее время
    Guam:
      long:
        standard: Гуам
    Gulf:
      long:
        standard: Персидский залив
    Guyana:
      long:
        standard: Гайана
    Hawaii_Aleutian:
      long:
        generic: Гавайско-алеутское время
        standard: Гавайско-алеутское стандартное время
        daylight: Гавайско-алеутское летнее время
    Hong_Kong:
      long:
        generic: Гонконг
        standard: Гонконг, стандартное время
        daylight: Гонконг, летнее время
    Hovd:
      long:
        generic: Ховд
        standard: Ховд, стандартное время
        daylight: Ховд, летнее время
    India:
      long:
        standard: Индия
    Indian_Ocean:
      long:
        standard: Индийский океан
    Indochina:
      long:
        standard: Индокитай
    Indonesia_Central:
      long:
        standard: Центральная Индонезия
    Indonesia_Eastern:
      long:
        standard: Восточная Индонезия
    Indonesia_Western:
      long:
        standard: Западная Индонезия
    Iran:
      long:
        generic: Иран
        standard: Иран, стандартное время
        daylight: Иран, летнее время
    Irkutsk:
      long:
        generic: Иркутск
        standard: Иркутск, стандартное время
        daylight: Иркутск, летнее время
    Israel:
      long:
        generic: Израиль
        standard: Израиль, стандартное время
        daylight: Израиль, летнее время
    Japan:
      long:
        generic: Япония
        standard: Япония, стандартное время
        daylight: Япония, летнее время
    Kamchatka:
      long:
        generic: Петропавловск-Камчатский
        standard: Петропавловск-Камчатский, стандартное время
        daylight: Петропавловск-Камчатский, летнее время
    Kazakhstan:
      long:
        standard: Казахстан
    Kazakhstan_Eastern:
      long:
        standard: Восточный Казахстан
    Kazakhstan_Western:
      long:
        standard: Западный Казахстан
    Korea:
      long:
        generic: Корея
        standard: Корея, стандартное время
        daylight: Корея, летнее время
    Kosrae:
      long:
        standard: Косрае
    Krasnoyarsk:
      long:
        generic: Красноярск
        standard: Красноярск, стандартное время
        daylight: Красноярск, летнее время
    Kyrgystan:
      long:
        standard: Киргизия
    Lanka:
      long:
        standard: Шри-Ланка
    Line_Islands:
      long:
        standard: о-ва Лайн
    Lord_Howe:
      long:
        generic: Лорд-Хау
        standard: Лорд-Хау, стандартное время
        daylight: Лорд-Хау, летнее время
    Macau:
      long:
        generic: Макао
        standard: Макао, стандартное время
        daylight: Макао, летнее время
    Magadan:
      long:
        generic: Магадан
        standard: Магадан, стандартное время
        daylight: Магадан, летнее время
    Malaysia:
      long:
        standard: Малайзия
    Maldives:
      long:
        standard: Мальдивы
    Marquesas:
      long:
        standard: Маркизские о-ва
    Marshall_Islands:
      long:
        standard: Маршалловы Острова
    Mauritius:
      long:
        generic: Маврикий
        standard: Маврикий, стандартное время
        daylight: Маврикий, летнее время
    Mawson:
      long:
        standard: Моусон
    Mexico_Pacific:
      long:
        generic: Тихоокеанское мексиканское время
        standard: Тихоокеанское мексиканское стандартное время
        daylight: Тихоокеанское мексиканское летнее время
    Mongolia:
      long:
        generic: Улан-Батор
        standard: Улан-Батор, стандартное время
        daylight: Улан-Батор, летнее время
    Moscow:
      long:
        generic: Москва
        standard: Москва, стандартное время
        daylight: Москва, летнее время
    Myanmar:
      long:
        standard: Мьянма
    Nauru:
      long:
        standard: Науру
    Nepal:
      long:
        standard: Непал
    New_Caledonia:
      long:
        generic: Новая Каледония
        standard: Новая Каледония, стандартное время
        daylight: Новая Каледония, летнее время
    New_Zealand:
      long:
        generic: Новая Зеландия
        standard: Новая Зеландия, стандартное время
        daylight: Новая Зеландия, летнее время
    Newfoundland:
      long:
        generic: Ньюфаундленд
        standard: Ньюфаундленд, стандартное время
        daylight: Ньюфаундленд, летнее время
    Niue:
      long:
        standard: Ниуэ
    Norfolk:
      long:
        generic: Норфолк
        standard: Норфолк, стандартное время
        daylight: Норфолк, летнее время
    Noronha:
      long:
        generic: Фернанду-ди-Норонья
        standard: Фернанду-ди-Норонья, стандартное время
        daylight: Фернанду-ди-Норонья, летнее время
    North_Mariana:
      long:
        standard: Северные Марианские о-ва
    Novosibirsk:
      long:
        generic: Новосибирск
        standard: Новосибирск, стандартное время
        daylight: Новосибирск, летнее время
    Omsk:
      long:
        generic: Омск
        standard: Омск, стандартное время
        daylight: Омск, летнее время
    Pakistan:
      long:
        generic: Пакистан
        standard: Пакистан, стандартное время
        daylight: Пакистан, летнее время
    Palau:
      long:
        standard: Палау
    Papua_New_Guinea:
      long:
        standard: Папуа – Новая Гвинея
    Paraguay:
      long:
        generic: Парагвай
        standard: Парагвай, стандартное время
        daylight: Парагвай, летнее время
    Peru:
      long:
        generic: Перу
        standard: Перу, стандартное время
        daylight: Перу, летнее время
    Philippines:
      long:
        generic: Филиппины
        standard: Филиппины, стандартное время
        daylight: Филиппины, летнее время
    Phoenix_Islands:
      long:
        standard: о-ва Феникс
    Pierre_Miquelon:
      long:
        generic: Сен-Пьер и Микелон
        standard: Сен-Пьер и Микелон, стандартное время
        daylight: Сен-Пьер и Микелон, летнее время
    Pitcairn:
      long:
        standard: Питкэрн
    Ponape:
      long:
        standard: Понпеи
    Pyongyang:
      long:
        standard: Пхеньян
    Qyzylorda:
      long:
        generic: Кызылорда*
        standard: Кызылорда, стандартное время*
        daylight: Кызылорда, летнее время*
    Reunion:
      long:
        standard: Реюньон
    Rothera:
      long:
        standard: Ротера
    Sakhalin:
      long:
        generic: Сахалин
        standard: Сахалин, стандартное время
        daylight: Сахалин, летнее время
    Samara:
      long:
        generic: Время в Самаре
        standard: Самарское стандартное время
        daylight: Самарское летнее время
    Samoa:
      long:
        generic: Самоа
        standard: Самоа, стандартное время
        daylight: Самоа, летнее время
    Seychelles:
      long:
        standard: Сейшельские Острова
    Singapore:
      long:
        standard: Сингапур
    Solomon:
      long:
        standard: Соломоновы Острова
    South_Georgia:
      long:
        standard: Южная Георгия
    Suriname:
      long:
        standard: Суринам
    Syowa:
      long:
        standard: Сёва
    Tahiti:
      long:
        standard: Таити
    Taipei:
      long:
        generic: Тайвань
        standard: Тайвань, стандартное время
        daylight: Тайвань, летнее время
    Tajikistan:
      long:
        standard: Таджикистан
    Tokelau:
      long:
        standard: Токелау
    Tonga:
      long:
        generic: Тонга
        standard: Тонга, стандартное время
        daylight: Тонга, летнее время
    Truk:
      long:
        standard: Трук
    Turkmenistan:
      long:
        generic: Туркменистан
        standard: Туркменистан, стандартное время
        daylight: Туркменистан, летнее время
    Tuvalu:
      long:
        standard: Тувалу
    Uruguay:
      long:
        generic: Уругвай
        standard: Уругвай, стандартное время
        daylight: Уругвай, летнее время
    Uzbekistan:
      long:
        generic: Узбекистан
        standard: Узбекистан, стандартное время
        daylight: Узбекистан, летнее время
    Vanuatu:
      long:
        generic: Вануату
        standard: Вануату, стандартное время
        daylight: Вануату, летнее время
    Venezuela:
      long:
        standard: Венесуэла
    Vladivostok:
      long:
        generic: Владивосток
        standard: Владивосток, стандартное время
        daylight: Владивосток, летнее время
    Volgograd:
      long:
        generic: Волгоград
        standard: Волгоград, стандартное время
        daylight: Волгоград, летнее время
    Vostok:
      long:
        standard: Восток
    Wake:
      long:
        standard: Уэйк
    Wallis:
      long:
        standard: Уоллис и Футуна
    Yakutsk:
      long:
        generic: Якутск
        standard: Якутск, стандартное время
        daylight: Якутск, летнее время
    Yekaterinburg:
      long:
        generic: Екатеринбург
        standard: Екатеринбург, стандартное время
        daylight: Екатеринбург, летнее время
    Yukon:
      long:
        standard: Юкон
