---
locale: blo
generated_at: '2025-09-15T06:26:17Z'
cldr_version: '46'
timezone_names:
  formats:
    gmt_format: "{0} Gk"
    region_format: "{0} kaakɔŋkɔŋɔ̀"
    region_format_daylight: "{0} kaakɔŋkɔŋɔ̀ gafʊbaka"
    region_format_standard: "{0} kaakɔŋkɔŋɔ̀ ɖeiɖei"
  zones:
    Etc/UTC:
      short:
        standard: ƉAK
      long:
        standard: Ɖulinya aŋunii kaakɔŋkɔŋɔ̀
    Etc/Unknown:
      exemplar_city: mpá nɖee kʊyɔʊ ʊ mana ma
    Europe/Andorra:
      exemplar_city: Anɖɔraa
    Asia/Dubai:
      exemplar_city: Ɖubaɩ
    America/Antigua:
      exemplar_city: Antiguwaa
    America/Anguilla:
      exemplar_city: Aŋguwilaa
    Europe/Tirane:
      exemplar_city: Tiranaa
    Asia/Yerevan:
      exemplar_city: Yerefaan
    Africa/Luanda:
      exemplar_city: Luwanɖaa
    Antarctica/Rothera:
      exemplar_city: Roteraa
    Antarctica/Palmer:
      exemplar_city: Palmɛɛr
    Antarctica/Troll:
      exemplar_city: Trɔl
    Antarctica/Syowa:
      exemplar_city: Siyowaa
    Antarctica/Mawson:
      exemplar_city: Mɔsɔn
    Antarctica/Davis:
      exemplar_city: Ɖefis
    Antarctica/Vostok:
      exemplar_city: Fɔstɔk
    Antarctica/Casey:
      exemplar_city: Keesi
    Antarctica/DumontDUrville:
      exemplar_city: Ɖimɔn Ɖirfil
    Antarctica/McMurdo:
      exemplar_city: MɛkMɔrɖoo
    America/Argentina/Rio_Gallegos:
      exemplar_city: Riyo Galegɔs
    America/Mendoza:
      exemplar_city: Mɛnɖɔsaa
    America/Argentina/San_Juan:
      exemplar_city: San Huwan
    America/Argentina/Ushuaia:
      exemplar_city: Ushuweyaa
    America/Argentina/La_Rioja:
      exemplar_city: La Riyɔha
    America/Argentina/San_Luis:
      exemplar_city: San Luwis
    America/Catamarca:
      exemplar_city: Katamarkaa
    America/Jujuy:
      exemplar_city: Huhuyi
    America/Argentina/Tucuman:
      exemplar_city: Tukuman
    America/Cordoba:
      exemplar_city: Kɔrɖobaa
    America/Buenos_Aires:
      exemplar_city: Buwenɔs Airɛs
    Pacific/Pago_Pago:
      exemplar_city: Pago Pagoo
    Europe/Vienna:
      exemplar_city: Fiyɛna
    Australia/Perth:
      exemplar_city: Pɛrt
    Australia/Eucla:
      exemplar_city: Uklaa
    Australia/Darwin:
      exemplar_city: Ɖarfin
    Australia/Adelaide:
      exemplar_city: Aɖelɛɛɖ
    Australia/Broken_Hill:
      exemplar_city: Brokǝn Hil
    Australia/Melbourne:
      exemplar_city: Mɛlbɔrn
    Australia/Hobart:
      exemplar_city: Hobaa
    Australia/Lindeman:
      exemplar_city: Linɖeman
    Australia/Sydney:
      exemplar_city: Siɖnee
    Australia/Brisbane:
      exemplar_city: Brisbɛn
    Antarctica/Macquarie:
      exemplar_city: Makarii
    Australia/Lord_Howe:
      exemplar_city: Lɔrɖ Hoo
    America/Aruba:
      exemplar_city: Arubaa
    Europe/Mariehamn:
      exemplar_city: Mariyeham
    Asia/Baku:
      exemplar_city: Bakuu
    Europe/Sarajevo:
      exemplar_city: Sarayefoo
    America/Barbados:
      exemplar_city: Barbaɖɔɔsɩ
    Asia/Dhaka:
      exemplar_city: Ɖakaa
    Europe/Brussels:
      exemplar_city: Brisɛl
    Africa/Ouagadougou:
      exemplar_city: Wagaɖugu
    Europe/Sofia:
      exemplar_city: Sofiya
    Asia/Bahrain:
      exemplar_city: Barɛɛn
    Africa/Bujumbura:
      exemplar_city: Bujumburaa
    Africa/Porto-Novo:
      exemplar_city: Pɔrto Nofoo
    America/St_Barthelemy:
      exemplar_city: Sɛŋ-Batolomayɔ
    Atlantic/Bermuda:
      exemplar_city: Bɛrmuɖaa
    Asia/Brunei:
      exemplar_city: Brunɛɩ
    America/La_Paz:
      exemplar_city: La Pas
    America/Kralendijk:
      exemplar_city: Kralɛnɖaɩk
    America/Eirunepe:
      exemplar_city: Ɛɩrunepee
    America/Rio_Branco:
      exemplar_city: Riyo Braŋkoo
    America/Porto_Velho:
      exemplar_city: Pɔrto Feloo
    America/Boa_Vista:
      exemplar_city: Bowa Fistaa
    America/Manaus:
      exemplar_city: Manaʊs
    America/Cuiaba:
      exemplar_city: Kuyabaa
    America/Santarem:
      exemplar_city: Santarɛm
    America/Campo_Grande:
      exemplar_city: Campo Granɖee
    America/Belem:
      exemplar_city: Belɛm
    America/Araguaina:
      exemplar_city: Araguweena
    America/Sao_Paulo:
      exemplar_city: Sao Pauloo
    America/Bahia:
      exemplar_city: Bahiyaa
    America/Fortaleza:
      exemplar_city: Fɔrtalɛsaa
    America/Maceio:
      exemplar_city: Masɛɩyoo
    America/Recife:
      exemplar_city: Resife
    America/Noronha:
      exemplar_city: Norɔnya
    America/Nassau:
      exemplar_city: Nasau
    Asia/Thimphu:
      exemplar_city: Timfu
    Europe/Minsk:
      exemplar_city: Mɩns
    America/Belize:
      exemplar_city: Beliis
    America/Dawson:
      exemplar_city: Ɖɔɔsǝn
    America/Whitehorse:
      exemplar_city: Waɩthɔɔs
    America/Inuvik:
      exemplar_city: Inufik
    America/Vancouver:
      exemplar_city: Fɛŋkuufa
    America/Fort_Nelson:
      exemplar_city: Fɔɔr Nɛlsɔn
    America/Dawson_Creek:
      exemplar_city: Ɖɔɔsǝn Kriik
    America/Creston:
      exemplar_city: Krɛstɔn
    America/Edmonton:
      exemplar_city: Ɛɖmɔntɔn
    America/Swift_Current:
      exemplar_city: Sǝwɩftɩ Kǝrɛɛntɩ
    America/Cambridge_Bay:
      exemplar_city: Kambriijɩ Baɩ
    America/Regina:
      exemplar_city: Regiina
    America/Winnipeg:
      exemplar_city: Winipɛɛg
    America/Resolute:
      exemplar_city: Rɛsoluut
    America/Rankin_Inlet:
      exemplar_city: Raŋkɩn Ɩnlɛɛtɩ
    America/Toronto:
      exemplar_city: Torɔntoo
    America/Iqaluit:
      exemplar_city: Ikaluwiit
    America/Moncton:
      exemplar_city: Mɔŋtɔn
    America/Halifax:
      exemplar_city: Halifaas
    America/Goose_Bay:
      exemplar_city: Guus Baɩ
    America/Glace_Bay:
      exemplar_city: Glaas Baɩ
    America/Blanc-Sablon:
      exemplar_city: Blaŋ-Sablɔŋ
    America/St_Johns:
      exemplar_city: Sɛŋ Jɔɔns
    Indian/Cocos:
      exemplar_city: Kokoos
    Africa/Kinshasa:
      exemplar_city: Kinshasaa
    Africa/Lubumbashi:
      exemplar_city: Lubumbashii
    Africa/Bangui:
      exemplar_city: Baŋgii
    Africa/Brazzaville:
      exemplar_city: Brasafil
    Europe/Zurich:
      exemplar_city: Suriik
    Africa/Abidjan:
      exemplar_city: Abijaŋ
    Pacific/Rarotonga:
      exemplar_city: Rarotɔŋga
    Pacific/Easter:
      exemplar_city: Ista
    America/Santiago:
      exemplar_city: Santiyagoo
    Africa/Douala:
      exemplar_city: Ɖuwalaa
    Asia/Urumqi:
      exemplar_city: Urumkii
    Asia/Shanghai:
      exemplar_city: Shaŋgaɩ
    America/Costa_Rica:
      exemplar_city: Kɔsta Rikaa
    America/Havana:
      exemplar_city: Hafanaa
    Atlantic/Cape_Verde:
      exemplar_city: Kapfɛɛr
    America/Curacao:
      exemplar_city: Kurasaawu
    Indian/Christmas:
      exemplar_city: Nowɛl
    Asia/Nicosia:
      exemplar_city: Nikosiya
    Asia/Famagusta:
      exemplar_city: Famagustaa
    Europe/Prague:
      exemplar_city: Praag
    Europe/Busingen:
      exemplar_city: Busiŋgɛn
    Europe/Berlin:
      exemplar_city: Bɛrlɛŋ
    Africa/Djibouti:
      exemplar_city: Jibutii
    Europe/Copenhagen:
      exemplar_city: Kopenaag
    America/Dominica:
      exemplar_city: Ɖominikaa
    America/Santo_Domingo:
      exemplar_city: Santo Ɖomɩŋgo
    Africa/Algiers:
      exemplar_city: Aljɛɛr
    Pacific/Galapagos:
      exemplar_city: Galapagɔs
    America/Guayaquil:
      exemplar_city: Guwayakil
    Europe/Tallinn:
      exemplar_city: Talin
    Africa/Cairo:
      exemplar_city: Kairoo
    Africa/El_Aaiun:
      exemplar_city: Ɛl Ayun
    Africa/Asmera:
      exemplar_city: Asmaraa
    Atlantic/Canary:
      exemplar_city: Kanarii
    Africa/Ceuta:
      exemplar_city: Seyuta
    Europe/Madrid:
      exemplar_city: Maɖriiɖ
    Africa/Addis_Ababa:
      exemplar_city: Aɖis Abeba
    Europe/Helsinki:
      exemplar_city: Hɛlsiŋkii
    Atlantic/Stanley:
      exemplar_city: Stanlɛɩ
    Pacific/Truk:
      exemplar_city: Cuuk
    Pacific/Ponape:
      exemplar_city: Poonpee
    Pacific/Kosrae:
      exemplar_city: Kɔsrɛɛ
    Atlantic/Faeroe:
      exemplar_city: Faroi
    Europe/Paris:
      exemplar_city: Parii
    Africa/Libreville:
      exemplar_city: Librǝfil
    Europe/London:
      exemplar_city: Lɔnɖɔn
      long:
        daylight: Gagɛɛshɩtǝna kaakɔŋkɔŋɔ̀ gafʊbaka
    America/Grenada:
      exemplar_city: Grenaaɖa
    Asia/Tbilisi:
      exemplar_city: Tiblisii
    America/Cayenne:
      exemplar_city: Kayɛɛn
    Europe/Guernsey:
      exemplar_city: Gǝrǝnsɛɩ
    Africa/Accra:
      exemplar_city: Akraa
    Europe/Gibraltar:
      exemplar_city: Gibraltaa
    America/Thule:
      exemplar_city: Tuule
    America/Scoresbysund:
      exemplar_city: Itokɔrtoomiiti
    America/Danmarkshavn:
      exemplar_city: Ɖanǝmarkɩhaʊn
    Africa/Conakry:
      exemplar_city: Konakrii
    America/Guadeloupe:
      exemplar_city: Guwaɖeluupu
    Africa/Malabo:
      exemplar_city: Malaboo
    Europe/Athens:
      exemplar_city: Atɛn
    Atlantic/South_Georgia:
      exemplar_city: Jɔrjiya gʊnyɩsonolaŋ kaja
    America/Guatemala:
      exemplar_city: Guwatemalaa
    Pacific/Guam:
      exemplar_city: Guwam
    Africa/Bissau:
      exemplar_city: Bisoo
    America/Guyana:
      exemplar_city: Guyanaa
    Asia/Hong_Kong:
      exemplar_city: Hɔŋ Kɔŋ
    America/Tegucigalpa:
      exemplar_city: Tegusigalpa
    Europe/Zagreb:
      exemplar_city: Sagrɛb
    America/Port-au-Prince:
      exemplar_city: Pɔɔr o Prɛŋs
    Europe/Budapest:
      exemplar_city: Buɖapɛs
    Asia/Jakarta:
      exemplar_city: Jakataa
    Asia/Pontianak:
      exemplar_city: Pɔntiyanak
    Asia/Makassar:
      exemplar_city: Makasaar
    Asia/Jayapura:
      exemplar_city: Jayapuraa
    Europe/Dublin:
      exemplar_city: Ɖɔblɛŋ
      long:
        daylight: Irlanɖ kaakɔŋkɔŋɔ̀
    Asia/Jerusalem:
      exemplar_city: Yerusalɛm
    Europe/Isle_of_Man:
      exemplar_city: Man kaAtukǝltǝna
    Asia/Calcutta:
      exemplar_city: Kɔlkata
    Indian/Chagos:
      exemplar_city: Shagɔs
    Asia/Baghdad:
      exemplar_city: Bagɖaaɖ
    Asia/Tehran:
      exemplar_city: Teeraan
    Atlantic/Reykjavik:
      exemplar_city: Rɛɩkyafik
    Europe/Rome:
      exemplar_city: Room
    Europe/Jersey:
      exemplar_city: Jersei
    America/Jamaica:
      exemplar_city: Jamaɩka
    Asia/Amman:
      exemplar_city: Amaan
    Asia/Tokyo:
      exemplar_city: Tokiyoo
    Africa/Nairobi:
      exemplar_city: Nairobii
    Asia/Bishkek:
      exemplar_city: Bishkɛk
    Asia/Phnom_Penh:
      exemplar_city: Nɔm Pɛn
    Pacific/Kanton:
      exemplar_city: Kantɔn
    Pacific/Kiritimati:
      exemplar_city: Kirimatii
    Pacific/Tarawa:
      exemplar_city: Tarawaa
    Indian/Comoro:
      exemplar_city: Komoroo
    America/St_Kitts:
      exemplar_city: Sɛŋ Kits
    Asia/Pyongyang:
      exemplar_city: Pɩyɔŋyaŋ
    Asia/Seoul:
      exemplar_city: Sewul
    Asia/Kuwait:
      exemplar_city: Koweeti
    America/Cayman:
      exemplar_city: Kayimaan
    Asia/Aqtau:
      exemplar_city: Aktaʊ
    Asia/Oral:
      exemplar_city: Oraal
    Asia/Atyrau:
      exemplar_city: Atiraʊ
    Asia/Aqtobe:
      exemplar_city: Aktobee
    Asia/Qostanay:
      exemplar_city: Kɔstanaɩ
    Asia/Qyzylorda:
      exemplar_city: Kisilɔrɖaa
    Asia/Almaty:
      exemplar_city: Almatii
    Asia/Vientiane:
      exemplar_city: Fiyentiyan
    Asia/Beirut:
      exemplar_city: Beiruut
    America/St_Lucia:
      exemplar_city: Sɛŋ Lusiya
    Europe/Vaduz:
      exemplar_city: Faɖus
    Asia/Colombo:
      exemplar_city: Kolomboo
    Africa/Monrovia:
      exemplar_city: Monrofiyaa
    Africa/Maseru:
      exemplar_city: Maseruu
    Europe/Vilnius:
      exemplar_city: Filniyus
    Europe/Luxembourg:
      exemplar_city: Lusɛmbuur
    Europe/Riga:
      exemplar_city: Rigaa
    Africa/Tripoli:
      exemplar_city: Tripolii
    Africa/Casablanca:
      exemplar_city: Kasablaŋkaa
    Europe/Monaco:
      exemplar_city: Monakoo
    Europe/Chisinau:
      exemplar_city: Shisinoo
    Europe/Podgorica:
      exemplar_city: Poɖgorikaa
    America/Marigot:
      exemplar_city: Marigoo
    Indian/Antananarivo:
      exemplar_city: Antananarifoo
    Pacific/Kwajalein:
      exemplar_city: Kwajalɛɛn
    Pacific/Majuro:
      exemplar_city: Majuroo
    Europe/Skopje:
      exemplar_city: Skɔpyɛ
    Africa/Bamako:
      exemplar_city: Bamakoo
    Asia/Rangoon:
      exemplar_city: Yaŋgɔn
    Asia/Hovd:
      exemplar_city: Hɔfɖǝ
    Asia/Ulaanbaatar:
      exemplar_city: Ulanbatɔɔr
    Asia/Macau:
      exemplar_city: Makawoo
    Pacific/Saipan:
      exemplar_city: Saɩpan
    America/Martinique:
      exemplar_city: Martiniiki
    Africa/Nouakchott:
      exemplar_city: Nuwakcɔt
    America/Montserrat:
      exemplar_city: Mɔnsɛraatɩ
    Indian/Mauritius:
      exemplar_city: Imoris
    Indian/Maldives:
      exemplar_city: Malɖiifu
    Africa/Blantyre:
      exemplar_city: Blantiir
    America/Tijuana:
      exemplar_city: Tihuwana
    America/Hermosillo:
      exemplar_city: Ɛrmosiloo
    America/Ciudad_Juarez:
      exemplar_city: Siwuɖaaɖ Huwarɛs
    America/Mazatlan:
      exemplar_city: Masatǝlan
    America/Chihuahua:
      exemplar_city: Shiwawaa
    America/Bahia_Banderas:
      exemplar_city: Bahiiya ɖe Banɖeraasɩ
    America/Ojinaga:
      exemplar_city: Ojinaaga
    America/Monterrey:
      exemplar_city: Mɔntɛrɛɩ
    America/Mexico_City:
      exemplar_city: Mɛsiko Siti
    America/Matamoros:
      exemplar_city: Matamoroos
    America/Merida:
      exemplar_city: Meriiɖa
    America/Cancun:
      exemplar_city: Kaŋkun
    Asia/Kuala_Lumpur:
      exemplar_city: Kuwala Lumpuur
    Asia/Kuching:
      exemplar_city: Kuciŋ
    Africa/Maputo:
      exemplar_city: Maputoo
    Africa/Windhoek:
      exemplar_city: Winɖhuk
    Pacific/Noumea:
      exemplar_city: Numeya
    Africa/Niamey:
      exemplar_city: Nyɛmɛ
    Pacific/Norfolk:
      exemplar_city: Nɔrfook
    Africa/Lagos:
      exemplar_city: Legɔs
    America/Managua:
      exemplar_city: Manaaguwa
    Europe/Amsterdam:
      exemplar_city: Amstɛrɖam
    Europe/Oslo:
      exemplar_city: Ɔsloo
    Asia/Katmandu:
      exemplar_city: Katmanɖuu
    Pacific/Nauru:
      exemplar_city: Nawuru
    Pacific/Niue:
      exemplar_city: Niwuye
    Pacific/Chatham:
      exemplar_city: Shatam
    Pacific/Auckland:
      exemplar_city: Ɔɔklanɖ
    Asia/Muscat:
      exemplar_city: Muskaat
    America/Panama:
      exemplar_city: Panamaa
    America/Lima:
      exemplar_city: Limaa
    Pacific/Tahiti:
      exemplar_city: Tahitii
    Pacific/Marquesas:
      exemplar_city: Markesas
    Pacific/Gambier:
      exemplar_city: Gambiyee
    Pacific/Port_Moresby:
      exemplar_city: Pɔɔr Mɔrɛsbii
    Pacific/Bougainville:
      exemplar_city: Bugɛɛŋfil
    Asia/Manila:
      exemplar_city: Manilaa
    Asia/Karachi:
      exemplar_city: Karacɩ
    Europe/Warsaw:
      exemplar_city: Warsaʊ
    America/Miquelon:
      exemplar_city: Mikelɔŋ
    Pacific/Pitcairn:
      exemplar_city: Pɩtkɛɛn
    America/Puerto_Rico:
      exemplar_city: Pɔrto Rikoo
    Asia/Gaza:
      exemplar_city: Gasaa
    Asia/Hebron:
      exemplar_city: Hebrɔn
    Atlantic/Azores:
      exemplar_city: Asɔɔr
    Atlantic/Madeira:
      exemplar_city: Maɖeiraa
    Europe/Lisbon:
      exemplar_city: Lisbɔn
    Pacific/Palau:
      exemplar_city: Palawoo
    America/Asuncion:
      exemplar_city: Asunsiyɔn
    Asia/Qatar:
      exemplar_city: Kataa
    Indian/Reunion:
      exemplar_city: Reeniyɔŋ
    Europe/Bucharest:
      exemplar_city: Bukarɛs
    Europe/Belgrade:
      exemplar_city: Bɛlgraaɖ
    Europe/Kaliningrad:
      exemplar_city: Kaliniŋgraaɖ
    Europe/Moscow:
      exemplar_city: Moskuu
    Europe/Volgograd:
      exemplar_city: Fɔlgograaɖ
    Europe/Saratov:
      exemplar_city: Saratɔɔf
    Europe/Astrakhan:
      exemplar_city: Astrakaan
    Europe/Ulyanovsk:
      exemplar_city: Ulyanɔɔf
    Europe/Kirov:
      exemplar_city: Kirɔɔf
    Europe/Samara:
      exemplar_city: Samaraa
    Asia/Yekaterinburg:
      exemplar_city: Yekaterinbuu
    Asia/Omsk:
      exemplar_city: Ɔmsǝkǝ
    Asia/Novosibirsk:
      exemplar_city: Nofosibirk
    Asia/Barnaul:
      exemplar_city: Barnawul
    Asia/Tomsk:
      exemplar_city: Tɔmsǝkǝ
    Asia/Novokuznetsk:
      exemplar_city: Nofokusnɛk
    Asia/Krasnoyarsk:
      exemplar_city: Krasnoyark
    Asia/Irkutsk:
      exemplar_city: Irkut
    Asia/Chita:
      exemplar_city: Shitaa
    Asia/Yakutsk:
      exemplar_city: Yakut
    Asia/Vladivostok:
      exemplar_city: Flaɖifɔstɔk
    Asia/Khandyga:
      exemplar_city: Kanɖigaa
    Asia/Sakhalin:
      exemplar_city: Sakalin
    Asia/Ust-Nera:
      exemplar_city: Ust-Neraa
    Asia/Magadan:
      exemplar_city: Magaɖan
    Asia/Srednekolymsk:
      exemplar_city: Srɛɖnɛkɔlim
    Asia/Kamchatka:
      exemplar_city: Kamshatkaa
    Asia/Anadyr:
      exemplar_city: Anaɖiir
    Africa/Kigali:
      exemplar_city: Kigalii
    Asia/Riyadh:
      exemplar_city: Riyaaɖ
    Pacific/Guadalcanal:
      exemplar_city: Guwaɖalkanal
    Indian/Mahe:
      exemplar_city: Mahee
    Africa/Khartoum:
      exemplar_city: Kartuum
    Europe/Stockholm:
      exemplar_city: Stɔkhɔlm
    Asia/Singapore:
      exemplar_city: Siŋgapuur
    Atlantic/St_Helena:
      exemplar_city: Sɛŋ Elenaa
    Europe/Ljubljana:
      exemplar_city: Yubǝlyana
    Arctic/Longyearbyen:
      exemplar_city: Lɔŋyiirbiyɛn
    Europe/Bratislava:
      exemplar_city: Bratislafa
    Africa/Freetown:
      exemplar_city: Friitaʊn
    Europe/San_Marino:
      exemplar_city: San Marinoo
    Africa/Dakar:
      exemplar_city: Ɖakaar
    Africa/Mogadishu:
      exemplar_city: Mogaɖishuu
    America/Paramaribo:
      exemplar_city: Paramariboo
    Africa/Juba:
      exemplar_city: Jubaa
    Africa/Sao_Tome:
      exemplar_city: Saotome kampá
    America/El_Salvador:
      exemplar_city: Ɛl Salfaɖɔɔr
    America/Lower_Princes:
      exemplar_city: Lowɛɛ Prɛŋs Kwata
    Asia/Damascus:
      exemplar_city: Ɖamaskɔɔsɩ
    Africa/Mbabane:
      exemplar_city: Mbabanee
    America/Grand_Turk:
      exemplar_city: Granɖ Turk
    Africa/Ndjamena:
      exemplar_city: Njamenaa
    Indian/Kerguelen:
      exemplar_city: Kɛrgelɛɛn
    Africa/Lome:
      exemplar_city: Lʊmɛ
    Asia/Bangkok:
      exemplar_city: Baŋkɔk
    Asia/Dushanbe:
      exemplar_city: Ɖushanbee
    Pacific/Fakaofo:
      exemplar_city: Fakawofoo
    Asia/Dili:
      exemplar_city: Ɖilii
    Asia/Ashgabat:
      exemplar_city: Ashgabaat
    Africa/Tunis:
      exemplar_city: Tiniis
    Pacific/Tongatapu:
      exemplar_city: Tɔŋgatapuu
    Europe/Istanbul:
      exemplar_city: Istambuul
    America/Port_of_Spain:
      exemplar_city: Pɔɔr ɔf Spɛɛn
    Pacific/Funafuti:
      exemplar_city: Funafutii
    Asia/Taipei:
      exemplar_city: Taɩpei
    Africa/Dar_es_Salaam:
      exemplar_city: Ɖarɛsalaam
    Europe/Kiev:
      exemplar_city: Kiyɛf
    Africa/Kampala:
      exemplar_city: Kampalaa
    Pacific/Midway:
      exemplar_city: Miɖwee
    Pacific/Wake:
      exemplar_city: Week
    America/Adak:
      exemplar_city: Aɖak
    America/Anchorage:
      exemplar_city: Aŋkɔraajɩ
    America/Sitka:
      exemplar_city: Sitkaa
    America/Juneau:
      exemplar_city: Jinoo
    America/Metlakatla:
      exemplar_city: Metelakatelaa
    America/Los_Angeles:
      exemplar_city: Lɔs Anjɛlɛɛs
    America/Boise:
      exemplar_city: Bɔwaasɩ
    America/Phoenix:
      exemplar_city: Finiis
    America/Denver:
      exemplar_city: Ɖɛnfa
    America/North_Dakota/Beulah:
      exemplar_city: Biula, Nɔɔr Ɖakoota
    America/North_Dakota/New_Salem:
      exemplar_city: Niu Salɛm, Nɔɔr Ɖakota
    America/North_Dakota/Center:
      exemplar_city: Sɛnta, Nɔɔr Ɖakoota
    America/Chicago:
      exemplar_city: Shikagoo
    America/Indiana/Vincennes:
      exemplar_city: Fɛŋsɛn, Ɩnɖiyaana
    America/Indiana/Petersburg:
      exemplar_city: Petɛrsbuur, Ɩnɖiyaana
    America/Indiana/Tell_City:
      exemplar_city: Tɛl Siti, Ɩnɖiyaana
    America/Indiana/Knox:
      exemplar_city: Nɔk, Ɩnɖiyaana
    America/Indiana/Winamac:
      exemplar_city: Winamaak, Ɩnɖiyaana
    America/Indiana/Marengo:
      exemplar_city: Marɛŋgo, Ɩnɖiyaana
    America/Indianapolis:
      exemplar_city: Ɩnɖiyaanapoli
    America/Louisville:
      exemplar_city: Luwifiil
    America/Indiana/Vevay:
      exemplar_city: Fefɛɩ, Ɩnɖiyaana
    America/Kentucky/Monticello:
      exemplar_city: Mɔntishɛɛlo, Kɛntaki
    America/Detroit:
      exemplar_city: Ɖitrɔɔɩ
    America/New_York:
      exemplar_city: Niu Yɔrk
    America/Montevideo:
      exemplar_city: Mɔntefiɖeyoo
    Asia/Samarkand:
      exemplar_city: Samarkanɖ
    Asia/Tashkent:
      exemplar_city: Tashkɛnt
    Europe/Vatican:
      exemplar_city: Fatikaŋ
    America/St_Vincent:
      exemplar_city: Sɛŋ Fɩnsaŋ
    America/Caracas:
      exemplar_city: Karakaas
    America/Tortola:
      exemplar_city: Tɔrtɔlaa
    America/St_Thomas:
      exemplar_city: Sɛŋ Tomaasɩ
    Asia/Saigon:
      exemplar_city: Ho Ci Min kaMpá
    Pacific/Efate:
      exemplar_city: Efatee
    Pacific/Wallis:
      exemplar_city: Walis
    Pacific/Apia:
      exemplar_city: Apiya
    Asia/Aden:
      exemplar_city: Aɖɛn
    Indian/Mayotte:
      exemplar_city: Mayɔɔtɩ
    Africa/Johannesburg:
      exemplar_city: Yohanɛsbuur
    Africa/Lusaka:
      exemplar_city: Lusakaa
    Africa/Harare:
      exemplar_city: Hararee
  metazones:
    Afghanistan:
      long:
        standard: Afganistan kaakɔŋkɔŋɔ̀
    Africa_Central:
      long:
        standard: Garɩɖontǝna gɩcɩɩca kaakɔŋkɔŋɔ̀
    Africa_Eastern:
      long:
        standard: Garɩɖontǝna gajakalaŋ kaakɔŋkɔŋɔ̀
    Africa_Southern:
      long:
        standard: Garɩɖontǝna gʊnyɩsonolaŋ kaakɔŋkɔŋɔ̀
    Africa_Western:
      long:
        generic: Garɩɖontǝna gɩteŋshilelaŋ kaakɔŋkɔŋɔ̀
        standard: Garɩɖontǝna gɩteŋshilelaŋ kaakɔŋkɔŋɔ̀ ɖeiɖei
        daylight: Garɩɖontǝna gɩteŋshilelaŋ kaakɔŋkɔŋɔ̀ gafʊbaka
    Alaska:
      long:
        generic: Alaskaa kaakɔŋkɔŋɔ̀
        standard: Alaskaa kaakɔŋkɔŋɔ̀ ɖeiɖei
        daylight: Alaskaa kaakɔŋkɔŋɔ̀ gafʊbaka
    Amazon:
      long:
        generic: Amasɔn kaakɔŋkɔŋɔ̀
        standard: Amasɔn kaakɔŋkɔŋɔ̀ ɖeiɖei
        daylight: Amasɔn kaakɔŋkɔŋɔ̀ gafʊbaka
    America_Central:
      long:
        generic: Amalɩka gʊnyɩpɛnɛlaŋ kagɩcɩɩca kaakɔŋkɔŋɔ̀
        standard: Amalɩka gʊnyɩpɛnɛlaŋ kagɩcɩɩca kaakɔŋkɔŋɔ̀ ɖeiɖei
        daylight: Amalɩka gʊnyɩpɛnɛlaŋ kagɩcɩɩca kaakɔŋkɔŋɔ̀ gafʊbaka
    America_Eastern:
      long:
        generic: Amalɩka gʊnyɩpɛnɛlaŋ kaajakalaŋ kaakɔŋkɔŋɔ̀
        standard: Amalɩka gʊnyɩpɛnɛlaŋ kaajakalaŋ kaakɔŋkɔŋɔ̀ ɖeiɖei
        daylight: Amalɩka gʊnyɩpɛnɛlaŋ kaajakalaŋ kaakɔŋkɔŋɔ̀ gafʊbaka
    America_Mountain:
      long:
        generic: Amalɩka gʊnyɩpɛnɛlaŋ kabʊnʊ kaakɔŋkɔŋɔ̀
        standard: Amalɩka gʊnyɩpɛnɛlaŋ kabʊnʊ kaakɔŋkɔŋɔ̀ ɖeiɖei
        daylight: Amalɩka gʊnyɩpɛnɛlaŋ kabʊnʊ kaakɔŋkɔŋɔ̀ gafʊbaka
    America_Pacific:
      long:
        generic: Amalɩka kapasifika kaakɔŋkɔŋɔ̀
        standard: Amalɩka kapasifika kaakɔŋkɔŋɔ̀ ɖeiɖei
        daylight: Amalɩka kapasifika kaakɔŋkɔŋɔ̀ gafʊbaka
    Apia:
      long:
        generic: Apiya kaakɔŋkɔŋɔ̀
        standard: Apiya kaakɔŋkɔŋɔ̀ ɖeiɖei
        daylight: Apiya kaakɔŋkɔŋɔ̀ gafʊbaka
    Arabian:
      long:
        generic: Galaaributǝna kaakɔŋkɔŋɔ̀
        standard: Galaaributǝna kaakɔŋkɔŋɔ̀ ɖeiɖei
        daylight: Galaaributǝna kaakɔŋkɔŋɔ̀ gafʊbaka
    Argentina:
      long:
        generic: Arjantin kaakɔŋkɔŋɔ̀
        standard: Arjantin kaakɔŋkɔŋɔ̀ ɖeiɖei
        daylight: Arjantin kaakɔŋkɔŋɔ̀ gafʊbaka
    Argentina_Western:
      long:
        generic: Arjantin gɩteŋshilelaŋ kaakɔŋkɔŋɔ̀
        standard: Arjantin gɩteŋshilelaŋ kaakɔŋkɔŋɔ̀ ɖeiɖei
        daylight: Arjantin gɩteŋshilelaŋ kaakɔŋkɔŋɔ̀ gafʊbaka
    Armenia:
      long:
        generic: Armenii kaakɔŋkɔŋɔ̀
        standard: Armenii kaakɔŋkɔŋɔ̀ ɖeiɖei
        daylight: Armenii kaakɔŋkɔŋɔ̀ gafʊbaka
    Atlantic:
      long:
        generic: Amalɩka katǝlantika kaakɔŋkɔŋɔ̀
        standard: Amalɩka katǝlantika kaakɔŋkɔŋɔ̀ ɖeiɖei
        daylight: Amalɩka katǝlantika kaakɔŋkɔŋɔ̀ gafʊbaka
    Australia_Central:
      long:
        generic: Ɔstraliya kagɩcɩɩca kaakɔŋkɔŋɔ̀
        standard: Ɔstraliya kagɩcɩɩca kaakɔŋkɔŋɔ̀ ɖeiɖei
        daylight: Ɔstraliya kagɩcɩɩca kaakɔŋkɔŋɔ̀ gafʊbaka
    Australia_CentralWestern:
      long:
        generic: Ɔstraliya kagɩcɩɩca gɩteŋshilelaŋ kaakɔŋkɔŋɔ̀
        standard: Ɔstraliya kagɩcɩɩca gɩteŋshilelaŋ kaakɔŋkɔŋɔ̀ ɖeiɖei
        daylight: Ɔstraliya kagɩcɩɩca gɩteŋshilelaŋ kaakɔŋkɔŋɔ̀ gafʊbaka
    Australia_Eastern:
      long:
        generic: Ɔstraliya kaajakalaŋ kaakɔŋkɔŋɔ̀
        standard: Ɔstraliya kaajakalaŋ kaakɔŋkɔŋɔ̀ ɖeiɖei
        daylight: Ɔstraliya kaajakalaŋ kaakɔŋkɔŋɔ̀ gafʊbaka
    Australia_Western:
      long:
        generic: Ɔstraliya kagɩteŋshilelaŋ kaakɔŋkɔŋɔ̀
        standard: Ɔstraliya kagɩteŋshilelaŋ kaakɔŋkɔŋɔ̀ ɖeiɖei
        daylight: Ɔstraliya kagɩteŋshilelaŋ kaakɔŋkɔŋɔ̀ gafʊbaka
    Azerbaijan:
      long:
        generic: Asɛrbaɩjaŋ kaakɔŋkɔŋɔ̀
        standard: Asɛrbaɩjaŋ kaakɔŋkɔŋɔ̀ ɖeiɖei
        daylight: Asɛrbaɩjaŋ kaakɔŋkɔŋɔ̀ gafʊbaka
    Azores:
      long:
        generic: Asɔɔr kaakɔŋkɔŋɔ̀
        standard: Asɔɔr kaakɔŋkɔŋɔ̀ ɖeiɖei
        daylight: Asɔɔr kaakɔŋkɔŋɔ̀ gafʊbaka
    Bangladesh:
      long:
        generic: Baŋglaɖɛɛshɩ kaakɔŋkɔŋɔ̀
        standard: Baŋglaɖɛɛshɩ kaakɔŋkɔŋɔ̀ ɖeiɖei
        daylight: Baŋglaɖɛɛshɩ kaakɔŋkɔŋɔ̀ gafʊbaka
    Bhutan:
      long:
        standard: Butan kaakɔŋkɔŋɔ̀
    Bolivia:
      long:
        standard: Bolifiya kaakɔŋkɔŋɔ̀
    Brasilia:
      long:
        generic: Brasiliya kaakɔŋkɔŋɔ̀
        standard: Brasiliya kaakɔŋkɔŋɔ̀ ɖeiɖei
        daylight: Brasiliya kaakɔŋkɔŋɔ̀ gafʊbaka
    Brunei:
      long:
        standard: Brunɛɩ Ɖarusalaam kaakɔŋkɔŋɔ̀
    Cape_Verde:
      long:
        generic: Kapfɛɛr kaakɔŋkɔŋɔ̀
        standard: Kapfɛɛr kaakɔŋkɔŋɔ̀ ɖeiɖei
        daylight: Kapfɛɛr kaakɔŋkɔŋɔ̀ gafʊbaka
    Chamorro:
      long:
        standard: Shamoroo kaakɔŋkɔŋɔ̀
    Chatham:
      long:
        generic: Shatam kaakɔŋkɔŋɔ̀
        standard: Shatam kaakɔŋkɔŋɔ̀ ɖeiɖei
        daylight: Shatam kaakɔŋkɔŋɔ̀ gafʊbaka
    Chile:
      long:
        generic: Shilii kaakɔŋkɔŋɔ̀
        standard: Shilii kaakɔŋkɔŋɔ̀ ɖeiɖei
        daylight: Shilii kaakɔŋkɔŋɔ̀ gafʊbaka
    China:
      long:
        generic: Caɩna kaakɔŋkɔŋɔ̀
        standard: Caɩna kaakɔŋkɔŋɔ̀ ɖeiɖei
        daylight: Caɩna kaakɔŋkɔŋɔ̀ gafʊbaka
    Christmas:
      long:
        standard: Nowɛl kaAtukǝltǝna kaakɔŋkɔŋɔ̀
    Cocos:
      long:
        standard: Kokoos kaBʊtukǝltǝna kaakɔŋkɔŋɔ̀
    Colombia:
      long:
        generic: Kolɔmbii kaakɔŋkɔŋɔ̀
        standard: Kolɔmbii kaakɔŋkɔŋɔ̀ ɖeiɖei
        daylight: Kolɔmbii kaakɔŋkɔŋɔ̀ gafʊbaka
    Cook:
      long:
        generic: Kʊkʊ kaBʊtukǝltǝna kaakɔŋkɔŋɔ̀
        standard: Kʊkʊ kaBʊtukǝltǝna kaakɔŋkɔŋɔ̀ ɖeiɖei
        daylight: Kʊkʊ kaBʊtukǝltǝna kaakɔŋkɔŋɔ̀ gafʊbaka
    Cuba:
      long:
        generic: Kubaa kaakɔŋkɔŋɔ̀
        standard: Kubaa kaakɔŋkɔŋɔ̀ ɖeiɖei
        daylight: Kubaa kaakɔŋkɔŋɔ̀ gafʊbaka
    Davis:
      long:
        standard: Ɖefis kaakɔŋkɔŋɔ̀
    DumontDUrville:
      long:
        standard: Ɖimɔn Ɖirfil kaakɔŋkɔŋɔ̀
    East_Timor:
      long:
        standard: Timɔɔ gajakalaŋ kaakɔŋkɔŋɔ̀
    Easter:
      long:
        generic: Paakɩ kaAatukǝltǝna kaakɔŋkɔŋɔ̀
        standard: Paakɩ kaAtukǝltǝna kaakɔŋkɔŋɔ̀ ɖeiɖei
        daylight: Paakɩ kaAtukǝltǝna kaakɔŋkɔŋɔ̀ gafʊbaka
    Ecuador:
      long:
        standard: Ekuwaɖɔɔr kaakɔŋkɔŋɔ̀
    Europe_Central:
      long:
        generic: Garɩfɔntǝna gɩcɩɩca kaakɔŋkɔŋɔ̀
        standard: Garɩfɔntǝna gɩcɩɩca kaakɔŋkɔŋɔ̀ ɖeiɖei
        daylight: Garɩfɔntǝna gɩcɩɩca kaakɔŋkɔŋɔ̀ gafʊbaka
    Europe_Eastern:
      long:
        generic: Garɩfɔntǝna gajakalaŋ kaakɔŋkɔŋɔ̀
        standard: Garɩfɔntǝna gajakalaŋ kaakɔŋkɔŋɔ̀ ɖeiɖei
        daylight: Garɩfɔntǝna gajakalaŋ kaakɔŋkɔŋɔ̀ gafʊbaka
    Europe_Further_Eastern:
      long:
        standard: Garɩfɔntǝna gajakalaŋ kaajakalaŋ kaakɔŋkɔŋɔ̀
    Europe_Western:
      long:
        generic: Garɩfɔntǝna gɩteŋshilelaŋ kaakɔŋkɔŋɔ̀
        standard: Garɩfɔntǝna gɩteŋshilelaŋ kaakɔŋkɔŋɔ̀ ɖeiɖei
        daylight: Garɩfɔntǝna gɩteŋshilelaŋ kaakɔŋkɔŋɔ̀ gafʊbaka
    Falkland:
      long:
        generic: Fɔklanɖ kaBʊtukǝltǝna kaakɔŋkɔŋɔ̀
        standard: Fɔklanɖ kaBʊtukǝltǝna kaakɔŋkɔŋɔ̀ ɖeiɖei
        daylight: Fɔklanɖ kaBʊtukǝltǝna kaakɔŋkɔŋɔ̀ gafʊbaka
    Fiji:
      long:
        generic: Fiji kaakɔŋkɔŋɔ̀
        standard: Fiji kaakɔŋkɔŋɔ̀ ɖeiɖei
        daylight: Fiji kaakɔŋkɔŋɔ̀ gafʊbaka
    French_Guiana:
      long:
        standard: Guyanaa Gafɔntǝna kaja kaakɔŋkɔŋɔ̀
    French_Southern:
      long:
        standard: Gafɔntǝna gʊnyɩsonolaŋ na Gatutaltǝna kaakɔŋkɔŋɔ̀
    Galapagos:
      long:
        standard: Galapagɔs kaakɔŋkɔŋɔ̀
    Gambier:
      long:
        standard: Gambiyee kaakɔŋkɔŋɔ̀
    Georgia:
      long:
        generic: Jɔrjiya kaakɔŋkɔŋɔ̀
        standard: Jɔrjiya kaakɔŋkɔŋɔ̀ ɖeiɖei
        daylight: Jɔrjiya kaakɔŋkɔŋɔ̀ gafʊbaka
    Gilbert_Islands:
      long:
        standard: Jilbɛɛr kaBʊtukǝltǝna kaakɔŋkɔŋɔ̀
    GMT:
      short:
        standard: Gk
      long:
        standard: Griinwish kaakɔŋkɔŋɔ̀
    Greenland_Eastern:
      long:
        generic: Grinlanɖ gajakalaŋ kaakɔŋkɔŋɔ̀
        standard: Grinlanɖ gajakalaŋ kaakɔŋkɔŋɔ̀ ɖeiɖei
        daylight: Grinlanɖ gajakalaŋ kaakɔŋkɔŋɔ̀ gafʊbaka
    Greenland_Western:
      long:
        generic: Grinlanɖ gɩteŋshilelaŋ kaakɔŋkɔŋɔ̀
        standard: Grinlanɖ gɩteŋshilelaŋ kaakɔŋkɔŋɔ̀ ɖeiɖei
        daylight: Grinlanɖ gɩteŋshilelaŋ kaakɔŋkɔŋɔ̀ gafʊbaka
    Guam:
      long:
        standard: Guwam kaakɔŋkɔŋɔ̀
    Gulf:
      long:
        standard: Gɔlf kaakɔŋkɔŋɔ̀
    Guyana:
      long:
        standard: Guyanaa kaakɔŋkɔŋɔ̀
    Hawaii_Aleutian:
      long:
        generic: Awayɩɩ n’Alewutii kaakɔŋkɔŋɔ̀
        standard: Awayɩɩ n’Alewutii kaakɔŋkɔŋɔ̀ ɖeiɖei
        daylight: Awayɩɩ n’Alewutii kaakɔŋkɔŋɔ̀ gafʊbaka
    Hong_Kong:
      long:
        generic: Hɔŋ Kɔŋ kaakɔŋkɔŋɔ̀
        standard: Hɔŋ Kɔŋ kaakɔŋkɔŋɔ̀ ɖeiɖei
        daylight: Hɔŋ Kɔŋ kaakɔŋkɔŋɔ̀ gafʊbaka
    Hovd:
      long:
        generic: Hɔfɖǝ kaakɔŋkɔŋɔ̀
        standard: Hɔfɖǝ kaakɔŋkɔŋɔ̀ ɖeiɖei
        daylight: Hɔfɖǝ kaakɔŋkɔŋɔ̀ gafʊbaka
    India:
      long:
        standard: Inɖiya kaakɔŋkɔŋɔ̀
    Indian_Ocean:
      long:
        standard: Inɖiya kateŋku kaakɔŋkɔŋɔ̀
    Indochina:
      long:
        standard: Inɖicaɩna kaakɔŋkɔŋɔ̀
    Indonesia_Central:
      long:
        standard: Ɛnɖonosii kagɩcɩɩca kaakɔŋkɔŋɔ̀
    Indonesia_Eastern:
      long:
        standard: Ɛnɖonosii kaajakalaŋ kaakɔŋkɔŋɔ̀
    Indonesia_Western:
      long:
        standard: Ɛnɖonosii kagɩteŋshilelaŋ kaakɔŋkɔŋɔ̀
    Iran:
      long:
        generic: Iraŋ kaakɔŋkɔŋɔ̀
        standard: Iraŋ kaakɔŋkɔŋɔ̀ ɖeiɖei
        daylight: Iraŋ kaakɔŋkɔŋɔ̀ gafʊbaka
    Irkutsk:
      long:
        generic: Irkut kaakɔŋkɔŋɔ̀
        standard: Irkut kaakɔŋkɔŋɔ̀ ɖeiɖei
        daylight: Irkut kaakɔŋkɔŋɔ̀ gafʊbaka
    Israel:
      long:
        generic: Yishraɛl kaakɔŋkɔŋɔ̀
        standard: Yishraɛl kaakɔŋkɔŋɔ̀ ɖeiɖei
        daylight: Yishraɛl kaakɔŋkɔŋɔ̀ gafʊbaka
    Japan:
      long:
        generic: Japaŋ kaakɔŋkɔŋɔ̀
        standard: Japaŋ kaakɔŋkɔŋɔ̀ ɖeiɖei
        daylight: Japaŋ kaakɔŋkɔŋɔ̀ gafʊbaka
    Kazakhstan:
      long:
        standard: Kasastan kaakɔŋkɔŋɔ̀
    Kazakhstan_Eastern:
      long:
        standard: Kasastan gajakalaŋ kaakɔŋkɔŋɔ̀
    Kazakhstan_Western:
      long:
        standard: Kasastan gɩteŋshilelaŋ kaakɔŋkɔŋɔ̀
    Korea:
      long:
        generic: Koree kaakɔŋkɔŋɔ̀
        standard: Koree kaakɔŋkɔŋɔ̀ ɖeiɖei
        daylight: Koree kaakɔŋkɔŋɔ̀ gafʊbaka
    Kosrae:
      long:
        standard: Kɔsrɛɛ kaakɔŋkɔŋɔ̀
    Krasnoyarsk:
      long:
        generic: Krasnoyark kaakɔŋkɔŋɔ̀
        standard: Krasnoyark kaakɔŋkɔŋɔ̀ ɖeiɖei
        daylight: Krasnoyark kaakɔŋkɔŋɔ̀ gafʊbaka
    Kyrgystan:
      long:
        standard: Kirgistan kaakɔŋkɔŋɔ̀
    Lanka:
      long:
        standard: Siri Laŋkaa kaakɔŋkɔŋɔ̀
    Line_Islands:
      long:
        standard: Laɩn kaBʊtukǝltǝna kaakɔŋkɔŋɔ̀
    Lord_Howe:
      long:
        generic: Lɔrɖ Hoo kaakɔŋkɔŋɔ̀
        standard: Lɔrɖ Hoo kaakɔŋkɔŋɔ̀ ɖeiɖei
        daylight: Lɔrɖ Hoo kaakɔŋkɔŋɔ̀ gafʊbaka
    Macau:
      long:
        generic: Makawoo kaakɔŋkɔŋɔ̀
        standard: Makawoo kaakɔŋkɔŋɔ̀ ɖeiɖei
        daylight: akawoo kaakɔŋkɔŋɔ̀ gafʊbaka
    Magadan:
      long:
        generic: Magaɖan kaakɔŋkɔŋɔ̀
        standard: Magaɖan kaakɔŋkɔŋɔ̀ ɖeiɖei
        daylight: Magaɖan kaakɔŋkɔŋɔ̀ gafʊbaka
    Malaysia:
      long:
        standard: Malɛsii kaakɔŋkɔŋɔ̀
    Maldives:
      long:
        standard: Malɖiifu kaakɔŋkɔŋɔ̀
    Marquesas:
      long:
        standard: Markesas kaakɔŋkɔŋɔ̀
    Marshall_Islands:
      long:
        standard: Marshal kaBʊtukǝltǝna kaakɔŋkɔŋɔ̀
    Mauritius:
      long:
        generic: Imoris kaakɔŋkɔŋɔ̀
        standard: Imoris kaakɔŋkɔŋɔ̀ ɖeiɖei
        daylight: Imoris kaakɔŋkɔŋɔ̀ gafʊbaka
    Mawson:
      long:
        standard: Mɔsɔn kaakɔŋkɔŋɔ̀
    Mexico_Pacific:
      long:
        generic: Mɛsik kapasifika kaakɔŋkɔŋɔ̀
        standard: Mɛsik kapasifika kaakɔŋkɔŋɔ̀ ɖeiɖei
        daylight: Mɛsik kapasifika kaakɔŋkɔŋɔ̀ gafʊbaka
    Mongolia:
      long:
        generic: Ulanbatɔɔr kaakɔŋkɔŋɔ̀
        standard: Ulanbatɔɔr kaakɔŋkɔŋɔ̀ ɖeiɖei
        daylight: Ulanbatɔɔr kaakɔŋkɔŋɔ̀ gafʊbaka
    Moscow:
      long:
        generic: Moskuu kaakɔŋkɔŋɔ̀
        standard: Moskuu kaakɔŋkɔŋɔ̀ ɖeiɖei
        daylight: Moskuu kaakɔŋkɔŋɔ̀ gafʊbaka
    Myanmar:
      long:
        standard: Miyanmaa kaakɔŋkɔŋɔ̀
    Nauru:
      long:
        standard: Nawuru kaakɔŋkɔŋɔ̀
    Nepal:
      long:
        standard: Neepal kaakɔŋkɔŋɔ̀
    New_Caledonia:
      long:
        generic: Kaleɖonii afɔlɩ kaakɔŋkɔŋɔ̀
        standard: Kaleɖonii afɔlɩ kaakɔŋkɔŋɔ̀ ɖeiɖei
        daylight: Kaleɖonii afɔlɩ kaakɔŋkɔŋɔ̀ gafʊbaka
    New_Zealand:
      long:
        generic: Selanɖ afɔlɩ kaakɔŋkɔŋɔ̀
        standard: Selanɖ afɔlɩ kaakɔŋkɔŋɔ̀ ɖeiɖei
        daylight: Selanɖ afɔlɩ kaakɔŋkɔŋɔ̀ gafʊbaka
    Newfoundland:
      long:
        generic: Faʊnɖlanɖ afɔlɩ kaakɔŋkɔŋɔ̀
        standard: Faʊnɖlanɖ afɔlɩ kaakɔŋkɔŋɔ̀ ɖeiɖei
        daylight: Faʊnɖlanɖ afɔlɩ kaakɔŋkɔŋɔ̀ gafʊbaka
    Niue:
      long:
        standard: Niwuye kaakɔŋkɔŋɔ̀
    Norfolk:
      long:
        generic: Nɔrfook kaAtukǝltǝna kaakɔŋkɔŋɔ̀
        standard: Nɔrfook kaAtukǝltǝna kaakɔŋkɔŋɔ̀ ɖeiɖei
        daylight: Nɔrfook kaAtukǝltǝna kaakɔŋkɔŋɔ̀ gafʊbaka
    Noronha:
      long:
        generic: Fɛrnanɖo ɖe Norɔnya kaakɔŋkɔŋɔ̀
        standard: Fɛrnanɖo ɖe Norɔnya kaakɔŋkɔŋɔ̀ ɖeiɖei
        daylight: Fɛrnanɖo ɖe Norɔnya kaakɔŋkɔŋɔ̀ gafʊbaka
    North_Mariana:
      long:
        standard: Mariyan kǝbʊtukǝltǝna gʊnyɩpɛnɛlaŋ kaakɔŋkɔŋɔ̀
    Novosibirsk:
      long:
        generic: Nofosibirk kaakɔŋkɔŋɔ̀
        standard: Nofosibirk kaakɔŋkɔŋɔ̀ ɖeiɖei
        daylight: Nofosibirk kaakɔŋkɔŋɔ̀ gafʊbaka
    Omsk:
      long:
        generic: Ɔmsǝkǝ kaakɔŋkɔŋɔ̀
        standard: Ɔmsǝkǝ kaakɔŋkɔŋɔ̀ ɖeiɖei
        daylight: Ɔmsǝkǝ kaakɔŋkɔŋɔ̀ gafʊbaka
    Pakistan:
      long:
        generic: Pakistan kaakɔŋkɔŋɔ̀
        standard: Pakistan kaakɔŋkɔŋɔ̀ ɖeiɖei
        daylight: Pakistan kaakɔŋkɔŋɔ̀ gafʊbaka
    Palau:
      long:
        standard: Palawoo kaakɔŋkɔŋɔ̀
    Papua_New_Guinea:
      long:
        standard: Papuasii Ginee afɔlɩ kaakɔŋkɔŋɔ̀
    Paraguay:
      long:
        generic: Paraguwee kaakɔŋkɔŋɔ̀
        standard: Paraguwee kaakɔŋkɔŋɔ̀ ɖeiɖei
        daylight: Paraguwee kaakɔŋkɔŋɔ̀ gafʊbaka
    Peru:
      long:
        generic: Peruu kaakɔŋkɔŋɔ̀
        standard: Peruu kaakɔŋkɔŋɔ̀ ɖeiɖei
        daylight: Peruu kaakɔŋkɔŋɔ̀ gafʊbaka
    Philippines:
      long:
        generic: Filipiin kaakɔŋkɔŋɔ̀
        standard: Filipiin kaakɔŋkɔŋɔ̀ ɖeiɖei
        daylight: Filipiin kaakɔŋkɔŋɔ̀ gafʊbaka
    Phoenix_Islands:
      long:
        standard: Foeniis kaBʊtukǝltǝna kaakɔŋkɔŋɔ̀
    Pierre_Miquelon:
      long:
        generic: Sɛŋ-Petrɔs na Mikelɔŋ kaakɔŋkɔŋɔ̀
        standard: Sɛŋ-Petrɔs na Mikelɔŋ kaakɔŋkɔŋɔ̀ ɖeiɖei
        daylight: Sɛŋ-Petrɔs na Mikelɔŋ kaakɔŋkɔŋɔ̀ gafʊbaka
    Pitcairn:
      long:
        standard: Pɩtkɛɛn kaBʊtukǝltǝna kaakɔŋkɔŋɔ̀
    Ponape:
      long:
        standard: Ponapee kaakɔŋkɔŋɔ̀
    Pyongyang:
      long:
        standard: Pɩyɔŋyaŋ kaakɔŋkɔŋɔ̀
    Reunion:
      long:
        standard: Reeniyɔŋ kaakɔŋkɔŋɔ̀
    Rothera:
      long:
        standard: Roteraa kaakɔŋkɔŋɔ̀
    Sakhalin:
      long:
        generic: Sakalin kaakɔŋkɔŋɔ̀
        standard: Sakalin kaakɔŋkɔŋɔ̀ ɖeiɖei
        daylight: Sakalin kaakɔŋkɔŋɔ̀ gafʊbaka
    Samoa:
      long:
        generic: Samowa kaakɔŋkɔŋɔ̀
        standard: Samowa kaakɔŋkɔŋɔ̀ ɖeiɖei
        daylight: Samowa kaakɔŋkɔŋɔ̀ gafʊbaka
    Seychelles:
      long:
        standard: Seshɛl kaakɔŋkɔŋɔ̀
    Singapore:
      long:
        standard: Siŋgapuur kaakɔŋkɔŋɔ̀
    Solomon:
      long:
        standard: Salomɔɔn kaBʊtukǝltǝna kaakɔŋkɔŋɔ̀
    South_Georgia:
      long:
        standard: Jɔrjiya gʊnyɩsono kaakɔŋkɔŋɔ̀
    Suriname:
      long:
        standard: Surinam kaakɔŋkɔŋɔ̀
    Syowa:
      long:
        standard: Siyowaa kaakɔŋkɔŋɔ̀
    Tahiti:
      long:
        standard: Tahitii kaakɔŋkɔŋɔ̀
    Taipei:
      long:
        generic: Taɩpei kaakɔŋkɔŋɔ̀
        standard: Taɩpei kaakɔŋkɔŋɔ̀ ɖeiɖei
        daylight: Taɩpei kaakɔŋkɔŋɔ̀ gafʊbaka
    Tajikistan:
      long:
        standard: Tajikistan kaakɔŋkɔŋɔ̀
    Tokelau:
      long:
        standard: Tokelaʊ kaakɔŋkɔŋɔ̀
    Tonga:
      long:
        generic: Tɔŋga kaakɔŋkɔŋɔ̀
        standard: Tɔŋga kaakɔŋkɔŋɔ̀ ɖeiɖei
        daylight: Tɔŋga kaakɔŋkɔŋɔ̀ gafʊbaka
    Truk:
      long:
        standard: Cuuk kaakɔŋkɔŋɔ̀
    Turkmenistan:
      long:
        generic: Turkmenistan kaakɔŋkɔŋɔ̀
        standard: Turkmenistan kaakɔŋkɔŋɔ̀ ɖeiɖei
        daylight: Turkmenistan kaakɔŋkɔŋɔ̀ gafʊbaka
    Tuvalu:
      long:
        standard: Tufalu kaakɔŋkɔŋɔ̀
    Uruguay:
      long:
        generic: Uruguwee kaakɔŋkɔŋɔ̀
        standard: Uruguwee kaakɔŋkɔŋɔ̀ ɖeiɖei
        daylight: Uruguwee kaakɔŋkɔŋɔ̀ gafʊbaka
    Uzbekistan:
      long:
        generic: Usbeekistan kaakɔŋkɔŋɔ̀
        standard: Usbeekistan kaakɔŋkɔŋɔ̀ ɖeiɖei
        daylight: Usbeekistan kaakɔŋkɔŋɔ̀ gafʊbaka
    Vanuatu:
      long:
        generic: Fanuwatu kaakɔŋkɔŋɔ̀
        standard: Fanuwatu kaakɔŋkɔŋɔ̀ ɖeiɖei
        daylight: Fanuwatu kaakɔŋkɔŋɔ̀ gafʊbaka
    Venezuela:
      long:
        standard: Fenesuwelaa kaakɔŋkɔŋɔ̀
    Vladivostok:
      long:
        generic: Flaɖifɔstɔk kaakɔŋkɔŋɔ̀
        standard: Flaɖifɔstɔk kaakɔŋkɔŋɔ̀ ɖeiɖei
        daylight: Flaɖifɔstɔk kaakɔŋkɔŋɔ̀ gafʊbaka
    Volgograd:
      long:
        generic: Fɔlgograaɖ kaakɔŋkɔŋɔ̀
        standard: Fɔlgograaɖ kaakɔŋkɔŋɔ̀ ɖeiɖei
        daylight: Fɔlgograaɖ kaakɔŋkɔŋɔ̀ gafʊbaka
    Vostok:
      long:
        standard: Fɔstɔk kaakɔŋkɔŋɔ̀
    Wake:
      long:
        standard: Week kaBʊtukǝltǝna kaakɔŋkɔŋɔ̀
    Wallis:
      long:
        standard: Walis na Futuna kaakɔŋkɔŋɔ̀
    Yakutsk:
      long:
        generic: Yakut kaakɔŋkɔŋɔ̀
        standard: Yakut kaakɔŋkɔŋɔ̀ ɖeiɖei
        daylight: Yakut kaakɔŋkɔŋɔ̀ gafʊbaka
    Yekaterinburg:
      long:
        generic: Yekaterinbuu kaakɔŋkɔŋɔ̀
        standard: Yekaterinbuu kaakɔŋkɔŋɔ̀ ɖeiɖei
        daylight: Yekaterinbuu kaakɔŋkɔŋɔ̀ gafʊbaka
    Yukon:
      long:
        standard: Yukɔn kaakɔŋkɔŋɔ̀
