---
locale: gu
generated_at: '2025-09-15T06:26:28Z'
cldr_version: '46'
timezone_names:
  formats:
    region_format: "{0} સમય"
    region_format_daylight: "{0} દિવસ સમય"
    region_format_standard: "{0} માનક સમય"
  zones:
    Pacific/Honolulu:
      exemplar_city: હોનોલુલુ
    Etc/UTC:
      long:
        standard: સંકલિત યુનિવર્સલ સમય
    Etc/Unknown:
      exemplar_city: અજ્ઞાત શહેર
    Europe/Andorra:
      exemplar_city: ઍંડોરા
    Asia/Dubai:
      exemplar_city: દુબઈ
    Asia/Kabul:
      exemplar_city: કાબુલ
    America/Antigua:
      exemplar_city: ઍન્ટિગુઆ
    America/Anguilla:
      exemplar_city: ઍંગ્વિલા
    Europe/Tirane:
      exemplar_city: તિરાને
    Asia/Yerevan:
      exemplar_city: યેરેવાન
    Africa/Luanda:
      exemplar_city: લ્યુએન્ડા
    Antarctica/Rothera:
      exemplar_city: રોથેરા
    Antarctica/Palmer:
      exemplar_city: પાલ્મર
    Antarctica/Troll:
      exemplar_city: ટ્રોલ
    Antarctica/Syowa:
      exemplar_city: સ્યોવા
    Antarctica/Mawson:
      exemplar_city: મોસન
    Antarctica/Davis:
      exemplar_city: ડેવિસ
    Antarctica/Vostok:
      exemplar_city: વોસ્ટૉક
    Antarctica/Casey:
      exemplar_city: કૅસી
    Antarctica/DumontDUrville:
      exemplar_city: દુમોન્ત દી‘ઉર્વિલ
    Antarctica/McMurdo:
      exemplar_city: મૅકમર્ડો
    America/Argentina/Rio_Gallegos:
      exemplar_city: રિઓ ગેલેગોસ
    America/Mendoza:
      exemplar_city: મેન્ડોઝા
    America/Argentina/San_Juan:
      exemplar_city: સેન જુએન
    America/Argentina/Ushuaia:
      exemplar_city: ઉશાયા
    America/Argentina/La_Rioja:
      exemplar_city: લા રિઓહા
    America/Argentina/San_Luis:
      exemplar_city: સેન લુઇસ
    America/Catamarca:
      exemplar_city: કાતામાર્કા
    America/Argentina/Salta:
      exemplar_city: સાલ્ટા
    America/Jujuy:
      exemplar_city: હુહુઇ
    America/Argentina/Tucuman:
      exemplar_city: તુકુમાન
    America/Cordoba:
      exemplar_city: કોર્ડોબા
    America/Buenos_Aires:
      exemplar_city: બ્યુનસ એયર્સ
    Pacific/Pago_Pago:
      exemplar_city: પેગો પેગો
    Europe/Vienna:
      exemplar_city: વિયેના
    Australia/Perth:
      exemplar_city: પર્થ
    Australia/Eucla:
      exemplar_city: ઉક્લા
    Australia/Darwin:
      exemplar_city: ડાર્વિન
    Australia/Adelaide:
      exemplar_city: એડિલેઇડ
    Australia/Broken_Hill:
      exemplar_city: બ્રોકન હિલ
    Australia/Melbourne:
      exemplar_city: મેલબોર્ન
    Australia/Hobart:
      exemplar_city: હોબાર્ટ
    Australia/Lindeman:
      exemplar_city: લિન્ડેમેન
    Australia/Sydney:
      exemplar_city: સિડની
    Australia/Brisbane:
      exemplar_city: બ્રિસબેન
    Antarctica/Macquarie:
      exemplar_city: મેક્વેરી
    Australia/Lord_Howe:
      exemplar_city: લોર્ડ હોવ
    America/Aruba:
      exemplar_city: અરુબા
    Europe/Mariehamn:
      exemplar_city: મેરિહેમ
    Asia/Baku:
      exemplar_city: બાકુ
    Europe/Sarajevo:
      exemplar_city: સારાજેવો
    America/Barbados:
      exemplar_city: બારબાડોસ
    Asia/Dhaka:
      exemplar_city: ઢાકા
    Europe/Brussels:
      exemplar_city: બ્રસેલ્સ
    Africa/Ouagadougou:
      exemplar_city: ઔઆગાદૌગૌ
    Europe/Sofia:
      exemplar_city: સોફિયા
    Asia/Bahrain:
      exemplar_city: બેહરીન
    Africa/Bujumbura:
      exemplar_city: બુજમ્બુરા
    Africa/Porto-Novo:
      exemplar_city: પોર્ટો-નોવો
    America/St_Barthelemy:
      exemplar_city: સેંટ બાર્થેલેમી
    Atlantic/Bermuda:
      exemplar_city: બર્મુડા
    Asia/Brunei:
      exemplar_city: બ્રુનેઇ
    America/La_Paz:
      exemplar_city: લા પેઝ
    America/Kralendijk:
      exemplar_city: ક્રાલેન્ડિક
    America/Eirunepe:
      exemplar_city: ઇરુનેપ
    America/Rio_Branco:
      exemplar_city: રિયો બ્રાંકો
    America/Porto_Velho:
      exemplar_city: પોર્ટો વેલ્હો
    America/Boa_Vista:
      exemplar_city: બોઆ વિસ્ટા
    America/Manaus:
      exemplar_city: મનૌસ
    America/Cuiaba:
      exemplar_city: ક્યુએબા
    America/Santarem:
      exemplar_city: સેન્તારેમ
    America/Campo_Grande:
      exemplar_city: કામ્પો ગ્રાંડ
    America/Belem:
      exemplar_city: બેલેમ
    America/Araguaina:
      exemplar_city: અરાગુઇના
    America/Sao_Paulo:
      exemplar_city: સાઓ પાઉલો
    America/Bahia:
      exemplar_city: બાહિયા
    America/Fortaleza:
      exemplar_city: ફોર્ટાલેઝા
    America/Maceio:
      exemplar_city: મેસિઓ
    America/Recife:
      exemplar_city: રેસીફ
    America/Noronha:
      exemplar_city: નોરોન્હા
    America/Nassau:
      exemplar_city: નાસાઉ
    Asia/Thimphu:
      exemplar_city: થીમ્ફુ
    Africa/Gaborone:
      exemplar_city: ગૅબોરોન
    Europe/Minsk:
      exemplar_city: મિંસ્ક
    America/Belize:
      exemplar_city: બેલીઝ
    America/Dawson:
      exemplar_city: ડૌસન
    America/Whitehorse:
      exemplar_city: વ્હાઇટહોર્સ
    America/Inuvik:
      exemplar_city: ઇનુવિક
    America/Vancouver:
      exemplar_city: વેન્કુવર
    America/Fort_Nelson:
      exemplar_city: ફોર્ટ નેલ્સન
    America/Dawson_Creek:
      exemplar_city: ડૌસન ક્રિક
    America/Creston:
      exemplar_city: ક્રેસ્ટન
    America/Edmonton:
      exemplar_city: એડમેન્ટન
    America/Swift_Current:
      exemplar_city: સ્વિફ્ટ કરંટ
    America/Cambridge_Bay:
      exemplar_city: કેમ્બ્રિજ બે
    America/Regina:
      exemplar_city: રેજીના
    America/Winnipeg:
      exemplar_city: વિન્નિપેગ
    America/Resolute:
      exemplar_city: રેઝોલૂટ
    America/Rankin_Inlet:
      exemplar_city: રેંકિન ઇન્લેટ
    America/Coral_Harbour:
      exemplar_city: એટિકોકેન
    America/Toronto:
      exemplar_city: ટોરન્ટો
    America/Iqaluit:
      exemplar_city: ઇકાલુઇત
    America/Moncton:
      exemplar_city: મોન્કટન
    America/Halifax:
      exemplar_city: હેલિફેક્સ
    America/Goose_Bay:
      exemplar_city: ગૂસ બે
    America/Glace_Bay:
      exemplar_city: ગ્લેસ બે
    America/Blanc-Sablon:
      exemplar_city: બ્લાંક-સેબલોન
    America/St_Johns:
      exemplar_city: સેંટ જ્હોન્સ
    Indian/Cocos:
      exemplar_city: કોકોઝ
    Africa/Kinshasa:
      exemplar_city: કિંશાસા
    Africa/Lubumbashi:
      exemplar_city: લુબુમ્બાશી
    Africa/Bangui:
      exemplar_city: બાંગુઈ
    Africa/Brazzaville:
      exemplar_city: બ્રાઝાવિલે
    Europe/Zurich:
      exemplar_city: ઝુરીક
    Africa/Abidjan:
      exemplar_city: આબિદ્જાન
    Pacific/Rarotonga:
      exemplar_city: રેરોટોંગા
    Pacific/Easter:
      exemplar_city: ઇસ્ટર
    America/Punta_Arenas:
      exemplar_city: પુન્ટા એરીનાઝ
    America/Santiago:
      exemplar_city: સાંટિયાગો
    Africa/Douala:
      exemplar_city: ડૌઆલા
    Asia/Urumqi:
      exemplar_city: ઉરુમ્કી
    Asia/Shanghai:
      exemplar_city: શાંઘાઈ
    America/Bogota:
      exemplar_city: બોગોટા
    America/Costa_Rica:
      exemplar_city: કોસ્ટા રિકા
    America/Havana:
      exemplar_city: હવાના
    Atlantic/Cape_Verde:
      exemplar_city: કૅપ વર્ડે
    America/Curacao:
      exemplar_city: કુરાકાઓ
    Indian/Christmas:
      exemplar_city: ક્રિસમસ
    Asia/Nicosia:
      exemplar_city: નિકોસિયા
    Asia/Famagusta:
      exemplar_city: ફામાગુસ્તા
    Europe/Prague:
      exemplar_city: પ્રાગ
    Europe/Busingen:
      exemplar_city: બિઝેન્ગન
    Europe/Berlin:
      exemplar_city: બર્લિન
    Africa/Djibouti:
      exemplar_city: જીબુટી
    Europe/Copenhagen:
      exemplar_city: કોપનહેગન
    America/Dominica:
      exemplar_city: ડોમિનિકા
    America/Santo_Domingo:
      exemplar_city: સેંટો ડોમિંગો
    Africa/Algiers:
      exemplar_city: અલ્જીયર્સ
    Pacific/Galapagos:
      exemplar_city: ગાલાપેગોસ
    America/Guayaquil:
      exemplar_city: ગુયાક્વિલ
    Europe/Tallinn:
      exemplar_city: તલ્લીન
    Africa/Cairo:
      exemplar_city: કૈરો
    Africa/El_Aaiun:
      exemplar_city: એલ ઐઉન
    Africa/Asmera:
      exemplar_city: અસ્મારા
    Atlantic/Canary:
      exemplar_city: કૅનેરી
    Africa/Ceuta:
      exemplar_city: ક્વેટા
    Europe/Madrid:
      exemplar_city: મેડ્રિડ
    Africa/Addis_Ababa:
      exemplar_city: એડિસ અબાબા
    Europe/Helsinki:
      exemplar_city: હેલસિંકી
    Pacific/Fiji:
      exemplar_city: ફીજી
    Atlantic/Stanley:
      exemplar_city: સ્ટેનલી
    Pacific/Truk:
      exemplar_city: ચુક
    Pacific/Ponape:
      exemplar_city: પોન્પે
    Pacific/Kosrae:
      exemplar_city: કોસરે
    Atlantic/Faeroe:
      exemplar_city: ફેરો
    Europe/Paris:
      exemplar_city: પેરિસ
    Africa/Libreville:
      exemplar_city: લિબ્રેવિલે
    Europe/London:
      exemplar_city: લંડન
      long:
        daylight: બ્રિટિશ ગ્રીષ્મ સમય
    America/Grenada:
      exemplar_city: ગ્રેનેડા
    Asia/Tbilisi:
      exemplar_city: બિલિસિ
    America/Cayenne:
      exemplar_city: કાયેને
    Europe/Guernsey:
      exemplar_city: ગર્નઝી
    Africa/Accra:
      exemplar_city: ઍકરા
    Europe/Gibraltar:
      exemplar_city: જિબ્રાલ્ટર
    America/Thule:
      exemplar_city: થુલે
    America/Godthab:
      exemplar_city: નૂક
    America/Scoresbysund:
      exemplar_city: ઇતોકોર્ટોરોમિટ
    America/Danmarkshavn:
      exemplar_city: ડેનમાર્કશૉન
    Africa/Banjul:
      exemplar_city: બાંજુલ
    Africa/Conakry:
      exemplar_city: કોનૅક્રી
    America/Guadeloupe:
      exemplar_city: ગ્વાડેલોપ
    Africa/Malabo:
      exemplar_city: મલાબો
    Europe/Athens:
      exemplar_city: એથેંસ
    Atlantic/South_Georgia:
      exemplar_city: દક્ષિણ જ્યોર્જિયા
    America/Guatemala:
      exemplar_city: ગ્વાટેમાલા
    Pacific/Guam:
      exemplar_city: ગ્વામ
    Africa/Bissau:
      exemplar_city: બિસાઉ
    America/Guyana:
      exemplar_city: ગયાના
    Asia/Hong_Kong:
      exemplar_city: હોંગકોંગ
    America/Tegucigalpa:
      exemplar_city: તેગુસિગલ્પા
    Europe/Zagreb:
      exemplar_city: ઝેગરેબ
    America/Port-au-Prince:
      exemplar_city: પોર્ટ-ઓ-પ્રિન્સ
    Europe/Budapest:
      exemplar_city: બુડાપેસ્ટ
    Asia/Jakarta:
      exemplar_city: જકાર્તા
    Asia/Pontianak:
      exemplar_city: પોન્ટિયનેક
    Asia/Makassar:
      exemplar_city: માકસ્સર
    Asia/Jayapura:
      exemplar_city: જયાપુરા
    Europe/Dublin:
      exemplar_city: ડબલિન
      long:
        daylight: આઈરિશ માનક સમય
    Asia/Jerusalem:
      exemplar_city: જેરુસલેમ
    Europe/Isle_of_Man:
      exemplar_city: આઇલ ઑફ મેન
    Asia/Calcutta:
      exemplar_city: કોલકાતા
    Indian/Chagos:
      exemplar_city: ચાગોસ
    Asia/Baghdad:
      exemplar_city: બગદાદ
    Asia/Tehran:
      exemplar_city: તેહરાન
    Atlantic/Reykjavik:
      exemplar_city: રૅકયાવિક
    Europe/Rome:
      exemplar_city: રોમ
    Europe/Jersey:
      exemplar_city: જર્સી
    America/Jamaica:
      exemplar_city: જમૈકા
    Asia/Amman:
      exemplar_city: અમ્માન
    Asia/Tokyo:
      exemplar_city: ટોક્યો
    Africa/Nairobi:
      exemplar_city: નૈરોબી
    Asia/Bishkek:
      exemplar_city: બિશકેક
    Asia/Phnom_Penh:
      exemplar_city: ફ્નોમ પેન્હ
    Pacific/Enderbury:
      exemplar_city: એંડર્બરી
    Pacific/Kanton:
      exemplar_city: કેન્ટન
    Pacific/Kiritimati:
      exemplar_city: કિરિતિમાતી
    Pacific/Tarawa:
      exemplar_city: તારાવા
    Indian/Comoro:
      exemplar_city: કોમોરો
    America/St_Kitts:
      exemplar_city: સેંટ કીટ્સ
    Asia/Pyongyang:
      exemplar_city: પ્યોંગયાંગ
    Asia/Seoul:
      exemplar_city: સીઓલ
    Asia/Kuwait:
      exemplar_city: કુવૈત
    America/Cayman:
      exemplar_city: કેમેન
    Asia/Aqtau:
      exemplar_city: અકટાઉ
    Asia/Oral:
      exemplar_city: ઓરલ
    Asia/Atyrau:
      exemplar_city: અત્યારુ
    Asia/Aqtobe:
      exemplar_city: ઍક્ટોબ
    Asia/Qostanay:
      exemplar_city: કોસ્ટાને
    Asia/Qyzylorda:
      exemplar_city: કિઝિલોર્ડા
    Asia/Almaty:
      exemplar_city: અલ્માટી
    Asia/Vientiane:
      exemplar_city: વિયેનટિયેન
    Asia/Beirut:
      exemplar_city: બૈરુત
    America/St_Lucia:
      exemplar_city: સેંટ લુસિયા
    Europe/Vaduz:
      exemplar_city: વૅદુઝ
    Asia/Colombo:
      exemplar_city: કોલંબો
    Africa/Monrovia:
      exemplar_city: મોંરોવિયા
    Africa/Maseru:
      exemplar_city: મસેરુ
    Europe/Vilnius:
      exemplar_city: વિલ્નિઅસ
    Europe/Luxembourg:
      exemplar_city: લક્ઝમબર્ગ
    Europe/Riga:
      exemplar_city: રિગા
    Africa/Tripoli:
      exemplar_city: ટ્રીપોલી
    Africa/Casablanca:
      exemplar_city: કાસાબ્લાંકા
    Europe/Monaco:
      exemplar_city: મોનાકો
    Europe/Chisinau:
      exemplar_city: ચિસીનાઉ
    Europe/Podgorica:
      exemplar_city: પોડગોરિકા
    America/Marigot:
      exemplar_city: મેરીગોટ
    Indian/Antananarivo:
      exemplar_city: અંતાનાનારિવો
    Pacific/Kwajalein:
      exemplar_city: ક્વાજાલીન
    Pacific/Majuro:
      exemplar_city: માજુરો
    Europe/Skopje:
      exemplar_city: સ્કોપયે
    Africa/Bamako:
      exemplar_city: બમેકો
    Asia/Rangoon:
      exemplar_city: રંગૂન
    Asia/Hovd:
      exemplar_city: હોવ્ડ
    Asia/Ulaanbaatar:
      exemplar_city: ઉલાંબાતર
    Asia/Macau:
      exemplar_city: મકાઉ
    Pacific/Saipan:
      exemplar_city: સાઇપન
    America/Martinique:
      exemplar_city: માર્ટીનીક
    Africa/Nouakchott:
      exemplar_city: નૌકચોટ
    America/Montserrat:
      exemplar_city: મોંટસેરાત
    Europe/Malta:
      exemplar_city: માલ્ટા
    Indian/Mauritius:
      exemplar_city: મોરિશિયસ
    Indian/Maldives:
      exemplar_city: માલદિવ્સ
    Africa/Blantyre:
      exemplar_city: બ્લેંટીર
    America/Tijuana:
      exemplar_city: તિજુઆના
    America/Hermosillo:
      exemplar_city: એરમોસિયો
    America/Ciudad_Juarez:
      exemplar_city: સિયુદાદ હુઆરેઝ
    America/Mazatlan:
      exemplar_city: મઝત્લાન
    America/Chihuahua:
      exemplar_city: ચિહુઆહુઆ
    America/Bahia_Banderas:
      exemplar_city: બહિયા બાંદ્રાસ
    America/Ojinaga:
      exemplar_city: ઓજિનાગા
    America/Monterrey:
      exemplar_city: મોન્તોરે
    America/Mexico_City:
      exemplar_city: મેક્સિકો સિટી
    America/Matamoros:
      exemplar_city: માતામોરોસ
    America/Merida:
      exemplar_city: મેરિદા
    America/Cancun:
      exemplar_city: કાન્કુન
    Asia/Kuala_Lumpur:
      exemplar_city: કુઆલા લુમ્પુર
    Asia/Kuching:
      exemplar_city: કુચિંગ
    Africa/Maputo:
      exemplar_city: માપુટો
    Africa/Windhoek:
      exemplar_city: વિંડહૉક
    Pacific/Noumea:
      exemplar_city: નૌમીઆ
    Africa/Niamey:
      exemplar_city: નિયામી
    Pacific/Norfolk:
      exemplar_city: નૉરફૉક
    Africa/Lagos:
      exemplar_city: લાગોસ
    America/Managua:
      exemplar_city: માનાગુઆ
    Europe/Amsterdam:
      exemplar_city: ઍમ્સ્ટરડૅમ
    Europe/Oslo:
      exemplar_city: ઑસ્લો
    Asia/Katmandu:
      exemplar_city: કાઠમંડુ
    Pacific/Nauru:
      exemplar_city: નૌરુ
    Pacific/Niue:
      exemplar_city: નીયુ
    Pacific/Chatham:
      exemplar_city: ચથમ
    Pacific/Auckland:
      exemplar_city: ઑકલેન્ડ
    Asia/Muscat:
      exemplar_city: મસ્કત
    America/Panama:
      exemplar_city: પનામા
    America/Lima:
      exemplar_city: લિમા
    Pacific/Tahiti:
      exemplar_city: તાહીતી
    Pacific/Marquesas:
      exemplar_city: માર્કીસાસ
    Pacific/Gambier:
      exemplar_city: ગેમ્બિયર
    Pacific/Port_Moresby:
      exemplar_city: પોર્ટ મોર્સ્બી
    Pacific/Bougainville:
      exemplar_city: બૌગેઈનવિલે
    Asia/Manila:
      exemplar_city: મનિલા
    Asia/Karachi:
      exemplar_city: કરાચી
    Europe/Warsaw:
      exemplar_city: વોરસૉ
    America/Miquelon:
      exemplar_city: મિક્યુલોન
    Pacific/Pitcairn:
      exemplar_city: પીટકૈર્ન
    America/Puerto_Rico:
      exemplar_city: પ્યુઅર્ટો રિકો
    Asia/Gaza:
      exemplar_city: ગાઝા
    Asia/Hebron:
      exemplar_city: હેબ્રોન
    Atlantic/Azores:
      exemplar_city: એઝોરેઝ
    Atlantic/Madeira:
      exemplar_city: મડિરા
    Europe/Lisbon:
      exemplar_city: લિસ્બન
    Pacific/Palau:
      exemplar_city: પલાઉ
    America/Asuncion:
      exemplar_city: એસન્શિયન
    Asia/Qatar:
      exemplar_city: કતાર
    Indian/Reunion:
      exemplar_city: રીયુનિયન
    Europe/Bucharest:
      exemplar_city: બુકરેસ્ટ
    Europe/Belgrade:
      exemplar_city: બેલગ્રેડ
    Europe/Kaliningrad:
      exemplar_city: કલિનિન્ગ્રેડ
    Europe/Moscow:
      exemplar_city: મોસ્કો
    Europe/Volgograd:
      exemplar_city: વોલ્ગોગ્રેડ
    Europe/Saratov:
      exemplar_city: સારાટોવ
    Europe/Astrakhan:
      exemplar_city: આસ્ટ્રખન
    Europe/Ulyanovsk:
      exemplar_city: ઉલેનોવ્સ્ક
    Europe/Kirov:
      exemplar_city: કીરોવ
    Europe/Samara:
      exemplar_city: સમારા
    Asia/Yekaterinburg:
      exemplar_city: યેકાતેરિનબર્ગ
    Asia/Omsk:
      exemplar_city: ઓમ્સ્ક
    Asia/Novosibirsk:
      exemplar_city: નોવોસીર્બિર્સ્ક
    Asia/Barnaul:
      exemplar_city: બારનૌલ
    Asia/Tomsk:
      exemplar_city: તોમસ્ક
    Asia/Novokuznetsk:
      exemplar_city: નોવોકુઝ્નેત્સ્ક
    Asia/Krasnoyarsk:
      exemplar_city: ક્રિસ્નોયાર્સ્ક
    Asia/Irkutsk:
      exemplar_city: ઇર્કુત્સ્ક
    Asia/Chita:
      exemplar_city: ચિતા
    Asia/Yakutsk:
      exemplar_city: યકુત્સક
    Asia/Vladivostok:
      exemplar_city: વ્લેડિવોસ્ટોક
    Asia/Khandyga:
      exemplar_city: ખંડિગા
    Asia/Sakhalin:
      exemplar_city: સખાલિન
    Asia/Ust-Nera:
      exemplar_city: ઉસ્ત-નેરા
    Asia/Magadan:
      exemplar_city: મેગાડન
    Asia/Srednekolymsk:
      exemplar_city: સ્રેડ્નેકોલીમ્સ્ક
    Asia/Kamchatka:
      exemplar_city: કામચટ્કા
    Asia/Anadyr:
      exemplar_city: અનદિર
    Africa/Kigali:
      exemplar_city: કિગાલી
    Asia/Riyadh:
      exemplar_city: રિયાધ
    Pacific/Guadalcanal:
      exemplar_city: ગૌડલકૅનલ
    Indian/Mahe:
      exemplar_city: માહે
    Africa/Khartoum:
      exemplar_city: ખાર્ટૂમ
    Europe/Stockholm:
      exemplar_city: સ્ટોકહૉમ
    Asia/Singapore:
      exemplar_city: સિંગાપુર
    Atlantic/St_Helena:
      exemplar_city: સેંટ હેલેના
    Europe/Ljubljana:
      exemplar_city: લુબ્લિયાના
    Arctic/Longyearbyen:
      exemplar_city: લોંગઇયરબિયેન
    Europe/Bratislava:
      exemplar_city: બ્રેટિસલાવા
    Africa/Freetown:
      exemplar_city: ફ્રીટાઉન
    Europe/San_Marino:
      exemplar_city: સૅન મેરિનો
    Africa/Dakar:
      exemplar_city: ડકાર
    Africa/Mogadishu:
      exemplar_city: મોગાડીશુ
    America/Paramaribo:
      exemplar_city: પેરામેરિબો
    Africa/Juba:
      exemplar_city: જુબા
    Africa/Sao_Tome:
      exemplar_city: સાઓ ટૉમ
    America/El_Salvador:
      exemplar_city: એલ સેલ્વાડોર
    America/Lower_Princes:
      exemplar_city: લોઅર પ્રિન્સનું ક્વાર્ટર
    Asia/Damascus:
      exemplar_city: દમાસ્કસ
    Africa/Mbabane:
      exemplar_city: અમ્બબાન
    America/Grand_Turk:
      exemplar_city: ગ્રાન્ડ ટર્ક
    Africa/Ndjamena:
      exemplar_city: અન્જમેન
    Indian/Kerguelen:
      exemplar_city: કેરગ્વેલિન
    Africa/Lome:
      exemplar_city: લોમ
    Asia/Bangkok:
      exemplar_city: બેંગકોક
    Asia/Dushanbe:
      exemplar_city: દુશામ્બે
    Pacific/Fakaofo:
      exemplar_city: ફાકાઓફો
    Asia/Dili:
      exemplar_city: દિલિ
    Asia/Ashgabat:
      exemplar_city: અશગાબટ
    Africa/Tunis:
      exemplar_city: ટ્યુનિસ
    Pacific/Tongatapu:
      exemplar_city: ટૉંગાટાપુ
    Europe/Istanbul:
      exemplar_city: ઇસ્તાંબુલ
    America/Port_of_Spain:
      exemplar_city: પોર્ટ ઑફ સ્પેન
    Pacific/Funafuti:
      exemplar_city: ફુનાફુટી
    Asia/Taipei:
      exemplar_city: તાઇપેઇ
    Africa/Dar_es_Salaam:
      exemplar_city: દાર એસ સલામ
    Europe/Kiev:
      exemplar_city: કૈવ
    Europe/Simferopol:
      exemplar_city: સિમ્ફેરોપોલ
    Africa/Kampala:
      exemplar_city: કમ્પાલા
    Pacific/Midway:
      exemplar_city: મીડવે
    Pacific/Wake:
      exemplar_city: વેક
    America/Adak:
      exemplar_city: અદક
    America/Nome:
      exemplar_city: નોમ
    America/Anchorage:
      exemplar_city: એન્કોરેજ
    America/Yakutat:
      exemplar_city: યકુતત
    America/Sitka:
      exemplar_city: સિટ્કા
    America/Juneau:
      exemplar_city: જુનેઇ
    America/Metlakatla:
      exemplar_city: મેટ્લાકાટ્લા
    America/Los_Angeles:
      exemplar_city: લોસ એંજેલેસ
    America/Boise:
      exemplar_city: બોઇઝ
    America/Phoenix:
      exemplar_city: ફોનિક્સ
    America/Denver:
      exemplar_city: દેન્વર
    America/North_Dakota/Beulah:
      exemplar_city: બિયુલાહ, ઉત્તર ડેકોટા
    America/North_Dakota/New_Salem:
      exemplar_city: ન્યુ સેલમ, ઉત્તર ડેકોટા
    America/North_Dakota/Center:
      exemplar_city: સેન્ટર, ઉત્તર ડેકોટા
    America/Chicago:
      exemplar_city: શિકાગો
    America/Menominee:
      exemplar_city: મેનોમિની
    America/Indiana/Vincennes:
      exemplar_city: વિન્સેન્સ, ઇન્ડિયાના
    America/Indiana/Petersburg:
      exemplar_city: પિટર્સબર્ગ, ઇન્ડિયાના
    America/Indiana/Tell_City:
      exemplar_city: ટેલ સિટી, ઇન્ડિયાના
    America/Indiana/Knox:
      exemplar_city: નોક્સ, ઇન્ડિયાના
    America/Indiana/Winamac:
      exemplar_city: વિનામેક, ઇન્ડિયાના
    America/Indiana/Marengo:
      exemplar_city: મેરેંગો, ઇન્ડિયાના
    America/Indianapolis:
      exemplar_city: ઇન્ડિયાનાપોલિસ
    America/Louisville:
      exemplar_city: લૂઇવિલ
    America/Indiana/Vevay:
      exemplar_city: વેવૈ, ઇન્ડિયાના
    America/Kentucky/Monticello:
      exemplar_city: મોન્ટીસેલો, કેન્ટુકી
    America/Detroit:
      exemplar_city: ડેટ્રોઇટ
    America/New_York:
      exemplar_city: ન્યૂયોર્ક
    America/Montevideo:
      exemplar_city: મૉંટેવિડિઓ
    Asia/Samarkand:
      exemplar_city: સમરકન્ડ
    Asia/Tashkent:
      exemplar_city: તાશકેન્ટ
    Europe/Vatican:
      exemplar_city: વેટિકન
    America/St_Vincent:
      exemplar_city: સેંટ વિન્સેન્ટ
    America/Caracas:
      exemplar_city: કૅરાકસ
    America/Tortola:
      exemplar_city: ટોર્ટોલા
    America/St_Thomas:
      exemplar_city: સેંટ થોમસ
    Asia/Saigon:
      exemplar_city: હો ચી મીન સિટી
    Pacific/Efate:
      exemplar_city: એફેટ
    Pacific/Wallis:
      exemplar_city: વાલિસ
    Pacific/Apia:
      exemplar_city: એપિયા
    Asia/Aden:
      exemplar_city: એદેન
    Indian/Mayotte:
      exemplar_city: મેયોટ
    Africa/Johannesburg:
      exemplar_city: જોહાન્સબર્ગ
    Africa/Lusaka:
      exemplar_city: લુસાકા
    Africa/Harare:
      exemplar_city: હરારે
  metazones:
    Acre:
      long:
        generic: એકર સમય
        standard: એકર પ્રમાણભૂત સમય
        daylight: એકર ગ્રીષ્મ સમય
    Afghanistan:
      long:
        standard: અફઘાનિસ્તાન સમય
    Africa_Central:
      long:
        standard: મધ્ય આફ્રિકા સમય
    Africa_Eastern:
      long:
        standard: પૂર્વ આફ્રિકા સમય
    Africa_Southern:
      long:
        standard: દક્ષિણ આફ્રિકા માનક સમય
    Africa_Western:
      long:
        generic: પશ્ચિમ આફ્રિકા સમય
        standard: પશ્ચિમ આફ્રિકા માનક સમય
        daylight: પશ્ચિમ આફ્રિકા ગ્રીષ્મ સમય
    Alaska:
      long:
        generic: અલાસ્કા સમય
        standard: અલાસ્કા માનક સમય
        daylight: અલાસ્કા દિવસ સમય
    Almaty:
      long:
        generic: અલ્માટી સમય
        standard: અલ્માટી પ્રમાણભૂત સમય
        daylight: અલ્માટી ગ્રીષ્મ સમય
    Amazon:
      long:
        generic: એમેઝોન સમય
        standard: એમેઝોન માનક સમય
        daylight: એમેઝોન ગ્રીષ્મ સમય
    America_Central:
      long:
        generic: ઉત્તર અમેરિકન કેન્દ્રીય સમય
        standard: ઉત્તર અમેરિકન કેન્દ્રીય માનક સમય
        daylight: ઉત્તર અમેરિકન કેન્દ્રીય દિવસ સમય
    America_Eastern:
      long:
        generic: ઉત્તર અમેરિકન પૂર્વી સમય
        standard: ઉત્તર અમેરિકન પૂર્વી માનક સમય
        daylight: ઉત્તર અમેરિકન પૂર્વી દિવસ સમય
    America_Mountain:
      long:
        generic: ઉત્તર અમેરિકન માઉન્ટન સમય
        standard: ઉત્તર અમેરિકન માઉન્ટન માનક સમય
        daylight: ઉત્તર અમેરિકન માઉન્ટન દિવસ સમય
    America_Pacific:
      long:
        generic: ઉત્તર અમેરિકન પેસિફિક સમય
        standard: ઉત્તર અમેરિકન પેસિફિક માનક સમય
        daylight: ઉત્તર અમેરિકન પેસિફિક દિવસ સમય
    Anadyr:
      long:
        generic: અનાદિર સમય
        standard: અનાડિર પ્રમાણભૂત સમય
        daylight: અનાડિર ગ્રીષ્મ સમય
    Apia:
      long:
        generic: એપિયા સમય
        standard: એપિયા માનક સમય
        daylight: એપિયા દિવસ સમય
    Aqtau:
      long:
        generic: અક્તાઉ સમય
        standard: અક્તાઉ પ્રમાણભૂત સમય
        daylight: અક્તાઉ ગ્રીષ્મ સમય
    Aqtobe:
      long:
        generic: ઍક્ટોબ સમય
        standard: ઍક્ટોબ પ્રમાણભૂત સમય
        daylight: ઍક્ટોબ ગ્રીષ્મ સમય
    Arabian:
      long:
        generic: અરેબિયન સમય
        standard: અરેબિયન માનક સમય
        daylight: અરેબિયન દિવસ સમય
    Argentina:
      long:
        generic: આર્જેન્ટીના સમય
        standard: આર્જેન્ટીના માનક સમય
        daylight: આર્જેન્ટીના ગ્રીષ્મ સમય
    Argentina_Western:
      long:
        generic: પશ્ચિમી આર્જેન્ટીના સમય
        standard: પશ્ચિમી આર્જેન્ટીના માનક સમય
        daylight: પશ્ચિમી આર્જેન્ટીના ગ્રીષ્મ સમય
    Armenia:
      long:
        generic: આર્મેનિયા સમય
        standard: આર્મેનિયા માનક સમય
        daylight: આર્મેનિયા ગ્રીષ્મ સમય
    Atlantic:
      long:
        generic: એટલાન્ટિક સમય
        standard: એટલાન્ટિક માનક સમય
        daylight: એટલાન્ટિક દિવસ સમય
    Australia_Central:
      long:
        generic: કેન્દ્રીય ઑસ્ટ્રેલિયન સમય
        standard: ઑસ્ટ્રેલિયન કેન્દ્રીય માનક સમય
        daylight: ઓસ્ટ્રેલિયન કેન્દ્રીય દિવસ સમય
    Australia_CentralWestern:
      long:
        generic: ઑસ્ટ્રેલિયન કેન્દ્રીય પશ્ચિમી સમય
        standard: ઑસ્ટ્રેલિયન કેન્દ્રીય પશ્ચિમી માનક સમય
        daylight: ઓસ્ટ્રેલિયન કેન્દ્રીય પશ્ચિમી દિવસ સમય
    Australia_Eastern:
      long:
        generic: પૂર્વીય ઑસ્ટ્રેલિયા સમય
        standard: ઑસ્ટ્રેલિયન પૂર્વીય માનક સમય
        daylight: ઓસ્ટ્રેલિયન પૂર્વીય દિવસ સમય
    Australia_Western:
      long:
        generic: પશ્ચિમી ઑસ્ટ્રેલિયા સમય
        standard: ઑસ્ટ્રેલિયન પશ્ચિમી માનક સમય
        daylight: ઓસ્ટ્રેલિયન પશ્ચિમી દિવસ સમય
    Azerbaijan:
      long:
        generic: અઝરબૈજાન સમય
        standard: અઝરબૈજાન માનક સમય
        daylight: અઝરબૈજાન ગ્રીષ્મ સમય
    Azores:
      long:
        generic: એઝોર્સ સમય
        standard: એઝોર્સ માનક સમય
        daylight: એઝોર્સ ગ્રીષ્મ સમય
    Bangladesh:
      long:
        generic: બાંગ્લાદેશ સમય
        standard: બાંગ્લાદેશ માનક સમય
        daylight: બાંગ્લાદેશ ગ્રીષ્મ સમય
    Bhutan:
      long:
        standard: ભૂટાન સમય
    Bolivia:
      long:
        standard: બોલિવિયા સમય
    Brasilia:
      long:
        generic: બ્રાઝિલિયા સમય
        standard: બ્રાઝિલિયા માનક સમય
        daylight: બ્રાઝિલિયા ગ્રીષ્મ સમય
    Brunei:
      long:
        standard: બ્રુનેઇ દરુસલામ સમય
    Cape_Verde:
      long:
        generic: કૅપ વર્ડે સમય
        standard: કૅપ વર્ડે માનક સમય
        daylight: કૅપ વર્ડે ગ્રીષ્મ સમય
    Chamorro:
      long:
        standard: કેમોરો માનક સમય
    Chatham:
      long:
        generic: ચેતહામ સમય
        standard: ચેતહામ માનક સમય
        daylight: ચેતહામ દિવસ સમય
    Chile:
      long:
        generic: ચિલી સમય
        standard: ચિલી માનક સમય
        daylight: ચિલી ગ્રીષ્મ સમય
    China:
      long:
        generic: ચીન સમય
        standard: ચીન માનક સમય
        daylight: ચીન દિવસ સમય
    Christmas:
      long:
        standard: ક્રિસમસ આઇલેન્ડ સમય
    Cocos:
      long:
        standard: કોકોઝ આઇલેન્ડ્સ સમય
    Colombia:
      long:
        generic: કોલમ્બિયા સમય
        standard: કોલમ્બિયા માનક સમય
        daylight: કોલમ્બિયા ગ્રીષ્મ સમય
    Cook:
      long:
        generic: કુક આઇલેન્ડ્સ સમય
        standard: કુક આઇલેન્ડ્સ માનક સમય
        daylight: કુક આઇલેન્ડ્સ અર્ધ ગ્રીષ્મ સમય
    Cuba:
      long:
        generic: ક્યુબા સમય
        standard: ક્યુબા માનક સમય
        daylight: ક્યુબા દિવસ સમય
    Davis:
      long:
        standard: ડેવિસ સમય
    DumontDUrville:
      long:
        standard: ડ્યુમોન્ટ-ડી‘ઉર્વિલ સમય
    East_Timor:
      long:
        standard: પૂર્વ તિમોર સમય
    Easter:
      long:
        generic: ઇસ્ટર આઇલેન્ડ સમય
        standard: ઇસ્ટર આઇલેન્ડ માનક સમય
        daylight: ઇસ્ટર આઇલેન્ડ ગ્રીષ્મ સમય
    Ecuador:
      long:
        standard: એક્વાડોર સમય
    Europe_Central:
      long:
        generic: મધ્ય યુરોપિયન સમય
        standard: મધ્ય યુરોપિયન માનક સમય
        daylight: મધ્ય યુરોપિયન ગ્રીષ્મ સમય
    Europe_Eastern:
      long:
        generic: પૂર્વી યુરોપિયન સમય
        standard: પૂર્વી યુરોપિયન માનક સમય
        daylight: પૂર્વી યુરોપિયન ગ્રીષ્મ સમય
    Europe_Further_Eastern:
      long:
        standard: સુદૂર-પૂર્વી યુરોપિયન સમય
    Europe_Western:
      long:
        generic: પશ્ચિમી યુરોપિયન સમય
        standard: પશ્ચિમી યુરોપિયન માનક સમય
        daylight: પશ્ચિમી યુરોપિયન ગ્રીષ્મ સમય
    Falkland:
      long:
        generic: ફૉકલેન્ડ આઇલેન્ડ્સ સમય
        standard: ફૉકલેન્ડ આઇલેન્ડ્સ માનક સમય
        daylight: ફૉકલેન્ડ આઇલેન્ડ્સ ગ્રીષ્મ સમય
    Fiji:
      long:
        generic: ફીજી સમય
        standard: ફીજી માનક સમય
        daylight: ફીજી ગ્રીષ્મ સમય
    French_Guiana:
      long:
        standard: ફ્રેંચ ગયાના સમય
    French_Southern:
      long:
        standard: ફ્રેંચ સધર્ન અને એન્ટાર્કટિક સમય
    Galapagos:
      long:
        standard: ગાલાપાગોસ સમય
    Gambier:
      long:
        standard: ગેમ્બિયર સમય
    Georgia:
      long:
        generic: જ્યોર્જિયા સમય
        standard: જ્યોર્જિયા માનક સમય
        daylight: જ્યોર્જિયા ગ્રીષ્મ સમય
    Gilbert_Islands:
      long:
        standard: ગિલબર્ટ આઇલેન્ડ્સ સમય
    GMT:
      long:
        standard: ગ્રીનવિચ મધ્યમ સમય
    Greenland_Eastern:
      long:
        generic: પૂર્વ ગ્રીનલેન્ડ સમય
        standard: પૂર્વ ગ્રીનલેન્ડ માનક સમય
        daylight: પૂર્વ ગ્રીનલેન્ડ ગ્રીષ્મ સમય
    Greenland_Western:
      long:
        generic: પશ્ચિમ ગ્રીનલેન્ડ સમય
        standard: પશ્ચિમ ગ્રીનલેન્ડ માનક સમય
        daylight: પશ્ચિમ ગ્રીનલેન્ડ ગ્રીષ્મ સમય
    Guam:
      long:
        standard: ગ્વામ પ્રમાણભૂત સમય
    Gulf:
      long:
        standard: ગલ્ફ માનક સમય
    Guyana:
      long:
        standard: ગયાના સમય
    Hawaii_Aleutian:
      long:
        generic: હવાઈ-એલ્યુશિઅન સમય
        standard: હવાઇ-એલ્યુશિઅન માનક સમય
        daylight: હવાઇ-એલ્યુશિઅન દિવસ સમય
    Hong_Kong:
      long:
        generic: હોંગ કોંગ સમય
        standard: હોંગ કોંગ માનક સમય
        daylight: હોંગ કોંગ ગ્રીષ્મ સમય
    Hovd:
      long:
        generic: હોવ્ડ સમય
        standard: હોવ્ડ માનક સમય
        daylight: હોવ્ડ ગ્રીષ્મ સમય
    India:
      short:
        standard: IST
      long:
        standard: ભારતીય માનક સમય
    Indian_Ocean:
      long:
        standard: ભારતીય મહાસાગર સમય
    Indochina:
      long:
        standard: ઇન્ડોચાઇના સમય
    Indonesia_Central:
      long:
        standard: મધ્ય ઇન્ડોનેશિયા સમય
    Indonesia_Eastern:
      long:
        standard: પૂર્વીય ઇન્ડોનેશિયા સમય
    Indonesia_Western:
      long:
        standard: પશ્ચિમી ઇન્ડોનેશિયા સમય
    Iran:
      long:
        generic: ઈરાન સમય
        standard: ઈરાન માનક સમય
        daylight: ઈરાન દિવસ સમય
    Irkutsk:
      long:
        generic: ઇર્કુત્સ્ક સમય
        standard: ઇર્કુત્સ્ક માનક સમય
        daylight: ઇર્કુત્સ્ક ગ્રીષ્મ સમય
    Israel:
      long:
        generic: ઇઝરાઇલ સમય
        standard: ઇઝરાઇલ માનક સમય
        daylight: ઇઝરાઇલ દિવસ સમય
    Japan:
      long:
        generic: જાપાન સમય
        standard: જાપાન માનક સમય
        daylight: જાપાન દિવસ સમય
    Kamchatka:
      long:
        generic: પેટ્રોપેવલોવ્સ્ક-કામચતસ્કી સમય
        standard: પેટ્રોપેવલોવ્સ્ક-કામચતસ્કી પ્રમાણભૂત સમય
        daylight: પેટ્રોપેવલોવ્સ્ક-કામચતસ્કી ગ્રીષ્મ સમય
    Kazakhstan:
      long:
        standard: કઝાકિસ્તાન સમય
    Kazakhstan_Eastern:
      long:
        standard: પૂર્વ કઝાકિસ્તાન સમય
    Kazakhstan_Western:
      long:
        standard: પશ્ચિમ કઝાકિસ્તાન સમય
    Korea:
      long:
        generic: કોરિયન સમય
        standard: કોરિયન માનક સમય
        daylight: કોરિયન દિવસ સમય
    Kosrae:
      long:
        standard: કોસરે સમય
    Krasnoyarsk:
      long:
        generic: ક્રેસ્નોયાર્સ્ક સમય
        standard: ક્રેસ્નોયાર્સ્ક માનક સમય
        daylight: ક્રેસ્નોયાર્સ્ક ગ્રીષ્મ સમય
    Kyrgystan:
      long:
        standard: કિર્ગિઝ્સ્તાન સમય
    Lanka:
      long:
        standard: લંકા સમય
    Line_Islands:
      long:
        standard: લાઇન આઇલેન્ડ્સ સમય
    Lord_Howe:
      long:
        generic: લોર્ડ હોવ સમય
        standard: લોર્ડ હોવ માનક સમય
        daylight: લોર્ડ હોવ દિવસ સમય
    Macau:
      long:
        generic: મકાઉ સમય
        standard: મકાઉ પ્રમાણભૂત સમય
        daylight: મકાઉ ગ્રીષ્મ સમય
    Magadan:
      long:
        generic: મગાડન સમય
        standard: મગાડન માનક સમય
        daylight: મગાડન ગ્રીષ્મ સમય
    Malaysia:
      long:
        standard: મલેશિયા સમય
    Maldives:
      long:
        standard: માલદીવ સમય
    Marquesas:
      long:
        standard: માર્ક્યૂસસ સમય
    Marshall_Islands:
      long:
        standard: માર્શલ આઇલેન્ડ્સ સમય
    Mauritius:
      long:
        generic: મોરિશિયસ સમય
        standard: મોરિશિયસ માનક સમય
        daylight: મોરિશિયસ ગ્રીષ્મ સમય
    Mawson:
      long:
        standard: મોસન સમય
    Mexico_Pacific:
      long:
        generic: મેક્સિકન પેસિફિક સમય
        standard: મેક્સિકન પેસિફિક માનક સમય
        daylight: મેક્સિકન પેસિફિક દિવસ સમય
    Mongolia:
      long:
        generic: ઉલાન બાટોર સમય
        standard: ઉલાન બાટોર માનક સમય
        daylight: ઉલાન બટોર ગ્રીષ્મ સમય
    Moscow:
      long:
        generic: મોસ્કો સમય
        standard: મોસ્કો માનક સમય
        daylight: મોસ્કો ગ્રીષ્મ સમય
    Myanmar:
      long:
        standard: મ્યાનમાર સમય
    Nauru:
      long:
        standard: નૌરુ સમય
    Nepal:
      long:
        standard: નેપાળ સમય
    New_Caledonia:
      long:
        generic: ન્યુ સેલેડોનિયા સમય
        standard: ન્યુ સેલેડોનિયા માનક સમય
        daylight: ન્યુ સેલેડોનિયા ગ્રીષ્મ સમય
    New_Zealand:
      long:
        generic: ન્યુઝીલેન્ડ સમય
        standard: ન્યુઝીલેન્ડ માનક સમય
        daylight: ન્યુઝીલેન્ડ દિવસ સમય
    Newfoundland:
      long:
        generic: ન્યૂફાઉન્ડલેન્ડ સમય
        standard: ન્યૂફાઉન્ડલેન્ડ માનક સમય
        daylight: ન્યૂફાઉન્ડલેન્ડ દિવસ સમય
    Niue:
      long:
        standard: નીયુ સમય
    Norfolk:
      long:
        generic: નોરફૉક આઇલેન્ડ સમય
        standard: નોરફૉક આઇલેન્ડ માનક સમય
        daylight: નોરફૉક આઇલેન્ડ દિવસ સમય
    Noronha:
      long:
        generic: ફર્નાન્ડો ડી નોરોન્હા સમય
        standard: ફર્નાન્ડો ડી નોરોન્હા માનક સમય
        daylight: ફર્નાન્ડો દે નોરોહા ગ્રીષ્મ સમય
    North_Mariana:
      long:
        standard: ઉત્તર મારિયાના આઇલેન્ડ્સ
    Novosibirsk:
      long:
        generic: નોવસિબિર્સ્ક સમય
        standard: નોવસિબિર્સ્ક માનક સમય
        daylight: નોવસિબિર્સ્ક ગ્રીષ્મ સમય
    Omsk:
      long:
        generic: ઓમ્સ્ક સમય
        standard: ઓમ્સ્ક માનક સમય
        daylight: ઓમ્સ્ક ગ્રીષ્મ સમય
    Pakistan:
      long:
        generic: પાકિસ્તાન સમય
        standard: પાકિસ્તાન માનક સમય
        daylight: પાકિસ્તાન ગ્રીષ્મ સમય
    Palau:
      long:
        standard: પલાઉ સમય
    Papua_New_Guinea:
      long:
        standard: પાપુઆ ન્યુ ગિની સમય
    Paraguay:
      long:
        generic: પેરાગ્વે સમય
        standard: પેરાગ્વે માનક સમય
        daylight: પેરાગ્વે ગ્રીષ્મ સમય
    Peru:
      long:
        generic: પેરુ સમય
        standard: પેરુ માનક સમય
        daylight: પેરુ ગ્રીષ્મ સમય
    Philippines:
      long:
        generic: ફિલિપાઇન સમય
        standard: ફિલિપાઇન માનક સમય
        daylight: ફિલિપાઇન ગ્રીષ્મ સમય
    Phoenix_Islands:
      long:
        standard: ફોનિક્સ આઇલેન્ડ્સ સમય
    Pierre_Miquelon:
      long:
        generic: સેંટ પીએરી અને મિક્યુલોન સમય
        standard: સેંટ પીએરી અને મિક્યુલોન માનક સમય
        daylight: સેંટ પીએરી અને મિક્યુલોન દિવસ સમય
    Pitcairn:
      long:
        standard: પિટકેયર્ન સમય
    Ponape:
      long:
        standard: પોનપે સમય
    Pyongyang:
      long:
        standard: પ્યોંગયાંગ સમય
    Qyzylorda:
      long:
        generic: કિઝિલોર્ડા સમય
        standard: કિઝિલોર્ડા પ્રમાણભૂત સમય
        daylight: કિઝિલોર્ડા ગ્રીષ્મ સમય
    Reunion:
      long:
        standard: રીયુનિયન સમય
    Rothera:
      long:
        standard: રોથેરા સમય
    Sakhalin:
      long:
        generic: સખાલિન સમય
        standard: સખાલિન માનક સમય
        daylight: સખાલિન ગ્રીષ્મ સમય
    Samara:
      long:
        generic: સમારા સમય
        standard: સમારા પ્રમાણભૂત સમય
        daylight: સમારા ગ્રીષ્મ સમય
    Samoa:
      long:
        generic: સમોઆ સમય
        standard: સમોઆ માનક સમય
        daylight: સમોઆ ગ્રીષ્મ સમય
    Seychelles:
      long:
        standard: સેશલ્સ સમય
    Singapore:
      long:
        standard: સિંગાપુર માનક સમય
    Solomon:
      long:
        standard: સોલોમન આઇલેન્ડ્સ સમય
    South_Georgia:
      long:
        standard: દક્ષિણ જ્યોર્જિયા સમય
    Suriname:
      long:
        standard: સુરીનામ સમય
    Syowa:
      long:
        standard: સ્યોવા સમય
    Tahiti:
      long:
        standard: તાહિતી સમય
    Taipei:
      long:
        generic: તાઇપેઇ સમય
        standard: તાઇપેઇ માનક સમય
        daylight: તાઇપેઇ દિવસ સમય
    Tajikistan:
      long:
        standard: તાજીકિસ્તાન સમય
    Tokelau:
      long:
        standard: ટોકલાઉ સમય
    Tonga:
      long:
        generic: ટોંગા સમય
        standard: ટોંગા માનક સમય
        daylight: ટોંગા ગ્રીષ્મ સમય
    Truk:
      long:
        standard: ચુઉક સમય
    Turkmenistan:
      long:
        generic: તુર્કમેનિસ્તાન સમય
        standard: તુર્કમેનિસ્તાન માનક સમય
        daylight: તુર્કમેનિસ્તાન ગ્રીષ્મ સમય
    Tuvalu:
      long:
        standard: ટવાલૂ સમય
    Uruguay:
      long:
        generic: ઉરુગ્વે સમય
        standard: ઉરુગ્વે માનક સમય
        daylight: ઉરુગ્વે ગ્રીષ્મ સમય
    Uzbekistan:
      long:
        generic: ઉઝ્બેકિસ્તાન સમય
        standard: ઉઝ્બેકિસ્તાન માનક સમય
        daylight: ઉઝ્બેકિસ્તાન ગ્રીષ્મ સમય
    Vanuatu:
      long:
        generic: વનાતૂ સમય
        standard: વનાતૂ માનક સમય
        daylight: વનાતૂ ગ્રીષ્મ સમય
    Venezuela:
      long:
        standard: વેનેઝુએલા સમય
    Vladivostok:
      long:
        generic: વ્લાડિવોસ્ટોક સમય
        standard: વ્લાડિવોસ્ટોક માનક સમય
        daylight: વ્લાડિવોસ્ટોક ગ્રીષ્મ સમય
    Volgograd:
      long:
        generic: વોલ્ગોગ્રેડ સમય
        standard: વોલ્ગોગ્રેડ માનક સમય
        daylight: વોલ્ગોગ્રેડ ગ્રીષ્મ સમય
    Vostok:
      long:
        standard: વોસ્ટોક સમય
    Wake:
      long:
        standard: વૅક આઇલેન્ડ સમય
    Wallis:
      long:
        standard: વૉલિસ અને ફ્યુચુના સમય
    Yakutsk:
      long:
        generic: યાકુત્સ્ક સમય
        standard: યાકુત્સ્ક માનક સમય
        daylight: યાકુત્સ્ક ગ્રીષ્મ સમય
    Yekaterinburg:
      long:
        generic: યેકાટેરિનબર્ગ સમય
        standard: યેકાટેરિનબર્ગ માનક સમય
        daylight: યેકાટેરિનબર્ગ ગ્રીષ્મ સમય
    Yukon:
      long:
        standard: યુકોન સમય
