---
locale: kok
generated_at: '2025-09-15T06:26:35Z'
cldr_version: '46'
timezone_names:
  formats:
    region_format: "{0} वेळ"
    region_format_daylight: "{0} डेलायट वेळ"
    region_format_standard: "{0} प्रमाणित वेळ"
  zones:
    Etc/UTC:
      long:
        standard: समन्वित वैश्विक वेळ
    Etc/Unknown:
      exemplar_city: अज्ञात शार
    Europe/Andorra:
      exemplar_city: अंडोरा
    Asia/Dubai:
      exemplar_city: दुबय
    Asia/Kabul:
      exemplar_city: काबुल
    America/Antigua:
      exemplar_city: एँटिगुआ
    America/Anguilla:
      exemplar_city: अंगुला
    Europe/Tirane:
      exemplar_city: तिराना
    Asia/Yerevan:
      exemplar_city: येरेवान
    Africa/Luanda:
      exemplar_city: लुआंडा
    Antarctica/Rothera:
      exemplar_city: रोथेरा
    Antarctica/Palmer:
      exemplar_city: पाल्मेर
    Antarctica/Troll:
      exemplar_city: ट्रोल
    Antarctica/Syowa:
      exemplar_city: स्योवा
    Antarctica/Mawson:
      exemplar_city: मॉसन
    Antarctica/Davis:
      exemplar_city: डेव्हीस
    Antarctica/Vostok:
      exemplar_city: वोस्तोक
    Antarctica/Casey:
      exemplar_city: केसी
    Antarctica/DumontDUrville:
      exemplar_city: द्युमाँ दूरवीय
    Antarctica/McMurdo:
      exemplar_city: मॅकमुर्दो
    America/Argentina/Rio_Gallegos:
      exemplar_city: रियो गलेगॉस
    America/Mendoza:
      exemplar_city: मेन्डोझा
    America/Argentina/San_Juan:
      exemplar_city: सान जुआन
    America/Argentina/Ushuaia:
      exemplar_city: उशुआइया
    America/Argentina/La_Rioja:
      exemplar_city: ला रियोजा
    America/Argentina/San_Luis:
      exemplar_city: सान लुईस
    America/Catamarca:
      exemplar_city: काटामारका
    America/Argentina/Salta:
      exemplar_city: साल्टा
    America/Jujuy:
      exemplar_city: जुजेय
    America/Argentina/Tucuman:
      exemplar_city: टुकुमॅन
    America/Cordoba:
      exemplar_city: कोरडोबा
    America/Buenos_Aires:
      exemplar_city: ब्यूनस आयर्स
    Pacific/Pago_Pago:
      exemplar_city: पागो पागो
    Europe/Vienna:
      exemplar_city: वियेना
    Australia/Perth:
      exemplar_city: पर्थ
    Australia/Eucla:
      exemplar_city: उक्ला
    Australia/Darwin:
      exemplar_city: डार्विन
    Australia/Adelaide:
      exemplar_city: एडिलेड
    Australia/Broken_Hill:
      exemplar_city: ब्रोकन हिल
    Australia/Melbourne:
      exemplar_city: मेलबर्न
    Australia/Hobart:
      exemplar_city: होबार्ट
    Australia/Lindeman:
      exemplar_city: लिडेमॅन
    Australia/Sydney:
      exemplar_city: सिडनी
    Australia/Brisbane:
      exemplar_city: ब्रिस्बेन
    Antarctica/Macquarie:
      exemplar_city: मॅक्वेरी
    Australia/Lord_Howe:
      exemplar_city: लॉर्ड होवे
    America/Aruba:
      exemplar_city: अरुबा
    Europe/Mariehamn:
      exemplar_city: मॅरीहाम्न
    Asia/Baku:
      exemplar_city: बाकू
    Europe/Sarajevo:
      exemplar_city: साराजिवो
    America/Barbados:
      exemplar_city: बारबाडोस
    Asia/Dhaka:
      exemplar_city: ढाका
    Europe/Brussels:
      exemplar_city: ब्रुसेल्स
    Africa/Ouagadougou:
      exemplar_city: ओगादौगो
    Europe/Sofia:
      exemplar_city: सोफिया
    Asia/Bahrain:
      exemplar_city: बेहरेन
    Africa/Bujumbura:
      exemplar_city: बुजुमबुरा
    Africa/Porto-Novo:
      exemplar_city: पोर्टो-नोवो
    America/St_Barthelemy:
      exemplar_city: सेंट बार्थेलेमी
    Atlantic/Bermuda:
      exemplar_city: बर्मुडा
    Asia/Brunei:
      exemplar_city: ब्रूनेई
    America/La_Paz:
      exemplar_city: ला पाझ
    America/Kralendijk:
      exemplar_city: क्रालेनडीक
    America/Eirunepe:
      exemplar_city: ईरुनेपे
    America/Rio_Branco:
      exemplar_city: रियो ब्रांको
    America/Porto_Velho:
      exemplar_city: पोर्टो वेल्हो
    America/Boa_Vista:
      exemplar_city: बाओ विस्टा
    America/Manaus:
      exemplar_city: मनौस
    America/Cuiaba:
      exemplar_city: कुययबा
    America/Santarem:
      exemplar_city: सांतारेम
    America/Campo_Grande:
      exemplar_city: कॅम्पो ग्रांड
    America/Belem:
      exemplar_city: बेलेम
    America/Araguaina:
      exemplar_city: अरगुयेना
    America/Sao_Paulo:
      exemplar_city: साओ पावलो
    America/Bahia:
      exemplar_city: बहिया
    America/Fortaleza:
      exemplar_city: फोर्टालेझा
    America/Maceio:
      exemplar_city: मासियो
    America/Recife:
      exemplar_city: रेसीफ
    America/Noronha:
      exemplar_city: नोरोन्हा
    America/Nassau:
      exemplar_city: नसाऊ
    Asia/Thimphu:
      exemplar_city: थिम्फू
    Africa/Gaborone:
      exemplar_city: गाबोरोन
    Europe/Minsk:
      exemplar_city: मिंस्क
    America/Belize:
      exemplar_city: बेलिझ
    America/Dawson:
      exemplar_city: डौसन
    America/Whitehorse:
      exemplar_city: व्हायटहॉर्स
    America/Inuvik:
      exemplar_city: इनुविक
    America/Vancouver:
      exemplar_city: व्हँकुव्हर
    America/Fort_Nelson:
      exemplar_city: फोर्ट नेल्सन
    America/Dawson_Creek:
      exemplar_city: डौसन क्रिक
    America/Creston:
      exemplar_city: क्रेस्टोन
    America/Edmonton:
      exemplar_city: ऍडमोंटन
    America/Swift_Current:
      exemplar_city: स्विफ्ट करंट
    America/Cambridge_Bay:
      exemplar_city: केंब्रिज बे
    America/Regina:
      exemplar_city: रेजीना
    America/Winnipeg:
      exemplar_city: विनीपेग
    America/Resolute:
      exemplar_city: रिसोल्युट
    America/Rankin_Inlet:
      exemplar_city: रँकिन इनलॅट
    America/Coral_Harbour:
      exemplar_city: अतिकोकॉन
    America/Toronto:
      exemplar_city: टॉरंटो
    America/Iqaluit:
      exemplar_city: इकालुयीट
    America/Moncton:
      exemplar_city: मोंक्टॉन
    America/Halifax:
      exemplar_city: हेलिफॅक्स
    America/Goose_Bay:
      exemplar_city: गूस बे
    America/Glace_Bay:
      exemplar_city: ग्लेस बे
    America/Blanc-Sablon:
      exemplar_city: ब्लांक-साब्लोन
    America/St_Johns:
      exemplar_city: सेंट जॉन्स
    Indian/Cocos:
      exemplar_city: कोकोस
    Africa/Kinshasa:
      exemplar_city: किनशासा
    Africa/Lubumbashi:
      exemplar_city: लुबुमबाशी
    Africa/Bangui:
      exemplar_city: बांगी
    Africa/Brazzaville:
      exemplar_city: ब्राझाविले
    Europe/Zurich:
      exemplar_city: झुरिच
    Africa/Abidjan:
      exemplar_city: अबिदजान
    Pacific/Rarotonga:
      exemplar_city: रारोटोंगा
    Pacific/Easter:
      exemplar_city: ईस्टर
    America/Punta_Arenas:
      exemplar_city: पुंटा अरेनास
    America/Santiago:
      exemplar_city: सँटियागो
    Africa/Douala:
      exemplar_city: डौआला
    Asia/Urumqi:
      exemplar_city: उरुम्की
    Asia/Shanghai:
      exemplar_city: शांघाय
    America/Bogota:
      exemplar_city: बोगोटा
    America/Costa_Rica:
      exemplar_city: कोस्ता रिका
    America/Havana:
      exemplar_city: हवाना
    Atlantic/Cape_Verde:
      exemplar_city: केप वर्दे
    America/Curacao:
      exemplar_city: कुराकाओ
    Indian/Christmas:
      exemplar_city: क्रिसमस
    Asia/Nicosia:
      exemplar_city: निकोसिया
    Asia/Famagusta:
      exemplar_city: फमागुस्ता
    Europe/Prague:
      exemplar_city: प्राग
    Europe/Busingen:
      exemplar_city: बुसिंजेन
    Europe/Berlin:
      exemplar_city: बर्लिन
    Africa/Djibouti:
      exemplar_city: जिबूती
    Europe/Copenhagen:
      exemplar_city: कोपनहेगन
    America/Dominica:
      exemplar_city: डोमिनीका
    America/Santo_Domingo:
      exemplar_city: सांतो डोमिंगो
    Africa/Algiers:
      exemplar_city: आल्जियार्स
    Pacific/Galapagos:
      exemplar_city: गालापागोस
    America/Guayaquil:
      exemplar_city: ग्वायेकिल
    Europe/Tallinn:
      exemplar_city: टॅलिन
    Africa/Cairo:
      exemplar_city: कायरो
    Africa/El_Aaiun:
      exemplar_city: अल आयुन
    Africa/Asmera:
      exemplar_city: अस्मारा
    Atlantic/Canary:
      exemplar_city: कॅनरी
    Africa/Ceuta:
      exemplar_city: सेउटा
    Europe/Madrid:
      exemplar_city: माद्रीद
    Africa/Addis_Ababa:
      exemplar_city: आदीस अबाबा
    Europe/Helsinki:
      exemplar_city: हेलसिंकी
    Pacific/Fiji:
      exemplar_city: फिजी
    Atlantic/Stanley:
      exemplar_city: स्टेन्ले
    Pacific/Truk:
      exemplar_city: चुक
    Pacific/Ponape:
      exemplar_city: पोह्नपेई
    Pacific/Kosrae:
      exemplar_city: कोसरे
    Atlantic/Faeroe:
      exemplar_city: फैरो
    Europe/Paris:
      exemplar_city: पॅरिस
    Africa/Libreville:
      exemplar_city: लिब्रेविले
    Europe/London:
      exemplar_city: लंडन
      long:
        daylight: ब्रिटिश ग्रीष्म वेळ
    America/Grenada:
      exemplar_city: ग्रेनॅडा
    Asia/Tbilisi:
      exemplar_city: तुबलीसी
    America/Cayenne:
      exemplar_city: केइन
    Europe/Guernsey:
      exemplar_city: गर्नसी
    Africa/Accra:
      exemplar_city: आकरा
    Europe/Gibraltar:
      exemplar_city: जिब्राल्टर
    America/Thule:
      exemplar_city: थुले
    America/Godthab:
      exemplar_city: नूक
    America/Scoresbysund:
      exemplar_city: इटोकॉरटॉर्मीट
    America/Danmarkshavn:
      exemplar_city: डेन्मार्कशॉन
    Africa/Banjul:
      exemplar_city: बानजुल
    Africa/Conakry:
      exemplar_city: कोनाक्रा
    America/Guadeloupe:
      exemplar_city: ग्वाडेलोप
    Africa/Malabo:
      exemplar_city: मलाबो
    Europe/Athens:
      exemplar_city: अथेन्स
    Atlantic/South_Georgia:
      exemplar_city: दक्षिण जॉर्जिया
    America/Guatemala:
      exemplar_city: ग्वाटेमाला
    Pacific/Guam:
      exemplar_city: गुआम
    Africa/Bissau:
      exemplar_city: बिसाउ
    America/Guyana:
      exemplar_city: गुयाना
    Asia/Hong_Kong:
      exemplar_city: हाँग काँग
    America/Tegucigalpa:
      exemplar_city: तेगुसिगल्पा
    Europe/Zagreb:
      exemplar_city: झाग्रेब
    America/Port-au-Prince:
      exemplar_city: पोर्ट-औ-प्रिन्स
    Europe/Budapest:
      exemplar_city: बुडापेस्ट
    Asia/Jakarta:
      exemplar_city: जकार्ता
    Asia/Pontianak:
      exemplar_city: पोण्टीअनाक
    Asia/Makassar:
      exemplar_city: मकास्सार
    Asia/Jayapura:
      exemplar_city: जायापुरा
    Europe/Dublin:
      exemplar_city: डब्लिन
      long:
        daylight: आयरिश प्रमाणित वेळ
    Asia/Jerusalem:
      exemplar_city: जेरुसालेम
    Europe/Isle_of_Man:
      exemplar_city: इसले ऑफ मॅन
    Asia/Calcutta:
      exemplar_city: कोलकाता
    Indian/Chagos:
      exemplar_city: चागोस
    Asia/Baghdad:
      exemplar_city: बगदाद
    Asia/Tehran:
      exemplar_city: तेहरान
    Atlantic/Reykjavik:
      exemplar_city: रिक्जेविक
    Europe/Rome:
      exemplar_city: रोम
    Europe/Jersey:
      exemplar_city: जर्सी
    America/Jamaica:
      exemplar_city: जमैका
    Asia/Amman:
      exemplar_city: अम्मान
    Asia/Tokyo:
      exemplar_city: तोक्यो
    Africa/Nairobi:
      exemplar_city: नायरोबी
    Asia/Bishkek:
      exemplar_city: बिश्केक
    Asia/Phnom_Penh:
      exemplar_city: फ्नोम पेन्ह
    Pacific/Enderbury:
      exemplar_city: इंडरबरी
    Pacific/Kanton:
      exemplar_city: कांटोन
    Pacific/Kiritimati:
      exemplar_city: किरितिमाती
    Pacific/Tarawa:
      exemplar_city: तारवा
    Indian/Comoro:
      exemplar_city: कोमोरो
    America/St_Kitts:
      exemplar_city: सेंट किट्स
    Asia/Pyongyang:
      exemplar_city: प्योंगयांग
    Asia/Seoul:
      exemplar_city: सोल
    Asia/Kuwait:
      exemplar_city: कुवेत
    America/Cayman:
      exemplar_city: कैमेन
    Asia/Aqtau:
      exemplar_city: ऍक्टो
    Asia/Oral:
      exemplar_city: ओरल
    Asia/Atyrau:
      exemplar_city: अत्यारो
    Asia/Aqtobe:
      exemplar_city: अक्टोबे
    Asia/Qostanay:
      exemplar_city: कोस्टानाय
    Asia/Qyzylorda:
      exemplar_city: क्य्ज्यलॉरडा
    Asia/Almaty:
      exemplar_city: अल्माटी
    Asia/Vientiane:
      exemplar_city: व्हिएन्टियन
    Asia/Beirut:
      exemplar_city: बेरूत
    America/St_Lucia:
      exemplar_city: सेंट लुसीया
    Europe/Vaduz:
      exemplar_city: वडुज
    Asia/Colombo:
      exemplar_city: कोलंबो
    Africa/Monrovia:
      exemplar_city: मोनरोविया
    Africa/Maseru:
      exemplar_city: मासेरु
    Europe/Vilnius:
      exemplar_city: विल्नियस
    Europe/Luxembourg:
      exemplar_city: लक्सेमबर्ग
    Europe/Riga:
      exemplar_city: रीगा
    Africa/Tripoli:
      exemplar_city: त्रिपोली
    Africa/Casablanca:
      exemplar_city: कासाब्लांका
    Europe/Monaco:
      exemplar_city: मोनॅको
    Europe/Chisinau:
      exemplar_city: चिसीनाऊ
    Europe/Podgorica:
      exemplar_city: पॉडगोरिका
    America/Marigot:
      exemplar_city: मेरीगॉट
    Indian/Antananarivo:
      exemplar_city: अंटानानारिवो
    Pacific/Kwajalein:
      exemplar_city: क्वाजलेन
    Pacific/Majuro:
      exemplar_city: माजुरो
    Europe/Skopje:
      exemplar_city: स्कोप्जे
    Africa/Bamako:
      exemplar_city: बामाको
    Asia/Rangoon:
      exemplar_city: यानगॉन
    Asia/Hovd:
      exemplar_city: होव्हड
    Asia/Ulaanbaatar:
      exemplar_city: उलानबतार
    Asia/Macau:
      exemplar_city: मकाव
    Pacific/Saipan:
      exemplar_city: सायपान
    America/Martinique:
      exemplar_city: मार्टिनिक
    Africa/Nouakchott:
      exemplar_city: नवाकसुत
    America/Montserrat:
      exemplar_city: मॉन्टसेराट
    Europe/Malta:
      exemplar_city: माल्टा
    Indian/Mauritius:
      exemplar_city: मॉरिशस
    Indian/Maldives:
      exemplar_city: मालदीव
    Africa/Blantyre:
      exemplar_city: ब्लानटायर
    America/Tijuana:
      exemplar_city: तिजुआना
    America/Hermosillo:
      exemplar_city: हर्मोसिलो
    America/Ciudad_Juarez:
      exemplar_city: सिउदाद जुआरेज
    America/Mazatlan:
      exemplar_city: माझाट्लान
    America/Chihuahua:
      exemplar_city: चिहुआहुआ
    America/Bahia_Banderas:
      exemplar_city: बहिया बंदेरस
    America/Ojinaga:
      exemplar_city: ओजिनागा
    America/Monterrey:
      exemplar_city: मोंटेरी
    America/Mexico_City:
      exemplar_city: मेक्सिको शार
    America/Matamoros:
      exemplar_city: माटामोरोस
    America/Merida:
      exemplar_city: मेरिडा
    America/Cancun:
      exemplar_city: कानकुन
    Asia/Kuala_Lumpur:
      exemplar_city: कुआलालम्पूर
    Asia/Kuching:
      exemplar_city: कुचींग
    Africa/Maputo:
      exemplar_city: मापुटो
    Africa/Windhoek:
      exemplar_city: विंडहोक
    Pacific/Noumea:
      exemplar_city: नूमेआ
    Africa/Niamey:
      exemplar_city: नियामी
    Pacific/Norfolk:
      exemplar_city: नॉरफोक
    Africa/Lagos:
      exemplar_city: लागोस
    America/Managua:
      exemplar_city: मॅनाग्वा
    Europe/Amsterdam:
      exemplar_city: ऍम्स्टरडॅम
    Europe/Oslo:
      exemplar_city: ओस्लो
    Asia/Katmandu:
      exemplar_city: काठमांडू
    Pacific/Nauru:
      exemplar_city: नावरू
    Pacific/Niue:
      exemplar_city: नीयू
    Pacific/Chatham:
      exemplar_city: चॅथम
    Pacific/Auckland:
      exemplar_city: ऑकलँड
    Asia/Muscat:
      exemplar_city: मस्कट
    America/Panama:
      exemplar_city: पनामा
    America/Lima:
      exemplar_city: लिमा
    Pacific/Tahiti:
      exemplar_city: ताहिती
    Pacific/Marquesas:
      exemplar_city: मार्किसस
    Pacific/Gambier:
      exemplar_city: गाम्बियर
    Pacific/Port_Moresby:
      exemplar_city: पोर्ट मॉरेस्बी
    Pacific/Bougainville:
      exemplar_city: बोगेनविले
    Asia/Manila:
      exemplar_city: मनिला
    Asia/Karachi:
      exemplar_city: कराची
    Europe/Warsaw:
      exemplar_city: वारसॉ
    America/Miquelon:
      exemplar_city: मिक्वेलोन
    Pacific/Pitcairn:
      exemplar_city: पिटकॅरन
    America/Puerto_Rico:
      exemplar_city: पिर्टो रिको
    Asia/Gaza:
      exemplar_city: गाझा
    Asia/Hebron:
      exemplar_city: हेब्रॉन
    Atlantic/Azores:
      exemplar_city: अझोरेस
    Atlantic/Madeira:
      exemplar_city: मदिरा
    Europe/Lisbon:
      exemplar_city: लिस्बन
    Pacific/Palau:
      exemplar_city: पलाऊ
    America/Asuncion:
      exemplar_city: असंसियन
    Asia/Qatar:
      exemplar_city: कतार
    Indian/Reunion:
      exemplar_city: रियुनियन
    Europe/Bucharest:
      exemplar_city: बुखारेस्ट
    Europe/Belgrade:
      exemplar_city: बेलग्रेड
    Europe/Kaliningrad:
      exemplar_city: कालिनिनग्राड
    Europe/Moscow:
      exemplar_city: मॉस्को
    Europe/Volgograd:
      exemplar_city: व्होल्गोग्राड
    Europe/Saratov:
      exemplar_city: साराटोव
    Europe/Astrakhan:
      exemplar_city: आस्ट्रखन
    Europe/Ulyanovsk:
      exemplar_city: उल्यानोव्स्क
    Europe/Kirov:
      exemplar_city: किरोव
    Europe/Samara:
      exemplar_city: समारा
    Asia/Yekaterinburg:
      exemplar_city: येकातेरिनबर्ग
    Asia/Omsk:
      exemplar_city: ओम्स्क
    Asia/Novosibirsk:
      exemplar_city: नोवोसिबिर्स्क
    Asia/Barnaul:
      exemplar_city: बरनौल
    Asia/Tomsk:
      exemplar_city: टॉमस्क
    Asia/Novokuznetsk:
      exemplar_city: नोवोकुझनेत्स्क
    Asia/Krasnoyarsk:
      exemplar_city: क्रास्नोयार्स्क
    Asia/Irkutsk:
      exemplar_city: इर्कुटस्क
    Asia/Chita:
      exemplar_city: चिटा
    Asia/Yakutsk:
      exemplar_city: यकुत्स्क
    Asia/Vladivostok:
      exemplar_city: व्लादिवोस्तोक
    Asia/Khandyga:
      exemplar_city: खा़ंडिगा
    Asia/Sakhalin:
      exemplar_city: सखलिन
    Asia/Ust-Nera:
      exemplar_city: उस्त नेरा
    Asia/Magadan:
      exemplar_city: मगादान
    Asia/Srednekolymsk:
      exemplar_city: स्रेदनेकॉलय्मस्क
    Asia/Kamchatka:
      exemplar_city: कामचाट्का
    Asia/Anadyr:
      exemplar_city: अनादिर
    Africa/Kigali:
      exemplar_city: किगाली
    Asia/Riyadh:
      exemplar_city: रियाध
    Pacific/Guadalcanal:
      exemplar_city: ग्वादालकॅनाल
    Indian/Mahe:
      exemplar_city: माहे
    Africa/Khartoum:
      exemplar_city: खार्टोम
    Europe/Stockholm:
      exemplar_city: स्टॉकहोम
    Asia/Singapore:
      exemplar_city: सिंगापूर
    Atlantic/St_Helena:
      exemplar_city: सें. हेलेना
    Europe/Ljubljana:
      exemplar_city: जुब्लजाना
    Arctic/Longyearbyen:
      exemplar_city: लोंगयेअरब्येन
    Europe/Bratislava:
      exemplar_city: ब्राटिस्लाव्हा
    Africa/Freetown:
      exemplar_city: फ्रिटावन
    Europe/San_Marino:
      exemplar_city: सॅन मारीनो
    Africa/Dakar:
      exemplar_city: डकार
    Africa/Mogadishu:
      exemplar_city: मोगादिशू
    America/Paramaribo:
      exemplar_city: परामारिबो
    Africa/Juba:
      exemplar_city: जुबा
    Africa/Sao_Tome:
      exemplar_city: साओ टोम
    America/El_Salvador:
      exemplar_city: एल साल्वाडोर
    America/Lower_Princes:
      exemplar_city: लोवर प्रिंसेस क्वार्टर
    Asia/Damascus:
      exemplar_city: दमस्कस
    Africa/Mbabane:
      exemplar_city: एमबाबेन
    America/Grand_Turk:
      exemplar_city: ग्रँड तुर्क
    Africa/Ndjamena:
      exemplar_city: एनजामेना
    Indian/Kerguelen:
      exemplar_city: केरगुलेन
    Africa/Lome:
      exemplar_city: लोम
    Asia/Bangkok:
      exemplar_city: बँकॉक
    Asia/Dushanbe:
      exemplar_city: दुशान्बे
    Pacific/Fakaofo:
      exemplar_city: फाकाओफो
    Asia/Dili:
      exemplar_city: दिली
    Asia/Ashgabat:
      exemplar_city: अशगाबाट
    Africa/Tunis:
      exemplar_city: टुनिस
    Pacific/Tongatapu:
      exemplar_city: टोंगाटापू
    Europe/Istanbul:
      exemplar_city: इस्तंबूल
    America/Port_of_Spain:
      exemplar_city: पोर्ट ऑफ स्पेन
    Pacific/Funafuti:
      exemplar_city: फुनाफुटी
    Asia/Taipei:
      exemplar_city: तैपेई
    Africa/Dar_es_Salaam:
      exemplar_city: दार इ सलाम
    Europe/Kiev:
      exemplar_city: कीव
    Europe/Simferopol:
      exemplar_city: सिमफरोपोल
    Africa/Kampala:
      exemplar_city: काम्पाला
    Pacific/Midway:
      exemplar_city: मिडवे
    Pacific/Wake:
      exemplar_city: वैक
    America/Adak:
      exemplar_city: अडाक
    America/Nome:
      exemplar_city: नोमे
    America/Anchorage:
      exemplar_city: ऐंकरज
    America/Yakutat:
      exemplar_city: याकुटाट
    America/Sitka:
      exemplar_city: सिट्का
    America/Juneau:
      exemplar_city: जूनो
    America/Metlakatla:
      exemplar_city: मेट्लाकाट्ला
    America/Los_Angeles:
      exemplar_city: लॉस एंजलीस
    America/Boise:
      exemplar_city: बोयस
    America/Phoenix:
      exemplar_city: फिनिक्स
    America/Denver:
      exemplar_city: डेन्वेर
    America/North_Dakota/Beulah:
      exemplar_city: ब्यूल्लाह, उत्तर डाकोटा
    America/North_Dakota/New_Salem:
      exemplar_city: न्यु सालेम, उत्तर डाकोटा
    America/North_Dakota/Center:
      exemplar_city: मध्य, उत्तर डाकोटा
    America/Chicago:
      exemplar_city: शिकागो
    America/Menominee:
      exemplar_city: मेनोमिनी
    America/Indiana/Vincennes:
      exemplar_city: विंसेनस, इंडियाना
    America/Indiana/Petersburg:
      exemplar_city: पिटर्सबर्ग, इंडियाना
    America/Indiana/Tell_City:
      exemplar_city: टेल सिटी, इंडियाना
    America/Indiana/Knox:
      exemplar_city: नॉक्स, इंडियाना
    America/Indiana/Winamac:
      exemplar_city: विनामॅक, इंडियाना
    America/Indiana/Marengo:
      exemplar_city: मारेंगो, इंडियाना
    America/Indianapolis:
      exemplar_city: इंडियानापोलीस
    America/Louisville:
      exemplar_city: लुईजविले
    America/Indiana/Vevay:
      exemplar_city: वेवय, इंडियाना
    America/Kentucky/Monticello:
      exemplar_city: मोंटीसॅलो, केंटुकाय
    America/Detroit:
      exemplar_city: डेट्रॉईट
    America/New_York:
      exemplar_city: न्यु यॉर्क
    America/Montevideo:
      exemplar_city: मोंटेव्हिडियो
    Asia/Samarkand:
      exemplar_city: समरकंद
    Asia/Tashkent:
      exemplar_city: ताश्कंद
    Europe/Vatican:
      exemplar_city: वॅटिकन
    America/St_Vincent:
      exemplar_city: सेंट विन्सेंट
    America/Caracas:
      exemplar_city: कराकस
    America/Tortola:
      exemplar_city: टोरटोला
    America/St_Thomas:
      exemplar_city: सेंट थॉमस
    Asia/Saigon:
      exemplar_city: हो ची मिन्ह
    Pacific/Efate:
      exemplar_city: इफेट
    Pacific/Wallis:
      exemplar_city: वालिस
    Pacific/Apia:
      exemplar_city: अपिया
    Asia/Aden:
      exemplar_city: ऍडन
    Indian/Mayotte:
      exemplar_city: मेयोट
    Africa/Johannesburg:
      exemplar_city: जोहान्सबर्ग
    Africa/Lusaka:
      exemplar_city: लुसाका
    Africa/Harare:
      exemplar_city: हरारे
  metazones:
    Afghanistan:
      long:
        standard: अफगानिस्तान वेळ
    Africa_Central:
      long:
        standard: मध्य आफ्रिका वेळ
    Africa_Eastern:
      long:
        standard: उदेंत आफ्रिका वेळ
    Africa_Southern:
      long:
        standard: दक्षिण आफ्रिका प्रमाणित वेळ
    Africa_Western:
      long:
        generic: अस्तंत आफ्रिका वेळ
        standard: अस्तंत आफ्रिका प्रमाणित वेळ
        daylight: अस्तंत आफ्रिका ग्रीष्म वेळ
    Alaska:
      long:
        generic: अलास्का वेळ
        standard: अलास्का प्रमाणीत वेळ
        daylight: अलास्का डेलायट वेळ
    Amazon:
      long:
        generic: अमेझोन वेळ
        standard: अमेझोन प्रमाणित वेळ
        daylight: अमेझोन ग्रीष्म वेळ
    America_Central:
      long:
        generic: मध्य वेळ
        standard: मध्य प्रमाणित वेळ
        daylight: मध्य डेलायट वेळ
    America_Eastern:
      long:
        generic: उदेंत वेळ
        standard: उदेंत प्रमाणित वेळ
        daylight: उदेंत डेलायट वेळ
    America_Mountain:
      long:
        generic: पर्वतीय वेळ
        standard: पर्वतीय प्रमाणित वेळ
        daylight: पर्वतीय डेलायट वेळ
    America_Pacific:
      long:
        generic: प्रशांत वेळ
        standard: प्रशांत प्रमाणित वेळ
        daylight: प्रशांत डेलायट वेळ
    Apia:
      long:
        generic: अपिया वेळ
        standard: अपिया प्रमाणित वेळ
        daylight: अपिया डेलायट वेळ
    Arabian:
      long:
        generic: अरबी वेळ
        standard: अरबी प्रमाणित वेळ
        daylight: अरबी डेलायट वेळ
    Argentina:
      long:
        generic: अर्जेंटिना वेळ
        standard: अर्जेंटिना प्रमाणित वेळ
        daylight: अर्जेंटिना ग्रीष्म वेळ
    Argentina_Western:
      long:
        generic: अस्तंत अर्जेंटिना वेळ
        standard: अस्तंत अर्जेंटिना प्रमाणित वेळ
        daylight: अस्तंत अर्जेंटिना ग्रीष्म वेळ
    Armenia:
      long:
        generic: आर्मेनिया वेळ
        standard: आर्मेनिया प्रमाणित वेळ
        daylight: आर्मेनिया ग्रीष्म वेळ
    Atlantic:
      long:
        generic: अटलांटीक वेळ
        standard: अटलांटीक प्रमाणित वेळ
        daylight: अटलांटीक डेलायट वेळ
    Australia_Central:
      long:
        generic: मध्य ऑस्ट्रेलीया वेळ
        standard: ऑस्ट्रेलीयन मध्य प्रमाणित वेळ
        daylight: ऑस्ट्रेलीयन मध्य डेलायट वेळ
    Australia_CentralWestern:
      long:
        generic: ऑस्ट्रेलीयन मध्य अस्तंत वेळ
        standard: ऑस्ट्रेलीयन मध्य अस्तंत प्रमाणित वेळ
        daylight: ऑस्ट्रेलीयन मध्य अस्तंत डेलायट वेळ
    Australia_Eastern:
      long:
        generic: उदेंत ऑस्ट्रेलीया वेळ
        standard: ऑस्ट्रेलीयन उदेंत प्रमाणित वेळ
        daylight: ऑस्ट्रेलीयन उदेंत डेलायट वेळ
    Australia_Western:
      long:
        generic: अस्तंत ऑस्ट्रेलीया वेळ
        standard: ऑस्ट्रेलीयन अस्तंत प्रमाणित वेळ
        daylight: ऑस्ट्रेलीयन अस्तंत डेलायट वेळ
    Azerbaijan:
      long:
        generic: अजरबैजान वेळ
        standard: अजरबैजान प्रमाणित वेळ
        daylight: अजरबैजान ग्रीष्म वेळ
    Azores:
      long:
        generic: अझोरेस
        standard: अझोरेस प्रमाणित वेळ
        daylight: अझोरेस ग्रीष्म वेळ
    Bangladesh:
      long:
        generic: बांगलादेश वेळ
        standard: बांगलादेश प्रमाणित वेळ
        daylight: बांगलादेश ग्रीष्म वेळ
    Bhutan:
      long:
        standard: भूतान
    Bolivia:
      long:
        standard: बोलिव्हिया वेळ
    Brasilia:
      long:
        generic: ब्राझिलिया वेळ
        standard: ब्राझिलिया प्रमाणित वेळ
        daylight: ब्राझिलिया ग्रीष्म वेळ
    Brunei:
      long:
        standard: ब्रुनेइ दारूस्सलाम वेळ
    Cape_Verde:
      long:
        generic: केप वर्दे वेळ
        standard: केप वर्दे प्रमाणित वेळ
        daylight: केप वर्दे ग्रीष्म वेळ
    Chamorro:
      long:
        standard: कॅमोरा प्रमाणित वेळ
    Chatham:
      long:
        generic: चॅथम वेळ
        standard: चॅथम प्रमाणित वेळ
        daylight: चॅथम डेलायट वेळ
    Chile:
      long:
        generic: चिली वेळ
        standard: चिली प्रमाणित वेळ
        daylight: चिली ग्रीष्म वेळ
    China:
      long:
        generic: चीन वेळ
        standard: चीन प्रमाणित वेळ
        daylight: चीन डेलायट वेळ
    Christmas:
      long:
        standard: क्रिसमस आयलँड वेळ
    Cocos:
      long:
        standard: कोकोस आयलँड वेळ
    Colombia:
      long:
        generic: कोलंबिया वेळ
        standard: कोलंबिया प्रमाणित वेळ
        daylight: कोलंबिया ग्रीष्म वेळ
    Cook:
      long:
        generic: कूक आयलँड वेळ
        standard: कूक आयलँड प्रमाणित वेळ
        daylight: कूक आयलँड अर्द ग्रीष्म वेळ
    Cuba:
      long:
        generic: क्युबा वेळ
        standard: क्युबा प्रमाणीत वेळ
        daylight: क्युबा डेलायट वेळ
    Davis:
      long:
        standard: डेव्हीस वेळ
    DumontDUrville:
      long:
        standard: द्युमाँ दूरवीय वेळ
    East_Timor:
      long:
        standard: उदेंत तिमोर वेळ
    Easter:
      long:
        generic: ईस्टर आयलँड वेळ
        standard: ईस्टर आयलँड प्रमाणित वेळ
        daylight: ईस्टर आयलँड ग्रीष्म वेळ
    Ecuador:
      long:
        standard: इक्वेडोर वेळ
    Europe_Central:
      long:
        generic: मध्य युरोपियन वेळ
        standard: मध्य युरोपियन प्रमाणित वेळ
        daylight: मध्य युरोपियन ग्रीष्म वेळ
    Europe_Eastern:
      long:
        generic: उदेंत युरोपियन वेळ
        standard: उदेंत युरोपियन प्रमाणित वेळ
        daylight: उदेंत युरोपियन ग्रीष्म वेळ
    Europe_Further_Eastern:
      long:
        standard: आनीक-उदेंत युरोपियन वेळ
    Europe_Western:
      long:
        generic: अस्तंत युरोपियन वेळ
        standard: अस्तंत युरोपियन प्रमाणित वेळ
        daylight: अस्तंत युरोपियन ग्रीष्म वेळ
    Falkland:
      long:
        generic: फॉकलँड आयलँड्स वेळ
        standard: फॉकलँड आयलँड्स प्रमाणित वेळ
        daylight: फॉकलँड आयलँड्स ग्रीष्म वेळ
    Fiji:
      long:
        generic: फिजी वेळ
        standard: फिजी प्रमाणित वेळ
        daylight: फिजी ग्रीष्म वेळ
    French_Guiana:
      long:
        standard: फ्रेंच गयाना वेळ
    French_Southern:
      long:
        standard: फ्रेन्च दक्षिण आनी अंटार्क्टिक वेळ
    Galapagos:
      long:
        standard: गालापागोस वेळ
    Gambier:
      long:
        standard: गाम्बियर वेळ
    Georgia:
      long:
        generic: जॉर्जिया वेळ
        standard: जॉर्जिया प्रमाणित वेळ
        daylight: जॉर्जिया ग्रीष्म वेळ
    Gilbert_Islands:
      long:
        standard: गिल्बर्ट आयलँड वेळ
    GMT:
      long:
        standard: ग्रीनविच मध्य वेळ
    Greenland_Eastern:
      long:
        generic: उदेंत ग्रीनलँड वेळ
        standard: उदेंत ग्रीनलँड प्रमाणीत वेळ
        daylight: उदेंत ग्रीनलँड ग्रीष्म वेळ
    Greenland_Western:
      long:
        generic: अस्तंत ग्रीनलँड वेळ
        standard: अस्तंत ग्रीनलँड प्रमाणीत वेळ
        daylight: अस्तंत ग्रीनलँड ग्रीष्म वेळ
    Gulf:
      long:
        standard: गल्फ प्रमाणित वेळ
    Guyana:
      long:
        standard: गुयाना वेळ
    Hawaii_Aleutian:
      long:
        generic: हवाई-अलेयुशिन वेळ
        standard: हवाई-अलेयुशिन प्रमाणीत वेळ
        daylight: हवाई-अलेयुशिन डेलायट वेळ
    Hong_Kong:
      long:
        generic: हाँग काँग वेळ
        standard: हाँग काँग प्रमाणित वेळ
        daylight: हाँग काँग ग्रीष्म वेळ
    Hovd:
      long:
        generic: होव्हड
        standard: होव्हड प्रमाणित वेळ
        daylight: होव्हड ग्रीष्म वेळ
    India:
      short:
        standard: IST
      long:
        standard: भारतीय प्रमाणित वेळ
    Indian_Ocean:
      long:
        standard: हिंद म्हासागर वेळ
    Indochina:
      long:
        standard: इंडोचीन वेळ
    Indonesia_Central:
      long:
        standard: मध्य इंडोनेशिया वेळ
    Indonesia_Eastern:
      long:
        standard: उदेंत इंडोनेशिया वेळ
    Indonesia_Western:
      long:
        standard: अस्तंत इंडोनेशिया वेळ
    Iran:
      long:
        generic: इरान
        standard: इरान प्रमाणित वेळ
        daylight: इरान डेलायट वेळ
    Irkutsk:
      long:
        generic: इर्कुटस्क वेळ
        standard: ईर्कुटस्क प्रमाणित वेळ
        daylight: ईर्कुटस्क ग्रीष्म वेळ
    Israel:
      long:
        generic: इज़राइल वेळ
        standard: इज़राइल प्रमाणित वेळ
        daylight: इज़राइल डेलायट वेळ
    Japan:
      long:
        generic: जपान वेळ
        standard: जपान प्रमाणित वेळ
        daylight: जपान डेलायट वेळ
    Kazakhstan:
      long:
        standard: कझाखस्तान वेळ
    Kazakhstan_Eastern:
      long:
        standard: उदेंत कझाकस्तान वेळ
    Kazakhstan_Western:
      long:
        standard: अस्तंत कझाकस्तान वेळ
    Korea:
      long:
        generic: कोरियन वेळ
        standard: कोरियन प्रमाणित वेळ
        daylight: कोरियन डेलायट वेळ
    Kosrae:
      long:
        standard: कोसरे वेळ
    Krasnoyarsk:
      long:
        generic: क्रास्नोयार्स्क वेळ
        standard: क्रास्नोयार्स्क प्रमाणित वेळ
        daylight: क्रास्नोयार्स्क ग्रीष्म वेळ
    Kyrgystan:
      long:
        standard: किर्गिज़स्तान वेळ
    Line_Islands:
      long:
        standard: लायन आयलँड वेळ
    Lord_Howe:
      long:
        generic: लॉर्ड होवे वेळ
        standard: लॉर्ड होवे प्रमाणित वेळ
        daylight: लॉर्ड होवे डेलायट वेळ
    Magadan:
      long:
        generic: मगादान वेळ
        standard: मगादान प्रमाणित वेळ
        daylight: मगादान ग्रीष्म वेळ
    Malaysia:
      long:
        standard: मलेशिया वेळ
    Maldives:
      long:
        standard: मालदीव वेळ
    Marquesas:
      long:
        standard: मार्किसस वेळ
    Marshall_Islands:
      long:
        standard: मार्शल आयलँड वेळ
    Mauritius:
      long:
        generic: मॉरिशस वेळ
        standard: मॉरिशस प्रमाणित वेळ
        daylight: मॉरिशस ग्रीष्म वेळ
    Mawson:
      long:
        standard: मॉसन वेळ
    Mexico_Pacific:
      long:
        generic: मेक्सिकन प्रशांत वेळ
        standard: मेक्सिकन प्रशांत प्रमाणीत वेळ
        daylight: मेक्सिकन प्रशांत डेलायट वेळ
    Mongolia:
      long:
        generic: उलानबतार वेळ
        standard: उलानबतार प्रमाणित वेळ
        daylight: उलानबतार ग्रीष्म वेळ
    Moscow:
      long:
        generic: मॉस्को वेळ
        standard: मॉस्को प्रमाणित वेळ
        daylight: मॉस्को ग्रीष्म वेळ
    Myanmar:
      long:
        standard: म्यानमार वेळ
    Nauru:
      long:
        standard: नरू वेळ
    Nepal:
      long:
        standard: नेपाळ वेळ
    New_Caledonia:
      long:
        generic: न्यु कॅलेडोनिया वेळ
        standard: न्यु कॅलेडोनिया प्रमाणित वेळ
        daylight: न्यु कॅलेडोनिया ग्रीष्म वेळ
    New_Zealand:
      long:
        generic: न्युझीलॅन्ड वेळ
        standard: न्युझीलॅन्ड प्रमाणित वेळ
        daylight: न्युझीलॅन्ड डेलायट वेळ
    Newfoundland:
      long:
        generic: न्युफावंडलँड वेळ
        standard: न्युफावंडलँड प्रमाणीत वेळ
        daylight: न्युफावंडलँड डेलायट वेळ
    Niue:
      long:
        standard: न्युए वेळ
    Norfolk:
      long:
        generic: नॉरफॉक आयलँड वेळ
        standard: नॉरफॉक आयलँड प्रमाणित वेळ
        daylight: नॉरफॉक आयलँड ग्रीष्म वेळ
    Noronha:
      long:
        generic: फर्नांडो दी नोरोन्हा वेळ
        standard: फर्नांडो दी नोरोन्हा प्रमाणित वेळ
        daylight: फर्नांडो दी नोरोन्हा ग्रीष्म वेळ
    Novosibirsk:
      long:
        generic: नोवोसिबिर्स्क
        standard: नोवोसिबिर्स्क प्रमाणित वेळ
        daylight: नोवोसिबिर्स्क ग्रीष्म वेळ
    Omsk:
      long:
        generic: ओम्स्क वेळ
        standard: ओम्स्क प्रमाणित वेळ
        daylight: ओम्स्क ग्रीष्म वेळ
    Pakistan:
      long:
        generic: पाकिस्तान
        standard: पाकिस्तान प्रमाणित वेळ
        daylight: पाकिस्तान ग्रीष्म वेळ
    Palau:
      long:
        standard: पलाऊ वेळ
    Papua_New_Guinea:
      long:
        standard: पापुआ न्यु गिनी वेळ
    Paraguay:
      long:
        generic: परागुआ वेळ
        standard: परागुआ प्रमाणित वेळ
        daylight: परागुआ ग्रीष्म वेळ
    Peru:
      long:
        generic: पेरू वेळ
        standard: पेरू प्रमाणित वेळ
        daylight: पेरू ग्रीष्म वेळ
    Philippines:
      long:
        generic: फिलिपायन वेळ
        standard: फिलिपायन प्रमाणित वेळ
        daylight: फिलिपायन ग्रीष्म वेळ
    Phoenix_Islands:
      long:
        standard: फिनिक्स आयलँड वेळ
    Pierre_Miquelon:
      long:
        generic: सेंट पियर आनी मिकलान वेळ
        standard: सेंट पियर आनी मिकलान प्रमाणीत वेळ
        daylight: सेंट पियर आनी मिकलान डेलायट वेळ
    Pitcairn:
      long:
        standard: पिटकॅरन वेळ
    Ponape:
      long:
        standard: पोनेप वेळ
    Pyongyang:
      long:
        standard: प्योंगयांग वेळ
    Reunion:
      long:
        standard: रियुनियन वेळ
    Rothera:
      long:
        standard: रोथेरा वेळ
    Sakhalin:
      long:
        generic: सखलिन वेळ
        standard: सखलिन प्रमाणित वेळ
        daylight: सखलिन ग्रीष्म वेळ
    Samoa:
      long:
        generic: सामोआ वेळ
        standard: सामोआ प्रमाणित वेळ
        daylight: सामोआ डेलायट वेळ
    Seychelles:
      long:
        standard: सेशेल्स वेळ
    Singapore:
      long:
        standard: सिंगापूर प्रमाणित वेळ
    Solomon:
      long:
        standard: सोलोमन आइलँड्स वेळ
    South_Georgia:
      long:
        standard: दक्षिण जॉर्जिया वेळ
    Suriname:
      long:
        standard: सुरिनाम वेळ
    Syowa:
      long:
        standard: स्योवा वेळ
    Tahiti:
      long:
        standard: ताहिती वेळ
    Taipei:
      long:
        generic: तैपेई वेळ
        standard: तैपेई प्रमाणित वेळ
        daylight: तैपेई डेलायट वेळ
    Tajikistan:
      long:
        standard: तजीकिस्तान वेळ
    Tokelau:
      long:
        standard: टोकलाऊ वेळ
    Tonga:
      long:
        generic: टोंगा वेळ
        standard: टोंगा प्रमाणित वेळ
        daylight: टोंगा ग्रीष्म वेळ
    Truk:
      long:
        standard: चुक वेळ
    Turkmenistan:
      long:
        generic: तुर्कमेनिस्तान
        standard: तुर्कमेनिस्तान प्रमाणित वेळ
        daylight: तुर्कमेनिस्तान ग्रीष्म वेळ
    Tuvalu:
      long:
        standard: टुवालू वेळ
    Uruguay:
      long:
        generic: उरुग्वे वेळ
        standard: उरुग्वे प्रमाणित वेळ
        daylight: उरुग्वे ग्रीष्म वेळ
    Uzbekistan:
      long:
        generic: उज़्बेकिस्तान वेळ
        standard: उज़्बेकिस्तान प्रमाणित वेळ
        daylight: उज़्बेकिस्तान ग्रीष्म वेळ
    Vanuatu:
      long:
        generic: वनातू वेळ
        standard: वनातू प्रमाणित वेळ
        daylight: वनातू ग्रीष्म वेळ
    Venezuela:
      long:
        standard: वेनेझुएला वेळ
    Vladivostok:
      long:
        generic: व्लादिवोस्तोक वेळ
        standard: व्लादिवोस्तोक प्रमाणित वेळ
        daylight: व्लादिवोस्तोक ग्रीष्म वेळ
    Volgograd:
      long:
        generic: व्होल्गोग्राड वेळ
        standard: व्होल्गोग्राड प्रमाणित वेळ
        daylight: व्होल्गोग्राड ग्रीष्म वेळ
    Vostok:
      long:
        standard: वोस्तोक वेळ
    Wake:
      long:
        standard: वैक आयलँड वेळ
    Wallis:
      long:
        standard: वालिस आनी फ्यूचूना वेळ
    Yakutsk:
      long:
        generic: यकुत्स्क वेळ
        standard: यकुत्स्क प्रमाणित वेळ
        daylight: यकुत्स्क ग्रीष्म वेळ
    Yekaterinburg:
      long:
        generic: येकातेरिनबर्ग वेळ
        standard: येकातेरिनबर्ग प्रमाणित वेळ
        daylight: येकातेरिनबर्ग ग्रीष्म वेळ
    Yukon:
      long:
        standard: युकॉन वेळ
