---
locale: ab
generated_at: '2025-09-19T10:42:40Z'
cldr_version: '46'
timezone_names:
  formats:
    region_format: "{0} Аамҭа"
    region_format_daylight: "{0} Аԥхынтәи Аамҭа"
    region_format_standard: "{0} Астандартә Аамҭа"
  zones:
    Etc/Unknown:
      exemplar_city: Еилкаам ақалақь
    Europe/Andorra:
      exemplar_city: Андорра
    Asia/Dubai:
      exemplar_city: Дубаи
    Asia/Kabul:
      exemplar_city: Кабул
    America/Antigua:
      exemplar_city: Антигуа
    America/Anguilla:
      exemplar_city: Ангилиа
    Europe/Tirane:
      exemplar_city: Тирана
    Asia/Yerevan:
      exemplar_city: Ереван
    Africa/Luanda:
      exemplar_city: Луанда
    Antarctica/Rothera:
      exemplar_city: Ротера
    Antarctica/Palmer:
      exemplar_city: Палмер
    Antarctica/Troll:
      exemplar_city: Тролл
    Antarctica/Syowa:
      exemplar_city: Сиова
    Antarctica/Mawson:
      exemplar_city: Моусон
    Antarctica/Davis:
      exemplar_city: Деивис
    Antarctica/Vostok:
      exemplar_city: Амрагылара
    Antarctica/Casey:
      exemplar_city: Кеиси
    Antarctica/DumontDUrville:
      exemplar_city: Диумон-д’Иурвил
    Antarctica/McMurdo:
      exemplar_city: Мак-Мердо
    America/Argentina/Rio_Gallegos:
      exemplar_city: Рио-Галегос
    America/Mendoza:
      exemplar_city: Мендоса
    America/Argentina/San_Juan:
      exemplar_city: Сан-Хуан
    America/Argentina/Ushuaia:
      exemplar_city: Ушуаиа
    America/Argentina/La_Rioja:
      exemplar_city: Ла-Риоха
    America/Argentina/San_Luis:
      exemplar_city: Сан-Луис
    America/Catamarca:
      exemplar_city: Катамарка
    America/Argentina/Salta:
      exemplar_city: Салта
    America/Jujuy:
      exemplar_city: Жужуи
    America/Argentina/Tucuman:
      exemplar_city: Тукуман
    America/Cordoba:
      exemplar_city: Кордова
    America/Buenos_Aires:
      exemplar_city: Буенос-Аирес
    Pacific/Pago_Pago:
      exemplar_city: Паго-Паго
    Europe/Vienna:
      exemplar_city: Вена
    Australia/Perth:
      exemplar_city: Перт
    Australia/Eucla:
      exemplar_city: Иукла
    Australia/Darwin:
      exemplar_city: Дарвин
    Australia/Adelaide:
      exemplar_city: Аделаида
    Australia/Broken_Hill:
      exemplar_city: Брокен-Хилл
    Australia/Melbourne:
      exemplar_city: Мелбурн
    Australia/Hobart:
      exemplar_city: Хобарт
    Australia/Lindeman:
      exemplar_city: Линдеман
    Australia/Sydney:
      exemplar_city: Сиднеи
    Australia/Brisbane:
      exemplar_city: Брисбен
    Antarctica/Macquarie:
      exemplar_city: Маккуори
    Australia/Lord_Howe:
      exemplar_city: Лорд-Хау
    America/Aruba:
      exemplar_city: Аруба
    Europe/Mariehamn:
      exemplar_city: Мариехамн
    Asia/Baku:
      exemplar_city: Баку
    Europe/Sarajevo:
      exemplar_city: Сараево
    America/Barbados:
      exemplar_city: Барбадос
    Asia/Dhaka:
      exemplar_city: Дакка
    Europe/Brussels:
      exemplar_city: Бриуссел
    Africa/Ouagadougou:
      exemplar_city: Уагадугу
    Europe/Sofia:
      exemplar_city: Софиа
    Asia/Bahrain:
      exemplar_city: Бахреин
    Africa/Bujumbura:
      exemplar_city: Бужумбура
    Africa/Porto-Novo:
      exemplar_city: Порто-Ново
    America/St_Barthelemy:
      exemplar_city: Сен-Бартелеми
    Atlantic/Bermuda:
      exemplar_city: Бермудтәи ад-хақәа
    Asia/Brunei:
      exemplar_city: Брунеи
    America/La_Paz:
      exemplar_city: Ла-Пас
    America/Kralendijk:
      exemplar_city: Кралендеик
    America/Eirunepe:
      exemplar_city: Еирунепе
    America/Rio_Branco:
      exemplar_city: Риу-Бранку
    America/Porto_Velho:
      exemplar_city: Порту-Велиу
    America/Boa_Vista:
      exemplar_city: Боа-Виста
    America/Manaus:
      exemplar_city: Манаус
    America/Cuiaba:
      exemplar_city: Куиаба
    America/Santarem:
      exemplar_city: Сантарен
    America/Campo_Grande:
      exemplar_city: Кампу-Гранди
    America/Belem:
      exemplar_city: Белен
    America/Araguaina:
      exemplar_city: Арагуаина
    America/Sao_Paulo:
      exemplar_city: Сан-Паулу
    America/Bahia:
      exemplar_city: Баиа
    America/Fortaleza:
      exemplar_city: Форталеза
    America/Maceio:
      exemplar_city: Масеио
    America/Recife:
      exemplar_city: Ресифи
    America/Noronha:
      exemplar_city: Норониа
    America/Nassau:
      exemplar_city: Нассау
    Asia/Thimphu:
      exemplar_city: Тхимпху
    Africa/Gaborone:
      exemplar_city: Габороне
    Europe/Minsk:
      exemplar_city: Минск
    America/Belize:
      exemplar_city: Белиз
    America/Dawson:
      exemplar_city: Доусон
    America/Whitehorse:
      exemplar_city: Уаитхорс
    America/Inuvik:
      exemplar_city: Инувик
    America/Vancouver:
      exemplar_city: Ванкувер
    America/Fort_Nelson:
      exemplar_city: Форт Нелсон
    America/Dawson_Creek:
      exemplar_city: Доусон-Крик
    America/Creston:
      exemplar_city: Крестон
    America/Edmonton:
      exemplar_city: Едмонтон
    America/Swift_Current:
      exemplar_city: Свифт-Керрент
    America/Cambridge_Bay:
      exemplar_city: Кеимбриџ-Беи
    America/Regina:
      exemplar_city: Реџаина
    America/Winnipeg:
      exemplar_city: Виннипег
    America/Resolute:
      exemplar_city: Резолиут
    America/Rankin_Inlet:
      exemplar_city: Ранкин-Инлет
    America/Coral_Harbour:
      exemplar_city: Корал-Харбор
    America/Toronto:
      exemplar_city: Торонто
    America/Iqaluit:
      exemplar_city: Икалуит
    America/Moncton:
      exemplar_city: Монктон
    America/Halifax:
      exemplar_city: Ҳалифакс
    America/Goose_Bay:
      exemplar_city: Гус-Беи
    America/Glace_Bay:
      exemplar_city: Глеис-Беи
    America/Blanc-Sablon:
      exemplar_city: Бланк-Саблон
    America/St_Johns:
      exemplar_city: Сент-Џонс
    Indian/Cocos:
      exemplar_city: Кокостәи ад-хақәа
    Africa/Kinshasa:
      exemplar_city: Киншаса
    Africa/Lubumbashi:
      exemplar_city: Лубумбаши
    Africa/Bangui:
      exemplar_city: Банги
    Africa/Brazzaville:
      exemplar_city: Браззавил
    Europe/Zurich:
      exemplar_city: Циурих
    Africa/Abidjan:
      exemplar_city: Абиџан
    Pacific/Rarotonga:
      exemplar_city: Раротонга
    Pacific/Easter:
      exemplar_city: ад-ха Пасхи
    America/Punta_Arenas:
      exemplar_city: Пунта-Аренас
    America/Santiago:
      exemplar_city: Сантиаго
    Africa/Douala:
      exemplar_city: Дуала
    Asia/Urumqi:
      exemplar_city: Урумчи
    Asia/Shanghai:
      exemplar_city: Шанхаи
    America/Bogota:
      exemplar_city: Богота
    America/Costa_Rica:
      exemplar_city: Коста-Рика
    America/Havana:
      exemplar_city: Гавана
    Atlantic/Cape_Verde:
      exemplar_city: Кабо-Верде
    America/Curacao:
      exemplar_city: Киурасао
    Indian/Christmas:
      exemplar_city: ад-ха Қьырса
    Asia/Nicosia:
      exemplar_city: Никосиа
    Asia/Famagusta:
      exemplar_city: Фамагуста
    Europe/Prague:
      exemplar_city: Прага
    Europe/Busingen:
      exemplar_city: Биузинген-Хыхьтәи-Реине
    Europe/Berlin:
      exemplar_city: Берлин
    Africa/Djibouti:
      exemplar_city: Џибути
    Europe/Copenhagen:
      exemplar_city: Копенҳаген
    America/Dominica:
      exemplar_city: Доминика
    America/Santo_Domingo:
      exemplar_city: Санто-Доминго
    Africa/Algiers:
      exemplar_city: Алжир
    Pacific/Galapagos:
      exemplar_city: Галапагостәи ад-хақәа
    America/Guayaquil:
      exemplar_city: Гуаиакил
    Europe/Tallinn:
      exemplar_city: Таллин
    Africa/Cairo:
      exemplar_city: Каир
    Africa/El_Aaiun:
      exemplar_city: Ел-Аиун
    Africa/Asmera:
      exemplar_city: Асмера
    Atlantic/Canary:
      exemplar_city: Канартәи ад-хақәа
    Africa/Ceuta:
      exemplar_city: Сеута
    Europe/Madrid:
      exemplar_city: Мадрид
    Africa/Addis_Ababa:
      exemplar_city: Аддис-Абеба
    Europe/Helsinki:
      exemplar_city: Хелсинки
    Pacific/Fiji:
      exemplar_city: Фиџи
    Atlantic/Stanley:
      exemplar_city: Стенли
    Pacific/Truk:
      exemplar_city: Трук
    Pacific/Ponape:
      exemplar_city: Понпеи
    Pacific/Kosrae:
      exemplar_city: Косрае
    Atlantic/Faeroe:
      exemplar_city: Фарертәи ад-хақәа
    Europe/Paris:
      exemplar_city: Париж
    Africa/Libreville:
      exemplar_city: Либревил
    Europe/London:
      exemplar_city: Лондон
    America/Grenada:
      exemplar_city: Гренада
    Asia/Tbilisi:
      exemplar_city: Қарҭ
    America/Cayenne:
      exemplar_city: Каиенна
    Europe/Guernsey:
      exemplar_city: Гернси
    Africa/Accra:
      exemplar_city: Аккра
    Europe/Gibraltar:
      exemplar_city: Гибралтар
    America/Thule:
      exemplar_city: Туле
    America/Godthab:
      exemplar_city: Нуук
    America/Scoresbysund:
      exemplar_city: Скорсбисунн
    America/Danmarkshavn:
      exemplar_city: Денмарксхавн
    Africa/Banjul:
      exemplar_city: Банжул
    Africa/Conakry:
      exemplar_city: Конакри
    America/Guadeloupe:
      exemplar_city: Гваделупа
    Africa/Malabo:
      exemplar_city: Малабо
    Europe/Athens:
      exemplar_city: Афин
    Atlantic/South_Georgia:
      exemplar_city: Аладатәи Георгиа
    America/Guatemala:
      exemplar_city: Гватемала
    Pacific/Guam:
      exemplar_city: Гуам
    Africa/Bissau:
      exemplar_city: Бисау
    America/Guyana:
      exemplar_city: Гаиана
    Asia/Hong_Kong:
      exemplar_city: Ҳонконг
    America/Tegucigalpa:
      exemplar_city: Тегусигалпа
    Europe/Zagreb:
      exemplar_city: Загреб
    America/Port-au-Prince:
      exemplar_city: Порт-о-Пренс
    Europe/Budapest:
      exemplar_city: Будапешт
    Asia/Jakarta:
      exemplar_city: Џакарта
    Asia/Pontianak:
      exemplar_city: Понтианак
    Asia/Makassar:
      exemplar_city: Макасар
    Asia/Jayapura:
      exemplar_city: Џаиапура
    Europe/Dublin:
      exemplar_city: Дублин
    Asia/Jerusalem:
      exemplar_city: Иерусалим
    Europe/Isle_of_Man:
      exemplar_city: ад-ха Мен
    Asia/Calcutta:
      exemplar_city: Калкутта
    Indian/Chagos:
      exemplar_city: Чагос
    Asia/Baghdad:
      exemplar_city: Багдад
    Asia/Tehran:
      exemplar_city: Тегеран
    Atlantic/Reykjavik:
      exemplar_city: Реикиавик
    Europe/Rome:
      exemplar_city: Рим
    Europe/Jersey:
      exemplar_city: Џерси
    America/Jamaica:
      exemplar_city: Иамаика
    Asia/Amman:
      exemplar_city: Амман
    Asia/Tokyo:
      exemplar_city: Токио
    Africa/Nairobi:
      exemplar_city: Наироби
    Asia/Bishkek:
      exemplar_city: Бишкек
    Asia/Phnom_Penh:
      exemplar_city: Пномпен
    Pacific/Kanton:
      exemplar_city: Кантон
    Pacific/Kiritimati:
      exemplar_city: Киритимати
    Pacific/Tarawa:
      exemplar_city: Тарава
    Indian/Comoro:
      exemplar_city: Комор
    America/St_Kitts:
      exemplar_city: Сент-Китс
    Asia/Pyongyang:
      exemplar_city: Пхениан
    Asia/Seoul:
      exemplar_city: Сеул
    Asia/Kuwait:
      exemplar_city: Кувеит
    America/Cayman:
      exemplar_city: Адгьылбжьахақәа Каиман
    Asia/Aqtau:
      exemplar_city: Актау
    Asia/Oral:
      exemplar_city: Уралск
    Asia/Atyrau:
      exemplar_city: Атырау
    Asia/Aqtobe:
      exemplar_city: Актобе
    Asia/Qostanay:
      exemplar_city: Костанаи
    Asia/Qyzylorda:
      exemplar_city: Кызылорда
    Asia/Almaty:
      exemplar_city: Алматы
    Asia/Vientiane:
      exemplar_city: Вентиан
    Asia/Beirut:
      exemplar_city: Беирут
    America/St_Lucia:
      exemplar_city: Сент-Лиусиа
    Europe/Vaduz:
      exemplar_city: Вадуц
    Asia/Colombo:
      exemplar_city: Коломбо
    Africa/Monrovia:
      exemplar_city: Монровиа
    Africa/Maseru:
      exemplar_city: Масеру
    Europe/Vilnius:
      exemplar_city: Вилниус
    Europe/Luxembourg:
      exemplar_city: Лиуксембург
    Europe/Riga:
      exemplar_city: Рига
    Africa/Tripoli:
      exemplar_city: Триполи
    Africa/Casablanca:
      exemplar_city: Касабланка
    Europe/Monaco:
      exemplar_city: Монако
    Europe/Chisinau:
      exemplar_city: Кишинев
    Europe/Podgorica:
      exemplar_city: Подгорица
    America/Marigot:
      exemplar_city: Мариго
    Indian/Antananarivo:
      exemplar_city: Антананариву
    Pacific/Kwajalein:
      exemplar_city: Кваџалеин
    Pacific/Majuro:
      exemplar_city: Маџуро
    Europe/Skopje:
      exemplar_city: Скопе
    Africa/Bamako:
      exemplar_city: Бамако
    Asia/Rangoon:
      exemplar_city: Иангон
    Asia/Hovd:
      exemplar_city: Ховд
    Asia/Ulaanbaatar:
      exemplar_city: Улан-Батор
    Asia/Macau:
      exemplar_city: Макао
    Pacific/Saipan:
      exemplar_city: Саипан
    America/Martinique:
      exemplar_city: Мартиника
    Africa/Nouakchott:
      exemplar_city: Нуакшот
    America/Montserrat:
      exemplar_city: Монтсеррат
    Europe/Malta:
      exemplar_city: Малта
    Indian/Mauritius:
      exemplar_city: Маврики
    Indian/Maldives:
      exemplar_city: Малдив
    Africa/Blantyre:
      exemplar_city: Блантаир
    America/Tijuana:
      exemplar_city: Тихуана
    America/Hermosillo:
      exemplar_city: Ермосило
    America/Mazatlan:
      exemplar_city: Масатлан
    America/Chihuahua:
      exemplar_city: Чиуауа
    America/Bahia_Banderas:
      exemplar_city: Баиа-де-Бандерас
    America/Ojinaga:
      exemplar_city: Охинага
    America/Monterrey:
      exemplar_city: Монтерреи
    America/Mexico_City:
      exemplar_city: Мехико
    America/Matamoros:
      exemplar_city: Матаморос
    America/Merida:
      exemplar_city: Мерида
    America/Cancun:
      exemplar_city: Канкун
    Asia/Kuala_Lumpur:
      exemplar_city: Куала-Лумпур
    Asia/Kuching:
      exemplar_city: Кучинг
    Africa/Maputo:
      exemplar_city: Мапуту
    Africa/Windhoek:
      exemplar_city: Виндхук
    Pacific/Noumea:
      exemplar_city: Нумеа
    Africa/Niamey:
      exemplar_city: Ниамеи
    Pacific/Norfolk:
      exemplar_city: Норфолк
    Africa/Lagos:
      exemplar_city: Лагос
    America/Managua:
      exemplar_city: Манагуа
    Europe/Amsterdam:
      exemplar_city: Амстердам
    Europe/Oslo:
      exemplar_city: Осло
    Asia/Katmandu:
      exemplar_city: Катманду
    Pacific/Nauru:
      exemplar_city: Науру
    Pacific/Niue:
      exemplar_city: Ниуе
    Pacific/Chatham:
      exemplar_city: Чатем
    Pacific/Auckland:
      exemplar_city: Окленд
    Asia/Muscat:
      exemplar_city: Маскат
    America/Panama:
      exemplar_city: Панама
    America/Lima:
      exemplar_city: Лима
    Pacific/Tahiti:
      exemplar_city: Таити
    Pacific/Marquesas:
      exemplar_city: Маркизтәи ад-хақәа
    Pacific/Gambier:
      exemplar_city: ад-хақәа Гамбе
    Pacific/Port_Moresby:
      exemplar_city: Порт-Морсби
    Pacific/Bougainville:
      exemplar_city: Бугенвил
    Asia/Manila:
      exemplar_city: Манила
    Asia/Karachi:
      exemplar_city: Карачи
    Europe/Warsaw:
      exemplar_city: Варшава
    America/Miquelon:
      exemplar_city: Микелон
    Pacific/Pitcairn:
      exemplar_city: Питкерн
    America/Puerto_Rico:
      exemplar_city: Пуерто-Рико
    Asia/Gaza:
      exemplar_city: Газа
    Asia/Hebron:
      exemplar_city: Хеврон
    Atlantic/Azores:
      exemplar_city: Азортәи ад-хақәа
    Atlantic/Madeira:
      exemplar_city: Мадеира
    Europe/Lisbon:
      exemplar_city: Лиссабон
    Pacific/Palau:
      exemplar_city: Палау
    America/Asuncion:
      exemplar_city: Асунсон
    Asia/Qatar:
      exemplar_city: Катар
    Indian/Reunion:
      exemplar_city: Реиунон
    Europe/Bucharest:
      exemplar_city: Бухарест
    Europe/Belgrade:
      exemplar_city: Белград
    Europe/Kaliningrad:
      exemplar_city: Калининград
    Europe/Moscow:
      exemplar_city: Москва
    Europe/Volgograd:
      exemplar_city: Волгоград
    Europe/Saratov:
      exemplar_city: Саратов
    Europe/Astrakhan:
      exemplar_city: Астрахан
    Europe/Ulyanovsk:
      exemplar_city: Улиановск
    Europe/Kirov:
      exemplar_city: Киров
    Europe/Samara:
      exemplar_city: Самара
    Asia/Yekaterinburg:
      exemplar_city: Екатеринбург
    Asia/Omsk:
      exemplar_city: Омск
    Asia/Novosibirsk:
      exemplar_city: Новосибирск
    Asia/Barnaul:
      exemplar_city: Барнаул
    Asia/Tomsk:
      exemplar_city: Томск
    Asia/Novokuznetsk:
      exemplar_city: Новокузнецк
    Asia/Krasnoyarsk:
      exemplar_city: Красноиарск
    Asia/Irkutsk:
      exemplar_city: Иркутск
    Asia/Chita:
      exemplar_city: Чита
    Asia/Yakutsk:
      exemplar_city: Иакутск
    Asia/Vladivostok:
      exemplar_city: Владивосток
    Asia/Khandyga:
      exemplar_city: Хандыга
    Asia/Sakhalin:
      exemplar_city: ад-ха Сахалин
    Asia/Ust-Nera:
      exemplar_city: Уст-Нера
    Asia/Magadan:
      exemplar_city: Магадан
    Asia/Srednekolymsk:
      exemplar_city: Среднеколымск
    Asia/Kamchatka:
      exemplar_city: Петропавловск-Камчаткатәи
    Asia/Anadyr:
      exemplar_city: Анадыр
    Africa/Kigali:
      exemplar_city: Кигали
    Asia/Riyadh:
      exemplar_city: Ер-Риад
    Pacific/Guadalcanal:
      exemplar_city: Гуадалканал
    Indian/Mahe:
      exemplar_city: Мае
    Africa/Khartoum:
      exemplar_city: Хартум
    Europe/Stockholm:
      exemplar_city: Стокҳолм
    Asia/Singapore:
      exemplar_city: Сингапур
    Atlantic/St_Helena:
      exemplar_city: Иԥшьоу Елена ладгьылбжьаха
    Europe/Ljubljana:
      exemplar_city: Лиублиана
    Arctic/Longyearbyen:
      exemplar_city: Лонгир
    Europe/Bratislava:
      exemplar_city: Братислава
    Africa/Freetown:
      exemplar_city: Фритаун
    Europe/San_Marino:
      exemplar_city: Сан-Марино
    Africa/Dakar:
      exemplar_city: Дакар
    Africa/Mogadishu:
      exemplar_city: Могадишо
    America/Paramaribo:
      exemplar_city: Парамарибо
    Africa/Juba:
      exemplar_city: Џуба
    Africa/Sao_Tome:
      exemplar_city: Сан-Томе
    America/El_Salvador:
      exemplar_city: Салвадор
    America/Lower_Princes:
      exemplar_city: Лоуер-Принс-Куотер
    Asia/Damascus:
      exemplar_city: Дамаск
    Africa/Mbabane:
      exemplar_city: Мбабане
    America/Grand_Turk:
      exemplar_city: Гранд-Терк
    Africa/Ndjamena:
      exemplar_city: Нџамена
    Indian/Kerguelen:
      exemplar_city: Кергелен
    Africa/Lome:
      exemplar_city: Ломе
    Asia/Bangkok:
      exemplar_city: Бангкок
    Asia/Dushanbe:
      exemplar_city: Душанбе
    Pacific/Fakaofo:
      exemplar_city: Факаофо
    Asia/Dili:
      exemplar_city: Дили
    Asia/Ashgabat:
      exemplar_city: Ашхабад
    Africa/Tunis:
      exemplar_city: Тунис
    Pacific/Tongatapu:
      exemplar_city: Тонгатапу
    Europe/Istanbul:
      exemplar_city: Стамбул
    America/Port_of_Spain:
      exemplar_city: Порт-оф-Спеин
    Pacific/Funafuti:
      exemplar_city: Фунафути
    Asia/Taipei:
      exemplar_city: Таибеи
    Africa/Dar_es_Salaam:
      exemplar_city: Дар-ес-Салам
    Europe/Kiev:
      exemplar_city: Киев
    Europe/Simferopol:
      exemplar_city: Симферопол
    Africa/Kampala:
      exemplar_city: Кампала
    Pacific/Midway:
      exemplar_city: ад-хақәа Мидуеи
    Pacific/Wake:
      exemplar_city: Уеик
    America/Adak:
      exemplar_city: Адак
    America/Nome:
      exemplar_city: Ном
    America/Anchorage:
      exemplar_city: Анкориџ
    America/Yakutat:
      exemplar_city: Иакутат
    America/Sitka:
      exemplar_city: Ситка
    America/Juneau:
      exemplar_city: Џуно
    America/Metlakatla:
      exemplar_city: Метлакатла
    America/Los_Angeles:
      exemplar_city: Лос-Анџелес
    America/Boise:
      exemplar_city: Боисе
    America/Phoenix:
      exemplar_city: Финикс
    America/Denver:
      exemplar_city: Денвер
    America/North_Dakota/Beulah:
      exemplar_city: Боила, Аҩадатәи Дакота
    America/North_Dakota/New_Salem:
      exemplar_city: Ниу-Сеилем, Аҩадатәи Дакота
    America/North_Dakota/Center:
      exemplar_city: Агәҭа, Аҩадатәи Дакота
    America/Chicago:
      exemplar_city: Чикаго
    America/Menominee:
      exemplar_city: Меномини
    America/Indiana/Vincennes:
      exemplar_city: Винсеннес
    America/Indiana/Petersburg:
      exemplar_city: Питерсберг, Индиана
    America/Indiana/Tell_City:
      exemplar_city: Телл-Сити
    America/Indiana/Knox:
      exemplar_city: Нокс, Индиана
    America/Indiana/Winamac:
      exemplar_city: Уинамак
    America/Indiana/Marengo:
      exemplar_city: Маренго, Индиана
    America/Indianapolis:
      exemplar_city: Индианаполис
    America/Louisville:
      exemplar_city: Луисвилл
    America/Indiana/Vevay:
      exemplar_city: Вевеи, Индиана
    America/Kentucky/Monticello:
      exemplar_city: Монтиселло, Кентукки
    America/Detroit:
      exemplar_city: Детроит
    America/New_York:
      exemplar_city: Ниу-Иорк
    America/Montevideo:
      exemplar_city: Монтевидео
    Asia/Samarkand:
      exemplar_city: Самарканд
    Asia/Tashkent:
      exemplar_city: Ташкент
    Europe/Vatican:
      exemplar_city: Ватикан
    America/St_Vincent:
      exemplar_city: Сент-Винсент
    America/Caracas:
      exemplar_city: Каракас
    America/Tortola:
      exemplar_city: Тортола
    America/St_Thomas:
      exemplar_city: Сент-Томас
    Asia/Saigon:
      exemplar_city: Хошимин
    Pacific/Efate:
      exemplar_city: Ефате
    Pacific/Wallis:
      exemplar_city: Уоллис
    Pacific/Apia:
      exemplar_city: Апиа
    Asia/Aden:
      exemplar_city: Аден
    Indian/Mayotte:
      exemplar_city: Маиотта
    Africa/Johannesburg:
      exemplar_city: Иоҳаннесбург
    Africa/Lusaka:
      exemplar_city: Лусака
    Africa/Harare:
      exemplar_city: Ҳараре
