---
locale: szl
generated_at: '2025-09-15T06:26:51Z'
cldr_version: '46'
timezone_names:
  formats:
    region_format: 'czas: {0}'
    region_format_daylight: "{0} (latowy czas)"
    region_format_standard: "{0} (sztandardowy czas)"
  zones:
    Etc/UTC:
      long:
        standard: uniwersalny koordynowany czas
    Etc/Unknown:
      exemplar_city: Niyznōme miasto
    Europe/Andorra:
      exemplar_city: Andora
    Asia/Dubai:
      exemplar_city: Dubaj
    Europe/Tirane:
      exemplar_city: Tirana
    Asia/Yerevan:
      exemplar_city: Erywań
    Antarctica/Vostok:
      exemplar_city: Wostok
    America/Mendoza:
      exemplar_city: Myndoza
    Europe/Vienna:
      exemplar_city: Wiedyń
    Europe/Mariehamn:
      exemplar_city: Maarianhamina
    Europe/Sarajevo:
      exemplar_city: Sarajewo
    Europe/Brussels:
      exemplar_city: Bruksela
    Africa/Ouagadougou:
      exemplar_city: Wagadugu
    Asia/Bahrain:
      exemplar_city: Bahrajn
    Africa/Bujumbura:
      exemplar_city: Bużumbura
    Africa/Porto-Novo:
      exemplar_city: Porto Novo
    America/St_Barthelemy:
      exemplar_city: Saint-Barthélymy
    Atlantic/Bermuda:
      exemplar_city: Bermudy
    America/Cuiaba:
      exemplar_city: Cuiabá
    America/Belem:
      exemplar_city: Belém
    America/Bahia:
      exemplar_city: Salvador
    America/Maceio:
      exemplar_city: Maceiō
    Europe/Minsk:
      exemplar_city: Mińsk
    Indian/Cocos:
      exemplar_city: Wyspy Kokosowe
    Africa/Kinshasa:
      exemplar_city: Kinszasa
    Africa/Bangui:
      exemplar_city: Bangi
    Europe/Zurich:
      exemplar_city: Zurych
    Africa/Abidjan:
      exemplar_city: Abidżan
    Pacific/Easter:
      exemplar_city: Wyspa Wielkanocno
    Africa/Douala:
      exemplar_city: Duala
    Asia/Urumqi:
      exemplar_city: Urumczi
    Asia/Shanghai:
      exemplar_city: Szanghaj
    America/Costa_Rica:
      exemplar_city: Kostaryka
    America/Havana:
      exemplar_city: Hawana
    Atlantic/Cape_Verde:
      exemplar_city: Republika Zielōnego Przilōndka
    Indian/Christmas:
      exemplar_city: Godnio Wyspa
    Asia/Nicosia:
      exemplar_city: Nikozja
    Europe/Prague:
      exemplar_city: Praga
    Europe/Busingen:
      exemplar_city: Büsingen am Hochrhein
    Africa/Djibouti:
      exemplar_city: Dżibuti
    Europe/Copenhagen:
      exemplar_city: Kopynhaga
    America/Dominica:
      exemplar_city: Dōminika
    Africa/Algiers:
      exemplar_city: Alger
    Europe/Tallinn:
      exemplar_city: Tallin
    Africa/Cairo:
      exemplar_city: Kair
    Africa/El_Aaiun:
      exemplar_city: Al-Ujun
    Atlantic/Canary:
      exemplar_city: Wyspy Kanaryjske
    Europe/Madrid:
      exemplar_city: Madryt
    Africa/Addis_Ababa:
      exemplar_city: Addis Abeba
    Pacific/Fiji:
      exemplar_city: Fidżi
    Atlantic/Faeroe:
      exemplar_city: Wyspy Ôwcze
    Europe/Paris:
      exemplar_city: Paryż
    Europe/London:
      exemplar_city: Lōndyn
      long:
        daylight: Brytyjski latowy czas
    America/Grenada:
      exemplar_city: Grynada
    America/Cayenne:
      exemplar_city: Kajynna
    Africa/Accra:
      exemplar_city: Akra
    America/Thule:
      exemplar_city: Qaanaaq
    Africa/Banjul:
      exemplar_city: Bandżul
    Africa/Conakry:
      exemplar_city: Kōnakry
    America/Guadeloupe:
      exemplar_city: Gwadelupa
    Europe/Athens:
      exemplar_city: Atyny
    Atlantic/South_Georgia:
      exemplar_city: Georgia Połedniowo
    America/Guatemala:
      exemplar_city: Gwatymala
    America/Guyana:
      exemplar_city: Gujana
    Asia/Hong_Kong:
      exemplar_city: Hōngkōng
    Europe/Zagreb:
      exemplar_city: Zagrzeb
    Europe/Budapest:
      exemplar_city: Budapeszt
    Asia/Jakarta:
      exemplar_city: Dżakarta
    Europe/Dublin:
      long:
        daylight: Irlandyjo (latowy czas)
    Asia/Jerusalem:
      exemplar_city: Jerozolima
    Europe/Isle_of_Man:
      exemplar_city: Wyspa Man
    Asia/Calcutta:
      exemplar_city: Kalkuta
    Indian/Chagos:
      exemplar_city: Czagos
    Asia/Baghdad:
      exemplar_city: Bagdad
    Asia/Tehran:
      exemplar_city: Teheran
    Europe/Rome:
      exemplar_city: Rzym
    America/Jamaica:
      exemplar_city: Jamajka
    Asia/Tokyo:
      exemplar_city: Tokio
    Asia/Bishkek:
      exemplar_city: Biszkek
    Pacific/Enderbury:
      exemplar_city: Enderbury
    Indian/Comoro:
      exemplar_city: Kōmory
    America/St_Kitts:
      exemplar_city: Saint Kitts
    Asia/Pyongyang:
      exemplar_city: Pjōngjang
    Asia/Seoul:
      exemplar_city: Seul
    Asia/Kuwait:
      exemplar_city: Kuwejt
    America/Cayman:
      exemplar_city: Kajmany
    Asia/Aqtau:
      exemplar_city: Aktau
    Asia/Oral:
      exemplar_city: Ôral
    Asia/Aqtobe:
      exemplar_city: Aktiubińsk
    Asia/Qostanay:
      exemplar_city: Kustanaj
    Asia/Qyzylorda:
      exemplar_city: Kyzyłorda
    Asia/Almaty:
      exemplar_city: Ałmaty
    Asia/Vientiane:
      exemplar_city: Wiyntian
    Asia/Beirut:
      exemplar_city: Bejrut
    America/St_Lucia:
      exemplar_city: Saint Lucia
    Asia/Colombo:
      exemplar_city: Kolōmbo
    Europe/Vilnius:
      exemplar_city: Wilno
    Europe/Luxembourg:
      exemplar_city: Luksymburg
    Europe/Riga:
      exemplar_city: Ryga
    Africa/Tripoli:
      exemplar_city: Trypolis
    Europe/Monaco:
      exemplar_city: Mōnako
    Europe/Chisinau:
      exemplar_city: Kiszyniōw
    Indian/Antananarivo:
      exemplar_city: Antananarywa
    Asia/Rangoon:
      exemplar_city: Rangun
    Asia/Hovd:
      exemplar_city: Kobdo
    Asia/Ulaanbaatar:
      exemplar_city: Ułan Bator
    Asia/Macau:
      exemplar_city: Makau
    America/Martinique:
      exemplar_city: Martynika
    Africa/Nouakchott:
      exemplar_city: Nawakszut
    America/Montserrat:
      exemplar_city: Mōntserrat
    Indian/Maldives:
      exemplar_city: Malediwy
    America/Bahia_Banderas:
      exemplar_city: Bahia Banderas
    America/Mexico_City:
      exemplar_city: Meksyk (miasto)
    America/Merida:
      exemplar_city: Merida
    Africa/Windhoek:
      exemplar_city: Windhuk
    Pacific/Noumea:
      exemplar_city: Numea
    Europe/Oslo:
      exemplar_city: Ôslo
    Asia/Katmandu:
      exemplar_city: Katmandu
    Asia/Muscat:
      exemplar_city: Maskat
    Pacific/Marquesas:
      exemplar_city: Markizy
    Pacific/Gambier:
      exemplar_city: Wyspy Gambiera
    Pacific/Bougainville:
      exemplar_city: Bougainville’owa Wyspa
    Asia/Karachi:
      exemplar_city: Karaczi
    Europe/Warsaw:
      exemplar_city: Warszawa
    America/Puerto_Rico:
      exemplar_city: Portoryko
    Asia/Hebron:
      exemplar_city: Hebrōn
    Atlantic/Azores:
      exemplar_city: Azory
    Atlantic/Madeira:
      exemplar_city: Madera
    Europe/Lisbon:
      exemplar_city: Lizbōna
    America/Asuncion:
      exemplar_city: Asuńcion
    Asia/Qatar:
      exemplar_city: Katar
    Europe/Bucharest:
      exemplar_city: Bukareszt
    Europe/Belgrade:
      exemplar_city: Belgrad
    Europe/Moscow:
      exemplar_city: Moskwa
    Europe/Volgograd:
      exemplar_city: Wołgograd
    Europe/Saratov:
      exemplar_city: Saratōw
    Europe/Astrakhan:
      exemplar_city: Astrachań
    Europe/Ulyanovsk:
      exemplar_city: Uljanowsk
    Europe/Kirov:
      exemplar_city: Kirow
    Asia/Yekaterinburg:
      exemplar_city: Jekaterynburg
    Asia/Omsk:
      exemplar_city: Ômsk
    Asia/Novosibirsk:
      exemplar_city: Nowosybirsk
    Asia/Barnaul:
      exemplar_city: Barnauł
    Asia/Tomsk:
      exemplar_city: Tōmsk
    Asia/Novokuznetsk:
      exemplar_city: Nowokuźnieck
    Asia/Krasnoyarsk:
      exemplar_city: Krasnojarsk
    Asia/Irkutsk:
      exemplar_city: Irkuck
    Asia/Chita:
      exemplar_city: Czyta
    Asia/Yakutsk:
      exemplar_city: Jakuck
    Asia/Vladivostok:
      exemplar_city: Władywostok
    Asia/Khandyga:
      exemplar_city: Chandyga
    Asia/Sakhalin:
      exemplar_city: Sachalin
    Asia/Ust-Nera:
      exemplar_city: Ust-Niera
    Asia/Srednekolymsk:
      exemplar_city: Sriedniekołymsk
    Asia/Kamchatka:
      exemplar_city: Kamczatka
    Asia/Riyadh:
      exemplar_city: Rijad
    Indian/Mahe:
      exemplar_city: Mahé
    Africa/Khartoum:
      exemplar_city: Chartum
    Europe/Stockholm:
      exemplar_city: Sztokholm
    Asia/Singapore:
      exemplar_city: Singapur
    Atlantic/St_Helena:
      exemplar_city: Świynto Helyna
    Europe/Ljubljana:
      exemplar_city: Lublana
    Arctic/Longyearbyen:
      exemplar_city: Longyearbyyn
    Europe/Bratislava:
      exemplar_city: Bratysława
    Africa/Mogadishu:
      exemplar_city: Mogadiszu
    Africa/Juba:
      exemplar_city: Dżuba
    America/El_Salvador:
      exemplar_city: Salwador
    Asia/Damascus:
      exemplar_city: Damaszek
    Africa/Ndjamena:
      exemplar_city: Ndżamena
    Indian/Kerguelen:
      exemplar_city: Kerguelenowe Wyspy
    Africa/Lome:
      exemplar_city: Lomé
    Asia/Dushanbe:
      exemplar_city: Duszanbe
    Asia/Ashgabat:
      exemplar_city: Aszchabad
    Europe/Istanbul:
      exemplar_city: Stambuł
    America/Port_of_Spain:
      exemplar_city: Port-of-Spain
    Asia/Taipei:
      exemplar_city: Tajpej
    Europe/Kiev:
      exemplar_city: Kijōw
    Europe/Simferopol:
      exemplar_city: Symferopol
    America/North_Dakota/Beulah:
      exemplar_city: Beulah, Pōłnocno Dakota
    America/North_Dakota/New_Salem:
      exemplar_city: New Salem, Pōłnocno Dakota
    America/North_Dakota/Center:
      exemplar_city: Center, Pōłnocno Dakota
    America/Menominee:
      exemplar_city: Mynominee
    America/Kentucky/Monticello:
      exemplar_city: Monticello
    America/New_York:
      exemplar_city: Nowy Jork
    Asia/Samarkand:
      exemplar_city: Samarkanda
    Asia/Tashkent:
      exemplar_city: Taszkynt
    Europe/Vatican:
      exemplar_city: Watykan
    America/St_Vincent:
      exemplar_city: Saint Vincent
    America/St_Thomas:
      exemplar_city: Saint Thomas
    Asia/Aden:
      exemplar_city: Adyn
    Indian/Mayotte:
      exemplar_city: Majotta
  metazones:
    Afghanistan:
      long:
        standard: Afganistan
    Africa_Central:
      long:
        standard: postrzodkowoafrykański czas
    Africa_Eastern:
      long:
        standard: wschodnioafrykański czas
    Africa_Southern:
      long:
        standard: połedniowoafrykański czas
    Africa_Western:
      long:
        generic: zachodnioafrykański czas
        standard: zachodnioafrykański sztandardowy czas
        daylight: zachodnioafrykański latowy czas
    Alaska:
      long:
        generic: czas alaskański
        standard: alaskański czas sztandardowy
        daylight: alaskański czas latowy
    Almaty:
      long:
        generic: czas ałmacki
        standard: czas ałmacki sztandardowy
        daylight: czas ałmacki latowy
    Amazon:
      long:
        generic: amazōński czas
        standard: amazōński sztandardowy czas
        daylight: amazōński latowy czas
    America_Central:
      long:
        generic: czas postrzodkowoamerykański
        standard: czas postrzodkowoamerykański sztandardowy
        daylight: czas postrzodkowoamerykański latowy
    America_Eastern:
      long:
        generic: czas wschodnioamerykański
        standard: czas wschodnioamerykański sztandardowy
        daylight: czas wschodnioamerykański latowy
    America_Mountain:
      long:
        generic: czas gōrski
        standard: czas gōrski sztandardowy
        daylight: czas gōrski latowy
    America_Pacific:
      long:
        generic: czas pacyficzny
        standard: czas pacyficzny sztandardowy
        daylight: czas pacyficzny latowy
    Anadyr:
      long:
        generic: czas Anadyr
        standard: sztandardowy czas Anadyr
        daylight: latowy czas Anadyr
    Aqtau:
      long:
        generic: czas auktaucki
        standard: czas auktaucki sztandardowy
        daylight: czas auktaucki latowy
    Aqtobe:
      long:
        generic: czas aktiubiński
        standard: czas aktiubiński sztandardowy
        daylight: czas aktiubiński latowy
    Arabian:
      long:
        generic: Pōłwysep Arabski
        standard: Pōłwysep Arabski (sztandardowy czas)
        daylight: Pōłwysep Arabski (latowy czas)
    Argentina:
      long:
        generic: Argyntyna
        standard: Argyntyna (sztandardowy czas)
        daylight: Argyntyna (latowy czas)
    Argentina_Western:
      long:
        generic: Argyntyna Zachodnio
        standard: Argyntyna Zachodnio (sztandardowy czas)
        daylight: Argyntyna Zachodnio (latowy czas)
    Armenia:
      long:
        generic: Armynijo
        standard: Armynijo (sztandardowy czas)
        daylight: Armynijo (latowy czas)
    Atlantic:
      long:
        generic: czas atlantycki
        standard: czas atlantycki sztandardowy
        daylight: czas atlantycki latowy
    Australia_Central:
      long:
        generic: postrzodkowoaustralijski czas
        standard: postrzodkowoaustralijski sztandardowy czas
        daylight: postrzodkowoaustralijski latowy czas
    Australia_CentralWestern:
      long:
        generic: postrzodkowo-zachodnioaustralijski czas
        standard: postrzodkowo-zachodnioaustralijski sztandardowy czas
        daylight: postrzodkowo-zachodnioaustralijski latowy czas
    Australia_Eastern:
      long:
        generic: wschodnioaustralijski czas
        standard: wschodnioaustralijski sztandardowy czas
        daylight: wschodnioaustralijski latowy czas
    Australia_Western:
      long:
        generic: zachodnioaustralijski czas
        standard: zachodnioaustralijski sztandardowy czas
        daylight: zachodnioaustralijski latowy czas
    Azerbaijan:
      long:
        generic: Azerbejdżan
        standard: Azerbejdżan (sztandardowy czas)
        daylight: Azerbejdżan (latowy czas)
    Azores:
      long:
        generic: Azory
        standard: Azory (sztandardowy czas)
        daylight: Azory (latowy czas)
    Bangladesh:
      long:
        generic: Bangladesz
        standard: Bangladesz (sztandardowy czas)
        daylight: Bangladesz (latowy czas)
    Bolivia:
      long:
        standard: Boliwijo
    Brasilia:
      long:
        generic: Brasília
        standard: Brasília (sztandardowy czas)
        daylight: Brasília (latowy czas)
    Cape_Verde:
      long:
        generic: Wyspy Zielōnego Przilōndka
        standard: Wyspy Zielōnego Przilōndka (sztandardowy czas)
        daylight: Wyspy Zielōnego Przilōndka (latowy czas)
    Chamorro:
      long:
        standard: Czamorro
    Chile:
      long:
        generic: czas Chile
        standard: Chile (sztandardowy czas)
        daylight: Chile (latowy czas)
    China:
      long:
        generic: Chiny
        standard: Chiny (sztandardowy czas)
        daylight: Chiny (latowy czas)
    Christmas:
      long:
        standard: Godnio Wyspa
    Cocos:
      long:
        standard: Wyspy Kokosowe
    Colombia:
      long:
        generic: Kolumbijo
        standard: Kolumbijo (sztandardowy czas)
        daylight: Kolumbijo (latowy czas)
    Cook:
      long:
        generic: Wyspy Cooka
        standard: Wyspy Cooka (sztandardowy czas)
        daylight: Wyspy Cooka (latowy czas)
    Cuba:
      long:
        generic: Kuba
        standard: Kuba (sztandardowy czas)
        daylight: Kuba (latowy czas)
    DumontDUrville:
      long:
        standard: Dumont-d’Urville
    East_Timor:
      long:
        standard: Timor Wschodni
    Easter:
      long:
        generic: Wyspa Wielkanocno
        standard: Wyspa Wielkanocno (sztandardowy czas)
        daylight: Wyspa Wielkanocno (latowy czas)
    Ecuador:
      long:
        standard: Ekwador
    Europe_Central:
      short:
        generic: CET
        standard: CET
        daylight: CEST
      long:
        generic: postrzodkowoeuropejski czas
        standard: postrzodkowoeuropejski sztandardowy czas
        daylight: postrzodkowoeuropejski latowy czas
    Europe_Eastern:
      short:
        generic: EET
        standard: EET
        daylight: EEST
      long:
        generic: wschodnioeuropejski czas
        standard: wschodnioeuropejski sztandardowy czas
        daylight: wschodnioeuropejski latowy czas
    Europe_Further_Eastern:
      long:
        standard: wschodnioeuropejski dalszy czas
    Europe_Western:
      short:
        generic: WET
        standard: WET
        daylight: WEST
      long:
        generic: zachodnioeuropejski czas
        standard: zachodnioeuropejski sztandardowy czas
        daylight: zachodnioeuropejski latowy czas
    Falkland:
      long:
        generic: Falklandy
        standard: Falklandy (sztandardowy czas)
        daylight: Falklandy (latowy czas)
    Fiji:
      long:
        generic: Fidżi
        standard: Fidżi (sztandardowy czas)
        daylight: Fidżi (latowy czas)
    French_Guiana:
      long:
        standard: Gujana Francusko
    French_Southern:
      long:
        standard: Francuske Terytoria Połedniowe i Antarktyczne
    Galapagos:
      long:
        standard: czas Galapagos
    Gambier:
      long:
        standard: Wyspy Gambiera
    Georgia:
      long:
        generic: Gruzyjo
        standard: Gruzyjo (sztandardowy czas)
        daylight: Gruzyjo (latowy czas)
    Gilbert_Islands:
      long:
        standard: Gilbertowe Wyspy
    GMT:
      long:
        standard: uniwersalnego czasu
    Greenland_Eastern:
      long:
        generic: Grynlandyjo Wschodnia
        standard: Grynlandyjo Wschodnia (sztandardowy czas)
        daylight: Grynlandyjo Wschodnia (latowy czas)
    Greenland_Western:
      long:
        generic: Grynlandyjo Zachodnio
        standard: Grynlandyjo Zachodnio (sztandardowy czas)
        daylight: Grynlandyjo Zachodnio (latowy czas)
    Gulf:
      long:
        standard: Zatoka Perska
    Guyana:
      long:
        standard: Gujana
    Hawaii_Aleutian:
      long:
        generic: Hawaje-Aleuty
        standard: Hawaje-Aleuty (sztandardowy czas)
        daylight: Hawaje-Aleuty (latowy czas)
    Hong_Kong:
      long:
        generic: Hōngkōng
        standard: Hōngkōng (sztandardowy czas)
        daylight: Hōngkōng (latowy czas)
    Hovd:
      long:
        generic: Kobdo
        standard: Kobdo (sztandardowy czas)
        daylight: Kobdo (latowy czas)
    India:
      long:
        standard: indyjski sztandardowy czas
    Indian_Ocean:
      long:
        standard: Ôcean Indyjski
    Indochina:
      long:
        standard: indochiński czas
    Indonesia_Central:
      long:
        standard: Indōnezyjo Postrzodkowo
    Indonesia_Eastern:
      long:
        standard: Indōnezyjo Wschodnio
    Indonesia_Western:
      long:
        standard: Indōnezyjo Zachodnio
    Irkutsk:
      long:
        generic: Irkuck
        standard: Irkuck (sztandardowy czas)
        daylight: Irkuck (latowy czas)
    Israel:
      long:
        generic: Izrael
        standard: Izrael (sztandardowy czas)
        daylight: Izrael (latowy czas)
    Japan:
      long:
        generic: Japōnijo
        standard: Japōnijo (sztandardowy czas)
        daylight: Japōnijo (latowy czas)
    Kamchatka:
      long:
        generic: czas Pietropawłowsk Kamczacki
        standard: sztandardowy czas Pietropawłowsk Kamczacki
        daylight: czas Pietropawłowsk Kamczacki latowy
    Kazakhstan_Eastern:
      long:
        standard: Kazachstan Wschodni
    Kazakhstan_Western:
      long:
        standard: Kazachstan Zachodni
    Krasnoyarsk:
      long:
        generic: Krasnojarsk
        standard: Krasnojarsk (sztandardowy czas)
        daylight: Krasnojarsk (latowy czas)
    Kyrgystan:
      long:
        standard: Kirgistan
    Line_Islands:
      long:
        standard: Line Islands
    Lord_Howe:
      long:
        generic: Lord Howe
        standard: Lord Howe (sztandardowy czas)
        daylight: Lord Howe (latowy czas)
    Malaysia:
      long:
        standard: Malezyjo
    Maldives:
      long:
        standard: Malediwy
    Marquesas:
      long:
        standard: Markizy
    Marshall_Islands:
      long:
        standard: Wyspy Marshalla
    Mexico_Pacific:
      long:
        generic: Meksyk (czas pacyficzny)
        standard: Meksyk (czas pacyficzny sztandardowy)
        daylight: Meksyk (czas pacyficzny latowy)
    Mongolia:
      long:
        generic: Ułan Bator
        standard: Ułan Bator (sztandardowy czas)
        daylight: Ułan Bator (latowy czas)
    Moscow:
      long:
        generic: Moskwa
        standard: Moskwa (sztandardowy)
        daylight: Moskwa (latowy)
    Myanmar:
      long:
        standard: Mjanma
    New_Caledonia:
      long:
        generic: Nowo Kaledōnijo
        standard: Nowo Kaledōnijo (sztandardowy czas)
        daylight: Nowo Kaledōnijo (latowy czas)
    New_Zealand:
      long:
        generic: Nowo Zelandyjo
        standard: Nowo Zelandyjo (sztandardowy czas)
        daylight: Nowo Zelandyjo (latowy czas)
    Newfoundland:
      long:
        generic: Nowo Fundlandyjo
        standard: Nowo Fundlandyjo (sztandardowy czas)
        daylight: Nowo Fundlandyjo (latowy czas)
    Noronha:
      long:
        generic: Fernando de Noronha
        standard: Fernando de Noronha (sztandardowy czas)
        daylight: Fernando de Noronha (latowy czas)
    Novosibirsk:
      long:
        generic: Nowosybirsk
        standard: Nowosybirsk (sztandardowy czas)
        daylight: Nowosybirsk (latowy czas)
    Omsk:
      long:
        generic: Ômsk
        standard: Ômsk (sztandardowy czas)
        daylight: Ômsk (latowy czas)
    Papua_New_Guinea:
      long:
        standard: Papua-Nowo Gwinea
    Paraguay:
      long:
        generic: Paragwaj
        standard: Paragwaj (sztandardowy czas)
        daylight: Paragwaj (latowy czas)
    Peru:
      long:
        generic: czas Peru
        standard: Peru (sztandardowy czas)
        daylight: Peru (latowy czas)
    Philippines:
      long:
        generic: Filipiny
        standard: Filipiny (sztandardowy czas)
        daylight: Filipiny (latowy czas)
    Phoenix_Islands:
      long:
        standard: Fyniks
    Pierre_Miquelon:
      long:
        generic: Saint-Pierre i Miquelon
        standard: Saint-Pierre i Miquelon (sztandardowy czas)
        daylight: Saint-Pierre i Miquelon (latowy czas)
    Ponape:
      long:
        standard: Pohnpei
    Pyongyang:
      long:
        standard: Pjōngjang
    Qyzylorda:
      long:
        generic: czas kyzyłordzki
        standard: czas kyzyłordzki sztandardowy
        daylight: czas kyzyłordzki latowy
    Sakhalin:
      long:
        generic: Sachalin
        standard: Sachalin (sztandardowy czas)
        daylight: Sachalin (latowy czas)
    Samara:
      long:
        generic: czas Samara
        standard: sztandardowy czas Samara
        daylight: czas Samara latowy
    Seychelles:
      long:
        standard: Seszele
    Singapore:
      long:
        standard: Singapur
    Solomon:
      long:
        standard: Wyspy Salōmōna
    South_Georgia:
      long:
        standard: Georgia Połedniowo
    Suriname:
      long:
        standard: Surinam
    Taipei:
      long:
        generic: Tajpej
        standard: Tajpej (sztandardowy czas)
        daylight: Tajpej (latowy czas)
    Tajikistan:
      long:
        standard: Tadżykistan
    Tonga:
      long:
        generic: Tōnga
        standard: Tōnga (sztandardowy czas)
        daylight: Tōnga (latowy czas)
    Truk:
      long:
        standard: Chuuk
    Turkmenistan:
      long:
        generic: Turkmynistan
        standard: Turkmynistan (sztandardowy czas)
        daylight: Turkmynistan (latowy czas)
    Uruguay:
      long:
        generic: Urugwaj
        standard: Urugwaj (sztandardowy czas)
        daylight: Urugwaj (latowy czas)
    Venezuela:
      long:
        standard: Wynezuela
    Vladivostok:
      long:
        generic: Władywostok
        standard: Władywostok (sztandardowy czas)
        daylight: Władywostok (latowy czas)
    Volgograd:
      long:
        generic: Wołgograd
        standard: Wołgograd (sztandardowy czas)
        daylight: Wołgograd (latowy czas)
    Vostok:
      long:
        standard: Wostok
    Wallis:
      long:
        standard: Wallis i Futuna
    Yakutsk:
      long:
        generic: Jakuck
        standard: Jakuck (sztandardowy czas)
        daylight: Jakuck (latowy czas)
    Yekaterinburg:
      long:
        generic: Jekaterynburg
        standard: Jekaterynburg (sztandardowy czas)
        daylight: Jekaterynburg (latowy czas)
    Yukon:
      long:
        standard: czas jukōński
