---
locale: scn
generated_at: '2025-09-19T10:42:58Z'
cldr_version: '46'
timezone_names:
  formats:
    region_format_daylight: "{0} (ura ligali)"
    region_format_standard: "{0} (ura sulari)"
  zones:
    Etc/Unknown:
      exemplar_city: Scanusciutu
    Europe/Tirane:
      exemplar_city: Tirana
    America/Cordoba:
      exemplar_city: Còrduba
    Australia/Adelaide:
      exemplar_city: Adilaidi
    Europe/Sarajevo:
      exemplar_city: Sarajevu
    Europe/Brussels:
      exemplar_city: Brusseli
    Atlantic/Bermuda:
      exemplar_city: Birmuda
    America/Campo_Grande:
      exemplar_city: Campu Ranni
    America/Sao_Paulo:
      exemplar_city: San Paulu
    America/Belize:
      exemplar_city: Bilisi
    America/Regina:
      exemplar_city: Riggina
    America/Toronto:
      exemplar_city: Torontu
    Europe/Zurich:
      exemplar_city: Zurigu
    America/Costa_Rica:
      exemplar_city: Custa Rica
    Atlantic/Cape_Verde:
      exemplar_city: Capu Virdi
    Indian/Christmas:
      exemplar_city: Natali
    Asia/Nicosia:
      exemplar_city: Nicusìa
    Europe/Prague:
      exemplar_city: Praga
    Europe/Berlin:
      exemplar_city: Birlinu
    Africa/Djibouti:
      exemplar_city: Gibbuti
    America/Dominica:
      exemplar_city: Dumìnica
    America/Santo_Domingo:
      exemplar_city: Santu Dumingu
    Africa/Algiers:
      exemplar_city: Algeri
    Pacific/Galapagos:
      exemplar_city: Galàpagos
    Africa/Cairo:
      exemplar_city: Cairu
    Atlantic/Canary:
      exemplar_city: Canari
    Africa/Ceuta:
      exemplar_city: Cèuta
    Europe/Helsinki:
      exemplar_city: Hèlsinki
    Pacific/Fiji:
      exemplar_city: Figi
    Europe/Paris:
      exemplar_city: Pariggi
    Europe/London:
      exemplar_city: Lònnira
    Europe/Gibraltar:
      exemplar_city: Gibbirterra
    America/Guadeloupe:
      exemplar_city: Guadalupa
    Europe/Athens:
      exemplar_city: Ateni
    Atlantic/South_Georgia:
      exemplar_city: Giorgia di sciroccu
    America/Guatemala:
      exemplar_city: Guatimala
    America/Guyana:
      exemplar_city: Guiana
    Europe/Zagreb:
      exemplar_city: Zagabbria
    Asia/Jakarta:
      exemplar_city: Giacarta
    Europe/Dublin:
      exemplar_city: Dubblinu
    Asia/Jerusalem:
      exemplar_city: Girusalemmi
    Europe/Isle_of_Man:
      exemplar_city: Ìsula di Man
    Asia/Calcutta:
      exemplar_city: Kurkata
    Europe/Rome:
      exemplar_city: Roma
    America/Jamaica:
      exemplar_city: Giamaica
    Asia/Amman:
      exemplar_city: Ammàn
    Africa/Nairobi:
      exemplar_city: Nairobbi
    Asia/Seoul:
      exemplar_city: Siul
    America/St_Lucia:
      exemplar_city: Santa Lucìa
    Asia/Colombo:
      exemplar_city: Culummu
    Europe/Luxembourg:
      exemplar_city: Lussimburgu
    Africa/Tripoli:
      exemplar_city: Trìpuli
    Africa/Casablanca:
      exemplar_city: Casabblanca
    Europe/Monaco:
      exemplar_city: Mònacu
    Asia/Macau:
      exemplar_city: Macau
    America/Martinique:
      exemplar_city: Martinica
    America/Montserrat:
      exemplar_city: Munzirratu
    Europe/Malta:
      exemplar_city: Mauta
    Indian/Maldives:
      exemplar_city: Mardivi
    America/Monterrey:
      exemplar_city: Muntirrei
    America/Mexico_City:
      exemplar_city: Cità dû Mèssicu
    Asia/Muscat:
      exemplar_city: Mascati
    America/Panama:
      exemplar_city: Pànama
    Pacific/Marquesas:
      exemplar_city: Marchesi
    Europe/Warsaw:
      exemplar_city: Varsavia
    America/Puerto_Rico:
      exemplar_city: Portu Ricu
    Asia/Gaza:
      exemplar_city: Gazza
    Atlantic/Azores:
      exemplar_city: Azzorri
    Europe/Lisbon:
      exemplar_city: Lisbona
    Europe/Belgrade:
      exemplar_city: Belgradu
    Europe/Moscow:
      exemplar_city: Mosca
    Europe/Volgograd:
      exemplar_city: Vòlgugrad
    Asia/Yekaterinburg:
      exemplar_city: Yekatirimmurgu
    Asia/Vladivostok:
      exemplar_city: Vladìvustok
    Europe/Stockholm:
      exemplar_city: Stuccorma
    Asia/Singapore:
      exemplar_city: Singapuri
    Atlantic/St_Helena:
      exemplar_city: Sant’Èlina
    Europe/San_Marino:
      exemplar_city: San Marinu
    Africa/Mogadishu:
      exemplar_city: Mugadisciu
    Asia/Damascus:
      exemplar_city: Damascu
    Africa/Tunis:
      exemplar_city: Tùnisi
    Europe/Istanbul:
      exemplar_city: Ìstanbul
    America/Port_of_Spain:
      exemplar_city: Portu di Spagna
    Europe/Kiev:
      exemplar_city: Kiev
    America/North_Dakota/Beulah:
      exemplar_city: Beulah, Dakota di Tramuntana
    America/North_Dakota/New_Salem:
      exemplar_city: New Salem, Dakota di Tramuntana
    America/North_Dakota/Center:
      exemplar_city: Centru, Dakota di Tramuntana
    America/Detroit:
      exemplar_city: Ditroit
    America/New_York:
      exemplar_city: Nova Jorca
    Asia/Samarkand:
      exemplar_city: Samarcanna
    Europe/Vatican:
      exemplar_city: Vaticanu
