---
locale: lij
generated_at: '2025-09-19T10:42:53Z'
cldr_version: '46'
timezone_names:
  formats:
    hour_format: "+HH:mm;−HH:mm"
    gmt_format: UTC{0}
    region_format: 'oa: {0}'
    region_format_daylight: 'oa de stæ: {0}'
    region_format_standard: 'oa standard: {0}'
  zones:
    Etc/Unknown:
      exemplar_city: çittæ desconosciua
    Europe/Andorra:
      exemplar_city: Andòrra
    Europe/Tirane:
      exemplar_city: Tiraña
    America/Cordoba:
      exemplar_city: Còrdova
    Europe/Brussels:
      exemplar_city: Bruxelles
    Asia/Bahrain:
      exemplar_city: Bahrein
    America/St_Barthelemy:
      exemplar_city: San Bertomê
    America/Sao_Paulo:
      exemplar_city: San Poulo
    Europe/Zurich:
      exemplar_city: Zurigo
    Pacific/Easter:
      exemplar_city: Pasqua
    America/Bogota:
      exemplar_city: Bogotà
    America/Costa_Rica:
      exemplar_city: Còsta Rica
    Atlantic/Cape_Verde:
      exemplar_city: Cappo Verde
    Europe/Prague:
      exemplar_city: Praga
    Africa/Algiers:
      exemplar_city: Argê
    Atlantic/Canary:
      exemplar_city: Canäie
    Africa/Ceuta:
      exemplar_city: Çéuta
    Africa/Addis_Ababa:
      exemplar_city: Addis Abeba
    Pacific/Fiji:
      exemplar_city: Figi
    Atlantic/Faeroe:
      exemplar_city: Fær Øer
    Europe/Paris:
      exemplar_city: Pariggi
    Europe/London:
      exemplar_city: Londra
    America/Grenada:
      exemplar_city: Granada
    America/Cayenne:
      exemplar_city: Caieña
    Europe/Gibraltar:
      exemplar_city: Gibertâ
    America/Guadeloupe:
      exemplar_city: Guadaluppa
    Europe/Athens:
      exemplar_city: Atene
    Atlantic/South_Georgia:
      exemplar_city: Geòrgia do sud
    Europe/Zagreb:
      exemplar_city: Zagabria
    Asia/Jakarta:
      exemplar_city: Giacarta
    Europe/Dublin:
      exemplar_city: Doblin
    Asia/Jerusalem:
      exemplar_city: Gerusalemme
    Europe/Isle_of_Man:
      exemplar_city: Isoa de Man
    Asia/Calcutta:
      exemplar_city: Calcutta
    Europe/Rome:
      exemplar_city: Romma
    Africa/Nairobi:
      exemplar_city: Nairöbi
    Indian/Comoro:
      exemplar_city: Comöre
    America/St_Kitts:
      exemplar_city: San Cristoffa
    America/St_Lucia:
      exemplar_city: Santa Luçia
    Europe/Luxembourg:
      exemplar_city: Luxemburgo
    Europe/Monaco:
      exemplar_city: Monego
    Asia/Ulaanbaatar:
      exemplar_city: Ulan Bator
    America/Martinique:
      exemplar_city: Martinica
    Indian/Maldives:
      exemplar_city: Maldive
    America/Mexico_City:
      exemplar_city: Çittæ do Mescico
    Pacific/Noumea:
      exemplar_city: Nouméa
    Europe/Oslo:
      exemplar_city: Òslo
    Pacific/Marquesas:
      exemplar_city: Marcheixi
    Europe/Warsaw:
      exemplar_city: Varsavia
    Atlantic/Azores:
      exemplar_city: Azore
    Europe/Lisbon:
      exemplar_city: Lisboña
    Europe/Belgrade:
      exemplar_city: Belgraddo
    Europe/Moscow:
      exemplar_city: Mosca
    Asia/Yekaterinburg:
      exemplar_city: Ekaterinburg
    Asia/Chita:
      exemplar_city: Cita
    Europe/Stockholm:
      exemplar_city: Stoccolma
    Asia/Singapore:
      exemplar_city: Scingapô
    Atlantic/St_Helena:
      exemplar_city: Sant’Elena
    Europe/Ljubljana:
      exemplar_city: Lubiaña
    Europe/San_Marino:
      exemplar_city: San Marin
    Africa/Mogadishu:
      exemplar_city: Mogadiscio
    Africa/Sao_Tome:
      exemplar_city: Sao Tomé
    Asia/Damascus:
      exemplar_city: Damasco
    Africa/Ndjamena:
      exemplar_city: N’Djamena
    Africa/Lome:
      exemplar_city: Lomé
    Africa/Tunis:
      exemplar_city: Tunexi
    Asia/Samarkand:
      exemplar_city: Samarcanda
    America/St_Vincent:
      exemplar_city: San Viçenso
    Indian/Mayotte:
      exemplar_city: Maiòtta
  metazones:
    GMT:
      long:
        standard: oa do meridian de Greenwich
