---
locale: am
generated_at: '2025-09-15T06:26:15Z'
cldr_version: '46'
timezone_names:
  formats:
    hour_format: "+HHmm;-HHmm"
    gmt_format: ጂ ኤም ቲ{0}
    region_format: "{0} ሰዓት"
    region_format_daylight: "{0} የቀን ብርሃን ሰዓት"
    region_format_standard: "{0} መደበኛ ሰዓት"
  zones:
    Pacific/Honolulu:
      exemplar_city: ሆኖሉሉ
    Etc/UTC:
      long:
        standard: የተቀነባበረ ሁለገብ ሰዓት
    Etc/Unknown:
      exemplar_city: ያልታወቀ ከተማ
    Europe/Andorra:
      exemplar_city: አንዶራ
    Asia/Dubai:
      exemplar_city: ዱባይ
    Asia/Kabul:
      exemplar_city: ካቡል
    America/Antigua:
      exemplar_city: አንቲጓ
    America/Anguilla:
      exemplar_city: አንጉይላ
    Europe/Tirane:
      exemplar_city: ቴራን
    Asia/Yerevan:
      exemplar_city: ይሬቫን
    Africa/Luanda:
      exemplar_city: ሉአንዳ
    Antarctica/Rothera:
      exemplar_city: ሮቴራ
    Antarctica/Palmer:
      exemplar_city: ፓልመር
    Antarctica/Troll:
      exemplar_city: ትሮል
    Antarctica/Syowa:
      exemplar_city: ስዮዋ
    Antarctica/Mawson:
      exemplar_city: ናውሰን
    Antarctica/Davis:
      exemplar_city: ዳቪስ
    Antarctica/Vostok:
      exemplar_city: ቭስቶክ
    Antarctica/Casey:
      exemplar_city: ካዚይ
    Antarctica/DumontDUrville:
      exemplar_city: ደሞንት ዲኡርቪል
    Antarctica/McMurdo:
      exemplar_city: ማክመርዶ
    America/Argentina/Rio_Gallegos:
      exemplar_city: ሪዮ ጋሌጎስ
    America/Mendoza:
      exemplar_city: ሜንዶዛ
    America/Argentina/San_Juan:
      exemplar_city: ሳን ጁአን
    America/Argentina/Ushuaia:
      exemplar_city: ኡሹአኢ
    America/Argentina/La_Rioja:
      exemplar_city: ላ ሪኦጃ
    America/Argentina/San_Luis:
      exemplar_city: ሳን ሊውስ
    America/Catamarca:
      exemplar_city: ካታማርካ
    America/Argentina/Salta:
      exemplar_city: ሳልታ
    America/Jujuy:
      exemplar_city: ጁጁይ
    America/Argentina/Tucuman:
      exemplar_city: ቱኩማን
    America/Cordoba:
      exemplar_city: ኮርዶባ
    America/Buenos_Aires:
      exemplar_city: ቦነስ አይረስ
    Pacific/Pago_Pago:
      exemplar_city: ፓጎ ፓጎ
    Europe/Vienna:
      exemplar_city: ቪየና
    Australia/Perth:
      exemplar_city: ፐርዝ
    Australia/Eucla:
      exemplar_city: ኡክላ
    Australia/Darwin:
      exemplar_city: ዳርዊን
    Australia/Adelaide:
      exemplar_city: አዴሌእድ
    Australia/Broken_Hill:
      exemplar_city: ብሮክን ሂል
    Australia/Melbourne:
      exemplar_city: ሜልቦርን
    Australia/Hobart:
      exemplar_city: ሆባርት
    Australia/Lindeman:
      exemplar_city: ሊንድማን
    Australia/Sydney:
      exemplar_city: ሲድኒ
    Australia/Brisbane:
      exemplar_city: ብሪስቤን
    Antarctica/Macquarie:
      exemplar_city: ማከሪ
    Australia/Lord_Howe:
      exemplar_city: ሎርድ ሆዊ
    America/Aruba:
      exemplar_city: አሩባ
    Europe/Mariehamn:
      exemplar_city: ሜሪሃምን
    Asia/Baku:
      exemplar_city: ባኩ
    Europe/Sarajevo:
      exemplar_city: ሳሪየቮ
    America/Barbados:
      exemplar_city: ባርቤዶስ
    Asia/Dhaka:
      exemplar_city: ዳካ
    Europe/Brussels:
      exemplar_city: ብራሰልስ
    Africa/Ouagadougou:
      exemplar_city: ኡጋዱጉ
    Europe/Sofia:
      exemplar_city: ሶፊያ
    Asia/Bahrain:
      exemplar_city: ባህሬን
    Africa/Bujumbura:
      exemplar_city: ቡጁምብራ
    Africa/Porto-Novo:
      exemplar_city: ፖርቶ - ኖቮ
    America/St_Barthelemy:
      exemplar_city: ቅድስት ቤርተሎሜ
    Atlantic/Bermuda:
      exemplar_city: ቤርሙዳ
    Asia/Brunei:
      exemplar_city: ብሩናይ
    America/La_Paz:
      exemplar_city: ላ ፓዝ
    America/Kralendijk:
      exemplar_city: ክራለንዲይክ
    America/Eirunepe:
      exemplar_city: ኢሩኔፕ
    America/Rio_Branco:
      exemplar_city: ሪዮ ብራንኮ
    America/Porto_Velho:
      exemplar_city: ፔትሮ ቬልሆ
    America/Boa_Vista:
      exemplar_city: ቦአ ቪስታ
    America/Manaus:
      exemplar_city: ማናኡስ
    America/Cuiaba:
      exemplar_city: ኩየአባ
    America/Santarem:
      exemplar_city: ሳንታሬም
    America/Campo_Grande:
      exemplar_city: ካምፖ ግራንዴ
    America/Belem:
      exemplar_city: ቤለም
    America/Araguaina:
      exemplar_city: አራጉየና
    America/Sao_Paulo:
      exemplar_city: ሳኦ ፖሎ
    America/Bahia:
      exemplar_city: ባሂአ
    America/Fortaleza:
      exemplar_city: ፎርታሌዛ
    America/Maceio:
      exemplar_city: ሜሲኦ
    America/Recife:
      exemplar_city: ረሲፍ
    America/Noronha:
      exemplar_city: ኖሮኛ
    America/Nassau:
      exemplar_city: ናሳው
    Asia/Thimphu:
      exemplar_city: ቲምፉ
    Africa/Gaborone:
      exemplar_city: ጋቦሮን
    Europe/Minsk:
      exemplar_city: ሚንስክ
    America/Belize:
      exemplar_city: ቤሊዝ
    America/Dawson:
      exemplar_city: ዳውሰን
    America/Whitehorse:
      exemplar_city: ኋይትሆርስ
    America/Inuvik:
      exemplar_city: ኢኑቪክ
    America/Vancouver:
      exemplar_city: ቫንኮቨር
    America/Fort_Nelson:
      exemplar_city: ፎርት ኔልሰን
    America/Dawson_Creek:
      exemplar_city: ዳውሰን ክሬክ
    America/Creston:
      exemplar_city: ክረስተን
    America/Edmonton:
      exemplar_city: ኤድመንተን
    America/Swift_Current:
      exemplar_city: የሐዋላ ገንዘብ
    America/Cambridge_Bay:
      exemplar_city: ካምብሪጅ ቤይ
    America/Regina:
      exemplar_city: ረጂና
    America/Winnipeg:
      exemplar_city: ዊኒፔግ
    America/Resolute:
      exemplar_city: ሪዞሊዩት
    America/Rankin_Inlet:
      exemplar_city: ራንኪን ኢንሌት
    America/Coral_Harbour:
      exemplar_city: አቲኮካን
    America/Toronto:
      exemplar_city: ቶሮንቶ
    America/Iqaluit:
      exemplar_city: ኢኳሊውት
    America/Moncton:
      exemplar_city: ሞንክቶን
    America/Halifax:
      exemplar_city: ሃሊፋክስ
    America/Goose_Bay:
      exemplar_city: ጉዝ ቤይ
    America/Glace_Bay:
      exemplar_city: ግሌስ ቤይ
    America/Blanc-Sablon:
      exemplar_city: ብላንክ- ሳብሎን
    America/St_Johns:
      exemplar_city: ቅዱስ ዮሐንስ
    Indian/Cocos:
      exemplar_city: ኮኮስ
    Africa/Kinshasa:
      exemplar_city: ኪንሻሳ
    Africa/Lubumbashi:
      exemplar_city: ሉቡምባሺ
    Africa/Bangui:
      exemplar_city: ባንጉኢ
    Africa/Brazzaville:
      exemplar_city: ብራዛቪል
    Europe/Zurich:
      exemplar_city: ዙሪክ
    Africa/Abidjan:
      exemplar_city: አቢጃን
    Pacific/Rarotonga:
      exemplar_city: ራሮቶንጋ
    Pacific/Easter:
      exemplar_city: ፋሲካ
    America/Punta_Arenas:
      exemplar_city: ፑንታ አሬናስ
    America/Santiago:
      exemplar_city: ሳንቲያጎ
    Africa/Douala:
      exemplar_city: ዱአላ
    Asia/Urumqi:
      exemplar_city: ኡሩምኪ
    Asia/Shanghai:
      exemplar_city: ሻንጋይ
    America/Bogota:
      exemplar_city: ቦጎታ
    America/Costa_Rica:
      exemplar_city: ኮስታሪካ
    America/Havana:
      exemplar_city: ሃቫና
    Atlantic/Cape_Verde:
      exemplar_city: ኬፕ ቬርደ
    America/Curacao:
      exemplar_city: ኩራሳዎ
    Indian/Christmas:
      exemplar_city: ገና
    Asia/Nicosia:
      exemplar_city: ኒኮሲአ
    Asia/Famagusta:
      exemplar_city: ፋማጉስታ
    Europe/Prague:
      exemplar_city: ፕራግ
    Europe/Busingen:
      exemplar_city: ቡሲንገን
    Europe/Berlin:
      exemplar_city: በርሊን
    Africa/Djibouti:
      exemplar_city: ጅቡቲ
    Europe/Copenhagen:
      exemplar_city: ኮፐንሃገን
    America/Dominica:
      exemplar_city: ዶሜኒካ
    America/Santo_Domingo:
      exemplar_city: ሳንቶ ዶሚንጎ
    Africa/Algiers:
      exemplar_city: አልጀርስ
    Pacific/Galapagos:
      exemplar_city: ጋላፓጎስ
    America/Guayaquil:
      exemplar_city: ጉያኩይል
    Europe/Tallinn:
      exemplar_city: ታሊን
    Africa/Cairo:
      exemplar_city: ካይሮ
    Africa/El_Aaiun:
      exemplar_city: ኤል አዩአን
    Africa/Asmera:
      exemplar_city: አስመራ
    Atlantic/Canary:
      exemplar_city: ካናሪ
    Africa/Ceuta:
      exemplar_city: ሲኡታ
    Europe/Madrid:
      exemplar_city: ማድሪድ
    Africa/Addis_Ababa:
      exemplar_city: አዲስ አበባ
    Europe/Helsinki:
      exemplar_city: ሄልሲንኪ
    Pacific/Fiji:
      exemplar_city: ፊጂ
    Atlantic/Stanley:
      exemplar_city: ስታንሌይ
    Pacific/Truk:
      exemplar_city: ቹክ
    Pacific/Ponape:
      exemplar_city: ፖህንፔ
    Pacific/Kosrae:
      exemplar_city: ኮስሬ
    Atlantic/Faeroe:
      exemplar_city: ፋሮእ
    Europe/Paris:
      exemplar_city: ፓሪስ
    Africa/Libreville:
      exemplar_city: ሊበርቪል
    Europe/London:
      exemplar_city: ለንደን
      long:
        daylight: የብሪትሽ የበጋ ሰዓት አቆጣጠር
    America/Grenada:
      exemplar_city: ግሬናዳ
    Asia/Tbilisi:
      exemplar_city: ትብሊሲ
    America/Cayenne:
      exemplar_city: ካይንኤ
    Europe/Guernsey:
      exemplar_city: ጉርነሲ
    Africa/Accra:
      exemplar_city: አክራ
    Europe/Gibraltar:
      exemplar_city: ጂብራልታር
    America/Thule:
      exemplar_city: ቱሌ
    America/Godthab:
      exemplar_city: ጋድታብ
    America/Scoresbysund:
      exemplar_city: ስኮርስባይሰንድ
    America/Danmarkshavn:
      exemplar_city: ዳንማርክሻቭን
    Africa/Banjul:
      exemplar_city: ባንጁል
    Africa/Conakry:
      exemplar_city: ኮናክሬ
    America/Guadeloupe:
      exemplar_city: ጕዳሉፕ
    Africa/Malabo:
      exemplar_city: ማላቡ
    Europe/Athens:
      exemplar_city: አቴንስ
    Atlantic/South_Georgia:
      exemplar_city: ደቡብ ጆርጂያ
    America/Guatemala:
      exemplar_city: ጓቲማላ
    Pacific/Guam:
      exemplar_city: ጉአም
    Africa/Bissau:
      exemplar_city: ቢሳኦ
    America/Guyana:
      exemplar_city: ጉያና
    Asia/Hong_Kong:
      exemplar_city: ሆንግ ኮንግ
    America/Tegucigalpa:
      exemplar_city: ቴጉሲጋልፓ
    Europe/Zagreb:
      exemplar_city: ዛግሬብ
    America/Port-au-Prince:
      exemplar_city: ፖርት ኦ ፕሪንስ
    Europe/Budapest:
      exemplar_city: ቡዳፔስት
    Asia/Jakarta:
      exemplar_city: ጃካርታ
    Asia/Pontianak:
      exemplar_city: ፖንቲአናክ
    Asia/Makassar:
      exemplar_city: ማካሳር
    Asia/Jayapura:
      exemplar_city: ጃያፑራ
    Europe/Dublin:
      exemplar_city: ደብሊን
      long:
        daylight: የአይሪሽ መደበኛ ሰዓት አቆጣጠር
    Asia/Jerusalem:
      exemplar_city: እየሩሳሌም
    Europe/Isle_of_Man:
      exemplar_city: አይስል ኦፍ ማን
    Asia/Calcutta:
      exemplar_city: ኮልካታ
    Indian/Chagos:
      exemplar_city: ቻጎስ
    Asia/Baghdad:
      exemplar_city: ባግዳድ
    Asia/Tehran:
      exemplar_city: ቴህራን
    Atlantic/Reykjavik:
      exemplar_city: ሬይክጃቪክ
    Europe/Rome:
      exemplar_city: ሮም
    Europe/Jersey:
      exemplar_city: ጀርሲ
    America/Jamaica:
      exemplar_city: ጃማይካ
    Asia/Amman:
      exemplar_city: አማን
    Asia/Tokyo:
      exemplar_city: ቶኪዮ
    Africa/Nairobi:
      exemplar_city: ናይሮቢ
    Asia/Bishkek:
      exemplar_city: ቢሽኬክ
    Asia/Phnom_Penh:
      exemplar_city: ፍኖም ፔንህ
    Pacific/Enderbury:
      exemplar_city: ኢንደርበሪ
    Pacific/Kanton:
      exemplar_city: ካንቶን
    Pacific/Kiritimati:
      exemplar_city: ኪሪቲማቲ
    Pacific/Tarawa:
      exemplar_city: ታራዋ
    Indian/Comoro:
      exemplar_city: ኮሞሮ
    America/St_Kitts:
      exemplar_city: ቅዱስ ኪትስ
    Asia/Pyongyang:
      exemplar_city: ፕዮንግያንግ
    Asia/Seoul:
      exemplar_city: ሴኦል
    Asia/Kuwait:
      exemplar_city: ኩዌት
    America/Cayman:
      exemplar_city: ካይማን
    Asia/Aqtau:
      exemplar_city: አኩታኡ
    Asia/Oral:
      exemplar_city: ኦራል
    Asia/Atyrau:
      exemplar_city: አትይራኡ
    Asia/Aqtobe:
      exemplar_city: አኩቶቤ
    Asia/Qostanay:
      exemplar_city: ኮስታናይ
    Asia/Qyzylorda:
      exemplar_city: ኩይዚሎርዳ
    Asia/Almaty:
      exemplar_city: አልማትይ
    Asia/Vientiane:
      exemplar_city: ቬንቲአን
    Asia/Beirut:
      exemplar_city: ቤሩት
    America/St_Lucia:
      exemplar_city: ቅድስት ሉሲያ
    Europe/Vaduz:
      exemplar_city: ቫዱዝ
    Asia/Colombo:
      exemplar_city: ኮሎምቦ
    Africa/Monrovia:
      exemplar_city: ሞንሮቪያ
    Africa/Maseru:
      exemplar_city: ማሴሩ
    Europe/Vilnius:
      exemplar_city: ቪሊነስ
    Europe/Luxembourg:
      exemplar_city: ሉክሰምበርግ
    Europe/Riga:
      exemplar_city: ሪጋ
    Africa/Tripoli:
      exemplar_city: ትሪፖሊ
    Africa/Casablanca:
      exemplar_city: ካዛብላንካ
    Europe/Monaco:
      exemplar_city: ሞናኮ
    Europe/Chisinau:
      exemplar_city: ቺስናኡ
    Europe/Podgorica:
      exemplar_city: ፖድጎሪካ
    America/Marigot:
      exemplar_city: ማርጎት
    Indian/Antananarivo:
      exemplar_city: አንታናናሪቮ
    Pacific/Kwajalein:
      exemplar_city: ክዋጃሊን
    Pacific/Majuro:
      exemplar_city: ማጁሩ
    Europe/Skopje:
      exemplar_city: ስኮፕየ
    Africa/Bamako:
      exemplar_city: ባማኮ
    Asia/Rangoon:
      exemplar_city: ያንጎን
    Asia/Hovd:
      exemplar_city: ሆቭድ
    Asia/Ulaanbaatar:
      exemplar_city: ኡላአንባአታር
    Asia/Macau:
      exemplar_city: ማካኡ
    Pacific/Saipan:
      exemplar_city: ሴይፓን
    America/Martinique:
      exemplar_city: ማርቲኒክ
    Africa/Nouakchott:
      exemplar_city: ኑአክቾት
    America/Montserrat:
      exemplar_city: ሞንትሴራት
    Europe/Malta:
      exemplar_city: ማልታ
    Indian/Mauritius:
      exemplar_city: ሞሪሽየስ
    Indian/Maldives:
      exemplar_city: ማልዲቨ
    Africa/Blantyre:
      exemplar_city: ብላንታየር
    America/Tijuana:
      exemplar_city: ቲጁአና
    America/Hermosillo:
      exemplar_city: ኸርሞዚሎ
    America/Ciudad_Juarez:
      exemplar_city: ሳዮዳድ ሁዋሬዝ
    America/Mazatlan:
      exemplar_city: ማዛትላን
    America/Chihuahua:
      exemplar_city: ቺሁዋውአ
    America/Bahia_Banderas:
      exemplar_city: ባሂያ ባንደራስ
    America/Ojinaga:
      exemplar_city: ኦዪናጋ
    America/Monterrey:
      exemplar_city: ሞንተርሬይ
    America/Mexico_City:
      exemplar_city: ሜክሲኮ ከተማ
    America/Matamoros:
      exemplar_city: ማታሞሮስ
    America/Merida:
      exemplar_city: ሜሪዳ
    America/Cancun:
      exemplar_city: ካንኩን
    Asia/Kuala_Lumpur:
      exemplar_city: ኩዋላ ላምፑር
    Asia/Kuching:
      exemplar_city: ኩቺንግ
    Africa/Maputo:
      exemplar_city: ማፑቱ
    Africa/Windhoek:
      exemplar_city: ዊንድሆክ
    Pacific/Noumea:
      exemplar_city: ናኦሚአ
    Africa/Niamey:
      exemplar_city: ኒያሜይ
    Pacific/Norfolk:
      exemplar_city: ኖርፎልክ
    Africa/Lagos:
      exemplar_city: ሌጎስ
    America/Managua:
      exemplar_city: ማናጉአ
    Europe/Amsterdam:
      exemplar_city: አምስተርዳም
    Europe/Oslo:
      exemplar_city: ኦስሎ
    Asia/Katmandu:
      exemplar_city: ካትማንዱ
    Pacific/Nauru:
      exemplar_city: ናውሩ
    Pacific/Niue:
      exemplar_city: ኒዌ
    Pacific/Chatham:
      exemplar_city: ቻታም
    Pacific/Auckland:
      exemplar_city: ኦክላንድ
    Asia/Muscat:
      exemplar_city: ሙስካት
    America/Panama:
      exemplar_city: ፓናማ
    America/Lima:
      exemplar_city: ሊማ
    Pacific/Tahiti:
      exemplar_city: ታሂቲ
    Pacific/Marquesas:
      exemplar_city: ማርክዌሳስ
    Pacific/Gambier:
      exemplar_city: ጋምቢየር
    Pacific/Port_Moresby:
      exemplar_city: ፖርት ሞሬስባይ
    Pacific/Bougainville:
      exemplar_city: ቦጌይንቪል
    Asia/Manila:
      exemplar_city: ማኒላ
    Asia/Karachi:
      exemplar_city: ካራቺ
    Europe/Warsaw:
      exemplar_city: ዋርሶው
    America/Miquelon:
      exemplar_city: ሚኮውሎን
    Pacific/Pitcairn:
      exemplar_city: ፒትከይርን
    America/Puerto_Rico:
      exemplar_city: ፖርቶሪኮ
    Asia/Gaza:
      exemplar_city: ጋዛ
    Asia/Hebron:
      exemplar_city: ኬብሮን
    Atlantic/Azores:
      exemplar_city: አዞረስ
    Atlantic/Madeira:
      exemplar_city: ማዴራ
    Europe/Lisbon:
      exemplar_city: ሊዝበን
    Pacific/Palau:
      exemplar_city: ፓላው
    America/Asuncion:
      exemplar_city: አሱንሲዮን
    Asia/Qatar:
      exemplar_city: ኳታር
    Indian/Reunion:
      exemplar_city: ሬዩኒየን
    Europe/Bucharest:
      exemplar_city: ቡካሬስት
    Europe/Belgrade:
      exemplar_city: ቤልግሬድ
    Europe/Kaliningrad:
      exemplar_city: ካሊኒንግራድ
    Europe/Moscow:
      exemplar_city: ሞስኮ
    Europe/Volgograd:
      exemplar_city: ቮልጎራድ
    Europe/Saratov:
      exemplar_city: ሳራቶቭ
    Europe/Astrakhan:
      exemplar_city: አስትራክሃን
    Europe/Ulyanovsk:
      exemplar_city: ኡልያኖቭስክ
    Europe/Kirov:
      exemplar_city: ኪሮቭ
    Europe/Samara:
      exemplar_city: ሳማራ
    Asia/Yekaterinburg:
      exemplar_city: የካተሪንበርግ
    Asia/Omsk:
      exemplar_city: ኦምስክ
    Asia/Novosibirsk:
      exemplar_city: ኖቮሲቢሪስክ
    Asia/Barnaul:
      exemplar_city: ባርናኡል
    Asia/Tomsk:
      exemplar_city: ቶምስክ
    Asia/Novokuznetsk:
      exemplar_city: ኖቮኩትዝኔክ
    Asia/Krasnoyarsk:
      exemplar_city: ክራስኖያርስክ
    Asia/Irkutsk:
      exemplar_city: ኢርኩትስክ
    Asia/Chita:
      exemplar_city: ቺታ
    Asia/Yakutsk:
      exemplar_city: ያኩትስክ
    Asia/Vladivostok:
      exemplar_city: ቭላዲቮስቶክ
    Asia/Khandyga:
      exemplar_city: ካንዲጋ
    Asia/Sakhalin:
      exemplar_city: ሳክሃሊን
    Asia/Ust-Nera:
      exemplar_city: ኡስት-ኔራ
    Asia/Magadan:
      exemplar_city: ማጋዳን
    Asia/Srednekolymsk:
      exemplar_city: ስሬድኔስኮልምስክ
    Asia/Kamchatka:
      exemplar_city: ካምቻትካ
    Asia/Anadyr:
      exemplar_city: አናድይር
    Africa/Kigali:
      exemplar_city: ኪጋሊ
    Asia/Riyadh:
      exemplar_city: ሪያድ
    Pacific/Guadalcanal:
      exemplar_city: ጉዋዳልካናል
    Indian/Mahe:
      exemplar_city: ማሄ
    Africa/Khartoum:
      exemplar_city: ካርቱም
    Europe/Stockholm:
      exemplar_city: ስቶክሆልም
    Asia/Singapore:
      exemplar_city: ሲንጋፖር
    Atlantic/St_Helena:
      exemplar_city: ቅድስት ሄለና
    Europe/Ljubljana:
      exemplar_city: ልጁብልጃና
    Arctic/Longyearbyen:
      exemplar_city: ሎንግይርባየን
    Europe/Bratislava:
      exemplar_city: ብራቲስላቫ
    Africa/Freetown:
      exemplar_city: ፍሪታውን
    Europe/San_Marino:
      exemplar_city: ሳን ማሪኖ
    Africa/Dakar:
      exemplar_city: ዳካር
    Africa/Mogadishu:
      exemplar_city: ሞቃዲሹ
    America/Paramaribo:
      exemplar_city: ፓራማሪቦ
    Africa/Juba:
      exemplar_city: ጁባ
    Africa/Sao_Tome:
      exemplar_city: ሳኦ ቶሜ
    America/El_Salvador:
      exemplar_city: ኤልሳልቫዶር
    America/Lower_Princes:
      exemplar_city: የታችኛው ልዑል ሩብ
    Asia/Damascus:
      exemplar_city: ደማስቆ
    Africa/Mbabane:
      exemplar_city: ምባባኔ
    America/Grand_Turk:
      exemplar_city: ግራንድ ተርክ
    Africa/Ndjamena:
      exemplar_city: ንጃሜና
    Indian/Kerguelen:
      exemplar_city: ኬርጉለን
    Africa/Lome:
      exemplar_city: ሎሜ
    Asia/Bangkok:
      exemplar_city: ባንኮክ
    Asia/Dushanbe:
      exemplar_city: ደሻንቤ
    Pacific/Fakaofo:
      exemplar_city: ፋካኦፎ
    Asia/Dili:
      exemplar_city: ዲሊ
    Asia/Ashgabat:
      exemplar_city: አሽጋባት
    Africa/Tunis:
      exemplar_city: ቱኒዝ
    Pacific/Tongatapu:
      exemplar_city: ቶንጋታፑ
    Europe/Istanbul:
      exemplar_city: ኢስታንቡል
    America/Port_of_Spain:
      exemplar_city: የእስፔን ወደብ
    Pacific/Funafuti:
      exemplar_city: ፈናፉቲ
    Asia/Taipei:
      exemplar_city: ታይፓይ
    Africa/Dar_es_Salaam:
      exemplar_city: ዳሬ ሰላም
    Europe/Kiev:
      exemplar_city: ኪየቭ
    Europe/Simferopol:
      exemplar_city: ሲምፈሮፖል
    Africa/Kampala:
      exemplar_city: ካምፓላ
    Pacific/Midway:
      exemplar_city: ሚድወይ
    Pacific/Wake:
      exemplar_city: ዋኬ
    America/Adak:
      exemplar_city: አዳክ
    America/Nome:
      exemplar_city: ኖሜ
    America/Anchorage:
      exemplar_city: አንኮራጅ
    America/Yakutat:
      exemplar_city: ያኩታት
    America/Sitka:
      exemplar_city: ሲትካ
    America/Juneau:
      exemplar_city: ጁኒዩ
    America/Metlakatla:
      exemplar_city: መትላካትላ
    America/Los_Angeles:
      exemplar_city: ሎስ አንጀለስ
    America/Boise:
      exemplar_city: ቦይዝ
    America/Phoenix:
      exemplar_city: ፊኒክስ
    America/Denver:
      exemplar_city: ዴንቨር
    America/North_Dakota/Beulah:
      exemplar_city: ቤኡላህ, ሰሜን ዳኮታ
    America/North_Dakota/New_Salem:
      exemplar_city: አዲስ ሳሌም, ሰሜን ዳኮታ
    America/North_Dakota/Center:
      exemplar_city: መካከለኛ, ሰሜን ዳኮታ
    America/Chicago:
      exemplar_city: ቺካጎ
    America/Menominee:
      exemplar_city: ሜኖሚኒ
    America/Indiana/Vincennes:
      exemplar_city: ቪንቼንስ, ኢንዲያና
    America/Indiana/Petersburg:
      exemplar_city: ፒተርስበርግ, ኢንዲያና
    America/Indiana/Tell_City:
      exemplar_city: ቴል ከተማ, ኢንዲያና
    America/Indiana/Knox:
      exemplar_city: ኖክስ, ኢንዲያና
    America/Indiana/Winamac:
      exemplar_city: ዊናማክ, ኢንዲያና
    America/Indiana/Marengo:
      exemplar_city: ማሬንጎ, ኢንዲያና
    America/Indianapolis:
      exemplar_city: ኢንዲያናፖሊስ
    America/Louisville:
      exemplar_city: ሊውስቪል
    America/Indiana/Vevay:
      exemplar_city: ቪቫይ, ኢንዲያና
    America/Kentucky/Monticello:
      exemplar_city: ሞንቲሴሎ, ኪንታኪ
    America/Detroit:
      exemplar_city: ዲትሮይት
    America/New_York:
      exemplar_city: ኒውዮርክ
    America/Montevideo:
      exemplar_city: ሞንቴቪድዮ
    Asia/Samarkand:
      exemplar_city: ሳማርካንድ
    Asia/Tashkent:
      exemplar_city: ታሽኬንት
    Europe/Vatican:
      exemplar_city: ቫቲካን
    America/St_Vincent:
      exemplar_city: ቅዱስ ቪንሰንት
    America/Caracas:
      exemplar_city: ካራካስ
    America/Tortola:
      exemplar_city: ቶርቶላ
    America/St_Thomas:
      exemplar_city: ቅዱስ ቶማስ
    Asia/Saigon:
      exemplar_city: ሆ ቺ ሚንህ ከተማ
    Pacific/Efate:
      exemplar_city: ኢፋቴ
    Pacific/Wallis:
      exemplar_city: ዋሊስ
    Pacific/Apia:
      exemplar_city: አፒአ
    Asia/Aden:
      exemplar_city: ኤደን
    Indian/Mayotte:
      exemplar_city: ማዮቴ
    Africa/Johannesburg:
      exemplar_city: ጆሃንስበርግ
    Africa/Lusaka:
      exemplar_city: ሉሳካ
    Africa/Harare:
      exemplar_city: ሃራሬ
  metazones:
    Afghanistan:
      long:
        standard: የአፍጋኒስታን ሰዓት
    Africa_Central:
      long:
        standard: የመካከለኛው አፍሪካ ሰዓት
    Africa_Eastern:
      long:
        standard: የምስራቅ አፍሪካ ሰዓት
    Africa_Southern:
      long:
        standard: የደቡብ አፍሪካ መደበኛ ሰዓት
    Africa_Western:
      long:
        generic: የምዕራብ አፍሪካ ሰዓት
        standard: የምዕራብ አፍሪካ መደበኛ ሰዓት
        daylight: የምዕራብ አፍሪካ ክረምት ሰዓት
    Alaska:
      long:
        generic: የአላስካ ሰዓት አቆጣጠር
        standard: የአላስካ መደበኛ የሰዓት አቆጣጠር
        daylight: የአላስካ የቀን ሰዓት አቆጣጠር
    Amazon:
      long:
        generic: የአማዞን ሰዓት አቆጣጠር
        standard: የአማዞን መደበኛ ሰዓት አቆጣጠር
        daylight: የአማዞን የቀን ሰዓት አቆጣጠር
    America_Central:
      long:
        generic: የሰሜን አሜሪካ የመካከለኛ ሰዓት አቆጣጠር
        standard: የሰሜን አሜሪካ የመካከለኛ መደበኛ ሰዓት አቆጣጠር
        daylight: የመካከለኛ የቀን ሰዓት አቆጣጠር
    America_Eastern:
      long:
        generic: ምስራቃዊ ሰዓት አቆጣጠር
        standard: ምስራቃዊ መደበኛ ሰዓት አቆጣጠር
        daylight: ምስራቃዊ የቀን ሰዓት አቆጣጠር
    America_Mountain:
      long:
        generic: የተራራ የሰዓት አቆጣጠር
        standard: የተራራ መደበኛ የሰዓት አቆጣጠር
        daylight: የተራራ የቀንሰዓት አቆጣጠር
    America_Pacific:
      long:
        generic: የፓስፊክ ሰዓት አቆጣጠር
        standard: የፓስፊክ መደበኛ ሰዓት አቆጣጠር
        daylight: የፓስፊክ የቀን ሰዓት አቆጣጠር
    Anadyr:
      long:
        generic: የአናድይር ሰዓት አቆጣጠር
        standard: የአናዲይር ሰዓት አቆጣጠር
        daylight: የአናድይር የበጋ የሰዓት አቆጣጠር
    Apia:
      long:
        generic: የአፒያ ሰዓት
        standard: የአፒያ መደበኛ ሰዓት
        daylight: የአፒያ የቀን ጊዜ ሰዓት
    Arabian:
      long:
        generic: የዓረቢያ ሰዓት
        standard: የዓረቢያ መደበኛ ሰዓት
        daylight: የዓረቢያ የቀን ብርሃን ሰዓት
    Argentina:
      long:
        generic: የአርጀንቲና የሰዓት አቆጣጠር
        standard: የአርጀንቲና መደበኛ ሰዓት አቆጣጠር
        daylight: የአርጀንቲና የበጋ ሰዓት አቆጣጠር
    Argentina_Western:
      long:
        generic: የአርጀንቲና ምስራቃዊ ሰዓት አቆጣጠር
        standard: የምዕራባዊ አርጀንቲና መደበኛ ሰዓት አቆጣጠር
        daylight: የምዕራባዊ አርጀንቲና የበጋ ሰዓት አቆጣጠር
    Armenia:
      long:
        generic: የአርመኒያ ሰዓት
        standard: የአርመኒያ መደበኛ ሰዓት
        daylight: የአርመኒያ ክረምት ሰዓት
    Atlantic:
      long:
        generic: የአትላንቲክ የሰዓት አቆጣጠር
        standard: የአትላንቲክ መደበኛ የሰዓት አቆጣጠር
        daylight: የአትላንቲክ የቀን ሰዓት አቆጣጠር
    Australia_Central:
      long:
        generic: የመካከለኛው አውስትራሊያ ሰዓት አቆጣጠር
        standard: የአውስትራሊያ መካከለኛ መደበኛ የሰዓት አቆጣጠር
        daylight: የአውስትራሊያ መካከለኛ የቀን ሰዓት አቆጣጠር
    Australia_CentralWestern:
      long:
        generic: የአውስትራሊያ መካከለኛ ምስራቃዊ ሰዓት አቆጣጠር
        standard: የአውስትራሊያ መካከለኛ ምስራቃዊ መደበኛ ሰዓት አቆጣጠር
        daylight: የአውስትራሊያ መካከለኛው ምስራቅ የቀን ሰዓት አቆጣጠር
    Australia_Eastern:
      long:
        generic: የምዕራባዊ አውስትራሊያ የሰዓት አቆጣጠር
        standard: የአውስትራሊያ ምዕራባዊ መደበኛ የሰዓት አቆጣጠር
        daylight: የአውስትራሊያ ምዕራባዊ የቀን ሰዓት አቆጣጠር
    Australia_Western:
      long:
        generic: የምስራቃዊ አውስትራሊያ ሰዓት አቆጣጠር
        standard: የአውስትራሊያ ምስራቃዊ መደበኛ ሰዓት አቆጣጠር
        daylight: የአውስትራሊያ ምስራቃዊ የቀን ሰዓት አቆጣጠር
    Azerbaijan:
      long:
        generic: የአዘርባጃን ሰዓት
        standard: የአዘርባጃን መደበኛ ሰዓት
        daylight: የአዘርባጃን ክረምት ሰዓት
    Azores:
      long:
        generic: የአዞረስ ሰዓት
        standard: የአዞረስ መደበኛ ሰዓት
        daylight: የአዞረስ ክረምት ሰዓት
    Bangladesh:
      long:
        generic: የባንግላዴሽ ሰዓት
        standard: የባንግላዴሽ መደበኛ ሰዓት
        daylight: የባንግላዴሽ ክረምት ሰዓት
    Bhutan:
      long:
        standard: የቡታን ሰዓት
    Bolivia:
      long:
        standard: የቦሊቪያ ሰዓት
    Brasilia:
      long:
        generic: የብራዚላዊ ሰዓት አቆጣጠር
        standard: የብራሲሊያ መደበኛ ሰዓት አቆጣጠር
        daylight: የብራዚላ የበጋ ሰዓት አቆጣጠር
    Brunei:
      long:
        standard: የብሩኔይ ዳሩሳላም ሰዓት
    Cape_Verde:
      long:
        generic: የኬፕ ቨርዴ ሰዓት
        standard: የኬፕ ቨርዴ መደበኛ ሰዓት
        daylight: የኬፕ ቨርዴ ክረምት ሰዓት
    Chamorro:
      long:
        standard: የቻሞሮ መደበኛ ሰዓት
    Chatham:
      long:
        generic: የቻታም ሰዓት
        standard: የቻታም መደበኛ ሰዓት
        daylight: የቻታም የቀን ብርሃን ሰዓት
    Chile:
      long:
        generic: የቺሊ ሰዓት
        standard: የቺሊ መደበኛ ሰዓት
        daylight: የቺሊ ክረምት ሰዓት
    China:
      long:
        generic: የቻይና ሰዓት
        standard: የቻይና መደበኛ ሰዓት
        daylight: የቻይና የቀን ብርሃን ሰዓት
    Christmas:
      long:
        standard: የገና ደሴት ሰዓት
    Cocos:
      long:
        standard: የኮኮስ ደሴቶች ሰዓት
    Colombia:
      long:
        generic: የኮሎምቢያ ሰዓት
        standard: የኮሎምቢያ መደበኛ ሰዓት
        daylight: የኮሎምቢያ ክረምት ሰዓት
    Cook:
      long:
        generic: የኩክ ደሴቶች ሰዓት
        standard: የኩክ ደሴቶች መደበኛ ሰዓት
        daylight: የኩክ ደሴቶች ግማሽ ክረምት ሰዓት
    Cuba:
      long:
        generic: ኩባ ሰዓት
        standard: የኩባ መደበኛ ሰዓት
        daylight: የኩባ የቀን ብርሃን ሰዓት
    Davis:
      long:
        standard: የዴቪስ ሰዓት
    DumontDUrville:
      long:
        standard: የዱሞንት-ዱርቪል ሰዓት
    East_Timor:
      long:
        standard: የምስራቅ ቲሞር ሰዓት
    Easter:
      long:
        generic: የኢስተር ደሴት ሰዓት
        standard: የኢስተር ደሴት መደበኛ ሰዓት
        daylight: የኢስተር ደሴት ክረምት ሰዓት
    Ecuador:
      long:
        standard: የኢኳዶር ሰዓት
    Europe_Central:
      long:
        generic: የመካከለኛው አውሮፓ ሰዓት
        standard: የመካከለኛው አውሮፓ መደበኛ ሰዓት
        daylight: የመካከለኛው አውሮፓ ክረምት ሰዓት
    Europe_Eastern:
      long:
        generic: የምስራቃዊ አውሮፓ ሰዓት
        standard: የምስራቃዊ አውሮፓ መደበኛ ሰዓት
        daylight: የምስራቃዊ አውሮፓ ክረምት ሰዓት
    Europe_Further_Eastern:
      long:
        standard: የሩቅ ምስራቅ የአውሮፓ ሰዓት
    Europe_Western:
      long:
        generic: የምዕራባዊ አውሮፓ ሰዓት
        standard: የምዕራባዊ አውሮፓ መደበኛ ሰዓት
        daylight: የምዕራባዊ አውሮፓ ክረምት ሰዓት
    Falkland:
      long:
        generic: የፋልክላንድ ደሴቶች ሰዓት
        standard: የፋልክላንድ ደሴቶች መደበኛ ሰዓት
        daylight: የፋልክላንድ ደሴቶች ክረምት ሰዓት
    Fiji:
      long:
        generic: የፊጂ ሰዓት
        standard: የፊጂ መደበኛ ሰዓት
        daylight: የፊጂ ክረምት ሰዓት
    French_Guiana:
      long:
        standard: የፈረንሳይ ጉያና ሰዓት
    French_Southern:
      long:
        standard: የፈረንሳይ ደቡባዊ እና አንታርክቲክ ሰዓት
    Galapagos:
      long:
        standard: የጋላፓጎስ ሰዓት
    Gambier:
      long:
        standard: የጋምቢየር ሰዓት
    Georgia:
      long:
        generic: የጂዮርጂያ ሰዓት
        standard: የጂዮርጂያ መደበኛ ሰዓት
        daylight: የጂዮርጂያ ክረምት ሰዓት
    Gilbert_Islands:
      long:
        standard: የጂልበርት ደሴቶች ሰዓት
    GMT:
      long:
        standard: ግሪንዊች ማዕከላዊ ሰዓት
    Greenland_Eastern:
      long:
        generic: የምስራቅ ግሪንላንድ ሰዓት
        standard: የምስራቅ ግሪንላንድ መደበኛ ሰዓት
        daylight: የምስራቅ ግሪንላንድ ክረምት ሰዓት
    Greenland_Western:
      long:
        generic: የምዕራብ ግሪንላንድ ሰዓት
        standard: የምዕራብ ግሪንላንድ መደበኛ ሰዓት
        daylight: የምዕራብ ግሪንላንድ ክረምት ሰዓት
    Gulf:
      long:
        standard: የባህረሰላጤ መደበኛ ሰዓት
    Guyana:
      long:
        standard: የጉያና ሰዓት
    Hawaii_Aleutian:
      long:
        generic: የሃዋይ አሌኡት ሰዓት አቆጣጠር
        standard: የሃዋይ አሌኡት መደበኛ ሰዓት አቆጣጠር
        daylight: የሃዋይ አሌኡት የቀን ሰዓት አቆጣጠር
    Hong_Kong:
      long:
        generic: የሆንግ ኮንግ ሰዓት
        standard: የሆንግ ኮንግ መደበኛ ሰዓት
        daylight: የሆንግ ኮንግ ክረምት ሰዓት
    Hovd:
      long:
        generic: የሆቭድ ሰዓት አቆጣጠር
        standard: የሆቭድ መደበኛ የሰዓት አቆጣጠር
        daylight: የሆቭድ የበጋ ሰዓት አቆጣጠር
    India:
      long:
        standard: የህንድ መደበኛ ሰዓት
    Indian_Ocean:
      long:
        standard: የህንድ ውቅያኖስ ሰዓት
    Indochina:
      long:
        standard: የኢንዶቻይና ሰዓት
    Indonesia_Central:
      long:
        standard: የመካከለኛው ኢንዶኔዢያ ሰዓት
    Indonesia_Eastern:
      long:
        standard: የምስራቃዊ ኢንዶኔዢያ ሰዓት
    Indonesia_Western:
      long:
        standard: የምዕራባዊ ኢንዶኔዢያ ሰዓት
    Iran:
      long:
        generic: የኢራን ሰዓት
        standard: የኢራን መደበኛ ሰዓት
        daylight: የኢራን የቀን ብርሃን ሰዓት
    Irkutsk:
      long:
        generic: የኢርኩትስክ ሰዓት አቆጣጠር
        standard: የኢርኩትስክ መደበኛ የሰዓት አቆጣጠር
        daylight: ኢርኩትስክ የበጋ የሰዓት አቆጣጠር
    Israel:
      long:
        generic: የእስራኤል ሰዓት
        standard: የእስራኤል መደበኛ ሰዓት
        daylight: የእስራኤል የቀን ብርሃን ሰዓት
    Japan:
      long:
        generic: የጃፓን ሰዓት
        standard: የጃፓን መደበኛ ሰዓት
        daylight: የጃፓን የቀን ብርሃን ሰዓት
    Kamchatka:
      long:
        generic: የካምቻትካ ሰዓት አቆጣጠር
        standard: የፔትሮፓቭሎስኪ - ካምቻትስኪ ሰዓት አቆጣጠር
        daylight: የፔትሮፓቭሎስኪ - ካምቻትስኪ የበጋ ሰዓት አቆጣጠር
    Kazakhstan:
      long:
        standard: ካዛኪስታን ሰዓት
    Kazakhstan_Eastern:
      long:
        standard: የምስራቅ ካዛኪስታን ሰዓት
    Kazakhstan_Western:
      long:
        standard: የምዕራብ ካዛኪስታን ሰዓት
    Korea:
      long:
        generic: የኮሪያ ሰዓት
        standard: የኮሪያ መደበኛ ሰዓት
        daylight: የኮሪያ የቀን ብርሃን ሰዓት
    Kosrae:
      long:
        standard: የኮስራኤ ሰዓት
    Krasnoyarsk:
      long:
        generic: የክራስኖያርስክ ሰዓት አቆጣጠር
        standard: የክራስኖይአርስክ መደበኛ ሰዓት አቆጣጠር
        daylight: የክራስኖያርስክ የበጋ ሰዓት አቆጣጠር
    Kyrgystan:
      long:
        standard: የኪርጊስታን ሰዓት
    Line_Islands:
      long:
        standard: የላይን ደሴቶች ሰዓት
    Lord_Howe:
      long:
        generic: የሎርድ ሆዌ የሰዓት አቆጣጠር
        standard: የሎርድ ሆዌ መደበኛ የሰዓት አቆጣጠር
        daylight: የሎርድ ሆዌ የቀን ሰዓት አቆጣጠር
    Magadan:
      long:
        generic: የማጋዳን የሰዓት አቆጣጠር
        standard: የማጋዳን መደበኛ ሰዓት አቆጣጠር
        daylight: የማጋዳን በጋ ሰዓት አቆጣጠር
    Malaysia:
      long:
        standard: የማሌይዢያ ሰዓት
    Maldives:
      long:
        standard: የማልዲቭስ ሰዓት
    Marquesas:
      long:
        standard: የማርኴሳስ ሰዓት
    Marshall_Islands:
      long:
        standard: የማርሻል ደሴቶች ሰዓት
    Mauritius:
      long:
        generic: የማውሪሺየስ ሰዓት
        standard: የማውሪሺየስ መደበኛ ሰዓት
        daylight: የማውሪሺየስ ክረምት ሰዓት
    Mawson:
      long:
        standard: የማውሰን ሰዓት
    Mexico_Pacific:
      long:
        generic: የሜክሲኮ ፓሲፊክ ሰዓት አቆጣጠር
        standard: የሜክሲኮ ፓሲፊክ መደበኛ ሰዓት አቆጣጠር
        daylight: የሜክሲኮ ፓሲፊክ የቀን ሰዓት አቆጣጠር
    Mongolia:
      long:
        generic: የኡላን ባቶር ጊዜ
        standard: የኡላን ባቶር መደበኛ ሰዓት አቆጣጠር
        daylight: የኡላን ባቶር የበጋ ሰዓት አቆጣጠር
    Moscow:
      long:
        generic: የሞስኮ ሰዓት አቆጣጠር
        standard: የሞስኮ መደበኛ ሰዓት አቆጣጠር
        daylight: የሞስኮ የበጋ ሰዓት አቆጣጠር
    Myanmar:
      long:
        standard: የሚያንማር ሰዓት
    Nauru:
      long:
        standard: የናውሩ ሰዓት
    Nepal:
      long:
        standard: የኔፓል ሰዓት
    New_Caledonia:
      long:
        generic: የኒው ካሌዶኒያ ሰዓት
        standard: የኒው ካሌዶኒያ መደበኛ ሰዓት
        daylight: የኒው ካሌዶኒያ ክረምት ሰዓት
    New_Zealand:
      long:
        generic: የኒው ዚላንድ ሰዓት
        standard: የኒው ዚላንድ መደበኛ ሰዓት
        daylight: የኒው ዚላንድ የቀን ብርሃን ሰዓት
    Newfoundland:
      long:
        generic: የኒውፋውንድላንድ የሰዓት አቆጣጠር
        standard: የኒውፋውንድላንድ መደበኛ የሰዓት አቆጣጠር
        daylight: የኒውፋውንድላንድ የቀን የሰዓት አቆጣጠር
    Niue:
      long:
        standard: የኒዩዌ ሰዓት
    Norfolk:
      long:
        generic: የኖርፎልክ ደሴቶች ሰዓት
        standard: የኖርፎልክ ደሴቶች መደበኛ የሰዓት አቆጣጠር
        daylight: የኖርፎልክ ደሴቶች የቀን የሰዓት አቆጣጠር
    Noronha:
      long:
        generic: የኖሮንሃ ሰዓት አቆጣጠር
        standard: የፈርናንዶ ዲ ኖሮንቻ መደበኛ ሰዓት አቆጣጠር
        daylight: የፈርናንዶ ዲ ኖሮንሃ የበጋ የሰዓት አቆጣጠር
    Novosibirsk:
      long:
        generic: የኖቮሲብሪስክ የሰዓት አቆጣጠር
        standard: የኖቮሲቢርስክ መደበኛ የሰዓት አቆጣጠር
        daylight: የኖቮሲብሪስክ የበጋ ሰአት አቆጣጠር
    Omsk:
      long:
        generic: የኦምስክ የሰዓት አቆጣጠር
        standard: የኦምስክ መደበኛ ሰዓት አቆጣጠር
        daylight: የኦምስክ የበጋ ሰዓት አቆጣጠር
    Pakistan:
      long:
        generic: የፓኪስታን ሰዓት
        standard: የፓኪስታን መደበኛ ሰዓት
        daylight: የፓኪስታን ክረምት ሰዓት
    Palau:
      long:
        standard: የፓላው ሰዓት
    Papua_New_Guinea:
      long:
        standard: የፓፗ ኒው ጊኒ ሰዓት
    Paraguay:
      long:
        generic: የፓራጓይ ሰዓት
        standard: የፓራጓይ መደበኛ ሰዓት
        daylight: የፓራጓይ ክረምት ሰዓት
    Peru:
      long:
        generic: የፔሩ ሰዓት
        standard: የፔሩ መደበኛ ሰዓት
        daylight: የፔሩ ክረምት ሰዓት
    Philippines:
      long:
        generic: የፊሊፒን ሰዓት
        standard: የፊሊፒን መደበኛ ሰዓት
        daylight: የፊሊፒን ክረምት ሰዓት
    Phoenix_Islands:
      long:
        standard: የፊኒክስ ደሴቶች ሰዓት
    Pierre_Miquelon:
      long:
        generic: ቅዱስ የፒዬር እና ሚኴሎን ሰዓት
        standard: ቅዱስ የፒዬር እና ሚኴሎን መደበኛ ሰዓት
        daylight: ቅዱስ የፒዬር እና ሚኴሎን የቀን ብርሃን ሰዓት
    Pitcairn:
      long:
        standard: የፒትካይርን ሰዓት
    Ponape:
      long:
        standard: የፖናፔ ሰዓት
    Pyongyang:
      long:
        standard: የፕዮንግያንግ ሰዓት
    Reunion:
      long:
        standard: የሬዩኒየን ሰዓት
    Rothera:
      long:
        standard: የሮቴራ ሰዓት
    Sakhalin:
      long:
        generic: የሳክሃሊን ሰዓት አቆጣጠር
        standard: የሳክሃሊን መደበኛ ሰዓት አቆጣጠር
        daylight: የሳክሃሊን የበጋ ሰዓት አቆጣጠር
    Samara:
      long:
        generic: የሳማራ ሰዓት አቆጣጠር
        standard: የሳማራ መደበኛ ሰዓት አቆጣጠር
        daylight: የሳማራ የበጋ ሰዓት አቆጣጠር
    Samoa:
      long:
        generic: የሳሞዋ ሰዓት
        standard: የሳሞዋ መደበኛ ሰዓት
        daylight: የሳሞዋ የበጋ ሰዓት
    Seychelles:
      long:
        standard: የሴሸልስ ሰዓት
    Singapore:
      long:
        standard: የሲንጋፒር መደበኛ ሰዓት
    Solomon:
      long:
        standard: የሰለሞን ደሴቶች ሰዓት
    South_Georgia:
      long:
        standard: የደቡብ ጂዮርጂያ ሰዓት
    Suriname:
      long:
        standard: የሱሪናም ሰዓት
    Syowa:
      long:
        standard: የሲዮዋ ሰዓት
    Tahiti:
      long:
        standard: የታሂቲ ሰዓት
    Taipei:
      long:
        generic: የታይፔይ ሰዓት
        standard: የታይፔይ መደበኛ ሰዓት
        daylight: የታይፔይ የቀን ብርሃን ሰዓት
    Tajikistan:
      long:
        standard: የታጂኪስታን ሰዓት
    Tokelau:
      long:
        standard: የቶኬላው ሰዓት
    Tonga:
      long:
        generic: የቶንጋ ሰዓት
        standard: የቶንጋ መደበኛ ሰዓት
        daylight: የቶንጋ ክረምት ሰዓት
    Truk:
      long:
        standard: የቹክ ሰዓት
    Turkmenistan:
      long:
        generic: የቱርክመኒስታን ሰዓት
        standard: የቱርክመኒስታን መደበኛ ሰዓት
        daylight: የቱርክመኒስታን ክረምት ሰዓት
    Tuvalu:
      long:
        standard: የቱቫሉ ሰዓት
    Uruguay:
      long:
        generic: የኡራጓይ ሰዓት
        standard: የኡራጓይ መደበኛ ሰዓት
        daylight: የኡራጓይ ክረምት ሰዓት
    Uzbekistan:
      long:
        generic: የኡዝቤኪስታን ሰዓት
        standard: የኡዝቤኪስታን መደበኛ ሰዓት
        daylight: የኡዝቤኪስታን ክረምት ሰዓት
    Vanuatu:
      long:
        generic: የቫኗቱ ሰዓት
        standard: የቫኗቱ መደበኛ ሰዓት
        daylight: የቫኗቱ ክረምት ሰዓት
    Venezuela:
      long:
        standard: የቬኔዝዌላ ሰዓት
    Vladivostok:
      long:
        generic: የቭላዲቮስቶክ የሰዓት አቆጣጠር
        standard: የቪላዲቮስቶክ መደበኛ የሰዓት አቆጣጠር
        daylight: የቭላዲቮስቶክ የበጋ የሰዓት አቆጣጠር
    Volgograd:
      long:
        generic: የቮልጎራድ የሰዓት አቆጣጠር
        standard: የቮልጎራድ መደበኛ ሰዓት አቆጣጠር
        daylight: የቫልጎራድ የበጋ ሰዓት አቆጣጠር
    Vostok:
      long:
        standard: የቮስቶክ ሰዓት
    Wake:
      long:
        standard: የዌክ ደሴት ሰዓት
    Wallis:
      long:
        standard: የዋሊስ እና ፉቱና ሰዓት
    Yakutsk:
      long:
        generic: ያኩትስክ የሰዓት አቆጣጠር
        standard: ያኩትስክ መደበኛ ሰዓት አቆጣጠር
        daylight: የያኩትስክ የበጋ ሰዓት አቆጣጠር
    Yekaterinburg:
      long:
        generic: የየካተሪንበርግ ሰዓት አቆጣጠር
        standard: የየካተሪንበርግ መደበኛ ሰዓት አቆጣጠር
        daylight: የየካተሪንበርግ የበጋ ሰዓት አቆጣጠር
    Yukon:
      long:
        standard: የዩኮን ጊዜ
