---
locale: kk
generated_at: '2025-09-15T06:26:33Z'
cldr_version: '46'
timezone_names:
  formats:
    region_format: "{0} уақыты"
    region_format_daylight: "{0} жазғы уақыты"
    region_format_standard: "{0} стандартты уақыты"
  zones:
    Pacific/Honolulu:
      exemplar_city: Гонолулу
    Etc/UTC:
      long:
        standard: Дүниежүзілік үйлестірілген уақыт
    Etc/Unknown:
      exemplar_city: Белгісіз қала
    Europe/Andorra:
      exemplar_city: Андорра
    Asia/Dubai:
      exemplar_city: Дубай
    Asia/Kabul:
      exemplar_city: Кабул
    America/Antigua:
      exemplar_city: Антигуа
    America/Anguilla:
      exemplar_city: Ангилья
    Europe/Tirane:
      exemplar_city: Тирана
    Asia/Yerevan:
      exemplar_city: Ереван
    Africa/Luanda:
      exemplar_city: Луанда
    Antarctica/Rothera:
      exemplar_city: Ротера
    Antarctica/Palmer:
      exemplar_city: Палмер
    Antarctica/Troll:
      exemplar_city: Тролль
    Antarctica/Syowa:
      exemplar_city: Сёва
    Antarctica/Mawson:
      exemplar_city: Моусон
    Antarctica/Davis:
      exemplar_city: Дэйвис
    Antarctica/Vostok:
      exemplar_city: Восток
    Antarctica/Casey:
      exemplar_city: Кейси
    Antarctica/DumontDUrville:
      exemplar_city: Дюмон-д’Юрвиль
    Antarctica/McMurdo:
      exemplar_city: Мак-Мердо
    America/Argentina/Rio_Gallegos:
      exemplar_city: Рио-Гальегос
    America/Mendoza:
      exemplar_city: Мендоса
    America/Argentina/San_Juan:
      exemplar_city: Сан-Хуан
    America/Argentina/Ushuaia:
      exemplar_city: Ушуайя
    America/Argentina/La_Rioja:
      exemplar_city: Ла-Риоха
    America/Argentina/San_Luis:
      exemplar_city: Сан-Луис
    America/Catamarca:
      exemplar_city: Катамарка
    America/Argentina/Salta:
      exemplar_city: Сальта
    America/Jujuy:
      exemplar_city: Жужуй
    America/Argentina/Tucuman:
      exemplar_city: Тукуман
    America/Cordoba:
      exemplar_city: Кордова
    America/Buenos_Aires:
      exemplar_city: Буэнос-Айрес
    Pacific/Pago_Pago:
      exemplar_city: Паго-Паго
    Europe/Vienna:
      exemplar_city: Вена
    Australia/Perth:
      exemplar_city: Перт
    Australia/Eucla:
      exemplar_city: Юкла
    Australia/Darwin:
      exemplar_city: Дарвин
    Australia/Adelaide:
      exemplar_city: Аделаида
    Australia/Broken_Hill:
      exemplar_city: Брокен-Хилл
    Australia/Melbourne:
      exemplar_city: Мельбурн
    Australia/Hobart:
      exemplar_city: Хобарт
    Australia/Lindeman:
      exemplar_city: Линдеман
    Australia/Sydney:
      exemplar_city: Сидней
    Australia/Brisbane:
      exemplar_city: Брисбен
    Antarctica/Macquarie:
      exemplar_city: Маккуори
    Australia/Lord_Howe:
      exemplar_city: Лорд-Хау
    America/Aruba:
      exemplar_city: Аруба
    Europe/Mariehamn:
      exemplar_city: Мариехамн
    Asia/Baku:
      exemplar_city: Баку
    Europe/Sarajevo:
      exemplar_city: Сараево
    America/Barbados:
      exemplar_city: Барбадос
    Asia/Dhaka:
      exemplar_city: Дакка
    Europe/Brussels:
      exemplar_city: Брюссель
    Africa/Ouagadougou:
      exemplar_city: Уагадугу
    Europe/Sofia:
      exemplar_city: София
    Asia/Bahrain:
      exemplar_city: Бахрейн
    Africa/Bujumbura:
      exemplar_city: Бужумбура
    Africa/Porto-Novo:
      exemplar_city: Порто-Ново
    America/St_Barthelemy:
      exemplar_city: Сен-Бартелеми
    Atlantic/Bermuda:
      exemplar_city: Бермуд аралдары
    Asia/Brunei:
      exemplar_city: Бруней
    America/La_Paz:
      exemplar_city: Ла-Пас
    America/Kralendijk:
      exemplar_city: Кралендейк
    America/Eirunepe:
      exemplar_city: Эйрунепе
    America/Rio_Branco:
      exemplar_city: Риу-Бранку
    America/Porto_Velho:
      exemplar_city: Порту-Велью
    America/Boa_Vista:
      exemplar_city: Боа-Виста
    America/Manaus:
      exemplar_city: Манаус
    America/Cuiaba:
      exemplar_city: Куяба
    America/Santarem:
      exemplar_city: Сантарен
    America/Campo_Grande:
      exemplar_city: Кампу-Гранди
    America/Belem:
      exemplar_city: Белен
    America/Araguaina:
      exemplar_city: Арагуаина
    America/Sao_Paulo:
      exemplar_city: Сан-Паулу
    America/Bahia:
      exemplar_city: Баия
    America/Fortaleza:
      exemplar_city: Форталеза
    America/Maceio:
      exemplar_city: Масейо
    America/Recife:
      exemplar_city: Ресифи
    America/Noronha:
      exemplar_city: Норонья
    America/Nassau:
      exemplar_city: Нассау
    Asia/Thimphu:
      exemplar_city: Тхимпху
    Africa/Gaborone:
      exemplar_city: Габороне
    Europe/Minsk:
      exemplar_city: Минск
    America/Belize:
      exemplar_city: Белиз
    America/Dawson:
      exemplar_city: Доусон
    America/Whitehorse:
      exemplar_city: Уайтхорс
    America/Inuvik:
      exemplar_city: Инувик
    America/Vancouver:
      exemplar_city: Ванкувер
    America/Fort_Nelson:
      exemplar_city: Форт-Нельсон
    America/Dawson_Creek:
      exemplar_city: Досон-Крик
    America/Creston:
      exemplar_city: Крестон
    America/Edmonton:
      exemplar_city: Эдмонтон
    America/Swift_Current:
      exemplar_city: Суифт-Каррент
    America/Cambridge_Bay:
      exemplar_city: Кембридж-Бей
    America/Regina:
      exemplar_city: Реджайна
    America/Winnipeg:
      exemplar_city: Виннипег
    America/Resolute:
      exemplar_city: Резольют
    America/Rankin_Inlet:
      exemplar_city: Ранкин-Инлет
    America/Coral_Harbour:
      exemplar_city: Атикокан
    America/Toronto:
      exemplar_city: Торонто
    America/Iqaluit:
      exemplar_city: Икалуит
    America/Moncton:
      exemplar_city: Монктон
    America/Halifax:
      exemplar_city: Галифакс
    America/Goose_Bay:
      exemplar_city: Гус-Бей
    America/Glace_Bay:
      exemplar_city: Глейс-Бей
    America/Blanc-Sablon:
      exemplar_city: Бланк-Саблон
    America/St_Johns:
      exemplar_city: Сент-Джонс
    Indian/Cocos:
      exemplar_city: Кокос аралдары
    Africa/Kinshasa:
      exemplar_city: Киншаса
    Africa/Lubumbashi:
      exemplar_city: Лубумбаши
    Africa/Bangui:
      exemplar_city: Банги
    Africa/Brazzaville:
      exemplar_city: Браззавиль
    Europe/Zurich:
      exemplar_city: Цюрих
    Africa/Abidjan:
      exemplar_city: Абиджан
    Pacific/Rarotonga:
      exemplar_city: Раротонга
    Pacific/Easter:
      exemplar_city: Пасха аралы
    America/Punta_Arenas:
      exemplar_city: Пунта-Аренас
    America/Santiago:
      exemplar_city: Сантьяго
    Africa/Douala:
      exemplar_city: Дуала
    Asia/Urumqi:
      exemplar_city: Үрімші
    Asia/Shanghai:
      exemplar_city: Шанхай
    America/Bogota:
      exemplar_city: Богота
    America/Costa_Rica:
      exemplar_city: Коста-Рика
    America/Havana:
      exemplar_city: Гавана
    Atlantic/Cape_Verde:
      exemplar_city: Кабо-Верде
    America/Curacao:
      exemplar_city: Кюрасао
    Indian/Christmas:
      exemplar_city: Рождество аралы
    Asia/Nicosia:
      exemplar_city: Никосия
    Asia/Famagusta:
      exemplar_city: Фамагуста
    Europe/Prague:
      exemplar_city: Прага
    Europe/Busingen:
      exemplar_city: Бюзинген-ам-Хохрайн
    Europe/Berlin:
      exemplar_city: Берлин
    Africa/Djibouti:
      exemplar_city: Джибути
    Europe/Copenhagen:
      exemplar_city: Копенгаген
    America/Dominica:
      exemplar_city: Доминика
    America/Santo_Domingo:
      exemplar_city: Санто-Доминго
    Africa/Algiers:
      exemplar_city: Алжир
    Pacific/Galapagos:
      exemplar_city: Галапагос
    America/Guayaquil:
      exemplar_city: Гуаякиль
    Europe/Tallinn:
      exemplar_city: Таллин
    Africa/Cairo:
      exemplar_city: Каир
    Africa/El_Aaiun:
      exemplar_city: Эль-Аюн
    Africa/Asmera:
      exemplar_city: Асмара
    Atlantic/Canary:
      exemplar_city: Канар аралдары
    Africa/Ceuta:
      exemplar_city: Сеута
    Europe/Madrid:
      exemplar_city: Мадрид
    Africa/Addis_Ababa:
      exemplar_city: Аддис-Абеба
    Europe/Helsinki:
      exemplar_city: Хельсинки
    Pacific/Fiji:
      exemplar_city: Фиджи
    Atlantic/Stanley:
      exemplar_city: Стэнли
    Pacific/Truk:
      exemplar_city: Трук
    Pacific/Ponape:
      exemplar_city: Понапе
    Pacific/Kosrae:
      exemplar_city: Кусаие
    Atlantic/Faeroe:
      exemplar_city: Фарер аралдары
    Europe/Paris:
      exemplar_city: Париж
    Africa/Libreville:
      exemplar_city: Либревиль
    Europe/London:
      exemplar_city: Лондон
      long:
        daylight: Ұлыбритания жазғы уақыты
    America/Grenada:
      exemplar_city: Гренада
    Asia/Tbilisi:
      exemplar_city: Тбилиси
    America/Cayenne:
      exemplar_city: Кайенна
    Europe/Guernsey:
      exemplar_city: Гернси
    Africa/Accra:
      exemplar_city: Аккра
    Europe/Gibraltar:
      exemplar_city: Гибралтар
    America/Thule:
      exemplar_city: Туле
    America/Godthab:
      exemplar_city: Нуук
    America/Scoresbysund:
      exemplar_city: Иллоккортоормиут
    America/Danmarkshavn:
      exemplar_city: Данмарксхавн
    Africa/Banjul:
      exemplar_city: Банжул
    Africa/Conakry:
      exemplar_city: Конакри
    America/Guadeloupe:
      exemplar_city: Гваделупа
    Africa/Malabo:
      exemplar_city: Малабо
    Europe/Athens:
      exemplar_city: Афина
    Atlantic/South_Georgia:
      exemplar_city: Оңтүстік Георгия
    America/Guatemala:
      exemplar_city: Гватемала
    Pacific/Guam:
      exemplar_city: Гуам
    Africa/Bissau:
      exemplar_city: Бисау
    America/Guyana:
      exemplar_city: Гайана
    Asia/Hong_Kong:
      exemplar_city: Гонконг
    America/Tegucigalpa:
      exemplar_city: Тегусигальпа
    Europe/Zagreb:
      exemplar_city: Загреб
    America/Port-au-Prince:
      exemplar_city: Порт-о-Пренс
    Europe/Budapest:
      exemplar_city: Будапешт
    Asia/Jakarta:
      exemplar_city: Джакарта
    Asia/Pontianak:
      exemplar_city: Понтианак
    Asia/Makassar:
      exemplar_city: Макасар
    Asia/Jayapura:
      exemplar_city: Джаяпура
    Europe/Dublin:
      exemplar_city: Дублин
      long:
        daylight: Ирландия стандартты уақыты
    Asia/Jerusalem:
      exemplar_city: Иерусалим
    Europe/Isle_of_Man:
      exemplar_city: Мэн аралы
    Asia/Calcutta:
      exemplar_city: Калькутта
    Indian/Chagos:
      exemplar_city: Чагос
    Asia/Baghdad:
      exemplar_city: Бағдат
    Asia/Tehran:
      exemplar_city: Тегеран
    Atlantic/Reykjavik:
      exemplar_city: Рейкьявик
    Europe/Rome:
      exemplar_city: Рим
    Europe/Jersey:
      exemplar_city: Джерси
    America/Jamaica:
      exemplar_city: Ямайка
    Asia/Amman:
      exemplar_city: Амман
    Asia/Tokyo:
      exemplar_city: Токио
    Africa/Nairobi:
      exemplar_city: Найроби
    Asia/Bishkek:
      exemplar_city: Бішкек
    Asia/Phnom_Penh:
      exemplar_city: Пномпень
    Pacific/Enderbury:
      exemplar_city: Эндербери
    Pacific/Kanton:
      exemplar_city: Кантон
    Pacific/Kiritimati:
      exemplar_city: Киритимати
    Pacific/Tarawa:
      exemplar_city: Тарава
    Indian/Comoro:
      exemplar_city: Комор аралдары
    America/St_Kitts:
      exemplar_city: Сент-Китс
    Asia/Pyongyang:
      exemplar_city: Пхеньян
    Asia/Seoul:
      exemplar_city: Сеул
    Asia/Kuwait:
      exemplar_city: Кувейт
    America/Cayman:
      exemplar_city: Кайман аралдары
    Asia/Aqtau:
      exemplar_city: Ақтау
    Asia/Oral:
      exemplar_city: Орал
    Asia/Atyrau:
      exemplar_city: Атырау
    Asia/Aqtobe:
      exemplar_city: Ақтөбе
    Asia/Qostanay:
      exemplar_city: Қостанай
    Asia/Qyzylorda:
      exemplar_city: Қызылорда
    Asia/Almaty:
      exemplar_city: Алматы
    Asia/Vientiane:
      exemplar_city: Вьентьян
    Asia/Beirut:
      exemplar_city: Бейрут
    America/St_Lucia:
      exemplar_city: Сент-Люсия
    Europe/Vaduz:
      exemplar_city: Вадуц
    Asia/Colombo:
      exemplar_city: Коломбо
    Africa/Monrovia:
      exemplar_city: Монровия
    Africa/Maseru:
      exemplar_city: Масеру
    Europe/Vilnius:
      exemplar_city: Вильнюс
    Europe/Luxembourg:
      exemplar_city: Люксембург
    Europe/Riga:
      exemplar_city: Рига
    Africa/Tripoli:
      exemplar_city: Триполи
    Africa/Casablanca:
      exemplar_city: Касабланка
    Europe/Monaco:
      exemplar_city: Монако
    Europe/Chisinau:
      exemplar_city: Кишинев
    Europe/Podgorica:
      exemplar_city: Подгорица
    America/Marigot:
      exemplar_city: Мариго
    Indian/Antananarivo:
      exemplar_city: Антананариву
    Pacific/Kwajalein:
      exemplar_city: Кваджалейн
    Pacific/Majuro:
      exemplar_city: Маджуро
    Europe/Skopje:
      exemplar_city: Скопье
    Africa/Bamako:
      exemplar_city: Бамако
    Asia/Rangoon:
      exemplar_city: Янгон
    Asia/Hovd:
      exemplar_city: Ховд
    Asia/Ulaanbaatar:
      exemplar_city: Ұланбатыр
    Asia/Macau:
      exemplar_city: Макао
    Pacific/Saipan:
      exemplar_city: Сайпан
    America/Martinique:
      exemplar_city: Мартиника
    Africa/Nouakchott:
      exemplar_city: Нуакшот
    America/Montserrat:
      exemplar_city: Монтсеррат
    Europe/Malta:
      exemplar_city: Мальта
    Indian/Mauritius:
      exemplar_city: Маврикий
    Indian/Maldives:
      exemplar_city: Мальдив аралдары
    Africa/Blantyre:
      exemplar_city: Блантайр
    America/Tijuana:
      exemplar_city: Тихуана
    America/Hermosillo:
      exemplar_city: Эрмосильо
    America/Ciudad_Juarez:
      exemplar_city: Сьюдад-Хуарес
    America/Mazatlan:
      exemplar_city: Масатлан
    America/Chihuahua:
      exemplar_city: Чиуауа
    America/Bahia_Banderas:
      exemplar_city: Баия-де-Бандерас
    America/Ojinaga:
      exemplar_city: Охинага
    America/Monterrey:
      exemplar_city: Монтеррей
    America/Mexico_City:
      exemplar_city: Мехико
    America/Matamoros:
      exemplar_city: Матаморос
    America/Merida:
      exemplar_city: Мерида
    America/Cancun:
      exemplar_city: Канкун
    Asia/Kuala_Lumpur:
      exemplar_city: Куала-Лумпур
    Asia/Kuching:
      exemplar_city: Кучинг
    Africa/Maputo:
      exemplar_city: Мапуту
    Africa/Windhoek:
      exemplar_city: Виндхук
    Pacific/Noumea:
      exemplar_city: Нумеа
    Africa/Niamey:
      exemplar_city: Ниамей
    Pacific/Norfolk:
      exemplar_city: Норфолк
    Africa/Lagos:
      exemplar_city: Лагос
    America/Managua:
      exemplar_city: Манагуа
    Europe/Amsterdam:
      exemplar_city: Амстердам
    Europe/Oslo:
      exemplar_city: Осло
    Asia/Katmandu:
      exemplar_city: Катманду
    Pacific/Nauru:
      exemplar_city: Науру
    Pacific/Niue:
      exemplar_city: Ниуэ
    Pacific/Chatham:
      exemplar_city: Чатем
    Pacific/Auckland:
      exemplar_city: Окленд
    Asia/Muscat:
      exemplar_city: Маскат
    America/Panama:
      exemplar_city: Панама
    America/Lima:
      exemplar_city: Лима
    Pacific/Tahiti:
      exemplar_city: Таити
    Pacific/Marquesas:
      exemplar_city: Маркиз аралдары
    Pacific/Gambier:
      exemplar_city: Гамбье
    Pacific/Port_Moresby:
      exemplar_city: Порт-Морсби
    Pacific/Bougainville:
      exemplar_city: Бугенвиль
    Asia/Manila:
      exemplar_city: Манила
    Asia/Karachi:
      exemplar_city: Карачи
    Europe/Warsaw:
      exemplar_city: Варшава
    America/Miquelon:
      exemplar_city: Микелон
    Pacific/Pitcairn:
      exemplar_city: Питкэрн
    America/Puerto_Rico:
      exemplar_city: Пуэрто-Рико
    Asia/Gaza:
      exemplar_city: Газа
    Asia/Hebron:
      exemplar_city: Хеврон
    Atlantic/Azores:
      exemplar_city: Азор аралдары
    Atlantic/Madeira:
      exemplar_city: Мадейра
    Europe/Lisbon:
      exemplar_city: Лиссабон
    Pacific/Palau:
      exemplar_city: Палау
    America/Asuncion:
      exemplar_city: Асунсьон
    Asia/Qatar:
      exemplar_city: Катар
    Indian/Reunion:
      exemplar_city: Реюньон
    Europe/Bucharest:
      exemplar_city: Бухарест
    Europe/Belgrade:
      exemplar_city: Белград
    Europe/Kaliningrad:
      exemplar_city: Калининград
    Europe/Moscow:
      exemplar_city: Мәскеу
    Europe/Volgograd:
      exemplar_city: Волгоград
    Europe/Saratov:
      exemplar_city: Саратов
    Europe/Astrakhan:
      exemplar_city: Астрахан
    Europe/Ulyanovsk:
      exemplar_city: Ульяновск
    Europe/Kirov:
      exemplar_city: Киров
    Europe/Samara:
      exemplar_city: Самара
    Asia/Yekaterinburg:
      exemplar_city: Екатеринбург
    Asia/Omsk:
      exemplar_city: Омбы
    Asia/Novosibirsk:
      exemplar_city: Новосібір
    Asia/Barnaul:
      exemplar_city: Барнауыл
    Asia/Tomsk:
      exemplar_city: Томск
    Asia/Novokuznetsk:
      exemplar_city: Новокузнецк
    Asia/Krasnoyarsk:
      exemplar_city: Красноярск
    Asia/Irkutsk:
      exemplar_city: Иркутск
    Asia/Chita:
      exemplar_city: Чита
    Asia/Yakutsk:
      exemplar_city: Якутск
    Asia/Vladivostok:
      exemplar_city: Владивосток
    Asia/Khandyga:
      exemplar_city: Хандыга
    Asia/Sakhalin:
      exemplar_city: Сахалин
    Asia/Ust-Nera:
      exemplar_city: Усть-Нера
    Asia/Magadan:
      exemplar_city: Магадан
    Asia/Srednekolymsk:
      exemplar_city: Среднеколымск
    Asia/Kamchatka:
      exemplar_city: Камчатка
    Asia/Anadyr:
      exemplar_city: Анадыр
    Africa/Kigali:
      exemplar_city: Кигали
    Asia/Riyadh:
      exemplar_city: Эр-Рияд
    Pacific/Guadalcanal:
      exemplar_city: Гуадалканал
    Indian/Mahe:
      exemplar_city: Маэ
    Africa/Khartoum:
      exemplar_city: Хартум
    Europe/Stockholm:
      exemplar_city: Стокгольм
    Asia/Singapore:
      exemplar_city: Сингапур
    Atlantic/St_Helena:
      exemplar_city: Әулие Елена аралы
    Europe/Ljubljana:
      exemplar_city: Любляна
    Arctic/Longyearbyen:
      exemplar_city: Лонгйир
    Europe/Bratislava:
      exemplar_city: Братислава
    Africa/Freetown:
      exemplar_city: Фритаун
    Europe/San_Marino:
      exemplar_city: Сан-Марино
    Africa/Dakar:
      exemplar_city: Дакар
    Africa/Mogadishu:
      exemplar_city: Могадишо
    America/Paramaribo:
      exemplar_city: Парамарибо
    Africa/Juba:
      exemplar_city: Джуба
    Africa/Sao_Tome:
      exemplar_city: Сан-Томе
    America/El_Salvador:
      exemplar_city: Сальвадор
    America/Lower_Princes:
      exemplar_city: Лоуэр-Принс-Куотер
    Asia/Damascus:
      exemplar_city: Дамаск
    Africa/Mbabane:
      exemplar_city: Мбабане
    America/Grand_Turk:
      exemplar_city: Гранд-Терк
    Africa/Ndjamena:
      exemplar_city: Нджамена
    Indian/Kerguelen:
      exemplar_city: Кергелен
    Africa/Lome:
      exemplar_city: Ломе
    Asia/Bangkok:
      exemplar_city: Бангкок
    Asia/Dushanbe:
      exemplar_city: Душанбе
    Pacific/Fakaofo:
      exemplar_city: Факаофо
    Asia/Dili:
      exemplar_city: Дили
    Asia/Ashgabat:
      exemplar_city: Ашхабад
    Africa/Tunis:
      exemplar_city: Тунис
    Pacific/Tongatapu:
      exemplar_city: Тонгатапу
    Europe/Istanbul:
      exemplar_city: Стамбұл
    America/Port_of_Spain:
      exemplar_city: Порт-оф-Спейн
    Pacific/Funafuti:
      exemplar_city: Фунафути
    Asia/Taipei:
      exemplar_city: Тайбэй
    Africa/Dar_es_Salaam:
      exemplar_city: Дар-эс-Салам
    Europe/Kiev:
      exemplar_city: Киев
    Europe/Simferopol:
      exemplar_city: Симферополь
    Africa/Kampala:
      exemplar_city: Кампала
    Pacific/Midway:
      exemplar_city: Мидуэй
    Pacific/Wake:
      exemplar_city: Уэйк
    America/Adak:
      exemplar_city: Адак
    America/Nome:
      exemplar_city: Ном
    America/Anchorage:
      exemplar_city: Анкоридж
    America/Yakutat:
      exemplar_city: Якутат
    America/Sitka:
      exemplar_city: Ситка
    America/Juneau:
      exemplar_city: Джуно
    America/Metlakatla:
      exemplar_city: Метлакатла
    America/Los_Angeles:
      exemplar_city: Лос-Анджелес
    America/Boise:
      exemplar_city: Бойсе
    America/Phoenix:
      exemplar_city: Финикс
    America/Denver:
      exemplar_city: Денвер
    America/North_Dakota/Beulah:
      exemplar_city: Бойла, Солтүстік Дакота
    America/North_Dakota/New_Salem:
      exemplar_city: Нью Сейлем, Солтүстік Дакота
    America/North_Dakota/Center:
      exemplar_city: Сентер, Солтүстік Дакота
    America/Chicago:
      exemplar_city: Чикаго
    America/Menominee:
      exemplar_city: Меномини
    America/Indiana/Vincennes:
      exemplar_city: Винсеннес, Индиана
    America/Indiana/Petersburg:
      exemplar_city: Питерсберг, Индиана
    America/Indiana/Tell_City:
      exemplar_city: Телл-Сити, Индиана
    America/Indiana/Knox:
      exemplar_city: Нокс, Индиана
    America/Indiana/Winamac:
      exemplar_city: Уинамак, Индиана
    America/Indiana/Marengo:
      exemplar_city: Маренго, Индиана
    America/Indianapolis:
      exemplar_city: Индианаполис
    America/Louisville:
      exemplar_city: Луисвилл
    America/Indiana/Vevay:
      exemplar_city: Вивей, Индиана
    America/Kentucky/Monticello:
      exemplar_city: Монтиселло, Кентукки
    America/Detroit:
      exemplar_city: Детройт
    America/New_York:
      exemplar_city: Нью-Йорк
    America/Montevideo:
      exemplar_city: Монтевидео
    Asia/Samarkand:
      exemplar_city: Самарқанд
    Asia/Tashkent:
      exemplar_city: Ташкент
    Europe/Vatican:
      exemplar_city: Ватикан
    America/St_Vincent:
      exemplar_city: Сент-Винсент
    America/Caracas:
      exemplar_city: Каракас
    America/Tortola:
      exemplar_city: Тортола
    America/St_Thomas:
      exemplar_city: Сент-Томас
    Asia/Saigon:
      exemplar_city: Хошимин
    Pacific/Efate:
      exemplar_city: Эфате
    Pacific/Wallis:
      exemplar_city: Уоллис
    Pacific/Apia:
      exemplar_city: Апиа
    Asia/Aden:
      exemplar_city: Аден
    Indian/Mayotte:
      exemplar_city: Майотта
    Africa/Johannesburg:
      exemplar_city: Йоханнесбург
    Africa/Lusaka:
      exemplar_city: Лусака
    Africa/Harare:
      exemplar_city: Хараре
  metazones:
    Afghanistan:
      long:
        standard: Ауғанстан уақыты
    Africa_Central:
      long:
        standard: Орталық Африка уақыты
    Africa_Eastern:
      long:
        standard: Шығыс Африка уақыты
    Africa_Southern:
      long:
        standard: Оңтүстік Африка стандартты уақыты
    Africa_Western:
      long:
        generic: Батыс Африка уақыты
        standard: Батыс Африка стандартты уақыты
        daylight: Батыс Африка жазғы уақыты
    Alaska:
      long:
        generic: Аляска уақыты
        standard: Аляска стандартты уақыты
        daylight: Аляска жазғы уақыты
    Amazon:
      long:
        generic: Амазонка уақыты
        standard: Амазонка стандартты уақыты
        daylight: Амазонка жазғы уақыты
    America_Central:
      long:
        generic: Солтүстік Америка орталық уақыты
        standard: Солтүстік Америка стандартты орталық уақыты
        daylight: Солтүстік Америка жазғы орталық уақыты
    America_Eastern:
      long:
        generic: Солтүстік Америка шығыс уақыты
        standard: Солтүстік Америка стандартты шығыс уақыты
        daylight: Солтүстік Америка жазғы шығыс уақыты
    America_Mountain:
      long:
        generic: Солтүстік Америка тау уақыты
        standard: Солтүстік Америка стандартты тау уақыты
        daylight: Солтүстік Америка жазғы тау уақыты
    America_Pacific:
      long:
        generic: Солтүстік Америка Тынық мұхиты уақыты
        standard: Солтүстік Америка стандартты Тынық мұхиты уақыты
        daylight: Солтүстік Америка жазғы Тынық мұхиты уақыты
    Apia:
      long:
        generic: Апиа уақыты
        standard: Апиа стандартты уақыты
        daylight: Апиа жазғы уақыты
    Arabian:
      long:
        generic: Сауд Арабиясы уақыты
        standard: Сауд Арабиясы стандартты уақыты
        daylight: Сауд Арабиясы жазғы уақыты
    Argentina:
      long:
        generic: Аргентина уақыты
        standard: Аргентина стандартты уақыты
        daylight: Аргентина жазғы уақыты
    Argentina_Western:
      long:
        generic: Батыс Аргентина уақыты
        standard: Батыс Аргентина стандартты уақыты
        daylight: Батыс Аргентина жазғы уақыты
    Armenia:
      long:
        generic: Армения уақыты
        standard: Армения стандартты уақыты
        daylight: Армения жазғы уақыты
    Atlantic:
      long:
        generic: Атлантика уақыты
        standard: Атлантика стандартты уақыты
        daylight: Атлантика жазғы уақыты
    Australia_Central:
      long:
        generic: Орталық Аустралия уақыты
        standard: Аустралия стандартты орталық уақыты
        daylight: Аустралия жазғы орталық уақыты
    Australia_CentralWestern:
      long:
        generic: Аустралия орталық-батыс уақыты
        standard: Аустралия стандартты орталық-батыс уақыты
        daylight: Аустралия жазғы орталық-батыс уақыты
    Australia_Eastern:
      long:
        generic: Шығыс Аустралия уақыты
        standard: Аустралия стандартты шығыс уақыты
        daylight: Аустралия жазғы шығыс уақыты
    Australia_Western:
      long:
        generic: Батыс Аустралия уақыты
        standard: Аустралия стандартты батыс уақыты
        daylight: Аустралия жазғы батыс уақыты
    Azerbaijan:
      long:
        generic: Әзірбайжан уақыты
        standard: Әзірбайжан стандартты уақыты
        daylight: Әзірбайжан жазғы уақыты
    Azores:
      long:
        generic: Азор аралдары уақыты
        standard: Азор аралдары стандартты уақыты
        daylight: Азор аралдары жазғы уақыты
    Bangladesh:
      long:
        generic: Бангладеш уақыты
        standard: Бангладеш стандартты уақыты
        daylight: Бангладеш жазғы уақыты
    Bhutan:
      long:
        standard: Бутан уақыты
    Bolivia:
      long:
        standard: Боливия уақыты
    Brasilia:
      long:
        generic: Бразилия уақыты
        standard: Бразилия стандартты уақыты
        daylight: Бразилия жазғы уақыты
    Brunei:
      long:
        standard: Бруней-Даруссалам уақыты
    Cape_Verde:
      long:
        generic: Кабо-Верде уақыты
        standard: Кабо-Верде стандартты уақыты
        daylight: Кабо-Верде жазғы уақыты
    Chamorro:
      long:
        standard: Чаморро стандартты уақыты
    Chatham:
      long:
        generic: Чатем уақыты
        standard: Чатем стандартты уақыты
        daylight: Чатем жазғы уақыты
    Chile:
      long:
        generic: Чили уақыты
        standard: Чили стандартты уақыты
        daylight: Чили жазғы уақыты
    China:
      long:
        generic: Қытай уақыты
        standard: Қытай стандартты уақыты
        daylight: Қытай жазғы уақыты
    Christmas:
      long:
        standard: Рождество аралының уақыты
    Cocos:
      long:
        standard: Кокос аралдарының уақыты
    Colombia:
      long:
        generic: Колумбия уақыты
        standard: Колумбия стандартты уақыты
        daylight: Колумбия жазғы уақыты
    Cook:
      long:
        generic: Кук аралдарының уақыты
        standard: Кук аралдарының стандартты уақыты
        daylight: Кук аралдарының жартылай жазғы уақыты
    Cuba:
      long:
        generic: Куба уақыты
        standard: Куба стандартты уақыты
        daylight: Куба жазғы уақыты
    Davis:
      long:
        standard: Дейвис уақыты
    DumontDUrville:
      long:
        standard: Дюмон-д’Юрвиль уақыты
    East_Timor:
      long:
        standard: Шығыс Тимор уақыты
    Easter:
      long:
        generic: Пасха аралы уақыты
        standard: Пасха аралы стандартты уақыты
        daylight: Пасха аралы жазғы уақыты
    Ecuador:
      long:
        standard: Эквадор уақыты
    Europe_Central:
      long:
        generic: Орталық Еуропа уақыты
        standard: Орталық Еуропа стандартты уақыты
        daylight: Орталық Еуропа жазғы уақыты
    Europe_Eastern:
      short:
        generic: EET
        standard: EET
        daylight: EEST
      long:
        generic: Шығыс Еуропа уақыты
        standard: Шығыс Еуропа стандартты уақыты
        daylight: Шығыс Еуропа жазғы уақыты
    Europe_Further_Eastern:
      long:
        standard: Қиыр Шығыс Еуропа уақыты
    Europe_Western:
      long:
        generic: Батыс Еуропа уақыты
        standard: Батыс Еуропа стандартты уақыты
        daylight: Батыс Еуропа жазғы уақыты
    Falkland:
      long:
        generic: Фолкленд аралдары уақыты
        standard: Фолкленд аралдары стандартты уақыты
        daylight: Фолкленд аралдары жазғы уақыты
    Fiji:
      long:
        generic: Фиджи уақыты
        standard: Фиджи стандартты уақыты
        daylight: Фиджи жазғы уақыты
    French_Guiana:
      long:
        standard: Француз Гвианасы уақыты
    French_Southern:
      long:
        standard: Францияның оңтүстік аймағы және Антарктика уақыты
    Galapagos:
      long:
        standard: Галапагос уақыты
    Gambier:
      long:
        standard: Гамбье уақыты
    Georgia:
      long:
        generic: Грузия уақыты
        standard: Грузия стандартты уақыты
        daylight: Грузия жазғы уақыты
    Gilbert_Islands:
      long:
        standard: Гилберт аралдарының уақыты
    GMT:
      long:
        standard: Гринвич уақыты
    Greenland_Eastern:
      long:
        generic: Шығыс Гренландия уақыты
        standard: Шығыс Гренландия стандартты уақыты
        daylight: Шығыс Гренландия жазғы уақыты
    Greenland_Western:
      long:
        generic: Батыс Гренландия уақыты
        standard: Батыс Гренландия стандартты уақыты
        daylight: Батыс Гренландия жазғы уақыты
    Gulf:
      long:
        standard: Парсы шығанағы стандартты уақыты
    Guyana:
      long:
        standard: Гайана уақыты
    Hawaii_Aleutian:
      long:
        generic: Гавай және Алеут аралдары уақыты
        standard: Гавай және Алеут аралдары стандартты уақыты
        daylight: Гавай және Алеут аралдары жазғы уақыты
    Hong_Kong:
      long:
        generic: Гонконг уақыты
        standard: Гонконг стандартты уақыты
        daylight: Гонконг жазғы уақыты
    Hovd:
      long:
        generic: Ховд уақыты
        standard: Ховд стандартты уақыты
        daylight: Ховд жазғы уақыты
    India:
      long:
        standard: Үндістан стандартты уақыты
    Indian_Ocean:
      long:
        standard: Үнді мұхиты уақыты
    Indochina:
      long:
        standard: Үндіқытай уақыты
    Indonesia_Central:
      long:
        standard: Орталық Индонезия уақыты
    Indonesia_Eastern:
      long:
        standard: Шығыс Индонезия уақыты
    Indonesia_Western:
      long:
        standard: Батыс Индонезия уақыты
    Iran:
      long:
        generic: Иран уақыты
        standard: Иран стандартты уақыты
        daylight: Иран жазғы уақыты
    Irkutsk:
      long:
        generic: Иркутск уақыты
        standard: Иркутск стандартты уақыты
        daylight: Иркутск жазғы уақыты
    Israel:
      long:
        generic: Израиль уақыты
        standard: Израиль стандартты уақыты
        daylight: Израиль жазғы уақыты
    Japan:
      long:
        generic: Жапония уақыты
        standard: Жапония стандартты уақыты
        daylight: Жапония жазғы уақыты
    Kazakhstan:
      long:
        standard: Қазақстан уақыты
    Kazakhstan_Eastern:
      long:
        standard: Шығыс Қазақстан уақыты
    Kazakhstan_Western:
      long:
        standard: Батыс Қазақстан уақыты
    Korea:
      long:
        generic: Корея уақыты
        standard: Корея стандартты уақыты
        daylight: Корея жазғы уақыты
    Kosrae:
      long:
        standard: Кусаие уақыты
    Krasnoyarsk:
      long:
        generic: Красноярск уақыты
        standard: Красноярск стандартты уақыты
        daylight: Красноярск жазғы уақыты
    Kyrgystan:
      long:
        standard: Қырғызстан уақыты
    Line_Islands:
      long:
        standard: Лайн аралдары уақыты
    Lord_Howe:
      long:
        generic: Лорд-Хау уақыты
        standard: Лорд-Хау стандартты уақыты
        daylight: Лорд-Хау жазғы уақыты
    Magadan:
      long:
        generic: Магадан уақыты
        standard: Магадан стандартты уақыты
        daylight: Магадан жазғы уақыты
    Malaysia:
      long:
        standard: Малайзия уақыты
    Maldives:
      long:
        standard: Мальдив аралдары уақыты
    Marquesas:
      long:
        standard: Маркиз аралдары уақыты
    Marshall_Islands:
      long:
        standard: Маршалл аралдары уақыты
    Mauritius:
      long:
        generic: Маврикий уақыты
        standard: Маврикий стандартты уақыты
        daylight: Маврикий жазғы уақыты
    Mawson:
      long:
        standard: Моусон уақыты
    Mexico_Pacific:
      long:
        generic: Мексика Тынық мұхит уақыты
        standard: Мексика стандартты Тынық мұхит уақыты
        daylight: Мексика жазғы Тынық мұхит уақыты
    Mongolia:
      long:
        generic: Ұланбатыр уақыты
        standard: Ұланбатыр стандартты уақыты
        daylight: Ұланбатыр жазғы уақыты
    Moscow:
      long:
        generic: Мәскеу уақыты
        standard: Мәскеу стандартты уақыты
        daylight: Мәскеу жазғы уақыты
    Myanmar:
      long:
        standard: Мьянма уақыты
    Nauru:
      long:
        standard: Науру уақыты
    Nepal:
      long:
        standard: Непал уақыты
    New_Caledonia:
      long:
        generic: Жаңа Каледония уақыты
        standard: Жаңа Каледония стандартты уақыты
        daylight: Жаңа Каледония жазғы уақыты
    New_Zealand:
      long:
        generic: Жаңа Зеландия уақыты
        standard: Жаңа Зеландия стандартты уақыты
        daylight: Жаңа Зеландия жазғы уақыты
    Newfoundland:
      long:
        generic: Ньюфаундленд уақыты
        standard: Ньюфаундленд стандартты уақыты
        daylight: Ньюфаундленд жазғы уақыты
    Niue:
      long:
        standard: Ниуэ уақыты
    Norfolk:
      long:
        generic: Норфолк аралы уақыты
        standard: Норфолк аралы стандартты уақыты
        daylight: Норфолк аралы жазғы уақыты
    Noronha:
      long:
        generic: Фернанду-ди-Норонья уақыты
        standard: Фернанду-ди-Норонья стандартты уақыты
        daylight: Фернанду-ди-Норонья жазғы уақыты
    Novosibirsk:
      long:
        generic: Новосібір уақыты
        standard: Новосібір стандартты уақыты
        daylight: Новосібір жазғы уақыты
    Omsk:
      long:
        generic: Омбы уақыты
        standard: Омбы стандартты уақыты
        daylight: Омбы жазғы уақыты
    Pakistan:
      long:
        generic: Пәкістан уақыты
        standard: Пәкістан стандартты уақыты
        daylight: Пәкістан жазғы уақыты
    Palau:
      long:
        standard: Палау уақыты
    Papua_New_Guinea:
      long:
        standard: Папуа – Жаңа Гвинея уақыты
    Paraguay:
      long:
        generic: Парагвай уақыты
        standard: Парагвай стандартты уақыты
        daylight: Парагвай жазғы уақыты
    Peru:
      long:
        generic: Перу уақыты
        standard: Перу стандартты уақыты
        daylight: Перу жазғы уақыты
    Philippines:
      long:
        generic: Филиппин аралдары уақыты
        standard: Филиппин аралдары стандартты уақыты
        daylight: Филиппин аралдары жазғы уақыты
    Phoenix_Islands:
      long:
        standard: Феникс аралдары уақыты
    Pierre_Miquelon:
      long:
        generic: Сен-Пьер және Микелон уақыты
        standard: Сен-Пьер және Микелон стандартты уақыты
        daylight: Сен-Пьер және Микелон жазғы уақыты
    Pitcairn:
      long:
        standard: Питкэрн уақыты
    Ponape:
      long:
        standard: Понпеи уақыты
    Pyongyang:
      long:
        standard: Пхеньян уақыты
    Reunion:
      long:
        standard: Реюньон уақыты
    Rothera:
      long:
        standard: Ротера уақыты
    Sakhalin:
      long:
        generic: Сахалин уақыты
        standard: Сахалин стандартты уақыты
        daylight: Сахалин жазғы уақыты
    Samoa:
      long:
        generic: Самоа уақыты
        standard: Самоа стандартты уақыты
        daylight: Самоа жазғы уақыты
    Seychelles:
      long:
        standard: Сейшель аралдары уақыты
    Singapore:
      long:
        standard: Сингапур стандартты уақыты
    Solomon:
      long:
        standard: Соломон аралдары уақыты
    South_Georgia:
      long:
        standard: Оңтүстік Георгия уақыты
    Suriname:
      long:
        standard: Суринам уақыты
    Syowa:
      long:
        standard: Сёва уақыты
    Tahiti:
      long:
        standard: Таити уақыты
    Taipei:
      long:
        generic: Тайбэй уақыты
        standard: Тайбэй стандартты уақыты
        daylight: Тайбэй жазғы уақыты
    Tajikistan:
      long:
        standard: Тәжікстан уақыты
    Tokelau:
      long:
        standard: Токелау уақыты
    Tonga:
      long:
        generic: Тонга уақыты
        standard: Тонга стандартты уақыты
        daylight: Тонга жазғы уақыты
    Truk:
      long:
        standard: Трук уақыты
    Turkmenistan:
      long:
        generic: Түрікменстан уақыты
        standard: Түрікменстан стандартты уақыты
        daylight: Түрікменстан жазғы уақыты
    Tuvalu:
      long:
        standard: Тувалу уақыты
    Uruguay:
      long:
        generic: Уругвай уақыты
        standard: Уругвай стандартты уақыты
        daylight: Уругвай жазғы уақыты
    Uzbekistan:
      long:
        generic: Өзбекстан уақыты
        standard: Өзбекстан стандартты уақыты
        daylight: Өзбекстан жазғы уақыты
    Vanuatu:
      long:
        generic: Вануату уақыты
        standard: Вануату стандартты уақыты
        daylight: Вануату жазғы уақыты
    Venezuela:
      long:
        standard: Венесуэла уақыты
    Vladivostok:
      long:
        generic: Владивосток уақыты
        standard: Владивосток стандартты уақыты
        daylight: Владивосток жазғы уақыты
    Volgograd:
      long:
        generic: Волгоград уақыты
        standard: Волгоград стандартты уақыты
        daylight: Волгоград жазғы уақыты
    Vostok:
      long:
        standard: Восток уақыты
    Wake:
      long:
        standard: Уэйк аралы уақыты
    Wallis:
      long:
        standard: Уоллис және Футуна уақыты
    Yakutsk:
      long:
        generic: Якутск уақыты
        standard: Якутск стандартты уақыты
        daylight: Якутск жазғы уақыты
    Yekaterinburg:
      long:
        generic: Екатеринбург уақыты
        standard: Екатеринбург стандартты уақыты
        daylight: Екатеринбург жазғы уақыты
    Yukon:
      long:
        standard: Юкон уақыты
