---
locale: sr
generated_at: '2025-09-15T06:26:49Z'
cldr_version: '46'
timezone_names:
  formats:
    region_format_daylight: "{0}, летње време"
    region_format_standard: "{0}, стандардно време"
  zones:
    Pacific/Honolulu:
      exemplar_city: Хонолулу
    Etc/UTC:
      long:
        standard: Координисано универзално време
    Etc/Unknown:
      exemplar_city: Непознат град
    Europe/Andorra:
      exemplar_city: Андора
    Asia/Dubai:
      exemplar_city: Дубаи
    Asia/Kabul:
      exemplar_city: Кабул
    America/Antigua:
      exemplar_city: Антигва
    America/Anguilla:
      exemplar_city: Ангвила
    Europe/Tirane:
      exemplar_city: Тирана
    Asia/Yerevan:
      exemplar_city: Јереван
    Africa/Luanda:
      exemplar_city: Луанда
    Antarctica/Rothera:
      exemplar_city: Ротера
    Antarctica/Palmer:
      exemplar_city: Палмер
    Antarctica/Troll:
      exemplar_city: Трол
    Antarctica/Syowa:
      exemplar_city: Шова
    Antarctica/Mawson:
      exemplar_city: Мосон
    Antarctica/Davis:
      exemplar_city: Дејвис
    Antarctica/Vostok:
      exemplar_city: Восток
    Antarctica/Casey:
      exemplar_city: Кејси
    Antarctica/DumontDUrville:
      exemplar_city: Димон д’Урвил
    Antarctica/McMurdo:
      exemplar_city: Макмурдо
    America/Argentina/Rio_Gallegos:
      exemplar_city: Рио Гаљегос
    America/Mendoza:
      exemplar_city: Мендоса
    America/Argentina/San_Juan:
      exemplar_city: Сан Хуан
    America/Argentina/Ushuaia:
      exemplar_city: Ушуаија
    America/Argentina/La_Rioja:
      exemplar_city: Ла Риоха
    America/Argentina/San_Luis:
      exemplar_city: Сан Луи
    America/Catamarca:
      exemplar_city: Катамарка
    America/Argentina/Salta:
      exemplar_city: Салта
    America/Jujuy:
      exemplar_city: Жужуи
    America/Argentina/Tucuman:
      exemplar_city: Тукуман
    America/Cordoba:
      exemplar_city: Кордоба
    America/Buenos_Aires:
      exemplar_city: Буенос Ајрес
    Pacific/Pago_Pago:
      exemplar_city: Паго Паго
    Europe/Vienna:
      exemplar_city: Беч
    Australia/Perth:
      exemplar_city: Перт
    Australia/Eucla:
      exemplar_city: Иукла
    Australia/Darwin:
      exemplar_city: Дарвин
    Australia/Adelaide:
      exemplar_city: Аделејд
    Australia/Broken_Hill:
      exemplar_city: Брокен Хил
    Australia/Melbourne:
      exemplar_city: Мелбурн
    Australia/Hobart:
      exemplar_city: Хобарт
    Australia/Lindeman:
      exemplar_city: Линдеман
    Australia/Sydney:
      exemplar_city: Сиднеј
    Australia/Brisbane:
      exemplar_city: Бризбејн
    Antarctica/Macquarie:
      exemplar_city: Меквори
    Australia/Lord_Howe:
      exemplar_city: Лорд Хау
    America/Aruba:
      exemplar_city: Аруба
    Europe/Mariehamn:
      exemplar_city: Марихамн
    Asia/Baku:
      exemplar_city: Баку
    Europe/Sarajevo:
      exemplar_city: Сарајево
    America/Barbados:
      exemplar_city: Барбадос
    Asia/Dhaka:
      exemplar_city: Дака
    Europe/Brussels:
      exemplar_city: Брисел
    Africa/Ouagadougou:
      exemplar_city: Уагадугу
    Europe/Sofia:
      exemplar_city: Софија
    Asia/Bahrain:
      exemplar_city: Бахреин
    Africa/Bujumbura:
      exemplar_city: Буџумбура
    Africa/Porto-Novo:
      exemplar_city: Порто Ново
    America/St_Barthelemy:
      exemplar_city: Св. Бартоломeј
    Atlantic/Bermuda:
      exemplar_city: Бермуда
    Asia/Brunei:
      exemplar_city: Брунеј
    America/La_Paz:
      exemplar_city: Ла Паз
    America/Kralendijk:
      exemplar_city: Кралендајк
    America/Eirunepe:
      exemplar_city: Еирунепе
    America/Rio_Branco:
      exemplar_city: Рио Бранко
    America/Porto_Velho:
      exemplar_city: Порто Вељо
    America/Boa_Vista:
      exemplar_city: Боа Виста
    America/Manaus:
      exemplar_city: Манаус
    America/Cuiaba:
      exemplar_city: Куиаба
    America/Santarem:
      exemplar_city: Сантарем
    America/Campo_Grande:
      exemplar_city: Кампо Гранде
    America/Belem:
      exemplar_city: Белем
    America/Araguaina:
      exemplar_city: Арагвајана
    America/Sao_Paulo:
      exemplar_city: Сао Паоло
    America/Bahia:
      exemplar_city: Баија
    America/Fortaleza:
      exemplar_city: Форталеза
    America/Maceio:
      exemplar_city: Масејо
    America/Recife:
      exemplar_city: Ресифе
    America/Noronha:
      exemplar_city: Нороња
    America/Nassau:
      exemplar_city: Насау
    Asia/Thimphu:
      exemplar_city: Тимпу
    Africa/Gaborone:
      exemplar_city: Габорон
    Europe/Minsk:
      exemplar_city: Минск
    America/Belize:
      exemplar_city: Белизе
    America/Dawson:
      exemplar_city: Досон
    America/Whitehorse:
      exemplar_city: Вајтхорс
    America/Inuvik:
      exemplar_city: Инувик
    America/Vancouver:
      exemplar_city: Ванкувер
    America/Fort_Nelson:
      exemplar_city: Форт Нелсон
    America/Dawson_Creek:
      exemplar_city: Досон Крик
    America/Creston:
      exemplar_city: Крестон
    America/Edmonton:
      exemplar_city: Едмонтон
    America/Swift_Current:
      exemplar_city: Свифт Курент
    America/Cambridge_Bay:
      exemplar_city: Кембриџ Беј
    America/Regina:
      exemplar_city: Регина
    America/Winnipeg:
      exemplar_city: Винипег
    America/Resolute:
      exemplar_city: Ресолут
    America/Rankin_Inlet:
      exemplar_city: Ранкин Инлет
    America/Coral_Harbour:
      exemplar_city: Корал Харбур
    America/Toronto:
      exemplar_city: Торонто
    America/Iqaluit:
      exemplar_city: Иквалуит
    America/Moncton:
      exemplar_city: Монктон
    America/Halifax:
      exemplar_city: Халифакс
    America/Goose_Bay:
      exemplar_city: Гус Беј
    America/Glace_Bay:
      exemplar_city: Глејс Беј
    America/Blanc-Sablon:
      exemplar_city: Бланк-Сејблон
    America/St_Johns:
      exemplar_city: Св. Џон
    Indian/Cocos:
      exemplar_city: Кокос
    Africa/Kinshasa:
      exemplar_city: Киншаса
    Africa/Lubumbashi:
      exemplar_city: Лубумбаши
    Africa/Bangui:
      exemplar_city: Бангуи
    Africa/Brazzaville:
      exemplar_city: Бразавил
    Europe/Zurich:
      exemplar_city: Цирих
    Africa/Abidjan:
      exemplar_city: Абиџан
    Pacific/Rarotonga:
      exemplar_city: Раротонга
    Pacific/Easter:
      exemplar_city: Ускршње острво
    America/Punta_Arenas:
      exemplar_city: Пунта Аренас
    America/Santiago:
      exemplar_city: Сантјаго
    Africa/Douala:
      exemplar_city: Дуала
    Asia/Urumqi:
      exemplar_city: Урумћи
    Asia/Shanghai:
      exemplar_city: Шангај
    America/Bogota:
      exemplar_city: Богота
    America/Costa_Rica:
      exemplar_city: Костарика
    America/Havana:
      exemplar_city: Хавана
    Atlantic/Cape_Verde:
      exemplar_city: Зеленортска Острва
    America/Curacao:
      exemplar_city: Курасао
    Indian/Christmas:
      exemplar_city: Божић
    Asia/Nicosia:
      exemplar_city: Никозија
    Asia/Famagusta:
      exemplar_city: Фамагуста
    Europe/Prague:
      exemplar_city: Праг
    Europe/Busingen:
      exemplar_city: Бисинген
    Europe/Berlin:
      exemplar_city: Берлин
    Africa/Djibouti:
      exemplar_city: Џибути
    Europe/Copenhagen:
      exemplar_city: Копенхаген
    America/Dominica:
      exemplar_city: Доминика
    America/Santo_Domingo:
      exemplar_city: Санто Доминго
    Africa/Algiers:
      exemplar_city: Алжир
    Pacific/Galapagos:
      exemplar_city: Галапагос
    America/Guayaquil:
      exemplar_city: Гвајакил
    Europe/Tallinn:
      exemplar_city: Талин
    Africa/Cairo:
      exemplar_city: Каиро
    Africa/El_Aaiun:
      exemplar_city: Ел Ајун
    Africa/Asmera:
      exemplar_city: Асмера
    Atlantic/Canary:
      exemplar_city: Канарска острва
    Africa/Ceuta:
      exemplar_city: Сеута
    Europe/Madrid:
      exemplar_city: Мадрид
    Africa/Addis_Ababa:
      exemplar_city: Адис Абеба
    Europe/Helsinki:
      exemplar_city: Хелсинки
    Pacific/Fiji:
      exemplar_city: Фиџи
    Atlantic/Stanley:
      exemplar_city: Стенли
    Pacific/Truk:
      exemplar_city: Трук
    Pacific/Ponape:
      exemplar_city: Понапе
    Pacific/Kosrae:
      exemplar_city: Кошре
    Atlantic/Faeroe:
      exemplar_city: Фарска Острва
    Europe/Paris:
      exemplar_city: Париз
    Africa/Libreville:
      exemplar_city: Либревил
    Europe/London:
      exemplar_city: Лондон
      long:
        daylight: Британија, летње време
    America/Grenada:
      exemplar_city: Гренада
    Asia/Tbilisi:
      exemplar_city: Тбилиси
    America/Cayenne:
      exemplar_city: Кајен
    Europe/Guernsey:
      exemplar_city: Гернзи
    Africa/Accra:
      exemplar_city: Акра
    Europe/Gibraltar:
      exemplar_city: Гибралтар
    America/Thule:
      exemplar_city: Тул
    America/Godthab:
      exemplar_city: Готхаб
    America/Scoresbysund:
      exemplar_city: Скорезбисунд
    America/Danmarkshavn:
      exemplar_city: Данмарксхаген
    Africa/Banjul:
      exemplar_city: Банжул
    Africa/Conakry:
      exemplar_city: Конакри
    America/Guadeloupe:
      exemplar_city: Гвадалупе
    Africa/Malabo:
      exemplar_city: Малабо
    Europe/Athens:
      exemplar_city: Атина
    Atlantic/South_Georgia:
      exemplar_city: Јужна Џорџија
    America/Guatemala:
      exemplar_city: Гватемала
    Pacific/Guam:
      exemplar_city: Гуам
    Africa/Bissau:
      exemplar_city: Бисао
    America/Guyana:
      exemplar_city: Гвајана
    Asia/Hong_Kong:
      exemplar_city: Хонгконг
    America/Tegucigalpa:
      exemplar_city: Тегусигалпа
    Europe/Zagreb:
      exemplar_city: Загреб
    America/Port-au-Prince:
      exemplar_city: Порт о Пренс
    Europe/Budapest:
      exemplar_city: Будимпешта
    Asia/Jakarta:
      exemplar_city: Џакарта
    Asia/Pontianak:
      exemplar_city: Понтијанак
    Asia/Makassar:
      exemplar_city: Макасар
    Asia/Jayapura:
      exemplar_city: Џајапура
    Europe/Dublin:
      exemplar_city: Даблин
      long:
        daylight: Ирска, стандардно време
    Asia/Jerusalem:
      exemplar_city: Јерусалим
    Europe/Isle_of_Man:
      exemplar_city: Острво Ман
    Asia/Calcutta:
      exemplar_city: Калкута
    Indian/Chagos:
      exemplar_city: Чагос
    Asia/Baghdad:
      exemplar_city: Багдад
    Asia/Tehran:
      exemplar_city: Техеран
    Atlantic/Reykjavik:
      exemplar_city: Рејкјавик
    Europe/Rome:
      exemplar_city: Рим
    Europe/Jersey:
      exemplar_city: Џерзи
    America/Jamaica:
      exemplar_city: Јамајка
    Asia/Amman:
      exemplar_city: Аман
    Asia/Tokyo:
      exemplar_city: Токио
    Africa/Nairobi:
      exemplar_city: Најроби
    Asia/Bishkek:
      exemplar_city: Бишкек
    Asia/Phnom_Penh:
      exemplar_city: Пном Пен
    Pacific/Enderbury:
      exemplar_city: Ендербери
    Pacific/Kanton:
      exemplar_city: Кантон
    Pacific/Kiritimati:
      exemplar_city: Киритимати
    Pacific/Tarawa:
      exemplar_city: Тарава
    Indian/Comoro:
      exemplar_city: Коморо
    America/St_Kitts:
      exemplar_city: Сент Китс
    Asia/Pyongyang:
      exemplar_city: Пјонгјанг
    Asia/Seoul:
      exemplar_city: Сеул
    Asia/Kuwait:
      exemplar_city: Кувајт
    America/Cayman:
      exemplar_city: Кајманска Острва
    Asia/Aqtau:
      exemplar_city: Актау
    Asia/Oral:
      exemplar_city: Орал
    Asia/Atyrau:
      exemplar_city: Атирау
    Asia/Aqtobe:
      exemplar_city: Акутобе
    Asia/Qostanay:
      exemplar_city: Костанај
    Asia/Qyzylorda:
      exemplar_city: Кизилорда
    Asia/Almaty:
      exemplar_city: Алмати
    Asia/Vientiane:
      exemplar_city: Вијентијан
    Asia/Beirut:
      exemplar_city: Бејрут
    America/St_Lucia:
      exemplar_city: Св. Луција
    Europe/Vaduz:
      exemplar_city: Вадуз
    Asia/Colombo:
      exemplar_city: Коломбо
    Africa/Monrovia:
      exemplar_city: Монровија
    Africa/Maseru:
      exemplar_city: Масеру
    Europe/Vilnius:
      exemplar_city: Вилњус
    Europe/Luxembourg:
      exemplar_city: Луксембург
    Europe/Riga:
      exemplar_city: Рига
    Africa/Tripoli:
      exemplar_city: Триполи
    Africa/Casablanca:
      exemplar_city: Казабланка
    Europe/Monaco:
      exemplar_city: Монако
    Europe/Chisinau:
      exemplar_city: Кишињев
    Europe/Podgorica:
      exemplar_city: Подгорица
    America/Marigot:
      exemplar_city: Мариго
    Indian/Antananarivo:
      exemplar_city: Антананариво
    Pacific/Kwajalein:
      exemplar_city: Кваџалејин
    Pacific/Majuro:
      exemplar_city: Мајуро
    Europe/Skopje:
      exemplar_city: Скопље
    Africa/Bamako:
      exemplar_city: Бамако
    Asia/Rangoon:
      exemplar_city: Рангун
    Asia/Hovd:
      exemplar_city: Ховд
    Asia/Ulaanbaatar:
      exemplar_city: Улан Батор
    Asia/Macau:
      exemplar_city: Макао
    Pacific/Saipan:
      exemplar_city: Сајпан
    America/Martinique:
      exemplar_city: Мартиник
    Africa/Nouakchott:
      exemplar_city: Нуакшот
    America/Montserrat:
      exemplar_city: Монтсерат
    Europe/Malta:
      exemplar_city: Малта
    Indian/Mauritius:
      exemplar_city: Маурицијус
    Indian/Maldives:
      exemplar_city: Малдиви
    Africa/Blantyre:
      exemplar_city: Блантир
    America/Tijuana:
      exemplar_city: Тихуана
    America/Hermosillo:
      exemplar_city: Хермосиљо
    America/Ciudad_Juarez:
      exemplar_city: Сиудад Хуарез
    America/Mazatlan:
      exemplar_city: Мазатлан
    America/Chihuahua:
      exemplar_city: Чихуахуа
    America/Bahia_Banderas:
      exemplar_city: Баија Бандерас
    America/Ojinaga:
      exemplar_city: Охинага
    America/Monterrey:
      exemplar_city: Монтереј
    America/Mexico_City:
      exemplar_city: Мексико Сити
    America/Matamoros:
      exemplar_city: Матаморос
    America/Merida:
      exemplar_city: Мерида
    America/Cancun:
      exemplar_city: Канкун
    Asia/Kuala_Lumpur:
      exemplar_city: Куала Лумпур
    Asia/Kuching:
      exemplar_city: Кучинг
    Africa/Maputo:
      exemplar_city: Мапуто
    Africa/Windhoek:
      exemplar_city: Виндхук
    Pacific/Noumea:
      exemplar_city: Нумеа
    Africa/Niamey:
      exemplar_city: Нијамеј
    Pacific/Norfolk:
      exemplar_city: Норфолк
    Africa/Lagos:
      exemplar_city: Лагос
    America/Managua:
      exemplar_city: Манагва
    Europe/Amsterdam:
      exemplar_city: Амстердам
    Europe/Oslo:
      exemplar_city: Осло
    Asia/Katmandu:
      exemplar_city: Катманду
    Pacific/Nauru:
      exemplar_city: Науру
    Pacific/Niue:
      exemplar_city: Ниуе
    Pacific/Chatham:
      exemplar_city: Чатам
    Pacific/Auckland:
      exemplar_city: Окланд
    Asia/Muscat:
      exemplar_city: Мускат
    America/Panama:
      exemplar_city: Панама
    America/Lima:
      exemplar_city: Лима
    Pacific/Tahiti:
      exemplar_city: Тахити
    Pacific/Marquesas:
      exemplar_city: Маркиз
    Pacific/Gambier:
      exemplar_city: Гамбије
    Pacific/Port_Moresby:
      exemplar_city: Порт Морзби
    Pacific/Bougainville:
      exemplar_city: Буганвил
    Asia/Manila:
      exemplar_city: Манила
    Asia/Karachi:
      exemplar_city: Карачи
    Europe/Warsaw:
      exemplar_city: Варшава
    America/Miquelon:
      exemplar_city: Микелон
    Pacific/Pitcairn:
      exemplar_city: Питкерн
    America/Puerto_Rico:
      exemplar_city: Порто Рико
    Asia/Gaza:
      exemplar_city: Газа
    Asia/Hebron:
      exemplar_city: Хеброн
    Atlantic/Azores:
      exemplar_city: Азори
    Atlantic/Madeira:
      exemplar_city: Мадеира
    Europe/Lisbon:
      exemplar_city: Лисабон
    Pacific/Palau:
      exemplar_city: Палау
    America/Asuncion:
      exemplar_city: Асунсион
    Asia/Qatar:
      exemplar_city: Катар
    Indian/Reunion:
      exemplar_city: Реунион
    Europe/Bucharest:
      exemplar_city: Букурешт
    Europe/Belgrade:
      exemplar_city: Београд
    Europe/Kaliningrad:
      exemplar_city: Калињинград
    Europe/Moscow:
      exemplar_city: Москва
    Europe/Volgograd:
      exemplar_city: Волгоград
    Europe/Saratov:
      exemplar_city: Саратов
    Europe/Astrakhan:
      exemplar_city: Астракан
    Europe/Ulyanovsk:
      exemplar_city: Уљановск
    Europe/Kirov:
      exemplar_city: Киров
    Europe/Samara:
      exemplar_city: Самара
    Asia/Yekaterinburg:
      exemplar_city: Јекатеринбург
    Asia/Omsk:
      exemplar_city: Омск
    Asia/Novosibirsk:
      exemplar_city: Новосибирск
    Asia/Barnaul:
      exemplar_city: Барнаул
    Asia/Tomsk:
      exemplar_city: Томск
    Asia/Novokuznetsk:
      exemplar_city: Новокузњецк
    Asia/Krasnoyarsk:
      exemplar_city: Краснојарск
    Asia/Irkutsk:
      exemplar_city: Иркуцк
    Asia/Chita:
      exemplar_city: Чита
    Asia/Yakutsk:
      exemplar_city: Јакутск
    Asia/Vladivostok:
      exemplar_city: Владивосток
    Asia/Khandyga:
      exemplar_city: Хандига
    Asia/Sakhalin:
      exemplar_city: Сахалин
    Asia/Ust-Nera:
      exemplar_city: Уст-Нера
    Asia/Magadan:
      exemplar_city: Магадан
    Asia/Srednekolymsk:
      exemplar_city: Средњеколимск
    Asia/Kamchatka:
      exemplar_city: Камчатка
    Asia/Anadyr:
      exemplar_city: Анадир
    Africa/Kigali:
      exemplar_city: Кигали
    Asia/Riyadh:
      exemplar_city: Ријад
    Pacific/Guadalcanal:
      exemplar_city: Гвадалканал
    Indian/Mahe:
      exemplar_city: Махе
    Africa/Khartoum:
      exemplar_city: Картум
    Europe/Stockholm:
      exemplar_city: Стокхолм
    Asia/Singapore:
      exemplar_city: Сингапур
    Atlantic/St_Helena:
      exemplar_city: Света Јелена
    Europe/Ljubljana:
      exemplar_city: Љубљана
    Arctic/Longyearbyen:
      exemplar_city: Лонгјербјен
    Europe/Bratislava:
      exemplar_city: Братислава
    Africa/Freetown:
      exemplar_city: Фритаун
    Europe/San_Marino:
      exemplar_city: Сан Марино
    Africa/Dakar:
      exemplar_city: Дакар
    Africa/Mogadishu:
      exemplar_city: Могадиш
    America/Paramaribo:
      exemplar_city: Парамарибо
    Africa/Juba:
      exemplar_city: Џуба
    Africa/Sao_Tome:
      exemplar_city: Сао Томе
    America/El_Salvador:
      exemplar_city: Салвадор
    America/Lower_Princes:
      exemplar_city: Лоуер Принсиз Квортер
    Asia/Damascus:
      exemplar_city: Дамаск
    Africa/Mbabane:
      exemplar_city: Мбабане
    America/Grand_Turk:
      exemplar_city: Гранд Турк
    Africa/Ndjamena:
      exemplar_city: Нџамена
    Indian/Kerguelen:
      exemplar_city: Кергелен
    Africa/Lome:
      exemplar_city: Ломе
    Asia/Bangkok:
      exemplar_city: Бангкок
    Asia/Dushanbe:
      exemplar_city: Душанбе
    Pacific/Fakaofo:
      exemplar_city: Факаофо
    Asia/Dili:
      exemplar_city: Дили
    Asia/Ashgabat:
      exemplar_city: Ашхабад
    Africa/Tunis:
      exemplar_city: Тунис
    Pacific/Tongatapu:
      exemplar_city: Тонгатапу
    Europe/Istanbul:
      exemplar_city: Истанбул
    America/Port_of_Spain:
      exemplar_city: Порт оф Спејн
    Pacific/Funafuti:
      exemplar_city: Фунафути
    Asia/Taipei:
      exemplar_city: Тајпеј
    Africa/Dar_es_Salaam:
      exemplar_city: Дар-ес-Салам
    Europe/Kiev:
      exemplar_city: Кијев
    Europe/Simferopol:
      exemplar_city: Симферопољ
    Africa/Kampala:
      exemplar_city: Кампала
    Pacific/Midway:
      exemplar_city: Мидвеј
    Pacific/Wake:
      exemplar_city: Вејк
    America/Adak:
      exemplar_city: Адак
    America/Nome:
      exemplar_city: Ном
    America/Anchorage:
      exemplar_city: Енкориџ
    America/Yakutat:
      exemplar_city: Јакутат
    America/Sitka:
      exemplar_city: Ситка
    America/Juneau:
      exemplar_city: Жуно
    America/Metlakatla:
      exemplar_city: Метлакатла
    America/Los_Angeles:
      exemplar_city: Лос Анђелес
    America/Boise:
      exemplar_city: Бојзи
    America/Phoenix:
      exemplar_city: Финикс
    America/Denver:
      exemplar_city: Денвер
    America/North_Dakota/Beulah:
      exemplar_city: Бијула, Северна Дакота
    America/North_Dakota/New_Salem:
      exemplar_city: Нови Салем, Северна Дакота
    America/North_Dakota/Center:
      exemplar_city: Центар, Северна Дакота
    America/Chicago:
      exemplar_city: Чикаго
    America/Menominee:
      exemplar_city: Меномини
    America/Indiana/Vincennes:
      exemplar_city: Винценес, Индијана
    America/Indiana/Petersburg:
      exemplar_city: Питерсбург, Индијана
    America/Indiana/Tell_City:
      exemplar_city: Тел Сити, Индијана
    America/Indiana/Knox:
      exemplar_city: Нокс, Индијана
    America/Indiana/Winamac:
      exemplar_city: Винамак, Индијана
    America/Indiana/Marengo:
      exemplar_city: Маренго, Индијана
    America/Indianapolis:
      exemplar_city: Индианаполис
    America/Louisville:
      exemplar_city: Луивиле
    America/Indiana/Vevay:
      exemplar_city: Вевај, Индијана
    America/Kentucky/Monticello:
      exemplar_city: Монтичело, Кентаки
    America/Detroit:
      exemplar_city: Детроит
    America/New_York:
      exemplar_city: Њујорк
    America/Montevideo:
      exemplar_city: Монтевидео
    Asia/Samarkand:
      exemplar_city: Самарканд
    Asia/Tashkent:
      exemplar_city: Ташкент
    Europe/Vatican:
      exemplar_city: Ватикан
    America/St_Vincent:
      exemplar_city: Сент Винсент
    America/Caracas:
      exemplar_city: Каракас
    America/Tortola:
      exemplar_city: Тортола
    America/St_Thomas:
      exemplar_city: Св. Тома
    Asia/Saigon:
      exemplar_city: Хо Ши Мин
    Pacific/Efate:
      exemplar_city: Ефат
    Pacific/Wallis:
      exemplar_city: Валис
    Pacific/Apia:
      exemplar_city: Апија
    Asia/Aden:
      exemplar_city: Аден
    Indian/Mayotte:
      exemplar_city: Мајот
    Africa/Johannesburg:
      exemplar_city: Јоханесбург
    Africa/Lusaka:
      exemplar_city: Лусака
    Africa/Harare:
      exemplar_city: Хараре
  metazones:
    Acre:
      long:
        generic: Акре време
        standard: Акре стандардно време
        daylight: Акре летње рачунање времена
    Afghanistan:
      long:
        standard: Авганистан време
    Africa_Central:
      long:
        standard: Централно-афричко време
    Africa_Eastern:
      long:
        standard: Источно-афричко време
    Africa_Southern:
      long:
        standard: Јужно-афричко време
    Africa_Western:
      long:
        generic: Западно-афричко време
        standard: Западно-афричко стандардно време
        daylight: Западно-афричко летње време
    Alaska:
      long:
        generic: Аљаска
        standard: Аљаска, стандардно време
        daylight: Аљаска, летње време
    Almaty:
      long:
        generic: Алмати време
        standard: Алмати стандардно време
        daylight: Алмати летње рачунање времена
    Amazon:
      long:
        generic: Амазон време
        standard: Амазон, стандардно време
        daylight: Амазон, летње време
    America_Central:
      long:
        generic: Северноамеричко централно време
        standard: Северноамеричко централно стандардно време
        daylight: Северноамеричко централно летње време
    America_Eastern:
      long:
        generic: Северноамеричко источно време
        standard: Северноамеричко источно стандардно време
        daylight: Северноамеричко источно летње време
    America_Mountain:
      long:
        generic: Северноамеричко планинско време
        standard: Северноамеричко планинско стандардно време
        daylight: Северноамеричко планинско летње време
    America_Pacific:
      long:
        generic: Северноамеричко пацифичко време
        standard: Северноамеричко пацифичко стандардно време
        daylight: Северноамеричко пацифичко летње време
    Anadyr:
      long:
        generic: Анадир време
        standard: Анадир стандардно време
        daylight: Анадир летње рачунање времена
    Apia:
      long:
        generic: Апија време
        standard: Апија, стандардно време
        daylight: Апија, летње време
    Aqtau:
      long:
        generic: Акватау време
        standard: Акватау стандардно време
        daylight: Акватау летње рачунање времена
    Aqtobe:
      long:
        generic: Акутобе време
        standard: Акутобе стандардно време
        daylight: Акутобе летње рачунање времена
    Arabian:
      long:
        generic: Арабијско време
        standard: Арабијско стандардно време
        daylight: Арабијско летње време
    Argentina:
      long:
        generic: Аргентина време
        standard: Аргентина, стандардно време
        daylight: Аргентина, летње време
    Argentina_Western:
      long:
        generic: Западна Аргентина време
        standard: Западна Аргентина, стандардно време
        daylight: Западна Аргентина, летње време
    Armenia:
      long:
        generic: Јерменија време
        standard: Јерменија, стандардно време
        daylight: Јерменија, летње време
    Atlantic:
      long:
        generic: Атлантско време
        standard: Атлантско стандардно време
        daylight: Атлантско летње време
    Australia_Central:
      long:
        generic: Аустралијско централно време
        standard: Аустралијско централно стандардно време
        daylight: Аустралијско централно летње време
    Australia_CentralWestern:
      long:
        generic: Аустралијско централно западно време
        standard: Аустралијско централно западно стандардно време
        daylight: Аустралијско централно западно летње време
    Australia_Eastern:
      long:
        generic: Аустралијско источно време
        standard: Аустралијско источно стандардно време
        daylight: Аустралијско источно летње време
    Australia_Western:
      long:
        generic: Аустралијско западно време
        standard: Аустралијско западно стандардно време
        daylight: Аустралијско западно летње време
    Azerbaijan:
      long:
        generic: Азербејџан време
        standard: Азербејџан, стандардно време
        daylight: Азербејџан, летње време
    Azores:
      long:
        generic: Азори време
        standard: Азори, стандардно време
        daylight: Азори, летње време
    Bangladesh:
      long:
        generic: Бангладеш време
        standard: Бангладеш, стандардно време
        daylight: Бангладеш, летње време
    Bhutan:
      long:
        standard: Бутан време
    Bolivia:
      long:
        standard: Боливија време
    Brasilia:
      long:
        generic: Бразилија време
        standard: Бразилија, стандардно време
        daylight: Бразилија, летње време
    Brunei:
      long:
        standard: Брунеј Дарусалум време
    Cape_Verde:
      long:
        generic: Зеленортска Острва време
        standard: Зеленортска Острва, стандардно време
        daylight: Зеленортска Острва, летње време
    Chamorro:
      long:
        standard: Чаморо време
    Chatham:
      long:
        generic: Чатам време
        standard: Чатам, стандардно време
        daylight: Чатам, летње време
    Chile:
      long:
        generic: Чиле време
        standard: Чиле, стандардно време
        daylight: Чиле, летње време
    China:
      long:
        generic: Кина време
        standard: Кинеско стандардно време
        daylight: Кина, летње време
    Christmas:
      long:
        standard: Божићно острво време
    Cocos:
      long:
        standard: Кокос (Келинг) Острва време
    Colombia:
      long:
        generic: Колумбија време
        standard: Колумбија, стандардно време
        daylight: Колумбија, летње време
    Cook:
      long:
        generic: Кукова острва време
        standard: Кукова острва, стандардно време
        daylight: Кукова острва, полу-летње време
    Cuba:
      long:
        generic: Куба
        standard: Куба, стандардно време
        daylight: Куба, летње време
    Davis:
      long:
        standard: Дејвис време
    DumontDUrville:
      long:
        standard: Димон д’Урвил време
    East_Timor:
      long:
        standard: Источни тимор време
    Easter:
      long:
        generic: Ускршња острва време
        standard: Ускршња острва, стандардно време
        daylight: Ускршња острва, летње време
    Ecuador:
      long:
        standard: Еквадор време
    Europe_Central:
      short:
        generic: CET
        standard: CET
        daylight: CEST
      long:
        generic: Средњеевропско време
        standard: Средњеевропско стандардно време
        daylight: Средњеевропско летње време
    Europe_Eastern:
      short:
        generic: EET
        standard: EET
        daylight: EEST
      long:
        generic: Источноевропско време
        standard: Источноевропско стандардно време
        daylight: Источноевропско летње време
    Europe_Further_Eastern:
      long:
        standard: Време даљег истока Европе
    Europe_Western:
      short:
        generic: WET
        standard: WET
        daylight: WEST
      long:
        generic: Западноевропско време
        standard: Западноевропско стандардно време
        daylight: Западноевропско летње време
    Falkland:
      long:
        generic: Фолкландска Острва време
        standard: Фолкландска Острва, стандардно време
        daylight: Фолкландска Острва, летње време
    Fiji:
      long:
        generic: Фиџи време
        standard: Фиџи, стандардно време
        daylight: Фиџи, летње време
    French_Guiana:
      long:
        standard: Француска Гвајана време
    French_Southern:
      long:
        standard: Француско јужно и антарктичко време
    Galapagos:
      long:
        standard: Галапагос време
    Gambier:
      long:
        standard: Гамбије време
    Georgia:
      long:
        generic: Грузија време
        standard: Грузија, стандардно време
        daylight: Грузија, летње време
    Gilbert_Islands:
      long:
        standard: Гилберт острва време
    GMT:
      short:
        standard: GMT
      long:
        standard: Средње време по Гриничу
    Greenland_Eastern:
      long:
        generic: Источни Гренланд
        standard: Источни Гренланд, стандардно време
        daylight: Источни Гренланд, летње време
    Greenland_Western:
      long:
        generic: Западни Гренланд
        standard: Западни Гренланд, стандардно време
        daylight: Западни Гренланд, летње време
    Guam:
      long:
        standard: Гуам стандардно време
    Gulf:
      long:
        standard: Заливско време
    Guyana:
      long:
        standard: Гвајана време
    Hawaii_Aleutian:
      long:
        generic: Хавајско-алеутско време
        standard: Хавајско-алеутско стандардно време
        daylight: Хавајско-алеутско летње време
    Hong_Kong:
      long:
        generic: Хонг Конг време
        standard: Хонг Конг, стандардно време
        daylight: Хонг Конг, летње време
    Hovd:
      long:
        generic: Ховд време
        standard: Ховд, стандардно време
        daylight: Ховд, летње време
    India:
      long:
        standard: Индијско стандардно време
    Indian_Ocean:
      long:
        standard: Индијско океанско време
    Indochina:
      long:
        standard: Индокина време
    Indonesia_Central:
      long:
        standard: Централно-индонезијско време
    Indonesia_Eastern:
      long:
        standard: Источно-индонезијско време
    Indonesia_Western:
      long:
        standard: Западно-индонезијско време
    Iran:
      long:
        generic: Иран време
        standard: Иран, стандардно време
        daylight: Иран, летње време
    Irkutsk:
      long:
        generic: Иркуцк време
        standard: Иркуцк, стандардно време
        daylight: Иркуцк, летње време
    Israel:
      long:
        generic: Израелско време
        standard: Израелско стандардно време
        daylight: Израелско летње време
    Japan:
      long:
        generic: Јапанско време
        standard: Јапанско стандардно време
        daylight: Јапанско летње време
    Kamchatka:
      long:
        generic: Петропавловско-камчатско време
        standard: Петропавловско-камчатско стандардно време
        daylight: Петропавловско-камчатско летње рачунање времена
    Kazakhstan:
      long:
        standard: Казахстанско време
    Kazakhstan_Eastern:
      long:
        standard: Источно-казахстанско време
    Kazakhstan_Western:
      long:
        standard: Западно-казахстанско време
    Korea:
      long:
        generic: Корејско време
        standard: Корејско стандардно време
        daylight: Корејско летње време
    Kosrae:
      long:
        standard: Кошре време
    Krasnoyarsk:
      long:
        generic: Краснојарск време
        standard: Краснојарск, стандардно време
        daylight: Краснојарск, летње време
    Kyrgystan:
      long:
        standard: Киргистан време
    Lanka:
      long:
        standard: Шри Ланка време
    Line_Islands:
      long:
        standard: Острва Лајн време
    Lord_Howe:
      long:
        generic: Лорд Хов време
        standard: Лорд Хов, стандардно време
        daylight: Лорд Хов, летње време
    Macau:
      long:
        generic: Макао време
        standard: Макао стандардно време
        daylight: Макао летње рачунање времена
    Magadan:
      long:
        generic: Магадан време
        standard: Магадан, стандардно време
        daylight: Магадан, летње време
    Malaysia:
      long:
        standard: Малезија време
    Maldives:
      long:
        standard: Малдиви време
    Marquesas:
      long:
        standard: Маркиз време
    Marshall_Islands:
      long:
        standard: Маршалска Острва време
    Mauritius:
      long:
        generic: Маурицијус време
        standard: Маурицијус, стандардно време
        daylight: Маурицијус, летње време
    Mawson:
      long:
        standard: Мосон време
    Mexico_Pacific:
      long:
        generic: Мексички Пацифик
        standard: Мексички Пацифик, стандардно време
        daylight: Мексички Пацифик, летње време
    Mongolia:
      long:
        generic: Улан Батор време
        standard: Улан Батор, стандардно време
        daylight: Улан Батор, летње време
    Moscow:
      long:
        generic: Москва време
        standard: Москва, стандардно време
        daylight: Москва, летње време
    Myanmar:
      long:
        standard: Мијанмар време
    Nauru:
      long:
        standard: Науру време
    Nepal:
      long:
        standard: Непал време
    New_Caledonia:
      long:
        generic: Нова Каледонија време
        standard: Нова Каледонија, стандардно време
        daylight: Нова Каледонија, летње време
    New_Zealand:
      long:
        generic: Нови Зеланд време
        standard: Нови Зеланд, стандардно време
        daylight: Нови Зеланд, летње време
    Newfoundland:
      long:
        generic: Њуфаундленд
        standard: Њуфаундленд, стандардно време
        daylight: Њуфаундленд, летње време
    Niue:
      long:
        standard: Ниуе време
    Norfolk:
      long:
        generic: Норфолк Острво време
        standard: Норфолк Острво, стандардно време
        daylight: Норфолк Острво, летње време
    Noronha:
      long:
        generic: Фернандо де Нороња време
        standard: Фернандо де Нороња, стандардно време
        daylight: Фернандо де Нороња, летње време
    North_Mariana:
      long:
        standard: Северна Маријанска Острва време
    Novosibirsk:
      long:
        generic: Новосибирск време
        standard: Новосибирск, стандардно време
        daylight: Новосибирск, летње време
    Omsk:
      long:
        generic: Омск време
        standard: Омск, стандардно време
        daylight: Омск, летње време
    Pakistan:
      long:
        generic: Пакистан време
        standard: Пакистан, стандардно време
        daylight: Пакистан, летње време
    Palau:
      long:
        standard: Палау време
    Papua_New_Guinea:
      long:
        standard: Папуа Нова Гвинеја време
    Paraguay:
      long:
        generic: Парагвај време
        standard: Парагвај, стандардно време
        daylight: Парагвај, летње време
    Peru:
      long:
        generic: Перу време
        standard: Перу, стандардно време
        daylight: Перу, летње време
    Philippines:
      long:
        generic: Филипини време
        standard: Филипини, стандардно време
        daylight: Филипини, летње време
    Phoenix_Islands:
      long:
        standard: Феникс острва време
    Pierre_Miquelon:
      long:
        generic: Сен Пјер и Микелон
        standard: Сен Пјер и Микелон, стандардно време
        daylight: Сен Пјер и Микелон, летње време
    Pitcairn:
      long:
        standard: Питкерн време
    Ponape:
      long:
        standard: Понпеј време
    Pyongyang:
      long:
        standard: Пјонгјаншко време
    Qyzylorda:
      long:
        generic: Кизилорда време
        standard: Кизилорда стандардно време
        daylight: Кизилорда летње рачунање времена
    Reunion:
      long:
        standard: Реинион време
    Rothera:
      long:
        standard: Ротера време
    Sakhalin:
      long:
        generic: Сахалин време
        standard: Сахалин, стандардно време
        daylight: Сахалин, летње време
    Samara:
      long:
        generic: Самара време
        standard: Самара стандардно време
        daylight: Самара летње рачунање времена
    Samoa:
      long:
        generic: Самоа време
        standard: Самоа, стандардно време
        daylight: Самоа, летње време
    Seychelles:
      long:
        standard: Сејшели време
    Singapore:
      long:
        standard: Сингапур, стандардно време
    Solomon:
      long:
        standard: Соломонска Острва време
    South_Georgia:
      long:
        standard: Јужна Џорџија време
    Suriname:
      long:
        standard: Суринам време
    Syowa:
      long:
        standard: Шова време
    Tahiti:
      long:
        standard: Тахити време
    Taipei:
      long:
        generic: Тајпеј време
        standard: Тајпеј, стандардно време
        daylight: Тајпеј, летње време
    Tajikistan:
      long:
        standard: Таџикистан време
    Tokelau:
      long:
        standard: Токелау време
    Tonga:
      long:
        generic: Тонга време
        standard: Тонга, стандардно време
        daylight: Тонга, летње време
    Truk:
      long:
        standard: Чуук време
    Turkmenistan:
      long:
        generic: Туркменистан време
        standard: Туркменистан, стандардно време
        daylight: Туркменистан, летње време
    Tuvalu:
      long:
        standard: Тувалу време
    Uruguay:
      long:
        generic: Уругвај време
        standard: Уругвај, стандардно време
        daylight: Уругвај, летње време
    Uzbekistan:
      long:
        generic: Узбекистан време
        standard: Узбекистан, стандардно време
        daylight: Узбекистан, летње време
    Vanuatu:
      long:
        generic: Вануату време
        standard: Вануату, стандардно време
        daylight: Вануату, летње време
    Venezuela:
      long:
        standard: Венецуела време
    Vladivostok:
      long:
        generic: Владивосток време
        standard: Владивосток, стандардно време
        daylight: Владивосток, летње време
    Volgograd:
      long:
        generic: Волгоград време
        standard: Волгоград, стандардно време
        daylight: Волгоград, летње време
    Vostok:
      long:
        standard: Восток време
    Wake:
      long:
        standard: Вејк острво време
    Wallis:
      long:
        standard: Валис и Футуна Острва време
    Yakutsk:
      long:
        generic: Јакутск време
        standard: Јакутск, стандардно време
        daylight: Јакутск, летње време
    Yekaterinburg:
      long:
        generic: Јекатеринбург време
        standard: Јекатеринбург, стандардно време
        daylight: Јекатеринбург, летње време
    Yukon:
      long:
        standard: Јукон
