---
locale: ar
generated_at: '2025-09-15T06:26:15Z'
cldr_version: '46'
timezone_names:
  formats:
    gmt_format: غرينتش{0}
    region_format: توقيت {0}
    region_format_daylight: توقيت {0} الصيفي
    region_format_standard: توقيت {0} الرسمي
  zones:
    Pacific/Honolulu:
      exemplar_city: هونولولو
    Etc/UTC:
      long:
        standard: التوقيت العالمي المنسق
    Etc/Unknown:
      exemplar_city: مدينة غير معروفة
    Europe/Andorra:
      exemplar_city: أندورا
    Asia/Dubai:
      exemplar_city: دبي
    Asia/Kabul:
      exemplar_city: كابول
    America/Antigua:
      exemplar_city: أنتيغوا
    America/Anguilla:
      exemplar_city: أنغويلا
    Europe/Tirane:
      exemplar_city: تيرانا
    Asia/Yerevan:
      exemplar_city: يريفان
    Africa/Luanda:
      exemplar_city: لواندا
    Antarctica/Rothera:
      exemplar_city: روثيرا
    Antarctica/Palmer:
      exemplar_city: بالمير
    Antarctica/Troll:
      exemplar_city: ترول
    Antarctica/Syowa:
      exemplar_city: سايووا
    Antarctica/Mawson:
      exemplar_city: ماوسون
    Antarctica/Davis:
      exemplar_city: دافيز
    Antarctica/Vostok:
      exemplar_city: فوستوك
    Antarctica/Casey:
      exemplar_city: كاساي
    Antarctica/DumontDUrville:
      exemplar_city: دي مونت دو روفيل
    Antarctica/McMurdo:
      exemplar_city: ماك موردو
    America/Argentina/Rio_Gallegos:
      exemplar_city: ريو جالييوس
    America/Mendoza:
      exemplar_city: ميندوزا
    America/Argentina/San_Juan:
      exemplar_city: سان خوان
    America/Argentina/Ushuaia:
      exemplar_city: أشوا
    America/Argentina/La_Rioja:
      exemplar_city: لا ريوجا
    America/Argentina/San_Luis:
      exemplar_city: سان لويس
    America/Catamarca:
      exemplar_city: كاتاماركا
    America/Argentina/Salta:
      exemplar_city: سالطا
    America/Jujuy:
      exemplar_city: جوجو
    America/Argentina/Tucuman:
      exemplar_city: تاكمان
    America/Cordoba:
      exemplar_city: كوردوبا
    America/Buenos_Aires:
      exemplar_city: بوينوس أيرس
    Pacific/Pago_Pago:
      exemplar_city: باغو باغو
    Europe/Vienna:
      exemplar_city: فيينا
    Australia/Perth:
      exemplar_city: برثا
    Australia/Eucla:
      exemplar_city: أوكلا
    Australia/Darwin:
      exemplar_city: دارون
    Australia/Adelaide:
      exemplar_city: أديليد
    Australia/Broken_Hill:
      exemplar_city: بروكن هيل
    Australia/Melbourne:
      exemplar_city: ميلبورن
    Australia/Hobart:
      exemplar_city: هوبارت
    Australia/Lindeman:
      exemplar_city: ليندمان
    Australia/Sydney:
      exemplar_city: سيدني
    Australia/Brisbane:
      exemplar_city: برسيبان
    Antarctica/Macquarie:
      exemplar_city: ماكواري
    Australia/Lord_Howe:
      exemplar_city: لورد هاو
    America/Aruba:
      exemplar_city: أروبا
    Europe/Mariehamn:
      exemplar_city: ماريهامن
    Asia/Baku:
      exemplar_city: باكو
    Europe/Sarajevo:
      exemplar_city: سراييفو
    America/Barbados:
      exemplar_city: بربادوس
    Asia/Dhaka:
      exemplar_city: دكا
    Europe/Brussels:
      exemplar_city: بروكسل
    Africa/Ouagadougou:
      exemplar_city: واغادوغو
    Europe/Sofia:
      exemplar_city: صوفيا
    Asia/Bahrain:
      exemplar_city: البحرين
    Africa/Bujumbura:
      exemplar_city: بوجومبورا
    Africa/Porto-Novo:
      exemplar_city: بورتو نوفو
    America/St_Barthelemy:
      exemplar_city: سانت بارتيليمي
    Atlantic/Bermuda:
      exemplar_city: برمودا
    Asia/Brunei:
      exemplar_city: بروناي
    America/La_Paz:
      exemplar_city: لا باز
    America/Kralendijk:
      exemplar_city: كرالنديك
    America/Eirunepe:
      exemplar_city: ايرونبي
    America/Rio_Branco:
      exemplar_city: ريوبرانكو
    America/Porto_Velho:
      exemplar_city: بورتو فيلو
    America/Boa_Vista:
      exemplar_city: باو فيستا
    America/Manaus:
      exemplar_city: ماناوس
    America/Cuiaba:
      exemplar_city: كيابا
    America/Santarem:
      exemplar_city: سانتاريم
    America/Campo_Grande:
      exemplar_city: كومبو جراند
    America/Belem:
      exemplar_city: بلم
    America/Araguaina:
      exemplar_city: أروجوانيا
    America/Sao_Paulo:
      exemplar_city: ساو باولو
    America/Bahia:
      exemplar_city: باهيا
    America/Fortaleza:
      exemplar_city: فورتاليزا
    America/Maceio:
      exemplar_city: ماشيو
    America/Recife:
      exemplar_city: ريسيف
    America/Noronha:
      exemplar_city: نوروناه
    America/Nassau:
      exemplar_city: ناسو
    Asia/Thimphu:
      exemplar_city: تيمفو
    Africa/Gaborone:
      exemplar_city: غابورون
    Europe/Minsk:
      exemplar_city: مينسك
    America/Belize:
      exemplar_city: بليز
    America/Dawson:
      exemplar_city: داوسان
    America/Whitehorse:
      exemplar_city: وايت هورس
    America/Inuvik:
      exemplar_city: اينوفيك
    America/Vancouver:
      exemplar_city: فانكوفر
    America/Fort_Nelson:
      exemplar_city: فورت نيلسون
    America/Dawson_Creek:
      exemplar_city: داوسن كريك
    America/Creston:
      exemplar_city: كريستون
    America/Edmonton:
      exemplar_city: ايدمونتون
    America/Swift_Current:
      exemplar_city: سوفت كارنت
    America/Cambridge_Bay:
      exemplar_city: كامبرديج باي
    America/Regina:
      exemplar_city: ريجينا
    America/Winnipeg:
      exemplar_city: وينيبيج
    America/Resolute:
      exemplar_city: ريزولوت
    America/Rankin_Inlet:
      exemplar_city: رانكن انلت
    America/Coral_Harbour:
      exemplar_city: كورال هاربر
    America/Toronto:
      exemplar_city: تورونتو
    America/Iqaluit:
      exemplar_city: اكويلت
    America/Moncton:
      exemplar_city: وينكتون
    America/Halifax:
      exemplar_city: هاليفاكس
    America/Goose_Bay:
      exemplar_city: جوس باي
    America/Glace_Bay:
      exemplar_city: جلاس باي
    America/Blanc-Sablon:
      exemplar_city: بلانك-سابلون
    America/St_Johns:
      exemplar_city: سانت جونس
    Indian/Cocos:
      exemplar_city: كوكوس
    Africa/Kinshasa:
      exemplar_city: كينشاسا
    Africa/Lubumbashi:
      exemplar_city: لومبباشا
    Africa/Bangui:
      exemplar_city: بانغوي
    Africa/Brazzaville:
      exemplar_city: برازافيل
    Europe/Zurich:
      exemplar_city: زيورخ
    Africa/Abidjan:
      exemplar_city: أبيدجان
    Pacific/Rarotonga:
      exemplar_city: راروتونغا
    Pacific/Easter:
      exemplar_city: استر
    America/Punta_Arenas:
      exemplar_city: بونتا أريناز
    America/Santiago:
      exemplar_city: سانتياغو
    Africa/Douala:
      exemplar_city: دوالا
    Asia/Urumqi:
      exemplar_city: أرومكي
    Asia/Shanghai:
      exemplar_city: شنغهاي
    America/Bogota:
      exemplar_city: بوغوتا
    America/Costa_Rica:
      exemplar_city: كوستاريكا
    America/Havana:
      exemplar_city: هافانا
    Atlantic/Cape_Verde:
      exemplar_city: الرأس الأخضر
    America/Curacao:
      exemplar_city: كوراساو
    Indian/Christmas:
      exemplar_city: كريسماس
    Asia/Nicosia:
      exemplar_city: نيقوسيا
    Asia/Famagusta:
      exemplar_city: فاماغوستا
    Europe/Prague:
      exemplar_city: براغ
    Europe/Busingen:
      exemplar_city: بوسنغن
    Europe/Berlin:
      exemplar_city: برلين
    Africa/Djibouti:
      exemplar_city: جيبوتي
    Europe/Copenhagen:
      exemplar_city: كوبنهاغن
    America/Dominica:
      exemplar_city: دومينيكا
    America/Santo_Domingo:
      exemplar_city: سانتو دومينغو
    Africa/Algiers:
      exemplar_city: الجزائر
    Pacific/Galapagos:
      exemplar_city: جلاباجوس
    America/Guayaquil:
      exemplar_city: غواياكويل
    Europe/Tallinn:
      exemplar_city: تالين
    Africa/Cairo:
      exemplar_city: القاهرة
    Africa/El_Aaiun:
      exemplar_city: العيون
    Africa/Asmera:
      exemplar_city: أسمرة
    Atlantic/Canary:
      exemplar_city: كناري
    Africa/Ceuta:
      exemplar_city: سيتا
    Europe/Madrid:
      exemplar_city: مدريد
    Africa/Addis_Ababa:
      exemplar_city: أديس أبابا
    Europe/Helsinki:
      exemplar_city: هلسنكي
    Pacific/Fiji:
      exemplar_city: فيجي
    Atlantic/Stanley:
      exemplar_city: استانلي
    Pacific/Truk:
      exemplar_city: ترك
    Pacific/Ponape:
      exemplar_city: باناب
    Pacific/Kosrae:
      exemplar_city: كوسرا
    Atlantic/Faeroe:
      exemplar_city: فارو
    Europe/Paris:
      exemplar_city: باريس
    Africa/Libreville:
      exemplar_city: ليبرفيل
    Europe/London:
      exemplar_city: لندن
      long:
        daylight: توقيت بريطانيا الصيفي
    America/Grenada:
      exemplar_city: غرينادا
    Asia/Tbilisi:
      exemplar_city: تبليسي
    America/Cayenne:
      exemplar_city: كايين
    Europe/Guernsey:
      exemplar_city: غيرنزي
    Africa/Accra:
      exemplar_city: أكرا
    Europe/Gibraltar:
      exemplar_city: جبل طارق
    America/Thule:
      exemplar_city: ثيل
    America/Godthab:
      exemplar_city: غودثاب
    America/Scoresbysund:
      exemplar_city: سكورسبيسند
    America/Danmarkshavn:
      exemplar_city: دانمرك شافن
    Africa/Banjul:
      exemplar_city: بانجول
    Africa/Conakry:
      exemplar_city: كوناكري
    America/Guadeloupe:
      exemplar_city: غوادلوب
    Africa/Malabo:
      exemplar_city: مالابو
    Europe/Athens:
      exemplar_city: أثينا
    Atlantic/South_Georgia:
      exemplar_city: جورجيا الجنوبية
    America/Guatemala:
      exemplar_city: غواتيمالا
    Pacific/Guam:
      exemplar_city: غوام
    Africa/Bissau:
      exemplar_city: بيساو
    America/Guyana:
      exemplar_city: غيانا
    Asia/Hong_Kong:
      exemplar_city: هونغ كونغ
    America/Tegucigalpa:
      exemplar_city: تيغوسيغالبا
    Europe/Zagreb:
      exemplar_city: زغرب
    America/Port-au-Prince:
      exemplar_city: بورت أو برنس
    Europe/Budapest:
      exemplar_city: بودابست
    Asia/Jakarta:
      exemplar_city: جاكرتا
    Asia/Pontianak:
      exemplar_city: بونتيانك
    Asia/Makassar:
      exemplar_city: ماكسار
    Asia/Jayapura:
      exemplar_city: جايابيورا
    Europe/Dublin:
      exemplar_city: دبلن
      long:
        daylight: توقيت أيرلندا الرسمي
    Asia/Jerusalem:
      exemplar_city: القدس
    Europe/Isle_of_Man:
      exemplar_city: جزيرة مان
    Asia/Calcutta:
      exemplar_city: كالكتا
    Indian/Chagos:
      exemplar_city: تشاغوس
    Asia/Baghdad:
      exemplar_city: بغداد
    Asia/Tehran:
      exemplar_city: طهران
    Atlantic/Reykjavik:
      exemplar_city: ريكيافيك
    Europe/Rome:
      exemplar_city: روما
    Europe/Jersey:
      exemplar_city: جيرسي
    America/Jamaica:
      exemplar_city: جامايكا
    Asia/Amman:
      exemplar_city: عمّان
    Asia/Tokyo:
      exemplar_city: طوكيو
    Africa/Nairobi:
      exemplar_city: نيروبي
    Asia/Bishkek:
      exemplar_city: بشكيك
    Asia/Phnom_Penh:
      exemplar_city: بنوم بنه
    Pacific/Enderbury:
      exemplar_city: اندربيرج
    Pacific/Kanton:
      exemplar_city: كانتون
    Pacific/Kiritimati:
      exemplar_city: كيريتي ماتي
    Pacific/Tarawa:
      exemplar_city: تاراوا
    Indian/Comoro:
      exemplar_city: جزر القمر
    America/St_Kitts:
      exemplar_city: سانت كيتس
    Asia/Pyongyang:
      exemplar_city: بيونغ يانغ
    Asia/Seoul:
      exemplar_city: سول
    Asia/Kuwait:
      exemplar_city: الكويت
    America/Cayman:
      exemplar_city: كايمان
    Asia/Aqtau:
      exemplar_city: أكتاو
    Asia/Oral:
      exemplar_city: أورال
    Asia/Atyrau:
      exemplar_city: أتيراو
    Asia/Aqtobe:
      exemplar_city: أكتوب
    Asia/Qostanay:
      exemplar_city: قوستاناي
    Asia/Qyzylorda:
      exemplar_city: كيزيلوردا
    Asia/Almaty:
      exemplar_city: ألماتي
    Asia/Vientiane:
      exemplar_city: فيانتيان
    Asia/Beirut:
      exemplar_city: بيروت
    America/St_Lucia:
      exemplar_city: سانت لوشيا
    Europe/Vaduz:
      exemplar_city: فادوز
    Asia/Colombo:
      exemplar_city: كولومبو
    Africa/Monrovia:
      exemplar_city: مونروفيا
    Africa/Maseru:
      exemplar_city: ماسيرو
    Europe/Vilnius:
      exemplar_city: فيلنيوس
    Europe/Luxembourg:
      exemplar_city: لوكسمبورغ
    Europe/Riga:
      exemplar_city: ريغا
    Africa/Tripoli:
      exemplar_city: طرابلس
    Africa/Casablanca:
      exemplar_city: الدار البيضاء
    Europe/Monaco:
      exemplar_city: موناكو
    Europe/Chisinau:
      exemplar_city: تشيسيناو
    Europe/Podgorica:
      exemplar_city: بودغوريكا
    America/Marigot:
      exemplar_city: ماريغوت
    Indian/Antananarivo:
      exemplar_city: أنتاناناريفو
    Pacific/Kwajalein:
      exemplar_city: كواجالين
    Pacific/Majuro:
      exemplar_city: ماجورو
    Europe/Skopje:
      exemplar_city: سكوبي
    Africa/Bamako:
      exemplar_city: باماكو
    Asia/Rangoon:
      exemplar_city: رانغون
    Asia/Hovd:
      exemplar_city: هوفد
    Asia/Ulaanbaatar:
      exemplar_city: آلانباتار
    Asia/Macau:
      exemplar_city: ماكاو
    Pacific/Saipan:
      exemplar_city: سايبان
    America/Martinique:
      exemplar_city: المارتينيك
    Africa/Nouakchott:
      exemplar_city: نواكشوط
    America/Montserrat:
      exemplar_city: مونتسيرات
    Europe/Malta:
      exemplar_city: مالطة
    Indian/Mauritius:
      exemplar_city: موريشيوس
    Indian/Maldives:
      exemplar_city: المالديف
    Africa/Blantyre:
      exemplar_city: بلانتاير
    America/Tijuana:
      exemplar_city: تيخوانا
    America/Hermosillo:
      exemplar_city: هيرموسيلو
    America/Ciudad_Juarez:
      exemplar_city: سيوداد خواريز
    America/Mazatlan:
      exemplar_city: مازاتلان
    America/Chihuahua:
      exemplar_city: تشيواوا
    America/Bahia_Banderas:
      exemplar_city: باهيا بانديراس
    America/Ojinaga:
      exemplar_city: أوجيناجا
    America/Monterrey:
      exemplar_city: مونتيري
    America/Mexico_City:
      exemplar_city: مكسيكو سيتي
    America/Matamoros:
      exemplar_city: ماتاموروس
    America/Merida:
      exemplar_city: ميريدا
    America/Cancun:
      exemplar_city: كانكون
    Asia/Kuala_Lumpur:
      exemplar_city: كوالا لامبور
    Asia/Kuching:
      exemplar_city: كيشينج
    Africa/Maputo:
      exemplar_city: مابوتو
    Africa/Windhoek:
      exemplar_city: ويندهوك
    Pacific/Noumea:
      exemplar_city: نوميا
    Africa/Niamey:
      exemplar_city: نيامي
    Pacific/Norfolk:
      exemplar_city: نورفولك
    Africa/Lagos:
      exemplar_city: لاغوس
    America/Managua:
      exemplar_city: ماناغوا
    Europe/Amsterdam:
      exemplar_city: أمستردام
    Europe/Oslo:
      exemplar_city: أوسلو
    Asia/Katmandu:
      exemplar_city: كاتماندو
    Pacific/Nauru:
      exemplar_city: ناورو
    Pacific/Niue:
      exemplar_city: نيوي
    Pacific/Chatham:
      exemplar_city: تشاثام
    Pacific/Auckland:
      exemplar_city: أوكلاند
    Asia/Muscat:
      exemplar_city: مسقط
    America/Panama:
      exemplar_city: بنما
    America/Lima:
      exemplar_city: ليما
    Pacific/Tahiti:
      exemplar_city: تاهيتي
    Pacific/Marquesas:
      exemplar_city: ماركيساس
    Pacific/Gambier:
      exemplar_city: جامبير
    Pacific/Port_Moresby:
      exemplar_city: بور مورسبي
    Pacific/Bougainville:
      exemplar_city: بوغانفيل
    Asia/Manila:
      exemplar_city: مانيلا
    Asia/Karachi:
      exemplar_city: كراتشي
    Europe/Warsaw:
      exemplar_city: وارسو
    America/Miquelon:
      exemplar_city: مكويلون
    Pacific/Pitcairn:
      exemplar_city: بيتكيرن
    America/Puerto_Rico:
      exemplar_city: بورتوريكو
    Asia/Gaza:
      exemplar_city: غزة
    Asia/Hebron:
      exemplar_city: هيبرون (مدينة الخليل)
    Atlantic/Azores:
      exemplar_city: أزورس
    Atlantic/Madeira:
      exemplar_city: ماديرا
    Europe/Lisbon:
      exemplar_city: لشبونة
    Pacific/Palau:
      exemplar_city: بالاو
    America/Asuncion:
      exemplar_city: أسونسيون
    Asia/Qatar:
      exemplar_city: قطر
    Indian/Reunion:
      exemplar_city: ريونيون
    Europe/Bucharest:
      exemplar_city: بوخارست
    Europe/Belgrade:
      exemplar_city: بلغراد
    Europe/Kaliningrad:
      exemplar_city: كالينجراد
    Europe/Moscow:
      exemplar_city: موسكو
    Europe/Volgograd:
      exemplar_city: فولوجراد
    Europe/Saratov:
      exemplar_city: ساراتوف
    Europe/Astrakhan:
      exemplar_city: أستراخان
    Europe/Ulyanovsk:
      exemplar_city: أوليانوفسك
    Europe/Kirov:
      exemplar_city: كيروف
    Europe/Samara:
      exemplar_city: سمراء
    Asia/Yekaterinburg:
      exemplar_city: يكاترنبيرج
    Asia/Omsk:
      exemplar_city: أومسك
    Asia/Novosibirsk:
      exemplar_city: نوفوسبيرسك
    Asia/Barnaul:
      exemplar_city: بارناول
    Asia/Tomsk:
      exemplar_city: تومسك
    Asia/Novokuznetsk:
      exemplar_city: نوفوكوزنتسك
    Asia/Krasnoyarsk:
      exemplar_city: كراسنويارسك
    Asia/Irkutsk:
      exemplar_city: ايركيتسك
    Asia/Chita:
      exemplar_city: تشيتا
    Asia/Yakutsk:
      exemplar_city: ياكتسك
    Asia/Vladivostok:
      exemplar_city: فلاديفوستك
    Asia/Khandyga:
      exemplar_city: خانديجا
    Asia/Sakhalin:
      exemplar_city: سكالين
    Asia/Ust-Nera:
      exemplar_city: أوست نيرا
    Asia/Magadan:
      exemplar_city: مجادن
    Asia/Srednekolymsk:
      exemplar_city: سريدنكوليمسك
    Asia/Kamchatka:
      exemplar_city: كامتشاتكا
    Asia/Anadyr:
      exemplar_city: أندير
    Africa/Kigali:
      exemplar_city: كيغالي
    Asia/Riyadh:
      exemplar_city: الرياض
    Pacific/Guadalcanal:
      exemplar_city: غوادالكانال
    Indian/Mahe:
      exemplar_city: ماهي
    Africa/Khartoum:
      exemplar_city: الخرطوم
    Europe/Stockholm:
      exemplar_city: ستوكهولم
    Asia/Singapore:
      exemplar_city: سنغافورة
    Atlantic/St_Helena:
      exemplar_city: سانت هيلينا
    Europe/Ljubljana:
      exemplar_city: ليوبليانا
    Arctic/Longyearbyen:
      exemplar_city: لونجيربين
    Europe/Bratislava:
      exemplar_city: براتيسلافا
    Africa/Freetown:
      exemplar_city: فري تاون
    Europe/San_Marino:
      exemplar_city: سان مارينو
    Africa/Dakar:
      exemplar_city: داكار
    Africa/Mogadishu:
      exemplar_city: مقديشيو
    America/Paramaribo:
      exemplar_city: باراماريبو
    Africa/Juba:
      exemplar_city: جوبا
    Africa/Sao_Tome:
      exemplar_city: ساو تومي
    America/El_Salvador:
      exemplar_city: السلفادور
    America/Lower_Princes:
      exemplar_city: حي الأمير السفلي
    Asia/Damascus:
      exemplar_city: دمشق
    Africa/Mbabane:
      exemplar_city: مباباني
    America/Grand_Turk:
      exemplar_city: غراند ترك
    Africa/Ndjamena:
      exemplar_city: نجامينا
    Indian/Kerguelen:
      exemplar_city: كيرغويلين
    Africa/Lome:
      exemplar_city: لومي
    Asia/Bangkok:
      exemplar_city: بانكوك
    Asia/Dushanbe:
      exemplar_city: دوشانبي
    Pacific/Fakaofo:
      exemplar_city: فاكاوفو
    Asia/Dili:
      exemplar_city: ديلي
    Asia/Ashgabat:
      exemplar_city: عشق آباد
    Africa/Tunis:
      exemplar_city: تونس
    Pacific/Tongatapu:
      exemplar_city: تونغاتابو
    Europe/Istanbul:
      exemplar_city: إسطنبول
    America/Port_of_Spain:
      exemplar_city: بورت أوف سبين
    Pacific/Funafuti:
      exemplar_city: فونافوتي
    Asia/Taipei:
      exemplar_city: تايبيه
    Africa/Dar_es_Salaam:
      exemplar_city: دار السلام
    Europe/Kiev:
      exemplar_city: كييف
    Europe/Simferopol:
      exemplar_city: سيمفروبول
    Africa/Kampala:
      exemplar_city: كامبالا
    Pacific/Midway:
      exemplar_city: ميدواي
    Pacific/Wake:
      exemplar_city: واك
    America/Adak:
      exemplar_city: أداك
    America/Nome:
      exemplar_city: نوم
    America/Anchorage:
      exemplar_city: أنشوراج
    America/Yakutat:
      exemplar_city: ياكوتات
    America/Sitka:
      exemplar_city: سيتكا
    America/Juneau:
      exemplar_city: جوني
    America/Metlakatla:
      exemplar_city: ميتلاكاتلا
    America/Los_Angeles:
      exemplar_city: لوس انجلوس
    America/Boise:
      exemplar_city: بويس
    America/Phoenix:
      exemplar_city: فينكس
    America/Denver:
      exemplar_city: دنفر
    America/North_Dakota/Beulah:
      exemplar_city: بيولا، داكوتا الشمالية
    America/North_Dakota/New_Salem:
      exemplar_city: نيو ساليم
    America/North_Dakota/Center:
      exemplar_city: سنتر
    America/Chicago:
      exemplar_city: شيكاغو
    America/Menominee:
      exemplar_city: مينوميني
    America/Indiana/Vincennes:
      exemplar_city: فينسينس
    America/Indiana/Petersburg:
      exemplar_city: بيترسبرغ
    America/Indiana/Tell_City:
      exemplar_city: مدينة تل، إنديانا
    America/Indiana/Knox:
      exemplar_city: كونكس
    America/Indiana/Winamac:
      exemplar_city: ويناماك
    America/Indiana/Marengo:
      exemplar_city: مارنجو
    America/Indianapolis:
      exemplar_city: إنديانابوليس
    America/Louisville:
      exemplar_city: لويس فيل
    America/Indiana/Vevay:
      exemplar_city: فيفاي
    America/Kentucky/Monticello:
      exemplar_city: مونتيسيلو
    America/Detroit:
      exemplar_city: ديترويت
    America/New_York:
      exemplar_city: نيويورك
    America/Montevideo:
      exemplar_city: مونتفيديو
    Asia/Samarkand:
      exemplar_city: سمرقند
    Asia/Tashkent:
      exemplar_city: طشقند
    Europe/Vatican:
      exemplar_city: الفاتيكان
    America/St_Vincent:
      exemplar_city: سانت فنسنت
    America/Caracas:
      exemplar_city: كاراكاس
    America/Tortola:
      exemplar_city: تورتولا
    America/St_Thomas:
      exemplar_city: سانت توماس
    Asia/Saigon:
      exemplar_city: مدينة هو تشي منة
    Pacific/Efate:
      exemplar_city: إيفات
    Pacific/Wallis:
      exemplar_city: واليس
    Pacific/Apia:
      exemplar_city: أبيا
    Asia/Aden:
      exemplar_city: عدن
    Indian/Mayotte:
      exemplar_city: مايوت
    Africa/Johannesburg:
      exemplar_city: جوهانسبرغ
    Africa/Lusaka:
      exemplar_city: لوساكا
    Africa/Harare:
      exemplar_city: هراري
  metazones:
    Afghanistan:
      long:
        standard: توقيت أفغانستان
    Africa_Central:
      long:
        standard: توقيت وسط أفريقيا
    Africa_Eastern:
      long:
        standard: توقيت شرق أفريقيا
    Africa_Southern:
      long:
        standard: توقيت جنوب أفريقيا
    Africa_Western:
      long:
        generic: توقيت غرب أفريقيا
        standard: توقيت غرب أفريقيا الرسمي
        daylight: توقيت غرب أفريقيا الصيفي
    Alaska:
      long:
        generic: توقيت ألاسكا
        standard: التوقيت الرسمي لألاسكا
        daylight: توقيت ألاسكا الصيفي
    Amazon:
      long:
        generic: توقيت الأمازون
        standard: توقيت الأمازون الرسمي
        daylight: توقيت الأمازون الصيفي
    America_Central:
      long:
        generic: التوقيت المركزي لأمريكا الشمالية
        standard: التوقيت الرسمي المركزي لأمريكا الشمالية
        daylight: التوقيت الصيفي المركزي لأمريكا الشمالية
    America_Eastern:
      long:
        generic: التوقيت الشرقي لأمريكا الشمالية
        standard: التوقيت الرسمي الشرقي لأمريكا الشمالية
        daylight: التوقيت الصيفي الشرقي لأمريكا الشمالية
    America_Mountain:
      long:
        generic: التوقيت الجبلي لأمريكا الشمالية
        standard: التوقيت الجبلي الرسمي لأمريكا الشمالية
        daylight: التوقيت الجبلي الصيفي لأمريكا الشمالية
    America_Pacific:
      long:
        generic: توقيت المحيط الهادي
        standard: توقيت المحيط الهادي الرسمي
        daylight: توقيت المحيط الهادي الصيفي
    Anadyr:
      long:
        generic: توقيت أنادير
        standard: توقيت أنادير الرسمي
        daylight: التوقيت الصيفي لأنادير
    Apia:
      long:
        generic: توقيت آبيا
        standard: التوقيت الرسمي لآبيا
        daylight: التوقيت الصيفي لأبيا
    Arabian:
      long:
        generic: التوقيت العربي
        standard: التوقيت العربي الرسمي
        daylight: التوقيت العربي الصيفي
    Argentina:
      long:
        generic: توقيت الأرجنتين
        standard: توقيت الأرجنتين الرسمي
        daylight: توقيت الأرجنتين الصيفي
    Argentina_Western:
      long:
        generic: توقيت غرب الأرجنتين
        standard: توقيت غرب الأرجنتين الرسمي
        daylight: توقيت غرب الأرجنتين الصيفي
    Armenia:
      long:
        generic: توقيت أرمينيا
        standard: توقيت أرمينيا الرسمي
        daylight: توقيت أرمينيا الصيفي
    Atlantic:
      long:
        generic: توقيت الأطلسي
        standard: التوقيت الرسمي الأطلسي
        daylight: التوقيت الصيفي الأطلسي
    Australia_Central:
      long:
        generic: توقيت وسط أستراليا
        standard: توقيت وسط أستراليا الرسمي
        daylight: توقيت وسط أستراليا الصيفي
    Australia_CentralWestern:
      long:
        generic: توقيت غرب وسط أستراليا
        standard: توقيت غرب وسط أستراليا الرسمي
        daylight: توقيت غرب وسط أستراليا الصيفي
    Australia_Eastern:
      long:
        generic: توقيت شرق أستراليا
        standard: توقيت شرق أستراليا الرسمي
        daylight: توقيت شرق أستراليا الصيفي
    Australia_Western:
      long:
        generic: توقيت غرب أستراليا
        standard: توقيت غرب أستراليا الرسمي
        daylight: توقيت غرب أستراليا الصيفي
    Azerbaijan:
      long:
        generic: توقيت أذربيجان
        standard: توقيت أذربيجان الرسمي
        daylight: توقيت أذربيجان الصيفي
    Azores:
      long:
        generic: توقيت أزورس
        standard: توقيت أزورس الرسمي
        daylight: توقيت أزورس الصيفي
    Bangladesh:
      long:
        generic: توقيت بنغلاديش
        standard: توقيت بنغلاديش الرسمي
        daylight: توقيت بنغلاديش الصيفي
    Bhutan:
      long:
        standard: توقيت بوتان
    Bolivia:
      long:
        standard: توقيت بوليفيا
    Brasilia:
      long:
        generic: توقيت برازيليا
        standard: توقيت برازيليا الرسمي
        daylight: توقيت برازيليا الصيفي
    Brunei:
      long:
        standard: توقيت بروناي
    Cape_Verde:
      long:
        generic: توقيت الرأس الأخضر
        standard: توقيت الرأس الأخضر الرسمي
        daylight: توقيت الرأس الأخضر الصيفي
    Chamorro:
      long:
        standard: توقيت تشامورو
    Chatham:
      long:
        generic: توقيت تشاتام
        standard: توقيت تشاتام الرسمي
        daylight: توقيت تشاتام الصيفي
    Chile:
      long:
        generic: توقيت تشيلي
        standard: توقيت تشيلي الرسمي
        daylight: توقيت تشيلي الصيفي
    China:
      long:
        generic: توقيت الصين
        standard: توقيت الصين الرسمي
        daylight: توقيت الصين الصيفي
    Christmas:
      long:
        standard: توقيت جزر الكريسماس
    Cocos:
      long:
        standard: توقيت جزر كوكوس
    Colombia:
      long:
        generic: توقيت كولومبيا
        standard: توقيت كولومبيا الرسمي
        daylight: توقيت كولومبيا الصيفي
    Cook:
      long:
        generic: توقيت جزر كووك
        standard: توقيت جزر كوك الرسمي
        daylight: توقيت جزر كوك الصيفي
    Cuba:
      long:
        generic: توقيت كوبا
        standard: توقيت كوبا الرسمي
        daylight: توقيت كوبا الصيفي
    Davis:
      long:
        standard: توقيت دافيز
    DumontDUrville:
      long:
        standard: توقيت دي مونت دو روفيل
    East_Timor:
      long:
        standard: توقيت تيمور الشرقية
    Easter:
      long:
        generic: توقيت جزيرة استر
        standard: توقيت جزيرة استر الرسمي
        daylight: توقيت جزيرة استر الصيفي
    Ecuador:
      long:
        standard: توقيت الإكوادور
    Europe_Central:
      long:
        generic: توقيت وسط أوروبا
        standard: توقيت وسط أوروبا الرسمي
        daylight: توقيت وسط أوروبا الصيفي
    Europe_Eastern:
      long:
        generic: توقيت شرق أوروبا
        standard: توقيت شرق أوروبا الرسمي
        daylight: توقيت شرق أوروبا الصيفي
    Europe_Further_Eastern:
      long:
        standard: التوقيت الأوروبي (أكثر شرقًا)
    Europe_Western:
      long:
        generic: توقيت غرب أوروبا
        standard: توقيت غرب أوروبا الرسمي
        daylight: توقيت غرب أوروبا الصيفي
    Falkland:
      long:
        generic: توقيت جزر فوكلاند
        standard: توقيت جزر فوكلاند الرسمي
        daylight: توقيت جزر فوكلاند الصيفي
    Fiji:
      long:
        generic: توقيت فيجي
        standard: توقيت فيجي الرسمي
        daylight: توقيت فيجي الصيفي
    French_Guiana:
      long:
        standard: توقيت غويانا الفرنسية
    French_Southern:
      long:
        standard: توقيت المقاطعات الفرنسية الجنوبية والأنتارتيكية
    Galapagos:
      long:
        standard: توقيت غلاباغوس
    Gambier:
      long:
        standard: توقيت جامبير
    Georgia:
      long:
        generic: توقيت جورجيا
        standard: توقيت جورجيا الرسمي
        daylight: توقيت جورجيا الصيفي
    Gilbert_Islands:
      long:
        standard: توقيت جزر جيلبرت
    GMT:
      long:
        standard: توقيت غرينتش
    Greenland_Eastern:
      long:
        generic: توقيت شرق غرينلاند
        standard: توقيت شرق غرينلاند الرسمي
        daylight: توقيت شرق غرينلاند الصيفي
    Greenland_Western:
      long:
        generic: توقيت غرب غرينلاند
        standard: توقيت غرب غرينلاند الرسمي
        daylight: توقيت غرب غرينلاند الصيفي
    Guam:
      long:
        standard: توقيت غوام
    Gulf:
      short:
        standard: GST
      long:
        standard: توقيت الخليج
    Guyana:
      long:
        standard: توقيت غيانا
    Hawaii_Aleutian:
      long:
        generic: توقيت هاواي ألوتيان
        standard: توقيت هاواي ألوتيان الرسمي
        daylight: توقيت هاواي ألوتيان الصيفي
    Hong_Kong:
      long:
        generic: توقيت هونغ كونغ
        standard: توقيت هونغ كونغ الرسمي
        daylight: توقيت هونغ كونغ الصيفي
    Hovd:
      long:
        generic: توقيت هوفد
        standard: توقيت هوفد الرسمي
        daylight: توقيت هوفد الصيفي
    India:
      long:
        standard: توقيت الهند
    Indian_Ocean:
      long:
        standard: توقيت المحيط الهندي
    Indochina:
      long:
        standard: توقيت الهند الصينية
    Indonesia_Central:
      long:
        standard: توقيت وسط إندونيسيا
    Indonesia_Eastern:
      long:
        standard: توقيت شرق إندونيسيا
    Indonesia_Western:
      long:
        standard: توقيت غرب إندونيسيا
    Iran:
      long:
        generic: توقيت إيران
        standard: توقيت إيران الرسمي
        daylight: توقيت إيران الصيفي
    Irkutsk:
      long:
        generic: توقيت إركوتسك
        standard: توقيت إركوتسك الرسمي
        daylight: توقيت إركوتسك الصيفي
    Israel:
      long:
        generic: توقيت إسرائيل
        standard: توقيت إسرائيل الرسمي
        daylight: توقيت إسرائيل الصيفي
    Japan:
      long:
        generic: توقيت اليابان
        standard: توقيت اليابان الرسمي
        daylight: توقيت اليابان الصيفي
    Kamchatka:
      long:
        generic: توقيت كامشاتكا
        standard: توقيت بيتروبافلوفسك-كامتشاتسكي
        daylight: توقيت بيتروبافلوفسك-كامتشاتسكي الصيفي
    Kazakhstan:
      long:
        standard: توقيت كازاخستان
    Kazakhstan_Eastern:
      long:
        standard: توقيت شرق كازاخستان
    Kazakhstan_Western:
      long:
        standard: توقيت غرب كازاخستان
    Korea:
      long:
        generic: توقيت كوريا
        standard: توقيت كوريا الرسمي
        daylight: توقيت كوريا الصيفي
    Kosrae:
      long:
        standard: توقيت كوسرا
    Krasnoyarsk:
      long:
        generic: توقيت كراسنويارسك
        standard: توقيت كراسنويارسك الرسمي
        daylight: التوقيت الصيفي لكراسنويارسك
    Kyrgystan:
      long:
        standard: توقيت قيرغيزستان
    Line_Islands:
      long:
        standard: توقيت جزر لاين
    Lord_Howe:
      long:
        generic: توقيت لورد هاو
        standard: توقيت لورد هاو الرسمي
        daylight: التوقيت الصيفي للورد هاو
    Magadan:
      long:
        generic: توقيت ماغادان
        standard: توقيت ماغادان الرسمي
        daylight: توقيت ماغادان الصيفي
    Malaysia:
      long:
        standard: توقيت ماليزيا
    Maldives:
      long:
        standard: توقيت جزر المالديف
    Marquesas:
      long:
        standard: توقيت ماركيساس
    Marshall_Islands:
      long:
        standard: توقيت جزر مارشال
    Mauritius:
      long:
        generic: توقيت موريشيوس
        standard: توقيت موريشيوس الرسمي
        daylight: توقيت موريشيوس الصيفي
    Mawson:
      long:
        standard: توقيت ماوسون
    Mexico_Pacific:
      long:
        generic: توقيت المحيط الهادي للمكسيك
        standard: توقيت المحيط الهادي الرسمي للمكسيك
        daylight: توقيت المحيط الهادي الصيفي للمكسيك
    Mongolia:
      long:
        generic: توقيت أولان باتور
        standard: توقيت أولان باتور الرسمي
        daylight: توقيت أولان باتور الصيفي
    Moscow:
      long:
        generic: توقيت موسكو
        standard: توقيت موسكو الرسمي
        daylight: توقيت موسكو الصيفي
    Myanmar:
      long:
        standard: توقيت ميانمار
    Nauru:
      long:
        standard: توقيت ناورو
    Nepal:
      long:
        standard: توقيت نيبال
    New_Caledonia:
      long:
        generic: توقيت كاليدونيا الجديدة
        standard: توقيت كاليدونيا الجديدة الرسمي
        daylight: توقيت كاليدونيا الجديدة الصيفي
    New_Zealand:
      long:
        generic: توقيت نيوزيلندا
        standard: توقيت نيوزيلندا الرسمي
        daylight: توقيت نيوزيلندا الصيفي
    Newfoundland:
      long:
        generic: توقيت نيوفاوندلاند
        standard: توقيت نيوفاوندلاند الرسمي
        daylight: توقيت نيوفاوندلاند الصيفي
    Niue:
      long:
        standard: توقيت نيوي
    Norfolk:
      long:
        generic: توقيت جزيرة نورفولك
        standard: توقيت جزيرة نورفولك الرسمي
        daylight: توقيت جزيرة نورفولك الصيفي
    Noronha:
      long:
        generic: توقيت فيرناندو دي نورونها
        standard: توقيت فرناندو دي نورونها الرسمي
        daylight: توقيت فرناندو دي نورونها الصيفي
    North_Mariana:
      long:
        standard: توقيت جزر ماريانا الشمالية
    Novosibirsk:
      long:
        generic: توقيت نوفوسيبيرسك
        standard: توقيت نوفوسيبيرسك الرسمي
        daylight: توقيت نوفوسيبيرسك الصيفي
    Omsk:
      long:
        generic: توقيت أومسك
        standard: توقيت أومسك الرسمي
        daylight: توقيت أومسك الصيفي
    Pakistan:
      long:
        generic: توقيت باكستان
        standard: توقيت باكستان الرسمي
        daylight: توقيت باكستان الصيفي
    Palau:
      long:
        standard: توقيت بالاو
    Papua_New_Guinea:
      long:
        standard: توقيت بابوا غينيا الجديدة
    Paraguay:
      long:
        generic: توقيت باراغواي
        standard: توقيت باراغواي الرسمي
        daylight: توقيت باراغواي الصيفي
    Peru:
      long:
        generic: توقيت بيرو
        standard: توقيت بيرو الرسمي
        daylight: توقيت بيرو الصيفي
    Philippines:
      long:
        generic: توقيت الفيلبين
        standard: توقيت الفيلبين الرسمي
        daylight: توقيت الفيلبين الصيفي
    Phoenix_Islands:
      long:
        standard: توقيت جزر فينكس
    Pierre_Miquelon:
      long:
        generic: توقيت سانت بيير وميكولون
        standard: توقيت سانت بيير وميكولون الرسمي
        daylight: توقيت سانت بيير وميكولون الصيفي
    Pitcairn:
      long:
        standard: توقيت بيتكيرن
    Ponape:
      long:
        standard: توقيت بونابي
    Pyongyang:
      long:
        standard: توقيت بيونغ يانغ
    Reunion:
      long:
        standard: توقيت روينيون
    Rothera:
      long:
        standard: توقيت روثيرا
    Sakhalin:
      long:
        generic: توقيت ساخالين
        standard: توقيت ساخالين الرسمي
        daylight: توقيت ساخالين الصيفي
    Samara:
      long:
        generic: توقيت سامارا
        standard: توقيت سمارا
        daylight: توقيت سمارا الصيفي
    Samoa:
      long:
        generic: توقيت ساموا
        standard: توقيت ساموا الرسمي
        daylight: توقيت ساموا الصيفي
    Seychelles:
      long:
        standard: توقيت سيشل
    Singapore:
      long:
        standard: توقيت سنغافورة
    Solomon:
      long:
        standard: توقيت جزر سليمان
    South_Georgia:
      long:
        standard: توقيت جنوب جورجيا
    Suriname:
      long:
        standard: توقيت سورينام
    Syowa:
      long:
        standard: توقيت سايووا
    Tahiti:
      long:
        standard: توقيت تاهيتي
    Taipei:
      long:
        generic: توقيت تايبيه
        standard: توقيت تايبيه الرسمي
        daylight: توقيت تايبيه الصيفي
    Tajikistan:
      long:
        standard: توقيت طاجكستان
    Tokelau:
      long:
        standard: توقيت توكيلاو
    Tonga:
      long:
        generic: توقيت تونغا
        standard: توقيت تونغا الرسمي
        daylight: توقيت تونغا الصيفي
    Truk:
      long:
        standard: توقيت شوك
    Turkmenistan:
      long:
        generic: توقيت تركمانستان
        standard: توقيت تركمانستان الرسمي
        daylight: توقيت تركمانستان الصيفي
    Tuvalu:
      long:
        standard: توقيت توفالو
    Uruguay:
      long:
        generic: توقيت أوروغواي
        standard: توقيت أوروغواي الرسمي
        daylight: توقيت أوروغواي الصيفي
    Uzbekistan:
      long:
        generic: توقيت أوزبكستان
        standard: توقيت أوزبكستان الرسمي
        daylight: توقيت أوزبكستان الصيفي
    Vanuatu:
      long:
        generic: توقيت فانواتو
        standard: توقيت فانواتو الرسمي
        daylight: توقيت فانواتو الصيفي
    Venezuela:
      long:
        standard: توقيت فنزويلا
    Vladivostok:
      long:
        generic: توقيت فلاديفوستوك
        standard: توقيت فلاديفوستوك الرسمي
        daylight: توقيت فلاديفوستوك الصيفي
    Volgograd:
      long:
        generic: توقيت فولغوغراد
        standard: توقيت فولغوغراد الرسمي
        daylight: توقيت فولغوغراد الصيفي
    Vostok:
      long:
        standard: توقيت فوستوك
    Wake:
      long:
        standard: توقيت جزيرة ويك
    Wallis:
      long:
        standard: توقيت واليس و فوتونا
    Yakutsk:
      long:
        generic: توقيت ياكوتسك
        standard: توقيت ياكوتسك الرسمي
        daylight: توقيت ياكوتسك الصيفي
    Yekaterinburg:
      long:
        generic: توقيت يكاترينبورغ
        standard: توقيت يكاترينبورغ الرسمي
        daylight: توقيت يكاترينبورغ الصيفي
    Yukon:
      long:
        standard: توقيت يوكون
