---
locale: cv
generated_at: '2025-09-19T10:42:44Z'
cldr_version: '46'
timezone_names:
  formats:
    region_format_daylight: "{0} ҫуллахи вӑхӑчӗ"
    region_format_standard: "{0} стандартлӑ вӑхӑчӗ"
  zones:
    Etc/UTC:
      long:
        standard: Пӗтӗм тӗнчери координацилене вӑхӑчӗ
    Etc/Unknown:
      exemplar_city: Паллӑ мар хула
    Europe/Andorra:
      exemplar_city: Андорра
    Asia/Dubai:
      exemplar_city: Дубай
    Asia/Kabul:
      exemplar_city: Кабул
    America/Antigua:
      exemplar_city: Антигуа
    America/Anguilla:
      exemplar_city: Ангилья
    Europe/Tirane:
      exemplar_city: Тирана
    Asia/Yerevan:
      exemplar_city: Ереван
    Africa/Luanda:
      exemplar_city: Луанда
    Antarctica/Rothera:
      exemplar_city: Ротера
    Antarctica/Palmer:
      exemplar_city: Палмер
    Antarctica/Troll:
      exemplar_city: Тролль
    Antarctica/Syowa:
      exemplar_city: Сёва
    Antarctica/Mawson:
      exemplar_city: Моусон
    Antarctica/Davis:
      exemplar_city: Дейвис
    Antarctica/Vostok:
      exemplar_city: Восток
    Antarctica/Casey:
      exemplar_city: Кейси
    Antarctica/DumontDUrville:
      exemplar_city: Дюмон-д’Юрвиль Дюмон-д’Юрвиль
    Antarctica/McMurdo:
      exemplar_city: Мак-Мердо
    America/Argentina/Rio_Gallegos:
      exemplar_city: Рио-Гальегос
    America/Mendoza:
      exemplar_city: Мендоса
    America/Argentina/San_Juan:
      exemplar_city: Сан-Хуан
    America/Argentina/Ushuaia:
      exemplar_city: Ушуая
    America/Argentina/La_Rioja:
      exemplar_city: Ла-Риоха
    America/Argentina/San_Luis:
      exemplar_city: Сан-Луис Сан-Луис
    America/Catamarca:
      exemplar_city: Катамарка
    America/Argentina/Salta:
      exemplar_city: Сальта
    America/Jujuy:
      exemplar_city: Жужуй
    America/Argentina/Tucuman:
      exemplar_city: Тукуман
    America/Cordoba:
      exemplar_city: Кордова
    America/Buenos_Aires:
      exemplar_city: Буэнос-Айрес
    Pacific/Pago_Pago:
      exemplar_city: Паго-Паго
    Europe/Vienna:
      exemplar_city: Вена
    Australia/Perth:
      exemplar_city: Перт
    Australia/Eucla:
      exemplar_city: Юкла
    Australia/Darwin:
      exemplar_city: Дарвин
    Australia/Adelaide:
      exemplar_city: Аделаида
    Australia/Broken_Hill:
      exemplar_city: Брокен-Хилл
    Australia/Melbourne:
      exemplar_city: Мельбурн
    Australia/Hobart:
      exemplar_city: Хобарт
    Australia/Lindeman:
      exemplar_city: Линдеман
    Australia/Sydney:
      exemplar_city: Сидней
    Australia/Brisbane:
      exemplar_city: Брисбен
    Antarctica/Macquarie:
      exemplar_city: Маккуори
    Australia/Lord_Howe:
      exemplar_city: Лорд-Хау
    America/Aruba:
      exemplar_city: Аруба
    Europe/Mariehamn:
      exemplar_city: Мариехамн
    Asia/Baku:
      exemplar_city: Баку
    Europe/Sarajevo:
      exemplar_city: Сараево
    America/Barbados:
      exemplar_city: Барбадос
    Asia/Dhaka:
      exemplar_city: Дакка
    Europe/Brussels:
      exemplar_city: Брюссель
    Africa/Ouagadougou:
      exemplar_city: Уагадугу
    Europe/Sofia:
      exemplar_city: Софи
    Asia/Bahrain:
      exemplar_city: Бахрейн
    Africa/Bujumbura:
      exemplar_city: Бужумбура
    Africa/Porto-Novo:
      exemplar_city: Порто-Ново
    America/St_Barthelemy:
      exemplar_city: Сен-Бартелеми
    Atlantic/Bermuda:
      exemplar_city: Бермуд утравӗсем
    Asia/Brunei:
      exemplar_city: Бруней
    America/La_Paz:
      exemplar_city: Ла-Пас
    America/Kralendijk:
      exemplar_city: Кралендейк
    America/Eirunepe:
      exemplar_city: Эйрунепе
    America/Rio_Branco:
      exemplar_city: Риу-Бранку
    America/Porto_Velho:
      exemplar_city: Порту-Велью
    America/Boa_Vista:
      exemplar_city: Боа-Виста
    America/Manaus:
      exemplar_city: Манаус
    America/Cuiaba:
      exemplar_city: Куяба
    America/Santarem:
      exemplar_city: Сантарен
    America/Campo_Grande:
      exemplar_city: Кампу-Гранди
    America/Belem:
      exemplar_city: Белен
    America/Araguaina:
      exemplar_city: Арагуаина
    America/Sao_Paulo:
      exemplar_city: Сан-Паулу Сан-Паулу
    America/Bahia:
      exemplar_city: Баия
    America/Fortaleza:
      exemplar_city: Форталеза
    America/Maceio:
      exemplar_city: Масейо
    America/Recife:
      exemplar_city: Ресифи
    America/Noronha:
      exemplar_city: Норонья
    America/Nassau:
      exemplar_city: Нассау
    Asia/Thimphu:
      exemplar_city: Тхимпху
    Africa/Gaborone:
      exemplar_city: Габороне
    Europe/Minsk:
      exemplar_city: Минск
    America/Belize:
      exemplar_city: Белиз
    America/Dawson:
      exemplar_city: Доусон
    America/Whitehorse:
      exemplar_city: Уайтхорс
    America/Inuvik:
      exemplar_city: Инувик
    America/Vancouver:
      exemplar_city: Ванкувер
    America/Fort_Nelson:
      exemplar_city: Форт Нельсон
    America/Dawson_Creek:
      exemplar_city: Доусон-Крик
    America/Creston:
      exemplar_city: Крестон
    America/Edmonton:
      exemplar_city: Эдмонтон
    America/Swift_Current:
      exemplar_city: Свифт-Керрент
    America/Cambridge_Bay:
      exemplar_city: Кеймбридж-Бей
    America/Regina:
      exemplar_city: Реджайна
    America/Winnipeg:
      exemplar_city: Виннипег
    America/Resolute:
      exemplar_city: Резольют
    America/Rankin_Inlet:
      exemplar_city: Ранкин-Инлет
    America/Coral_Harbour:
      exemplar_city: Корал-Харбор
    America/Toronto:
      exemplar_city: Торонто
    America/Iqaluit:
      exemplar_city: Икалуит
    America/Moncton:
      exemplar_city: Монктон
    America/Halifax:
      exemplar_city: Галифакс
    America/Goose_Bay:
      exemplar_city: Гус-Бей
    America/Glace_Bay:
      exemplar_city: Глейс-Бей
    America/Blanc-Sablon:
      exemplar_city: Бланк-Саблон
    America/St_Johns:
      exemplar_city: Сент-Джонс
    Indian/Cocos:
      exemplar_city: Кокос утравӗсем
    Africa/Kinshasa:
      exemplar_city: Киншаса
    Africa/Lubumbashi:
      exemplar_city: Лубумбаши
    Africa/Bangui:
      exemplar_city: Банги
    Africa/Brazzaville:
      exemplar_city: Браззавиль
    Europe/Zurich:
      exemplar_city: Цюрих
    Africa/Abidjan:
      exemplar_city: Абиджан
    Pacific/Rarotonga:
      exemplar_city: Раротонга
    Pacific/Easter:
      exemplar_city: Мӑнкун утравӗ
    America/Punta_Arenas:
      exemplar_city: Пунта-Аренас
    America/Santiago:
      exemplar_city: Сантьяго
    Africa/Douala:
      exemplar_city: Дуала
    Asia/Urumqi:
      exemplar_city: Урумчи
    Asia/Shanghai:
      exemplar_city: Шанхай
    America/Bogota:
      exemplar_city: Богота
    America/Costa_Rica:
      exemplar_city: Коста-Рика
    America/Havana:
      exemplar_city: Гавана
    Atlantic/Cape_Verde:
      exemplar_city: Кабо-Верде
    America/Curacao:
      exemplar_city: Кюрасао
    Indian/Christmas:
      exemplar_city: Раштав утравӗ
    Asia/Nicosia:
      exemplar_city: Никоси
    Asia/Famagusta:
      exemplar_city: Фамагуста
    Europe/Prague:
      exemplar_city: Прага
    Europe/Busingen:
      exemplar_city: Бюзинген
    Europe/Berlin:
      exemplar_city: Берлин
    Africa/Djibouti:
      exemplar_city: Джибути
    Europe/Copenhagen:
      exemplar_city: Копенгаген
    America/Dominica:
      exemplar_city: Доминика
    America/Santo_Domingo:
      exemplar_city: Санто-Доминго
    Africa/Algiers:
      exemplar_city: Алжир
    Pacific/Galapagos:
      exemplar_city: Галапагос утравӗсем
    America/Guayaquil:
      exemplar_city: Гуаякиль
    Europe/Tallinn:
      exemplar_city: Таллин
    Africa/Cairo:
      exemplar_city: Каир
    Africa/El_Aaiun:
      exemplar_city: Эль-Аюн
    Africa/Asmera:
      exemplar_city: Асмэра
    Atlantic/Canary:
      exemplar_city: Канар утравӗсем
    Africa/Ceuta:
      exemplar_city: Сеута
    Europe/Madrid:
      exemplar_city: Мадрид
    Africa/Addis_Ababa:
      exemplar_city: Аддис-Абеба
    Europe/Helsinki:
      exemplar_city: Хельсинки
    Pacific/Fiji:
      exemplar_city: Фиджи
    Atlantic/Stanley:
      exemplar_city: Стэнли
    Pacific/Truk:
      exemplar_city: Трук
    Pacific/Ponape:
      exemplar_city: Понпеи
    Pacific/Kosrae:
      exemplar_city: Косрае
    Atlantic/Faeroe:
      exemplar_city: Фарер утравӗсем
    Europe/Paris:
      exemplar_city: Париж
    Africa/Libreville:
      exemplar_city: Либревиль
    Europe/London:
      exemplar_city: Лондон
      long:
        daylight: Британи ҫуллахи вӑхӑчӗ
    America/Grenada:
      exemplar_city: Гренада
    Asia/Tbilisi:
      exemplar_city: Тбилиси
    America/Cayenne:
      exemplar_city: Кайенна
    Europe/Guernsey:
      exemplar_city: Гернси
    Africa/Accra:
      exemplar_city: Аккра
    Europe/Gibraltar:
      exemplar_city: Гибралтар
    America/Thule:
      exemplar_city: Туле
    America/Godthab:
      exemplar_city: Нуук
    America/Scoresbysund:
      exemplar_city: Скорсбисунн
    America/Danmarkshavn:
      exemplar_city: Денмарксхавн
    Africa/Banjul:
      exemplar_city: Банжул
    Africa/Conakry:
      exemplar_city: Конакри
    America/Guadeloupe:
      exemplar_city: Гваделупа
    Africa/Malabo:
      exemplar_city: Малабо
    Europe/Athens:
      exemplar_city: Афинсем
    Atlantic/South_Georgia:
      exemplar_city: Кӑнтӑр Георги
    America/Guatemala:
      exemplar_city: Гватемала
    Pacific/Guam:
      exemplar_city: Гуам
    Africa/Bissau:
      exemplar_city: Бисау
    America/Guyana:
      exemplar_city: Гайана
    Asia/Hong_Kong:
      exemplar_city: Гонконг
    America/Tegucigalpa:
      exemplar_city: Тегусигальпа
    Europe/Zagreb:
      exemplar_city: Загреб
    America/Port-au-Prince:
      exemplar_city: Порт-о-Пренс
    Europe/Budapest:
      exemplar_city: Будапешт
    Asia/Jakarta:
      exemplar_city: Джакарта
    Asia/Pontianak:
      exemplar_city: Понтианак
    Asia/Makassar:
      exemplar_city: Макасар
    Asia/Jayapura:
      exemplar_city: Джаяпура
    Europe/Dublin:
      exemplar_city: Дублин
      long:
        daylight: Ирланди стандартлӑ вӑхӑчӗ
    Asia/Jerusalem:
      exemplar_city: Иерусалим
    Europe/Isle_of_Man:
      exemplar_city: Мэн утравӗ
    Asia/Calcutta:
      exemplar_city: Калькутта
    Indian/Chagos:
      exemplar_city: Чагос
    Asia/Baghdad:
      exemplar_city: Багдад
    Asia/Tehran:
      exemplar_city: Тегеран
    Atlantic/Reykjavik:
      exemplar_city: Рейкьявик
    Europe/Rome:
      exemplar_city: Рим
    Europe/Jersey:
      exemplar_city: Джерси
    America/Jamaica:
      exemplar_city: Ямайка
    Asia/Amman:
      exemplar_city: Амман
    Asia/Tokyo:
      exemplar_city: Токио
    Africa/Nairobi:
      exemplar_city: Найроби
    Asia/Bishkek:
      exemplar_city: Бишкек
    Asia/Phnom_Penh:
      exemplar_city: Пномпень
    Pacific/Kanton:
      exemplar_city: Кантон
    Pacific/Kiritimati:
      exemplar_city: Киритимати
    Pacific/Tarawa:
      exemplar_city: Тарава
    Indian/Comoro:
      exemplar_city: Коморсем
    America/St_Kitts:
      exemplar_city: Сент-Китс
    Asia/Pyongyang:
      exemplar_city: Пхеньян
    Asia/Seoul:
      exemplar_city: Сеул
    Asia/Kuwait:
      exemplar_city: Кувейт
    America/Cayman:
      exemplar_city: Кайман утравӗсем
    Asia/Aqtau:
      exemplar_city: Актау
    Asia/Oral:
      exemplar_city: Уральск
    Asia/Atyrau:
      exemplar_city: Атырау
    Asia/Aqtobe:
      exemplar_city: Актобе
    Asia/Qostanay:
      exemplar_city: Костанай
    Asia/Qyzylorda:
      exemplar_city: Кызылорда
    Asia/Almaty:
      exemplar_city: Алматы
    Asia/Vientiane:
      exemplar_city: Вьентьян
    Asia/Beirut:
      exemplar_city: Бейрут
    America/St_Lucia:
      exemplar_city: Сент-Люсия
    Europe/Vaduz:
      exemplar_city: Вадуц
    Asia/Colombo:
      exemplar_city: Коломбо
    Africa/Monrovia:
      exemplar_city: Монрови
    Africa/Maseru:
      exemplar_city: Масеру
    Europe/Vilnius:
      exemplar_city: Вильнюс
    Europe/Luxembourg:
      exemplar_city: Люксембург
    Europe/Riga:
      exemplar_city: Рига
    Africa/Tripoli:
      exemplar_city: Триполи
    Africa/Casablanca:
      exemplar_city: Касабланка
    Europe/Monaco:
      exemplar_city: Монако
    Europe/Chisinau:
      exemplar_city: Кишинев
    Europe/Podgorica:
      exemplar_city: Подгорица
    America/Marigot:
      exemplar_city: Мариго
    Indian/Antananarivo:
      exemplar_city: Антананариву
    Pacific/Kwajalein:
      exemplar_city: Кваджалейн
    Pacific/Majuro:
      exemplar_city: Маджуро
    Europe/Skopje:
      exemplar_city: Скопье
    Africa/Bamako:
      exemplar_city: Бамако
    Asia/Rangoon:
      exemplar_city: Янгон
    Asia/Hovd:
      exemplar_city: Ховд
    Asia/Ulaanbaatar:
      exemplar_city: Улан-Батор
    Asia/Macau:
      exemplar_city: Макао
    Pacific/Saipan:
      exemplar_city: Сайпан
    America/Martinique:
      exemplar_city: Мартиника
    Africa/Nouakchott:
      exemplar_city: Нуакшот
    America/Montserrat:
      exemplar_city: Монтсеррат
    Europe/Malta:
      exemplar_city: Мальта
    Indian/Mauritius:
      exemplar_city: Маврикий
    Indian/Maldives:
      exemplar_city: Мальдивсем
    Africa/Blantyre:
      exemplar_city: Блантайр
    America/Tijuana:
      exemplar_city: Тихуана
    America/Hermosillo:
      exemplar_city: Эрмосильо
    America/Ciudad_Juarez:
      exemplar_city: Сьюдад-Хуарес
    America/Mazatlan:
      exemplar_city: Масатлан
    America/Chihuahua:
      exemplar_city: Чиуауа
    America/Bahia_Banderas:
      exemplar_city: Баия-де-Бандерас
    America/Ojinaga:
      exemplar_city: Охинага
    America/Monterrey:
      exemplar_city: Монтеррей
    America/Mexico_City:
      exemplar_city: Мехико
    America/Matamoros:
      exemplar_city: Матаморос
    America/Merida:
      exemplar_city: Мерида
    America/Cancun:
      exemplar_city: Канкун
    Asia/Kuala_Lumpur:
      exemplar_city: Куала-Лумпур
    Asia/Kuching:
      exemplar_city: Кучинг
    Africa/Maputo:
      exemplar_city: Мапуту
    Africa/Windhoek:
      exemplar_city: Виндхук
    Pacific/Noumea:
      exemplar_city: Нумеа
    Africa/Niamey:
      exemplar_city: Ниамей
    Pacific/Norfolk:
      exemplar_city: Норфолк
    Africa/Lagos:
      exemplar_city: Лагос
    America/Managua:
      exemplar_city: Манагуа
    Europe/Amsterdam:
      exemplar_city: Амстердам
    Europe/Oslo:
      exemplar_city: Осло
    Asia/Katmandu:
      exemplar_city: Катманду
    Pacific/Nauru:
      exemplar_city: Науру
    Pacific/Niue:
      exemplar_city: Ниуэ
    Pacific/Chatham:
      exemplar_city: Чатем
    Pacific/Auckland:
      exemplar_city: Окленд
    Asia/Muscat:
      exemplar_city: Маскат
    America/Panama:
      exemplar_city: Панама
    America/Lima:
      exemplar_city: Лима
    Pacific/Tahiti:
      exemplar_city: Таити
    Pacific/Marquesas:
      exemplar_city: Маркизас утравӗсем
    Pacific/Gambier:
      exemplar_city: Гамбье утравӗсем
    Pacific/Port_Moresby:
      exemplar_city: Порт-Морсби
    Pacific/Bougainville:
      exemplar_city: Бугенвиль
    Asia/Manila:
      exemplar_city: Манила
    Asia/Karachi:
      exemplar_city: Карачи
    Europe/Warsaw:
      exemplar_city: Варшава
    America/Miquelon:
      exemplar_city: Микелон
    Pacific/Pitcairn:
      exemplar_city: Питкэрн
    America/Puerto_Rico:
      exemplar_city: Пуэрто-Рико
    Asia/Gaza:
      exemplar_city: Газа
    Asia/Hebron:
      exemplar_city: Хеврон
    Atlantic/Azores:
      exemplar_city: Азор утравӗсем
    Atlantic/Madeira:
      exemplar_city: Мадейра
    Europe/Lisbon:
      exemplar_city: Лиссабон
    Pacific/Palau:
      exemplar_city: Палау
    America/Asuncion:
      exemplar_city: Асунсьон
    Asia/Qatar:
      exemplar_city: Катар
    Indian/Reunion:
      exemplar_city: Реюньон
    Europe/Bucharest:
      exemplar_city: Бухарест
    Europe/Belgrade:
      exemplar_city: Белград
    Europe/Kaliningrad:
      exemplar_city: Калининград
    Europe/Moscow:
      exemplar_city: Мускав
    Europe/Volgograd:
      exemplar_city: Волгоград
    Europe/Saratov:
      exemplar_city: Саратов
    Europe/Astrakhan:
      exemplar_city: Астрахань
    Europe/Ulyanovsk:
      exemplar_city: Ульяновск
    Europe/Kirov:
      exemplar_city: Киров
    Europe/Samara:
      exemplar_city: Самара
    Asia/Yekaterinburg:
      exemplar_city: Екатеринбург
    Asia/Omsk:
      exemplar_city: Омск
    Asia/Novosibirsk:
      exemplar_city: Новосибирск
    Asia/Barnaul:
      exemplar_city: Барнаул
    Asia/Tomsk:
      exemplar_city: Томск
    Asia/Novokuznetsk:
      exemplar_city: Новокузнецк
    Asia/Krasnoyarsk:
      exemplar_city: Красноярск
    Asia/Irkutsk:
      exemplar_city: Иркутск
    Asia/Chita:
      exemplar_city: Чита
    Asia/Yakutsk:
      exemplar_city: Якутск
    Asia/Vladivostok:
      exemplar_city: Владивосток
    Asia/Khandyga:
      exemplar_city: Хандыга
    Asia/Sakhalin:
      exemplar_city: Сахалин утравӗ
    Asia/Ust-Nera:
      exemplar_city: Усть-Нера
    Asia/Magadan:
      exemplar_city: Магадан
    Asia/Srednekolymsk:
      exemplar_city: Среднеколымск
    Asia/Kamchatka:
      exemplar_city: Петропавловск-Камчатски
    Asia/Anadyr:
      exemplar_city: Анадырь
    Africa/Kigali:
      exemplar_city: Кигали
    Asia/Riyadh:
      exemplar_city: Эр-Рияд
    Pacific/Guadalcanal:
      exemplar_city: Гуадалканал
    Indian/Mahe:
      exemplar_city: Маэ
    Africa/Khartoum:
      exemplar_city: Хартум
    Europe/Stockholm:
      exemplar_city: Стокгольм
    Asia/Singapore:
      exemplar_city: Сингапур
    Atlantic/St_Helena:
      exemplar_city: Сӑваплӑ Елена утравӗ
    Europe/Ljubljana:
      exemplar_city: Любляна
    Arctic/Longyearbyen:
      exemplar_city: Лонгйир
    Europe/Bratislava:
      exemplar_city: Братислава
    Africa/Freetown:
      exemplar_city: Фритаун
    Europe/San_Marino:
      exemplar_city: Сан-Марино
    Africa/Dakar:
      exemplar_city: Дакар
    Africa/Mogadishu:
      exemplar_city: Могадишо
    America/Paramaribo:
      exemplar_city: Парамарибо
    Africa/Juba:
      exemplar_city: Джуба
    Africa/Sao_Tome:
      exemplar_city: Сан-Томе Сан-Томе
    America/El_Salvador:
      exemplar_city: Сальвадор
    America/Lower_Princes:
      exemplar_city: Лоуэр-Принс-Куотер
    Asia/Damascus:
      exemplar_city: Дамаск
    Africa/Mbabane:
      exemplar_city: Мбабане
    America/Grand_Turk:
      exemplar_city: Гранд-Терк
    Africa/Ndjamena:
      exemplar_city: Нджамена
    Indian/Kerguelen:
      exemplar_city: Кергелен
    Africa/Lome:
      exemplar_city: Ломе
    Asia/Bangkok:
      exemplar_city: Бангкок
    Asia/Dushanbe:
      exemplar_city: Душанбе
    Pacific/Fakaofo:
      exemplar_city: Факаофо
    Asia/Dili:
      exemplar_city: Дили
    Asia/Ashgabat:
      exemplar_city: Ашхабад
    Africa/Tunis:
      exemplar_city: Тунис
    Pacific/Tongatapu:
      exemplar_city: Тонгатапу
    Europe/Istanbul:
      exemplar_city: Стамбул
    America/Port_of_Spain:
      exemplar_city: Порт-оф-Спейн
    Pacific/Funafuti:
      exemplar_city: Фунафути
    Asia/Taipei:
      exemplar_city: Тайбэй
    Africa/Dar_es_Salaam:
      exemplar_city: Дар-эс-Салам
    Europe/Kiev:
      exemplar_city: Киев
    Europe/Simferopol:
      exemplar_city: Симферополь
    Africa/Kampala:
      exemplar_city: Кампала
    Pacific/Midway:
      exemplar_city: Мидуэй
    Pacific/Wake:
      exemplar_city: Уэйк
    America/Adak:
      exemplar_city: Адак
    America/Nome:
      exemplar_city: Ном
    America/Anchorage:
      exemplar_city: Анкоридж
    America/Yakutat:
      exemplar_city: Якутат
    America/Sitka:
      exemplar_city: Ситка
    America/Juneau:
      exemplar_city: Джуно
    America/Metlakatla:
      exemplar_city: Метлакатла
    America/Los_Angeles:
      exemplar_city: Лос-Анджелес
    America/Boise:
      exemplar_city: Бойсе
    America/Phoenix:
      exemplar_city: Финикс
    America/Denver:
      exemplar_city: Денвер
    America/North_Dakota/Beulah:
      exemplar_city: Бойла, Ҫурҫӗр Дакота
    America/North_Dakota/New_Salem:
      exemplar_city: Нью-Сейлем, Ҫурҫӗр Дакота
    America/North_Dakota/Center:
      exemplar_city: Центр, Ҫурҫӗр Дакота
    America/Chicago:
      exemplar_city: Чикаго
    America/Menominee:
      exemplar_city: Меномини
    America/Indiana/Vincennes:
      exemplar_city: Винсеннес, Индиана
    America/Indiana/Petersburg:
      exemplar_city: Питерсберг, Индиана
    America/Indiana/Tell_City:
      exemplar_city: Телл-Сити, Индиана
    America/Indiana/Knox:
      exemplar_city: Нокс, Индиана
    America/Indiana/Winamac:
      exemplar_city: Уинамак, Индиана
    America/Indiana/Marengo:
      exemplar_city: Маренго, Индиана
    America/Indianapolis:
      exemplar_city: Индианаполис
    America/Louisville:
      exemplar_city: Луисвилл
    America/Indiana/Vevay:
      exemplar_city: Вевей, Индиана
    America/Kentucky/Monticello:
      exemplar_city: Монтиселло, Кентукки
    America/Detroit:
      exemplar_city: Детройт
    America/New_York:
      exemplar_city: Нью-Йорк
    America/Montevideo:
      exemplar_city: Монтевидео
    Asia/Samarkand:
      exemplar_city: Самарканд
    Asia/Tashkent:
      exemplar_city: Ташкент
    Europe/Vatican:
      exemplar_city: Ватикан
    America/St_Vincent:
      exemplar_city: Сент-Винсент
    America/Caracas:
      exemplar_city: Каракас
    America/Tortola:
      exemplar_city: Тортола
    America/St_Thomas:
      exemplar_city: Сент-Томас
    Asia/Saigon:
      exemplar_city: Хошимин
    Pacific/Efate:
      exemplar_city: Эфате
    Pacific/Wallis:
      exemplar_city: Уоллис
    Pacific/Apia:
      exemplar_city: Апиа
    Asia/Aden:
      exemplar_city: Аден
    Indian/Mayotte:
      exemplar_city: Майотта
    Africa/Johannesburg:
      exemplar_city: Йоханнесбург
    Africa/Lusaka:
      exemplar_city: Лусака
    Africa/Harare:
      exemplar_city: Хараре
  metazones:
    Afghanistan:
      long:
        standard: Афганистан вӑхӑчӗ
    Africa_Central:
      long:
        standard: Тӗп Африка вӑхӑчӗ
    Africa_Eastern:
      long:
        standard: Хӗвелтухӑҫ Африка вӑхӑчӗ
    Africa_Southern:
      long:
        standard: Кӑнтӑр Африка вӑхӑчӗ
    Africa_Western:
      long:
        generic: Анӑҫ Африка вӑхӑчӗ
        standard: Анӑҫ Африка стандартлӑ вӑхӑчӗ
        daylight: Анӑҫ Африка ҫуллахи вӑхӑчӗ
    Alaska:
      long:
        generic: Аляска вӑхӑчӗ
        standard: Аляска стандартлӑ вӑхӑчӗ
        daylight: Аляска ҫуллахи вӑхӑчӗ
    Amazon:
      long:
        generic: Амазонка вӑхӑчӗ
        standard: Амазонка стандартлӑ вӑхӑчӗ
        daylight: Амазонка ҫуллахи вӑхӑчӗ
    America_Central:
      long:
        generic: Тӗп Америка вӑхӑчӗ
        standard: Тӗп Америка стандартлӑ вӑхӑчӗ
        daylight: Тӗп Америка ҫуллахи вӑхӑчӗ
    America_Eastern:
      long:
        generic: Хӗвелтухӑҫ Америка вӑхӑчӗ
        standard: Хӗвелтухӑҫ Америка стандартлӑ вӑхӑчӗ
        daylight: Хӗвелтухӑҫ Америка ҫуллахи вӑхӑчӗ
    America_Mountain:
      long:
        generic: Ту вӑхӑчӗ (Ҫурҫӗр Америка)
        standard: Стандартлӑ ту вӑхӑчӗ (Ҫурҫӗр Америка)
        daylight: Ҫуллахи ту вӑхӑчӗ (Ҫурҫӗр Америка)
    America_Pacific:
      long:
        generic: Лӑпкӑ океан вӑхӑчӗ
        standard: Лӑпкӑ океан стандартлӑ вӑхӑчӗ
        daylight: Лӑпкӑ океан ҫуллахи вӑхӑчӗ
    Apia:
      long:
        generic: Апиа вӑхӑчӗ
        standard: Апиа стандартлӑ вӑхӑчӗ
        daylight: Апиа ҫуллахи вӑхӑчӗ
    Arabian:
      long:
        generic: Арап вӑхӑчӗ
        standard: Арап стандартлӑ вӑхӑчӗ
        daylight: Арап ҫуллахи вӑхӑчӗ
    Argentina:
      long:
        generic: Аргентина вӑхӑчӗ
        standard: Аргентина стандартлӑ вӑхӑчӗ
        daylight: Аргентина ҫуллахи вӑхӑчӗ
    Argentina_Western:
      long:
        generic: Анӑҫ Аргентина вӑхӑчӗ
        standard: Анӑҫ Аргентина стандартлӑ вӑхӑчӗ
        daylight: Анӑҫ Аргентина ҫуллахи вӑхӑчӗ
    Armenia:
      long:
        generic: Армени вӑхӑчӗ
        standard: Армени стандартлӑ вӑхӑчӗ
        daylight: Армени ҫуллахи вӑхӑчӗ
    Atlantic:
      long:
        generic: Атлантика вӑхӑчӗ
        standard: Атлантика стандартлӑ вӑхӑчӗ
        daylight: Атлантика ҫуллахи вӑхӑчӗ
    Australia_Central:
      long:
        generic: Тӗп Австрали вӑхӑчӗ
        standard: Тӗп Австрали стандартлӑ вӑхӑчӗ
        daylight: Тӗп Австрали ҫуллахи вӑхӑчӗ
    Australia_CentralWestern:
      long:
        generic: Тӗп Австрали анӑҫ вӑхӑчӗ
        standard: Тӗп Австрали анӑҫ стандартлӑ вӑхӑчӗ
        daylight: Тӗп Австрали анӑҫ ҫуллахи вӑхӑчӗ
    Australia_Eastern:
      long:
        generic: Хӗвелтухӑҫ Австрали вӑхӑчӗ
        standard: Хӗвелтухӑҫ Австрали стандартлӑ вӑхӑчӗ
        daylight: Хӗвелтухӑҫ Австрали ҫуллахи вӑхӑчӗ
    Australia_Western:
      long:
        generic: Анӑҫ Австрали вӑхӑчӗ
        standard: Анӑҫ Австрали стандартлӑ вӑхӑчӗ
        daylight: Анӑҫ Австрали ҫуллахи вӑхӑчӗ
    Azerbaijan:
      long:
        generic: Азербайджан вӑхӑчӗ
        standard: Азербайджан стандартлӑ вӑхӑчӗ
        daylight: Азербайджан ҫуллахи вӑхӑчӗ
    Azores:
      long:
        generic: Азор утравӗсен вӑхӑчӗ
        standard: Азор утравӗсен стандартлӑ вӑхӑчӗ
        daylight: Азор утравӗсен ҫуллахи вӑхӑчӗ
    Bangladesh:
      long:
        generic: Бангладеш вӑхӑчӗ
        standard: Бангладеш стандартлӑ вӑхӑчӗ
        daylight: Бангладеш ҫуллахи вӑхӑчӗ
    Bhutan:
      long:
        standard: Бутан вӑхӑчӗ
    Bolivia:
      long:
        standard: Боливи вӑхӑчӗ
    Brasilia:
      long:
        generic: Бразили вӑхӑчӗ
        standard: Бразили стандартлӑ вӑхӑчӗ
        daylight: Бразили ҫуллахи вӑхӑчӗ
    Brunei:
      long:
        standard: Бруней-Даруссалам вӑхӑчӗ
    Cape_Verde:
      long:
        generic: Кабо-Верде вӑхӑчӗ
        standard: Кабо-Верде стандартлӑ вӑхӑчӗ
        daylight: Кабо-Верде ҫуллахи вӑхӑчӗ
    Chamorro:
      long:
        standard: Чаморро вӑхӑчӗ
    Chatham:
      long:
        generic: Чатем вӑхӑчӗ
        standard: Чатем стандартлӑ вӑхӑчӗ
        daylight: Чатем ҫуллахи вӑхӑчӗ
    Chile:
      long:
        generic: Чили вӑхӑчӗ
        standard: Чили стандартлӑ вӑхӑчӗ
        daylight: Чили ҫуллахи вӑхӑчӗ
    China:
      long:
        generic: Китай вӑхӑчӗ
        standard: Китай стандартлӑ вӑхӑчӗ
        daylight: Китай ҫуллахи вӑхӑчӗ
    Christmas:
      long:
        standard: Раштав утравӗн вӑхӑчӗ
    Cocos:
      long:
        standard: Кокос утравӗсен вӑхӑчӗ
    Colombia:
      long:
        generic: Колумби вӑхӑчӗ
        standard: Колумби стандартлӑ вӑхӑчӗ
        daylight: Колумби ҫуллахи вӑхӑчӗ
    Cook:
      long:
        generic: Кукӑн утравӗсен вӑхӑчӗ
        standard: Кукӑн утравӗсен стандартлӑ вӑхӑчӗ
        daylight: Кукӑн утравӗсен ҫуллахи вӑхӑчӗ
    Cuba:
      long:
        generic: Куба вӑхӑчӗ
        standard: Куба стандартлӑ вӑхӑчӗ
        daylight: Куба ҫуллахи вӑхӑчӗ
    Davis:
      long:
        standard: Дейвис вӑхӑчӗ
    DumontDUrville:
      long:
        standard: Дюмон-д’Юрвиль вӑхӑчӗ
    East_Timor:
      long:
        standard: Хӗвелтухӑҫ Тимор вӑхӑчӗ
    Easter:
      long:
        generic: Мӑнкун утравӗн вӑхӑчӗ
        standard: Мӑнкун утравӗн стандартлӑ вӑхӑчӗ
        daylight: Мӑнкун утравӗн ҫуллахи вӑхӑчӗ
    Ecuador:
      long:
        standard: Эквадор вӑхӑчӗ
    Europe_Central:
      long:
        generic: Тӗп Европа вӑхӑчӗ
        standard: Тӗп Европа стандартлӑ вӑхӑчӗ
        daylight: Тӗп Европа ҫуллахи вӑхӑчӗ
    Europe_Eastern:
      long:
        generic: Хӗвелтухӑҫ Европа вӑхӑчӗ
        standard: Хӗвелтухӑҫ Европа стандартлӑ вӑхӑчӗ
        daylight: Хӗвелтухӑҫ Европа ҫуллахи вӑхӑчӗ
    Europe_Further_Eastern:
      long:
        standard: Инҫет-хӗвелтухӑҫ Европа вӑхӑчӗ
    Europe_Western:
      long:
        generic: Анӑҫ Европа вӑхӑчӗ
        standard: Анӑҫ Европа стандартлӑ вӑхӑчӗ
        daylight: Анӑҫ Европа ҫуллахи вӑхӑчӗ
    Falkland:
      long:
        generic: Фолкленд утравӗсен вӑхӑчӗ
        standard: Фолкленд утравӗсен стандартлӑ вӑхӑчӗ
        daylight: Фолкленд утравӗсен ҫуллахи вӑхӑчӗ
    Fiji:
      long:
        generic: Фиджи вӑхӑчӗ
        standard: Фиджи стандартлӑ вӑхӑчӗ
        daylight: Фиджи ҫуллахи вӑхӑчӗ
    French_Guiana:
      long:
        standard: Франци Гвиана вӑхӑчӗ
    French_Southern:
      long:
        standard: Франци Кӑнтӑрпа Антарктика территорийӗсен вӑхӑчӗ
    Galapagos:
      long:
        standard: Галапагос утравӗсен вӑхӑчӗ
    Gambier:
      long:
        standard: Гамбье вӑхӑчӗ
    Georgia:
      long:
        generic: Грузи вӑхӑчӗ
        standard: Грузи стандартлӑ вӑхӑчӗ
        daylight: Грузи ҫуллахи вӑхӑчӗ
    Gilbert_Islands:
      long:
        standard: Гилбертӑн утравӗсен вӑхӑчӗ
    GMT:
      long:
        standard: Гринвичпа вӑтам вӑхӑчӗ
    Greenland_Eastern:
      long:
        generic: Хӗвелтухӑҫ Гринланди вӑхӑчӗ
        standard: Хӗвелтухӑҫ Гринланди стандартлӑ вӑхӑчӗ
        daylight: Хӗвелтухӑҫ Гринланди ҫуллахи вӑхӑчӗ
    Greenland_Western:
      long:
        generic: Анӑҫ Гринланди вӑхӑчӗ
        standard: Анӑҫ Гринланди стандартлӑ вӑхӑчӗ
        daylight: Анӑҫ ҫуллахи вӑхӑчӗ
    Gulf:
      long:
        standard: Перси залив вӑхӑчӗ
    Guyana:
      long:
        standard: Гайана вӑхӑчӗ
    Hawaii_Aleutian:
      long:
        generic: Гавайи Алеут вӑхӑчӗ
        standard: Гавайи Алеут стандартлӑ вӑхӑчӗ
        daylight: Гавайи Алеут ҫуллахи вӑхӑчӗ
    Hong_Kong:
      long:
        generic: Гонконг вӑхӑчӗ
        standard: Гонконг стандартлӑ вӑхӑчӗ
        daylight: Гонконг ҫуллахи вӑхӑчӗ
    Hovd:
      long:
        generic: Ховд вӑхӑчӗ
        standard: Ховд стандартлӑ вӑхӑчӗ
        daylight: Ховд ҫуллахи вӑхӑчӗ
    India:
      long:
        standard: Инди вӑхӑчӗ
    Indian_Ocean:
      long:
        standard: Инди океанӗ вӑхӑчӗ
    Indochina:
      long:
        standard: Индокитай вӑхӑчӗ
    Indonesia_Central:
      long:
        standard: Тӗп Индонези вӑхӑчӗ
    Indonesia_Eastern:
      long:
        standard: Хӗвелтухӑҫ Индонези вӑхӑчӗ
    Indonesia_Western:
      long:
        standard: Анӑҫ Индонези вӑхӑчӗ
    Iran:
      long:
        generic: Иран вӑхӑчӗ
        standard: Иран стандартлӑ вӑхӑчӗ
        daylight: Иран ҫуллахи вӑхӑчӗ
    Irkutsk:
      long:
        generic: Иркутск вӑхӑчӗ
        standard: Иркутск стандартлӑ вӑхӑчӗ
        daylight: Иркутск ҫуллахи вӑхӑчӗ
    Israel:
      long:
        generic: Израиль вӑхӑчӗ
        standard: Израиль стандартлӑ вӑхӑчӗ
        daylight: Израиль ҫуллахи вӑхӑчӗ
    Japan:
      long:
        generic: Япони вӑхӑчӗ
        standard: Япони стандартлӑ вӑхӑчӗ
        daylight: Япони ҫуллахи вӑхӑчӗ
    Kazakhstan_Eastern:
      long:
        standard: Хӗвелтухӑҫ Казахстан вӑхӑчӗ
    Kazakhstan_Western:
      long:
        standard: Анӑҫ Казахстан вӑхӑчӗ
    Korea:
      long:
        generic: Корей вӑхӑчӗ
        standard: Корей стандартлӑ вӑхӑчӗ
        daylight: Корей ҫуллахи вӑхӑчӗ
    Kosrae:
      long:
        standard: Косрае вӑхӑчӗ
    Krasnoyarsk:
      long:
        generic: Красноярск вӑхӑчӗ
        standard: Красноярск стандартлӑ вӑхӑчӗ
        daylight: Красноярск ҫуллахи вӑхӑчӗ
    Kyrgystan:
      long:
        standard: Киргизи вӑхӑчӗ
    Line_Islands:
      long:
        standard: Лайн утравӗсен вӑхӑчӗ
    Lord_Howe:
      long:
        generic: Лорд-Хау вӑхӑчӗ
        standard: Лорд-Хау стандартлӑ вӑхӑчӗ
        daylight: Лорд-Хау ҫуллахи вӑхӑчӗ
    Magadan:
      long:
        generic: Магадан вӑхӑчӗ
        standard: Магадан стандартлӑ вӑхӑчӗ
        daylight: Магадан ҫуллахи вӑхӑчӗ
    Malaysia:
      long:
        standard: Малайзи вӑхӑчӗ
    Maldives:
      long:
        standard: Мальдивсем вӑхӑчӗ
    Marquesas:
      long:
        standard: Маркизас утравӗсен вӑхӑчӗ
    Marshall_Islands:
      long:
        standard: Маршалл утравӗсен вӑхӑчӗ
    Mauritius:
      long:
        generic: Маврикий вӑхӑчӗ
        standard: Маврикий стандартлӑ вӑхӑчӗ
        daylight: Маврикий ҫуллахи вӑхӑчӗ
    Mawson:
      long:
        standard: Моусон вӑхӑчӗ
    Mexico_Pacific:
      long:
        generic: Мексика Лӑпкӑ океан вӑхӑчӗ
        standard: Мексика Лӑпкӑ океан стандартлӑ вӑхӑчӗ
        daylight: Мексика Лӑпкӑ океан ҫуллахи вӑхӑчӗ
    Mongolia:
      long:
        generic: Улан-Батор вӑхӑчӗ
        standard: Улан-Батор стандартлӑ вӑхӑчӗ
        daylight: Улан-Батор ҫуллахи вӑхӑчӗ
    Moscow:
      long:
        generic: Мускав вӑхӑчӗ
        standard: Мускав стандартлӑ вӑхӑчӗ
        daylight: Мускав ҫуллахи вӑхӑчӗ
    Myanmar:
      long:
        standard: Мьянма вӑхӑчӗ
    Nauru:
      long:
        standard: Науру вӑхӑчӗ
    Nepal:
      long:
        standard: Непал вӑхӑчӗ
    New_Caledonia:
      long:
        generic: Ҫӗнӗ Каледони вӑхӑчӗ
        standard: Ҫӗнӗ Каледони стандартлӑ вӑхӑчӗ
        daylight: Ҫӗнӗ Каледони ҫуллахи вӑхӑчӗ
    New_Zealand:
      long:
        generic: Ҫӗнӗ Зеланди вӑхӑчӗ
        standard: Ҫӗнӗ Зеланди стандартлӑ вӑхӑчӗ
        daylight: Ҫӗнӗ Зеланди ҫуллахи вӑхӑчӗ
    Newfoundland:
      long:
        generic: Ньюфаундленд вӑхӑчӗ
        standard: Ньюфаундленд стандартлӑ вӑхӑчӗ
        daylight: Ньюфаундленд ҫуллахи вӑхӑчӗ
    Niue:
      long:
        standard: Ниуэ вӑхӑчӗ
    Norfolk:
      long:
        generic: Норфолк вӑхӑчӗ
        standard: Норфолк стандартлӑ вӑхӑчӗ
        daylight: Норфолк ҫуллахи вӑхӑчӗ
    Noronha:
      long:
        generic: Фернанду-ди-Норонья вӑхӑчӗ
        standard: Фернанду-ди-Норонья стандартлӑ вӑхӑчӗ
        daylight: Фернанду-ди-Норонья ҫуллахи вӑхӑчӗ
    Novosibirsk:
      long:
        generic: Новосибирск вӑхӑчӗ
        standard: Новосибирск стандартлӑ вӑхӑчӗ
        daylight: Новосибирск ҫуллахи вӑхӑчӗ
    Omsk:
      long:
        generic: Омск вӑхӑчӗ
        standard: Омск стандартлӑ вӑхӑчӗ
        daylight: Омск ҫуллахи вӑхӑчӗ
    Pakistan:
      long:
        generic: Пакистан вӑхӑчӗ
        standard: Пакистан стандартлӑ вӑхӑчӗ
        daylight: Пакистан ҫуллахи вӑхӑчӗ
    Palau:
      long:
        standard: Палау вӑхӑчӗ
    Papua_New_Guinea:
      long:
        standard: Папуа — Ҫӗнӗ Гвиней вӑхӑчӗ
    Paraguay:
      long:
        generic: Парагвай вӑхӑчӗ
        standard: Парагвай стандартлӑ вӑхӑчӗ
        daylight: Парагвай ҫуллахи вӑхӑчӗ
    Peru:
      long:
        generic: Перу вӑхӑчӗ
        standard: Перу стандартлӑ вӑхӑчӗ
        daylight: Перу ҫуллахи вӑхӑчӗ
    Philippines:
      long:
        generic: Филиппинсем вӑхӑчӗ
        standard: Филиппинсем стандартлӑ вӑхӑчӗ
        daylight: Филиппинсем ҫуллахи вӑхӑчӗ
    Phoenix_Islands:
      long:
        standard: Феникс вӑхӑчӗ
    Pierre_Miquelon:
      long:
        generic: Сен-Пьер тата Микелон вӑхӑчӗ
        standard: Сен-Пьер тата Микелон стандартлӑ вӑхӑчӗ
        daylight: Сен-Пьер тата Микелон ҫуллахи вӑхӑчӗ
    Pitcairn:
      long:
        standard: Питкэрн вӑхӑчӗ
    Ponape:
      long:
        standard: Понпеи вӑхӑчӗ
    Pyongyang:
      long:
        standard: Пхеньян
    Reunion:
      long:
        standard: Реюньон вӑхӑчӗ
    Rothera:
      long:
        standard: Ротера вӑхӑчӗ
    Sakhalin:
      long:
        generic: Сахалин вӑхӑчӗ
        standard: Сахалин стандартлӑ вӑхӑчӗ
        daylight: Сахалин ҫуллахи вӑхӑчӗ
    Samoa:
      long:
        generic: Самоа вӑхӑчӗ
        standard: Самоа стандартлӑ вӑхӑчӗ
        daylight: Самоа ҫуллахи вӑхӑчӗ
    Seychelles:
      long:
        standard: Сейшел утравӗсен вӑхӑчӗ
    Singapore:
      long:
        standard: Сингапур вӑхӑчӗ
    Solomon:
      long:
        standard: Соломон вӑхӑчӗ
    South_Georgia:
      long:
        standard: Кӑнтӑр Георги вӑхӑчӗ
    Suriname:
      long:
        standard: Суринам вӑхӑчӗ
    Syowa:
      long:
        standard: Сёва вӑхӑчӗ
    Tahiti:
      long:
        standard: Таити вӑхӑчӗ
    Taipei:
      long:
        generic: Тайпей вӑхӑчӗ
        standard: Тайпей стандартлӑ вӑхӑчӗ
        daylight: Тайпей ҫуллахи вӑхӑчӗ
    Tajikistan:
      long:
        standard: Таджикистан вӑхӑчӗ
    Tokelau:
      long:
        standard: Токелау вӑхӑчӗ
    Tonga:
      long:
        generic: Тонга вӑхӑчӗ
        standard: Тонга стандартлӑ вӑхӑчӗ
        daylight: Тонга ҫуллахи вӑхӑчӗ
    Truk:
      long:
        standard: Трук вӑхӑчӗ
    Turkmenistan:
      long:
        generic: Туркменистан вӑхӑчӗ
        standard: Туркменистан стандартлӑ вӑхӑчӗ
        daylight: Туркменистан ҫуллахи вӑхӑчӗ
    Tuvalu:
      long:
        standard: Тувалу вӑхӑчӗ
    Uruguay:
      long:
        generic: Уругвай вӑхӑчӗ
        standard: Уругвай стандартлӑ вӑхӑчӗ
        daylight: Уругвай ҫуллахи вӑхӑчӗ
    Uzbekistan:
      long:
        generic: Узбекистан вӑхӑчӗ
        standard: Узбекистан стандартлӑ вӑхӑчӗ
        daylight: Узбекистан ҫуллахи вӑхӑчӗ
    Vanuatu:
      long:
        generic: Вануату вӑхӑчӗ
        standard: Вануату стандартлӑ вӑхӑчӗ
        daylight: Вануату ҫуллахи вӑхӑчӗ
    Venezuela:
      long:
        standard: Венесуэла вӑхӑчӗ
    Vladivostok:
      long:
        generic: Владивосток вӑхӑчӗ
        standard: Владивосток стандартлӑ вӑхӑчӗ
        daylight: Владивосток ҫуллахи вӑхӑчӗ
    Volgograd:
      long:
        generic: Волгоград вӑхӑчӗ
        standard: Волгоград стандартлӑ вӑхӑчӗ
        daylight: Волгоград ҫуллахи вӑхӑчӗ
    Vostok:
      long:
        standard: Восток вӑхӑчӗ
    Wake:
      long:
        standard: Уэйк вӑхӑчӗ
    Wallis:
      long:
        standard: Уоллис тата Футуна вӑхӑчӗ
    Yakutsk:
      long:
        generic: Якутск вӑхӑчӗ
        standard: Якутск стандартлӑ вӑхӑчӗ
        daylight: Якутск ҫуллахи вӑхӑчӗ
    Yekaterinburg:
      long:
        generic: Екатеринбург вӑхӑчӗ
        standard: Екатеринбург стандартлӑ вӑхӑчӗ
        daylight: Екатеринбург ҫуллахи вӑхӑчӗ
    Yukon:
      long:
        standard: Юкон вӑхӑчӗ
