---
locale: pcm
generated_at: '2025-09-15T06:26:43Z'
cldr_version: '46'
timezone_names:
  formats:
    region_format: "{0} Taim"
    region_format_daylight: "{0} Délaít Taim"
    region_format_standard: "{0} Fíksd Taim"
  zones:
    Etc/UTC:
      long:
        standard: Arénjmẹnt ọf Di Hól Wọld Taim
    Etc/Unknown:
      exemplar_city: Taun wé Pẹ́sin Nọ́ No
    Europe/Andorra:
      exemplar_city: Andọ́ra
    America/Antigua:
      exemplar_city: Antígwua
    America/Anguilla:
      exemplar_city: Angwíla
    Europe/Tirane:
      exemplar_city: Tiránẹ
    Asia/Yerevan:
      exemplar_city: Yẹrẹ́van
    Africa/Luanda:
      exemplar_city: Luánda
    Antarctica/Rothera:
      exemplar_city: Rotẹ́ra
    Antarctica/Palmer:
      exemplar_city: Páma
    Antarctica/Troll:
      exemplar_city: Trol
    Antarctica/Syowa:
      exemplar_city: Siówa
    Antarctica/Mawson:
      exemplar_city: Mọ́sọn
    Antarctica/Davis:
      exemplar_city: Dévis
    Antarctica/Vostok:
      exemplar_city: Vọ́stọk
    Antarctica/Casey:
      exemplar_city: Kési
    Antarctica/DumontDUrville:
      exemplar_city: Diúmọ́n-d’Uvil
    Antarctica/McMurdo:
      exemplar_city: McMọ́do
    America/Argentina/Rio_Gallegos:
      exemplar_city: Rió Galẹ́gọs
    America/Mendoza:
      exemplar_city: Mẹndóza
    America/Argentina/San_Juan:
      exemplar_city: Sán Hwán
    America/Argentina/Ushuaia:
      exemplar_city: Usuáya
    America/Argentina/La_Rioja:
      exemplar_city: La Riókha
    America/Argentina/San_Luis:
      exemplar_city: Sán Luis
    America/Catamarca:
      exemplar_city: Katamáka
    America/Argentina/Salta:
      exemplar_city: Sálta
    America/Jujuy:
      exemplar_city: Huhui
    America/Argentina/Tucuman:
      exemplar_city: Túkúman
    America/Cordoba:
      exemplar_city: Kórdoba
    America/Buenos_Aires:
      exemplar_city: Buẹnos Aírẹs
    Pacific/Pago_Pago:
      exemplar_city: Págo Págo
    Europe/Vienna:
      exemplar_city: Viẹ́na
    Australia/Perth:
      exemplar_city: Pẹrt
    Australia/Eucla:
      exemplar_city: Yúkla
    Australia/Darwin:
      exemplar_city: Dárwin
    Australia/Adelaide:
      exemplar_city: Adleid
    Australia/Broken_Hill:
      exemplar_city: Brókún Hil
    Australia/Melbourne:
      exemplar_city: Mẹ́lbọn
    Australia/Hobart:
      exemplar_city: Hóbat
    Australia/Lindeman:
      exemplar_city: Líndẹman
    Australia/Sydney:
      exemplar_city: Sídni
    Australia/Brisbane:
      exemplar_city: Brísben
    Antarctica/Macquarie:
      exemplar_city: Makwuéí
    Australia/Lord_Howe:
      exemplar_city: Lọd Haú
    America/Aruba:
      exemplar_city: Arúba
    Europe/Mariehamn:
      exemplar_city: Maríahámn
    Asia/Baku:
      exemplar_city: Báku
    Europe/Sarajevo:
      exemplar_city: Sarayẹ́vo
    America/Barbados:
      exemplar_city: Barbédọs
    Asia/Dhaka:
      exemplar_city: Dáka
    Europe/Brussels:
      exemplar_city: Brúsuls
    Africa/Ouagadougou:
      exemplar_city: Ouagadúgu
    Europe/Sofia:
      exemplar_city: Sofía
    Asia/Bahrain:
      exemplar_city: Bahrén
    Africa/Bujumbura:
      exemplar_city: Bujumbúra
    Africa/Porto-Novo:
      exemplar_city: Pọto-Nóvo
    America/St_Barthelemy:
      exemplar_city: Sent Batẹlẹ́mi
    Atlantic/Bermuda:
      exemplar_city: Bẹmiúda
    Asia/Brunei:
      exemplar_city: Brunẹi
    America/Kralendijk:
      exemplar_city: Králẹ́ndijk
    America/Eirunepe:
      exemplar_city: Ẹirunẹpẹ
    America/Rio_Branco:
      exemplar_city: Rió Bránko
    America/Porto_Velho:
      exemplar_city: Pọto Vẹ́lho
    America/Boa_Vista:
      exemplar_city: Bóa Vísta
    America/Manaus:
      exemplar_city: Manáus
    America/Cuiaba:
      exemplar_city: Kúyábaa
    America/Santarem:
      exemplar_city: Santarẹm
    America/Campo_Grande:
      exemplar_city: Kampó Grándẹ
    America/Belem:
      exemplar_city: Bẹlẹm
    America/Araguaina:
      exemplar_city: Aragwuaína
    America/Sao_Paulo:
      exemplar_city: Sao Paúlo
    America/Bahia:
      exemplar_city: Bahía
    America/Fortaleza:
      exemplar_city: Fọtalẹ́za
    America/Maceio:
      exemplar_city: Masẹ́io
    America/Recife:
      exemplar_city: Rẹsífẹ
    America/Noronha:
      exemplar_city: Nọrónia
    America/Nassau:
      exemplar_city: Nássọu
    Asia/Thimphu:
      exemplar_city: Tímfu
    Africa/Gaborone:
      exemplar_city: Háborónẹ
    America/Belize:
      exemplar_city: Bẹliz
    America/Dawson:
      exemplar_city: Dọ́sọn
    America/Whitehorse:
      exemplar_city: Waíthọs
    America/Inuvik:
      exemplar_city: Inúvik
    America/Vancouver:
      exemplar_city: Vankúva
    America/Fort_Nelson:
      exemplar_city: Fọt Nẹ́lson
    America/Dawson_Creek:
      exemplar_city: Dọ́sọn Krik
    America/Creston:
      exemplar_city: Krẹ́stọn
    America/Edmonton:
      exemplar_city: Ẹ́dmọ́ntọn
    America/Swift_Current:
      exemplar_city: Swíft Kọ́rẹnt
    America/Cambridge_Bay:
      exemplar_city: Kémbríj Bè
    America/Regina:
      exemplar_city: Rẹjína
    America/Winnipeg:
      exemplar_city: Wínípẹg
    America/Resolute:
      exemplar_city: Rẹ́zólut
    America/Rankin_Inlet:
      exemplar_city: Ránkín Ínlẹt
    America/Coral_Harbour:
      exemplar_city: Atíkókan
    America/Toronto:
      exemplar_city: Torónto
    America/Iqaluit:
      exemplar_city: Ikáluit
    America/Moncton:
      exemplar_city: Mọ́nktọn
    America/Halifax:
      exemplar_city: Hálífaks
    America/Goose_Bay:
      exemplar_city: Gúz Bè
    America/Glace_Bay:
      exemplar_city: Glás Bè
    America/Blanc-Sablon:
      exemplar_city: Blank-Sáblọn
    America/St_Johns:
      exemplar_city: Sent Jọn
    Indian/Cocos:
      exemplar_city: Kókos
    Africa/Kinshasa:
      exemplar_city: Kinshásha
    Africa/Lubumbashi:
      exemplar_city: Lubumbáshi
    Africa/Bangui:
      exemplar_city: Bangúi
    Africa/Brazzaville:
      exemplar_city: Brázavil
    Europe/Zurich:
      exemplar_city: Zúrik
    Africa/Abidjan:
      exemplar_city: Ábijan
    Pacific/Rarotonga:
      exemplar_city: Raratónga
    Pacific/Easter:
      exemplar_city: Ísta
    America/Punta_Arenas:
      exemplar_city: Púntá Arẹ́nas
    America/Santiago:
      exemplar_city: Santiágo
    Africa/Douala:
      exemplar_city: Duála
    Asia/Urumqi:
      exemplar_city: Yurọ́mki
    Asia/Shanghai:
      exemplar_city: Shánghai
    America/Costa_Rica:
      exemplar_city: Kósta Ríka
    America/Havana:
      exemplar_city: Havána
    Atlantic/Cape_Verde:
      exemplar_city: Kép Vẹd
    America/Curacao:
      exemplar_city: Kiurásao
    Indian/Christmas:
      exemplar_city: Krísmas
    Asia/Nicosia:
      exemplar_city: Nikosia
    Asia/Famagusta:
      exemplar_city: Fagústa
    Europe/Prague:
      exemplar_city: Prag
    Europe/Busingen:
      exemplar_city: Busíngẹn
    Europe/Berlin:
      exemplar_city: Bẹlin
    Africa/Djibouti:
      exemplar_city: Jibúti
    Europe/Copenhagen:
      exemplar_city: Kọpẹnhágẹn
    America/Dominica:
      exemplar_city: Dọmíníka
    America/Santo_Domingo:
      exemplar_city: Sántó Domíngo
    Africa/Algiers:
      exemplar_city: Aljíẹz
    Pacific/Galapagos:
      exemplar_city: Galápágọs
    America/Guayaquil:
      exemplar_city: Guáyakil
    Europe/Tallinn:
      exemplar_city: Tálin
    Africa/Cairo:
      exemplar_city: Kaíro
    Africa/El_Aaiun:
      exemplar_city: Ẹl Aiun
    Africa/Asmera:
      exemplar_city: Asmára
    Atlantic/Canary:
      exemplar_city: Kenerí
    Africa/Ceuta:
      exemplar_city: Sẹúta
    Africa/Addis_Ababa:
      exemplar_city: Adí Abába
    Europe/Helsinki:
      exemplar_city: Hẹlsínki
    Pacific/Fiji:
      exemplar_city: Fíji
    Atlantic/Stanley:
      exemplar_city: Stánli
    Pacific/Truk:
      exemplar_city: Chuk
    Pacific/Ponape:
      exemplar_city: Pọnpẹ́i
    Pacific/Kosrae:
      exemplar_city: Kọ́sraẹ
    Atlantic/Faeroe:
      exemplar_city: Fáróis
    Europe/Paris:
      exemplar_city: Páris
    Africa/Libreville:
      exemplar_city: Líbrẹvil
    Europe/London:
      exemplar_city: Lọ́ndọn
      long:
        daylight: Brítísh Họ́t Sízin Taim
    America/Grenada:
      exemplar_city: Grẹnéda
    Asia/Tbilisi:
      exemplar_city: Tiblísi
    America/Cayenne:
      exemplar_city: Kayẹn
    Europe/Guernsey:
      exemplar_city: Guẹnzi
    Africa/Accra:
      exemplar_city: Akrá
    Europe/Gibraltar:
      exemplar_city: Jibrọ́lta
    America/Thule:
      exemplar_city: Túli
    America/Scoresbysund:
      exemplar_city: Itókotúrmit
    America/Danmarkshavn:
      exemplar_city: Danmákshávun
    Africa/Conakry:
      exemplar_city: Kọnákri
    America/Guadeloupe:
      exemplar_city: Guadalúpẹ
    Africa/Malabo:
      exemplar_city: Malábo
    Europe/Athens:
      exemplar_city: Átẹns
    Atlantic/South_Georgia:
      exemplar_city: Saút Jọ́jia
    America/Guatemala:
      exemplar_city: Guátẹmála
    Africa/Bissau:
      exemplar_city: Bisau
    America/Guyana:
      exemplar_city: Gayána
    Asia/Hong_Kong:
      exemplar_city: Họng Kọng
    America/Tegucigalpa:
      exemplar_city: Tẹgúsigálpa
    Europe/Zagreb:
      exemplar_city: Zágrẹb
    America/Port-au-Prince:
      exemplar_city: Pọt-o-Prins
    Europe/Budapest:
      exemplar_city: Búdápẹst
    Asia/Jakarta:
      exemplar_city: Jakáta
    Asia/Pontianak:
      exemplar_city: Pọntiának
    Asia/Makassar:
      exemplar_city: Makása
    Asia/Jayapura:
      exemplar_city: Jayapúra
    Europe/Dublin:
      exemplar_city: Dọ́blin
      long:
        daylight: Aírísh Fíksd Taim
    Asia/Jerusalem:
      exemplar_city: Jẹrúsálẹm
    Europe/Isle_of_Man:
      exemplar_city: Aíl ọf Man
    Asia/Calcutta:
      exemplar_city: Kolkáta
    Indian/Chagos:
      exemplar_city: Chágọs
    Asia/Baghdad:
      exemplar_city: Bágdad
    Asia/Tehran:
      exemplar_city: Tẹran
    Atlantic/Reykjavik:
      exemplar_city: Rẹ́kjávik
    Europe/Rome:
      exemplar_city: Rom
    Europe/Jersey:
      exemplar_city: Jẹ́si
    America/Jamaica:
      exemplar_city: Jamaíka
    Asia/Amman:
      exemplar_city: Aman
    Asia/Tokyo:
      exemplar_city: Tókyo
    Africa/Nairobi:
      exemplar_city: Naíróbi
    Asia/Bishkek:
      exemplar_city: Bishkẹk
    Asia/Phnom_Penh:
      exemplar_city: Fnọ́m Pẹn
    Pacific/Enderbury:
      exemplar_city: Ẹ́ndábẹ́ri
    Pacific/Kiritimati:
      exemplar_city: Kritímáti
    Pacific/Tarawa:
      exemplar_city: Taráwa
    Indian/Comoro:
      exemplar_city: Kọ́mọ́ros
    America/St_Kitts:
      exemplar_city: Sent Kits
    Asia/Pyongyang:
      exemplar_city: Piọngyang
    Asia/Seoul:
      exemplar_city: Sol
    Asia/Kuwait:
      exemplar_city: Kuwet
    America/Cayman:
      exemplar_city: Kéman
    Asia/Aqtau:
      exemplar_city: Aktáu
    Asia/Oral:
      exemplar_city: Ọ́ral
    Asia/Atyrau:
      exemplar_city: Átírau
    Asia/Aqtobe:
      exemplar_city: Aktóbẹ
    Asia/Qostanay:
      exemplar_city: Kostánai
    Asia/Qyzylorda:
      exemplar_city: Kízilọ́da
    Asia/Almaty:
      exemplar_city: Álmáti
    Asia/Vientiane:
      exemplar_city: Viẹ́ntiẹn
    Asia/Beirut:
      exemplar_city: Bẹrut
    America/St_Lucia:
      exemplar_city: Sent Lúshia
    Asia/Colombo:
      exemplar_city: Kolómbo
    Africa/Monrovia:
      exemplar_city: Monróvia
    Africa/Maseru:
      exemplar_city: Masẹ́ru
    Europe/Vilnius:
      exemplar_city: Vílnius
    Europe/Luxembourg:
      exemplar_city: Lọ́ksẹ́mbọg
    Europe/Riga:
      exemplar_city: Ríga
    Africa/Tripoli:
      exemplar_city: Trípọ́li
    Africa/Casablanca:
      exemplar_city: Kasablánka
    Europe/Monaco:
      exemplar_city: Mọ́náko
    Europe/Chisinau:
      exemplar_city: Chisináu
    Europe/Podgorica:
      exemplar_city: Pọ́jóríka
    America/Marigot:
      exemplar_city: Márígọt
    Indian/Antananarivo:
      exemplar_city: Antánánarívo
    Pacific/Kwajalein:
      exemplar_city: Kwájalẹn
    Pacific/Majuro:
      exemplar_city: Majúro
    Europe/Skopje:
      exemplar_city: Skọ́pyẹ
    Africa/Bamako:
      exemplar_city: Bamáko
    Asia/Rangoon:
      exemplar_city: Yangọn
    Asia/Ulaanbaatar:
      exemplar_city: Ulanbáta
    Asia/Macau:
      exemplar_city: Makáo
    America/Martinique:
      exemplar_city: Matínik
    Africa/Nouakchott:
      exemplar_city: Nouákshọt
    America/Montserrat:
      exemplar_city: Mọntsẹrat
    Europe/Malta:
      exemplar_city: Mọ́lta
    Indian/Mauritius:
      exemplar_city: Mọríshọs
    Indian/Maldives:
      exemplar_city: Mọ́ldivs
    Africa/Blantyre:
      exemplar_city: Blantáya
    America/Tijuana:
      exemplar_city: Tikhuána
    America/Hermosillo:
      exemplar_city: Hẹ́mósílo
    America/Mazatlan:
      exemplar_city: Mazátlan
    America/Chihuahua:
      exemplar_city: Chiwuáwua
    America/Bahia_Banderas:
      exemplar_city: Bahía Bandẹ́ras
    America/Ojinaga:
      exemplar_city: Okhinága
    America/Monterrey:
      exemplar_city: Mọntẹrẹẹ
    America/Mexico_City:
      exemplar_city: Mẹ́ksíkó Síti
    America/Matamoros:
      exemplar_city: Mátamóros
    America/Merida:
      exemplar_city: Mẹ́rída
    America/Cancun:
      exemplar_city: Kankun
    Asia/Kuala_Lumpur:
      exemplar_city: Kuála Lúmpọ
    Africa/Maputo:
      exemplar_city: Mapúto
    Africa/Windhoek:
      exemplar_city: Wíndhok
    Pacific/Noumea:
      exemplar_city: Númẹ́a
    Africa/Niamey:
      exemplar_city: Niáme
    Pacific/Norfolk:
      exemplar_city: Nọ́rfọ́lk
    Africa/Lagos:
      exemplar_city: Légos
    America/Managua:
      exemplar_city: Manágua
    Europe/Amsterdam:
      exemplar_city: Ámstádam
    Europe/Oslo:
      exemplar_city: Ọ́slo
    Asia/Katmandu:
      exemplar_city: Katmándu
    Pacific/Nauru:
      exemplar_city: Naúru
    Pacific/Niue:
      exemplar_city: Niú
    Pacific/Chatham:
      exemplar_city: Chátam
    Pacific/Auckland:
      exemplar_city: Ọ́kland
    Asia/Muscat:
      exemplar_city: Múskat
    America/Panama:
      exemplar_city: Pánáma
    America/Lima:
      exemplar_city: Líma
    Pacific/Tahiti:
      exemplar_city: Tahíti
    Pacific/Marquesas:
      exemplar_city: Makwẹ́sas
    Pacific/Gambier:
      exemplar_city: Gámbiẹr
    Pacific/Port_Moresby:
      exemplar_city: Pọt Mọrẹ́sbi
    Pacific/Bougainville:
      exemplar_city: Bugenvília
    Asia/Manila:
      exemplar_city: Maníla
    Asia/Karachi:
      exemplar_city: Karáchi
    Europe/Warsaw:
      exemplar_city: Wọ́sọ
    America/Miquelon:
      exemplar_city: Míkẹlọn
    Pacific/Pitcairn:
      exemplar_city: Pítkan
    America/Puerto_Rico:
      exemplar_city: Puẹ́rto Ríkọ
    Asia/Gaza:
      exemplar_city: Gáza
    Asia/Hebron:
      exemplar_city: Hẹ́brọn
    Atlantic/Azores:
      exemplar_city: Azọz
    Atlantic/Madeira:
      exemplar_city: Madíra
    Europe/Lisbon:
      exemplar_city: Lísbọn
    Pacific/Palau:
      exemplar_city: Paláu
    America/Asuncion:
      exemplar_city: Asunsiọn
    Asia/Qatar:
      exemplar_city: Káta
    Indian/Reunion:
      exemplar_city: Riyúniọn
    Europe/Bucharest:
      exemplar_city: Búkárẹst
    Europe/Belgrade:
      exemplar_city: Bẹ́lgréd
    Europe/Kaliningrad:
      exemplar_city: Kalíníngrad
    Europe/Moscow:
      exemplar_city: Mọ́sko
    Europe/Volgograd:
      exemplar_city: Volvógrad
    Europe/Saratov:
      exemplar_city: Sárátov
    Europe/Astrakhan:
      exemplar_city: Ástrahán
    Europe/Ulyanovsk:
      exemplar_city: Uliánọvsk
    Europe/Kirov:
      exemplar_city: Kirọv
    Europe/Samara:
      exemplar_city: Samára
    Asia/Yekaterinburg:
      exemplar_city: Yẹketẹrínbug
    Asia/Omsk:
      exemplar_city: Ọmsk
    Asia/Novosibirsk:
      exemplar_city: Novosibisk
    Asia/Barnaul:
      exemplar_city: Bárnául
    Asia/Novokuznetsk:
      exemplar_city: Novokuznẹ́sk
    Asia/Krasnoyarsk:
      exemplar_city: Krasnoyask
    Asia/Irkutsk:
      exemplar_city: Irkútsk
    Asia/Chita:
      exemplar_city: Chítá
    Asia/Yakutsk:
      exemplar_city: Yékútsk
    Asia/Vladivostok:
      exemplar_city: Vladivọstọk
    Asia/Khandyga:
      exemplar_city: Kandíga
    Asia/Sakhalin:
      exemplar_city: Sákhalin
    Asia/Ust-Nera:
      exemplar_city: Ust-Nẹ́ra
    Asia/Magadan:
      exemplar_city: Mágádan
    Asia/Srednekolymsk:
      exemplar_city: Srẹ́dnẹkolimsk
    Asia/Kamchatka:
      exemplar_city: Kamchátké
    Asia/Anadyr:
      exemplar_city: Ánadiar
    Africa/Kigali:
      exemplar_city: Kigáli
    Asia/Riyadh:
      exemplar_city: Riyád
    Pacific/Guadalcanal:
      exemplar_city: Guádálkanal
    Indian/Mahe:
      exemplar_city: Mahẹ́
    Africa/Khartoum:
      exemplar_city: Kartum
    Europe/Stockholm:
      exemplar_city: Stọ́khọm
    Asia/Singapore:
      exemplar_city: Singapọ
    Atlantic/St_Helena:
      exemplar_city: Sent Hẹlẹ́na
    Europe/Ljubljana:
      exemplar_city: Lubliána
    Arctic/Longyearbyen:
      exemplar_city: Lọngyẹ́abiẹn
    Europe/Bratislava:
      exemplar_city: Bratísláva
    Africa/Freetown:
      exemplar_city: Frítaun
    Europe/San_Marino:
      exemplar_city: San Maríno
    Africa/Dakar:
      exemplar_city: Dakár
    Africa/Mogadishu:
      exemplar_city: Mọgádíshu
    America/Paramaribo:
      exemplar_city: Párámaribo
    Africa/Juba:
      exemplar_city: Júba
    Africa/Sao_Tome:
      exemplar_city: Sao Tómẹ
    America/El_Salvador:
      exemplar_city: El Sálvádọ
    America/Lower_Princes:
      exemplar_city: Lówá Príns Im Kwọ́ta
    Asia/Damascus:
      exemplar_city: Damáskọs
    Africa/Mbabane:
      exemplar_city: Mbabánẹ
    America/Grand_Turk:
      exemplar_city: Gránd Tọk
    Africa/Ndjamena:
      exemplar_city: Njamẹ́na
    Indian/Kerguelen:
      exemplar_city: Kẹ́rgúlẹn
    Africa/Lome:
      exemplar_city: Lómẹ
    Asia/Bangkok:
      exemplar_city: Bánkọk
    Asia/Dushanbe:
      exemplar_city: Dushánbẹ
    Pacific/Fakaofo:
      exemplar_city: Fakáófo
    Asia/Dili:
      exemplar_city: Díli
    Asia/Ashgabat:
      exemplar_city: Áshgabat
    Africa/Tunis:
      exemplar_city: Túnis
    Pacific/Tongatapu:
      exemplar_city: Tongatápu
    Europe/Istanbul:
      exemplar_city: Ístánbul
    America/Port_of_Spain:
      exemplar_city: Pọ́t ọf Spen
    Pacific/Funafuti:
      exemplar_city: Funafúti
    Asia/Taipei:
      exemplar_city: Taipẹi
    Africa/Dar_es_Salaam:
      exemplar_city: Dar ẹ́s Salam
    Europe/Kiev:
      exemplar_city: Kiẹv
    Europe/Simferopol:
      exemplar_city: Símfẹrópol
    Africa/Kampala:
      exemplar_city: Kampála
    Pacific/Midway:
      exemplar_city: Mídwè
    Pacific/Wake:
      exemplar_city: Wek
    America/Adak:
      exemplar_city: Ádak
    America/Nome:
      exemplar_city: Noom
    America/Anchorage:
      exemplar_city: Ánkọ́rej
    America/Yakutat:
      exemplar_city: Yakútat
    America/Juneau:
      exemplar_city: Júno
    America/Metlakatla:
      exemplar_city: Mẹtlakátla
    America/Los_Angeles:
      exemplar_city: Lọs Ánjẹ́lis
    America/Boise:
      exemplar_city: Bọísi
    America/Phoenix:
      exemplar_city: Fíniks
    America/Denver:
      exemplar_city: Dẹ́nva
    America/North_Dakota/Beulah:
      exemplar_city: Biúla, Nọ́t Dakóta
    America/North_Dakota/New_Salem:
      exemplar_city: Niú Sélẹm, Nọ́t Dakóta
    America/North_Dakota/Center:
      exemplar_city: Sẹ́nta, Nọ́t Dakóta
    America/Chicago:
      exemplar_city: Chikágo
    America/Menominee:
      exemplar_city: Mẹnọ́minii
    America/Indiana/Vincennes:
      exemplar_city: Vínsẹn, Indiána
    America/Indiana/Petersburg:
      exemplar_city: Pításbọg, Indiána
    America/Indiana/Tell_City:
      exemplar_city: Tẹ́l Síti, Indiána
    America/Indiana/Knox:
      exemplar_city: Nọks, Indiána
    America/Indiana/Winamac:
      exemplar_city: Wínámak, Indiána
    America/Indiana/Marengo:
      exemplar_city: Marẹ́ngo, Indiána
    America/Indianapolis:
      exemplar_city: Indiánápọ́lis
    America/Louisville:
      exemplar_city: Luívil
    America/Indiana/Vevay:
      exemplar_city: Vẹ́ve, Indiána
    America/Kentucky/Monticello:
      exemplar_city: Mọntẹchẹ́lo, Kẹ́ntọ́ki
    America/Detroit:
      exemplar_city: Ditrọit
    America/New_York:
      exemplar_city: Niú Yọk
    America/Montevideo:
      exemplar_city: Mọntẹvidẹo
    Asia/Samarkand:
      exemplar_city: Sámákand
    Asia/Tashkent:
      exemplar_city: Táshkẹnt
    Europe/Vatican:
      exemplar_city: Vátíkan
    America/St_Vincent:
      exemplar_city: Sent Vínsẹnt
    America/Caracas:
      exemplar_city: Karákas
    America/Tortola:
      exemplar_city: Tọtóla
    America/St_Thomas:
      exemplar_city: Sent Tọmọs
    Asia/Saigon:
      exemplar_city: Hó Chi Mín Síti
    Pacific/Efate:
      exemplar_city: Ẹfátẹ
    Pacific/Wallis:
      exemplar_city: Wáli
    Pacific/Apia:
      exemplar_city: Ápia
    Asia/Aden:
      exemplar_city: Édẹn
    Indian/Mayotte:
      exemplar_city: Meyọt
    Africa/Johannesburg:
      exemplar_city: Johánísbọg
    Africa/Lusaka:
      exemplar_city: Lusáka
    Africa/Harare:
      exemplar_city: Harárẹ
  metazones:
    Afghanistan:
      long:
        standard: Afgánístan Taim
    Africa_Central:
      long:
        standard: Mídúl Áfríká Taim
    Africa_Eastern:
      long:
        standard: Íst Áfríká Taim
    Africa_Southern:
      long:
        standard: Saút Áfríká Fíksd Taim
    Africa_Western:
      long:
        generic: Wẹ́st Áfríká Taim
        standard: Wẹ́st Áfríká Fíksd Taim
        daylight: Wẹ́st Áfríká Họ́t Sízin Taim
    Alaska:
      long:
        generic: Aláská Taim
        standard: Aláská Fíksd Taim
        daylight: Aláská Délaít Taim
    Amazon:
      long:
        generic: Ámázọn Taim
        standard: Ámázọn Fíksd Taim
        daylight: Ámázọn Họ́t Sízín Taim
    America_Central:
      long:
        generic: Nọ́t Amẹ́ríká Mídúl Ériá Taim
        standard: Nọ́t Amẹ́ríká Mídúl Ériá Fíksd Taim
        daylight: Nọ́t Amẹ́ríká Mídúl Ériá Délaít Taim
    America_Eastern:
      long:
        generic: Nọ́t Amẹ́ríká Ístán Ériá Taim
        standard: Nọ́t Amẹ́ríká Ístán Ériá Fíksd Taim
        daylight: Nọ́t Amẹ́ríká Ístán Ériá Délaít Taim
    America_Mountain:
      long:
        generic: Nọ́t Amẹ́ríká Maúntin Ériá Taim
        standard: Nọ́t Amẹ́ríká Maúntin Ériá Fíksd Taim
        daylight: Nọ́t Amẹ́ríká Maúntin Ériá Délaít Taim
    America_Pacific:
      long:
        generic: Nọ́t Amẹ́ríká Pasífík Ériá Taim
        standard: Nọ́t Amẹ́ríká Pasífík Ériá Fíksd Taim
        daylight: Nọ́t Amẹ́ríká Pasífík Ériá Délaít Taim
    Apia:
      long:
        generic: Ápia Taim
        standard: Ápia Fíksd Taim
        daylight: Ápia Délaít Taim
    Arabian:
      long:
        generic: Arébiá Taim
        standard: Arébiá Fíksd Taim
        daylight: Arébiá Délaít Taim
    Argentina:
      long:
        generic: Ajẹntína Taim
        standard: Ajẹntína Fíksd Taim
        daylight: Ajẹntína Họ́t Sízín Taim
    Argentina_Western:
      long:
        generic: Wẹ́stán Ajẹntína Taim
        standard: Wẹ́stán Ajẹntína Fíksd Taim
        daylight: Wẹ́stán Ajẹntína Họ́t Sízín Taim
    Armenia:
      long:
        generic: Armẹ́nia Taim
        standard: Armẹ́nia Fíksd Taim
        daylight: Armẹ́nia Họ́t Sízin Taim
    Atlantic:
      long:
        generic: Atlántík Taim
        standard: Atlántík Fíksd Taim
        daylight: Atlántík Délaít Taim
    Australia_Central:
      long:
        generic: Mídúl Ọstrélia Taim
        standard: Ọstrélia Mídúl Fíksd Taim
        daylight: Ọstrélia Mídúl Délaít Taim
    Australia_CentralWestern:
      long:
        generic: Ọstrélia Mídúl Wẹ́stán Taim
        standard: Ọstrélia Mídúl Wẹ́stán Fíksd Taim
        daylight: Ọstrélia Mídúl Wẹ́stán Délaít Taim
    Australia_Eastern:
      long:
        generic: Ístán Ọstrélia Taim
        standard: Ọstrélia Ístán Fíksd Taim
        daylight: Ọstrélia Ístán Délaít Taim
    Australia_Western:
      long:
        generic: Wẹ́stán Ọstrélia Taim
        standard: Ọstrélia Wẹ́stán Fíksd Taim
        daylight: Ọstrélia Wẹ́stán Délaít Taim
    Azerbaijan:
      long:
        generic: Azẹrbaijan Taim
        standard: Azẹrbaijan Fíksd Taim
        daylight: Azẹrbaijan Họ́t Sízin Taim
    Azores:
      long:
        generic: Azọz Taim
        standard: Azọz Fíksd Taim
        daylight: Azọz Họ́t Sízin Taim
    Bangladesh:
      long:
        generic: Bangladẹsh Taim
        standard: Bangladẹsh Fíksd Taim
        daylight: Bangladẹsh Délaít Taim
    Bhutan:
      long:
        standard: Butan Taim
    Bolivia:
      long:
        standard: Bolívia Fíksd Taim
    Brasilia:
      long:
        generic: Brasília Taim
        standard: Brasília Fíksd Taim
        daylight: Brasília Họ́t Sízín Taim
    Brunei:
      long:
        standard: Brunẹi Darúsalam Taim
    Cape_Verde:
      long:
        generic: Kep Vẹ́d Taim
        standard: Kep Vẹ́d Fíksd Taim
        daylight: Kep Vẹ́d Họ́t Sízin Taim
    Chamorro:
      long:
        standard: Chamóro Fíksd Taim
    Chatham:
      long:
        generic: Chátam Taim
        standard: Chátam Fíksd Taim
        daylight: Chátam Délaít Taim
    Chile:
      long:
        generic: Chílẹ Taim
        standard: Chílẹ Fíksd Taim
        daylight: Chílẹ Họ́t Sízín Taim
    China:
      long:
        generic: Chaína Taim
        standard: Chaína Fíksd Taim
        daylight: Chaína Délaít Taim
    Christmas:
      long:
        standard: Krísmás Aíland Taim
    Cocos:
      long:
        standard: Kókós Aílands Taim
    Colombia:
      long:
        generic: Kolómbia Taim
        standard: Kolómbia Fíksd Taim
        daylight: Kolómbia Họ́t Sízín Taim
    Cook:
      long:
        generic: Kúk Aílands Taim
        standard: Kúk Aílands Fíksd Taim
        daylight: Kúk Aílands Haf Họ́t Sízin Taim
    Cuba:
      long:
        generic: Kúba Taim
        standard: Kúba Fíksd Taim
        daylight: Kúba Délaít Taim
    Davis:
      long:
        standard: Dévis Taim
    DumontDUrville:
      long:
        standard: Diúmọ́n-d’Uvil Taim
    East_Timor:
      long:
        standard: Íst Tímọ Taim
    Easter:
      long:
        generic: Ísta Taim
        standard: Ísta Fíksd Taim
        daylight: Ísta Họ́t Sízín Taim
    Ecuador:
      long:
        standard: Ẹ́kwuádọ Taim
    Europe_Central:
      long:
        generic: Mídúl Yúrop Taim
        standard: Mídúl Yúrop Fíksd Taim
        daylight: Mídúl Yúrop Họ́t Sízin Taim
    Europe_Eastern:
      long:
        generic: Ístán Yúrop Taim
        standard: Ístán Yúrop Fíksd Taim
        daylight: Ístán Yúrop Họ́t Sízin Taim
    Europe_Further_Eastern:
      long:
        standard: Faá-Ístán Yúrop Taim
    Europe_Western:
      long:
        generic: Wẹ́stán Yúrop Taim
        standard: Wẹ́stán Yúrop Fíksd Taim
        daylight: Wẹ́stán Yúrop Họ́t Sízin Taim
    Falkland:
      long:
        generic: Fọ́lkland Taim
        standard: Fọ́lkland Fíksd Taim
        daylight: Fọ́lkland Họ́t Sízín Taim
    Fiji:
      long:
        generic: Fíji Taim
        standard: Fíji Fíksd Taim
        daylight: Fíji Họ́t Sízín Taim
    French_Guiana:
      long:
        standard: Frẹ́nch Giána Taim
    French_Southern:
      long:
        standard: Frẹ́nch Saútan an Antátík Taim
    Galapagos:
      long:
        standard: Galápágọs Taim
    Gambier:
      long:
        standard: Gámbiẹr Taim
    Georgia:
      long:
        generic: Jọ́jia Taim
        standard: Jọ́jia Fíksd Taim
        daylight: Jọ́jia Họ́t Sízin Taim
    Gilbert_Islands:
      long:
        standard: Gílbat Aílands Taim
    GMT:
      long:
        standard: Grínwích Mín Taim
    Greenland_Eastern:
      long:
        generic: Íist Grínlánd Taim
        standard: Íist Grínlánd Fíksd Taim
        daylight: Íist Grínlánd Họ́t Sízin Taim
    Greenland_Western:
      long:
        generic: Wẹ́st Grínlánd Taim
        standard: Wẹ́st Grínlánd Fíksd Taim
        daylight: Wẹ́st Grínlánd Họ́t Sízin Taim
    Gulf:
      long:
        standard: Gọ́lf Fíksd Taim
    Guyana:
      long:
        standard: Gayána Taim
    Hawaii_Aleutian:
      long:
        generic: Hawaií-Elúshián Taim
        standard: Hawaií-Elúshián Fíksd Taim
        daylight: Hawaií-Elúshián Délaít Taim
    Hong_Kong:
      long:
        generic: Họng Kọng Taim
        standard: Họng Kọng Fíksd Taim
        daylight: Họng Kọng Họ́t Sízin Taim
    Hovd:
      long:
        generic: Hovd Taim
        standard: Hovd Fíksd Taim
        daylight: Hovd Họ́t Sízin Taim
    India:
      long:
        standard: Índia Fíksd Taim
    Indian_Ocean:
      long:
        standard: Índián Óshẹ́n Taim
    Indochina:
      long:
        standard: Indochaína Taim
    Indonesia_Central:
      long:
        standard: Mídúl Indonẹ́shia Taim
    Indonesia_Eastern:
      long:
        standard: Ístán Indonẹ́shia Taim
    Indonesia_Western:
      long:
        standard: Wẹ́stán Indonẹ́shia Taim
    Iran:
      long:
        generic: Iran Taim
        standard: Iran Fíksd Taim
        daylight: Iran Délaít Taim
    Irkutsk:
      long:
        generic: Irkútsk Taim
        standard: Irkútsk Fíksd Taim
        daylight: Irkútsk Họ́t Sízin Taim
    Israel:
      long:
        generic: Ízrẹl Taim
        standard: Ízrẹl Fíksd Taim
        daylight: Ízrẹl Délaít Taim
    Japan:
      long:
        generic: Japan Taim
        standard: Japan Fíksd Taim
        daylight: Japan Délaít Taim
    Kazakhstan:
      long:
        standard: Kazékstan Taim
    Kazakhstan_Eastern:
      long:
        standard: Íst Kazékstan Taim
    Kazakhstan_Western:
      long:
        standard: Wẹ́st Kazékstan Taim
    Korea:
      long:
        generic: Koria Taim
        standard: Koria Fíksd Taim
        daylight: Koria Délaít Taim
    Kosrae:
      long:
        standard: Kọ́sraẹ Taim
    Krasnoyarsk:
      long:
        generic: Krasnoyask Taim
        standard: Krasnoyask Fíksd Taim
        daylight: Krasnoyask Họ́t Sízin Taim
    Kyrgystan:
      long:
        standard: Kẹgistan Taim
    Line_Islands:
      long:
        standard: Laín Aílands Taim
    Lord_Howe:
      long:
        generic: Lọd Haú Taim
        standard: Lọd Haú Fíksd Taim
        daylight: Lọd Haú Délaít Taim
    Magadan:
      long:
        generic: Mágádan Taim
        standard: Mágádan Fíksd Taim
        daylight: Mágádan Họ́t Sízin Taim
    Malaysia:
      long:
        standard: Maléshia Taim
    Maldives:
      long:
        standard: Mọ́divs Taim
    Marquesas:
      long:
        standard: Makwẹ́sas Taim
    Marshall_Islands:
      long:
        standard: Máshal Aílands Taim
    Mauritius:
      long:
        generic: Mọríshọs Taim
        standard: Mọríshọs Fíksd Taim
        daylight: Mọríshọs Họ́t Sízin Taim
    Mawson:
      long:
        standard: Mọ́sọn Taim
    Mexico_Pacific:
      long:
        generic: Mẹ́ksíkó Pasífík Taim
        standard: Mẹ́ksíkó Pasífík Fíksd Taim
        daylight: Mẹ́ksíkó Pasífík Délaít Taim
    Mongolia:
      long:
        generic: Mọngólia Taim
        standard: Mọngólia Fíksd Taim
        daylight: Mọngólia Họ́t Sízin Taim
    Moscow:
      long:
        generic: Mọ́sko Taim
        standard: Mọ́sko Fíksd Taim
        daylight: Mọ́sko Họ́t Sízin Taim
    Myanmar:
      long:
        standard: Miánma Taim
    Nauru:
      long:
        standard: Naúru Taim
    Nepal:
      long:
        standard: Nẹpọl Taim
    New_Caledonia:
      long:
        generic: Niú Kalẹdónia Taim
        standard: Niú Kalẹdónia Fíksd Taim
        daylight: Niú Kalẹdónia Họ́t Sízin Taim
    New_Zealand:
      long:
        generic: Niú Ziland Taim
        standard: Niú Ziland Fíksd Taim
        daylight: Niú Ziland Délaít Taim
    Newfoundland:
      long:
        generic: Niúfaúndlánd Taim
        standard: Niúfaúndlánd Fíksd Taim
        daylight: Niúfaúndlánd Délaít Taim
    Niue:
      long:
        standard: Niúẹ Taim
    Norfolk:
      long:
        generic: Nọ́rfọ́lk Aíland Taim
        standard: Nọ́rfọ́lk Aíland Fíksd Taim
        daylight: Nọ́rfọ́lk Aíland Délaít Taim
    Noronha:
      long:
        generic: Fẹrnándó di Nọrónia Taim
        standard: Fẹrnándó di Nọrónia Fíksd Taim
        daylight: Fẹrnándó di Nọrónia Họ́t Sízín Taim
    Novosibirsk:
      long:
        generic: Novosibisk Taim
        standard: Novosibisk Fíksd Taim
        daylight: Novosibisk Họ́t Sízin Taim
    Omsk:
      long:
        generic: Ọmsk Taim
        standard: Ọmsk Fíksd Taim
        daylight: Ọmsk Họ́t Sízin Taim
    Pakistan:
      long:
        generic: Pákístan Taim
        standard: Pákístan Fíksd Taim
        daylight: Pákístan Họ́t Sízin Taim
    Palau:
      long:
        standard: Paláu Taim
    Papua_New_Guinea:
      long:
        standard: Pápuá Niú Gíni Taim
    Paraguay:
      long:
        generic: Párágwue Taim
        standard: Párágwue Fíksd Taim
        daylight: Párágwue Họ́t Sízín Taim
    Peru:
      long:
        generic: Pẹru Taim
        standard: Pẹru Fíksd Taim
        daylight: Pẹru Họ́t Sízín Taim
    Philippines:
      long:
        generic: Fílípin Taim
        standard: Fílípin Fíksd Taim
        daylight: Fílípin Họt Sízin Taim
    Phoenix_Islands:
      long:
        standard: Fíniks Aílands Taim
    Pierre_Miquelon:
      long:
        generic: Sent Piẹr & Míkẹlọn Taim
        standard: Sent Piẹr an Míkẹlọn Fíksd Taim
        daylight: Sent Piẹr an Míkẹlọn Délaít Taim
    Pitcairn:
      long:
        standard: Pítkan Taim
    Ponape:
      long:
        standard: Pónápẹ Taim
    Pyongyang:
      long:
        standard: Piọngyang Taim
    Reunion:
      long:
        standard: Riyúniọn Taim
    Rothera:
      long:
        standard: Rotẹ́ra Taim
    Sakhalin:
      long:
        generic: Sákhalin Taim
        standard: Sákhalin Fíksd Taim
        daylight: Sákhalin Họ́t Sízin Taim
    Samoa:
      long:
        generic: Sámoá Taim
        standard: Sámoá Fíksd Taim
        daylight: Sámoá Délaít Taim
    Seychelles:
      long:
        standard: Sẹ́chẹls Taim
    Singapore:
      long:
        standard: Singapọ Taim
    Solomon:
      long:
        standard: Sólómọ́n Aílands Taim
    South_Georgia:
      long:
        standard: Saút Jọ́jia Taim
    Suriname:
      long:
        standard: Súrínam Taim
    Syowa:
      long:
        standard: Siówa Taim
    Tahiti:
      long:
        standard: Tahíti Taim
    Taipei:
      long:
        generic: Taipẹi Taim
        standard: Taipẹi Fíksd Taim
        daylight: Taipẹi Délaít Taim
    Tajikistan:
      long:
        standard: Tajíkistan Taim
    Tokelau:
      long:
        standard: Tokẹláu Taim
    Tonga:
      long:
        generic: Tọ́nga Taim
        standard: Tọ́nga Fíksd Taim
        daylight: Tọ́nga Họ́t Sízin Taim
    Truk:
      long:
        standard: Chuk Taim
    Turkmenistan:
      long:
        generic: Tọkmẹnistan Taim
        standard: Tọkmẹnistan Fíksd Taim
        daylight: Tọkmẹnistan Họ́t Sízin Taim
    Tuvalu:
      long:
        standard: Tuválu Taim
    Uruguay:
      long:
        generic: Yúrugwue Taim
        standard: Yúrugwue Fíksd Taim
        daylight: Yúrugwue Họ́t Sízín Taim
    Uzbekistan:
      long:
        generic: Uzbẹkistan Taim
        standard: Uzbẹkistan Fíksd Taim
        daylight: Uzbẹkistan Họ́t Sízin Taim
    Vanuatu:
      long:
        generic: Vanuátu Taim
        standard: Vanuátu Fíksd Taim
        daylight: Vanuátu Sízin Taim
    Venezuela:
      long:
        standard: Vẹnẹzuẹ́la Taim
    Vladivostok:
      long:
        generic: Vladivọstọk Taim
        standard: Vladivọstọk Fíksd Taim
        daylight: Vladivostok Họ́t Sízin Taim
    Volgograd:
      long:
        generic: Volvógrad Taim
        standard: Volvógrad Fíksd Taim
        daylight: Volvógrad Họ́t Sízin Taim
    Vostok:
      long:
        standard: Vọ́stọk Taim
    Wake:
      long:
        standard: Wék Aíland Taim
    Wallis:
      long:
        standard: Wális an Fútúna Taim
    Yakutsk:
      long:
        generic: Yékútsk Taim
        standard: Yékútsk Fíksd Taim
        daylight: Yékútsk Họ́t Sízin Taim
    Yekaterinburg:
      long:
        generic: Yẹketẹrínbug Taim
        standard: Yẹketẹrínbug Fíksd Taim
        daylight: Yẹketẹrínbug Họ́t Sízin Taim
    Yukon:
      long:
        standard: Yukón Taim
