---
locale: sq
generated_at: '2025-09-15T06:26:49Z'
cldr_version: '46'
timezone_names:
  formats:
    region_format: 'Ora: {0}'
    region_format_daylight: 'Ora verore: {0}'
    region_format_standard: 'Ora standarde: {0}'
  zones:
    Pacific/Honolulu:
      exemplar_city: Honolulu
    Etc/UTC:
      long:
        standard: Ora universale e koordinuar
    Etc/Unknown:
      exemplar_city: Qytet i panjohur
    Europe/Andorra:
      exemplar_city: Andorrë
    America/Anguilla:
      exemplar_city: Anguilë
    Europe/Tirane:
      exemplar_city: Tiranë
    Asia/Yerevan:
      exemplar_city: Jerevan
    Antarctica/Rothera:
      exemplar_city: Rodherë
    Antarctica/Syowa:
      exemplar_city: Sjoua
    Antarctica/Mawson:
      exemplar_city: Mauson
    Antarctica/Davis:
      exemplar_city: Dejvis
    Antarctica/Casey:
      exemplar_city: Kejsi
    Antarctica/DumontDUrville:
      exemplar_city: Dumont-d’Urvilë
    Antarctica/McMurdo:
      exemplar_city: Mekmurdo
    America/Argentina/Rio_Gallegos:
      exemplar_city: Rio-Galegos
    America/Argentina/San_Juan:
      exemplar_city: San-Huan
    America/Argentina/Ushuaia:
      exemplar_city: Ushuaja
    America/Argentina/La_Rioja:
      exemplar_city: La Rioha
    America/Argentina/San_Luis:
      exemplar_city: Shën-Luis
    America/Catamarca:
      exemplar_city: Katamarka
    America/Argentina/Salta:
      exemplar_city: Saltë
    America/Jujuy:
      exemplar_city: Huhui
    America/Argentina/Tucuman:
      exemplar_city: Tukuman
    America/Cordoba:
      exemplar_city: Kordoba
    America/Buenos_Aires:
      exemplar_city: Buenos-Ajres
    Pacific/Pago_Pago:
      exemplar_city: Pago-Pago
    Europe/Vienna:
      exemplar_city: Vjenë
    Australia/Perth:
      exemplar_city: Përth
    Australia/Eucla:
      exemplar_city: Eukla
    Australia/Darwin:
      exemplar_city: Darvin
    Australia/Adelaide:
      exemplar_city: Adelajde
    Australia/Broken_Hill:
      exemplar_city: Brokën-Hill
    Australia/Melbourne:
      exemplar_city: Melburn
    Australia/Lindeman:
      exemplar_city: Lindëmen
    Australia/Sydney:
      exemplar_city: Sidnej
    Australia/Brisbane:
      exemplar_city: Brisbejn
    Antarctica/Macquarie:
      exemplar_city: Mekuari
    Australia/Lord_Howe:
      exemplar_city: Lord-Houi
    America/Aruba:
      exemplar_city: Arubë
    Europe/Sarajevo:
      exemplar_city: Sarajevë
    Asia/Dhaka:
      exemplar_city: Daka
    Europe/Brussels:
      exemplar_city: Bruksel
    Africa/Ouagadougou:
      exemplar_city: Uagëdugu
    Europe/Sofia:
      exemplar_city: Sofje
    Asia/Bahrain:
      exemplar_city: Bahrejn
    Africa/Bujumbura:
      exemplar_city: Buxhumburë
    America/St_Barthelemy:
      exemplar_city: Sen-Bartelemi
    Atlantic/Bermuda:
      exemplar_city: Bermude
    America/Eirunepe:
      exemplar_city: Ejrunep
    America/Rio_Branco:
      exemplar_city: Rio-Branko
    America/Porto_Velho:
      exemplar_city: Porto-Velho
    America/Boa_Vista:
      exemplar_city: Boa-Vista
    America/Cuiaba:
      exemplar_city: Kujaba
    America/Campo_Grande:
      exemplar_city: Kampo-Grande
    America/Araguaina:
      exemplar_city: Araguajana
    America/Sao_Paulo:
      exemplar_city: Sao-Paulo
    America/Maceio:
      exemplar_city: Makejo
    America/Noronha:
      exemplar_city: Noronja
    America/Nassau:
      exemplar_city: Nasao
    Asia/Thimphu:
      exemplar_city: Thimpu
    America/Belize:
      exemplar_city: Belizë
    America/Dawson:
      exemplar_city: Douson
    America/Whitehorse:
      exemplar_city: Uajt’hors
    America/Vancouver:
      exemplar_city: Vankuver
    America/Fort_Nelson:
      exemplar_city: Fort-Nelson
    America/Dawson_Creek:
      exemplar_city: Gjiri i Dousonit
    America/Creston:
      exemplar_city: Kreston
    America/Swift_Current:
      exemplar_city: Rryma e Shpejtë
    America/Cambridge_Bay:
      exemplar_city: Gjiri i Kembrixhit
    America/Regina:
      exemplar_city: Rexhina
    America/Winnipeg:
      exemplar_city: Uinipeg
    America/Rankin_Inlet:
      exemplar_city: Gryka Inlet
    America/Iqaluit:
      exemplar_city: Ikaluit
    America/Moncton:
      exemplar_city: Monkton
    America/Halifax:
      exemplar_city: Halifaks
    America/Goose_Bay:
      exemplar_city: Gjiri i Patës
    America/Glace_Bay:
      exemplar_city: Gjiri i Ngrirë
    America/Blanc-Sablon:
      exemplar_city: Blank-Sablon
    America/St_Johns:
      exemplar_city: Shën-Gjon
    Indian/Cocos:
      exemplar_city: Kokos
    Africa/Brazzaville:
      exemplar_city: Brazavillë
    Europe/Zurich:
      exemplar_city: Zyrih
    Africa/Abidjan:
      exemplar_city: Abixhan
    Pacific/Rarotonga:
      exemplar_city: Rarotongë
    Pacific/Easter:
      exemplar_city: Pashkë
    America/Punta_Arenas:
      exemplar_city: Punta-Arenas
    Asia/Shanghai:
      exemplar_city: Shangai
    America/Bogota:
      exemplar_city: Bogotë
    America/Costa_Rica:
      exemplar_city: Kosta-Rikë
    America/Havana:
      exemplar_city: Havanë
    Atlantic/Cape_Verde:
      exemplar_city: Kepi i Gjelbër
    America/Curacao:
      exemplar_city: Kurasao
    Indian/Christmas:
      exemplar_city: Krishtlindje
    Asia/Nicosia:
      exemplar_city: Nikozia
    Asia/Famagusta:
      exemplar_city: Famagustë
    Europe/Prague:
      exemplar_city: Pragë
    Africa/Djibouti:
      exemplar_city: Xhibuti
    Europe/Copenhagen:
      exemplar_city: Kopenhagen
    America/Dominica:
      exemplar_city: Dominikë
    America/Santo_Domingo:
      exemplar_city: Santo-Domingo
    Africa/Algiers:
      exemplar_city: Algjer
    America/Guayaquil:
      exemplar_city: Guajakuil
    Europe/Tallinn:
      exemplar_city: Talin
    Africa/Cairo:
      exemplar_city: Kajro
    Africa/El_Aaiun:
      exemplar_city: El Ajun
    Africa/Asmera:
      exemplar_city: Asmarë
    Atlantic/Canary:
      exemplar_city: Kanari
    Africa/Ceuta:
      exemplar_city: Theuta
    Africa/Addis_Ababa:
      exemplar_city: Adis-Ababë
    Pacific/Fiji:
      exemplar_city: Fixhi
    Atlantic/Stanley:
      exemplar_city: Stenli
    Pacific/Truk:
      exemplar_city: Çuk
    Pacific/Ponape:
      exemplar_city: Ponapei
    Pacific/Kosrae:
      exemplar_city: Kosre
    Africa/Libreville:
      exemplar_city: Librevilë
    Europe/London:
      exemplar_city: Londër
      long:
        daylight: Ora verore britanike
    America/Grenada:
      exemplar_city: Granadë
    Asia/Tbilisi:
      exemplar_city: Tbilis
    America/Cayenne:
      exemplar_city: Kajenë
    Europe/Guernsey:
      exemplar_city: Gernsej
    Africa/Accra:
      exemplar_city: Akra
    Europe/Gibraltar:
      exemplar_city: Gjibraltar
    America/Thule:
      exemplar_city: Dhule
    America/Godthab:
      exemplar_city: Njuk
    America/Scoresbysund:
      exemplar_city: Itokorturmit
    America/Danmarkshavn:
      exemplar_city: Denmarkshavën
    Africa/Banjul:
      exemplar_city: Banxhul
    Africa/Conakry:
      exemplar_city: Konakri
    America/Guadeloupe:
      exemplar_city: Guadelupë
    Europe/Athens:
      exemplar_city: Athinë
    Atlantic/South_Georgia:
      exemplar_city: Xhorxha e Jugut
    America/Guatemala:
      exemplar_city: Guatemalë
    Africa/Bissau:
      exemplar_city: Bisau
    America/Guyana:
      exemplar_city: Guajanë
    Asia/Hong_Kong:
      exemplar_city: Hong-Kong
    America/Tegucigalpa:
      exemplar_city: Tegusigalpa
    America/Port-au-Prince:
      exemplar_city: Port-o-Prins
    Asia/Jakarta:
      exemplar_city: Xhakartë
    Asia/Makassar:
      exemplar_city: Makasar
    Asia/Jayapura:
      exemplar_city: Xhajapurë
    Europe/Dublin:
      long:
        daylight: Ora strandarde e Irlandës
    Europe/Isle_of_Man:
      exemplar_city: Ishulli i Manit
    Asia/Calcutta:
      exemplar_city: Kalkutë
    Indian/Chagos:
      exemplar_city: Çagos
    Asia/Baghdad:
      exemplar_city: Bagdad
    Asia/Tehran:
      exemplar_city: Teheran
    Atlantic/Reykjavik:
      exemplar_city: Reikjavik
    Europe/Rome:
      exemplar_city: Romë
    Europe/Jersey:
      exemplar_city: Xhersej
    America/Jamaica:
      exemplar_city: Xhamajkë
    Asia/Amman:
      exemplar_city: Aman
    Asia/Tokyo:
      exemplar_city: Tokio
    Asia/Phnom_Penh:
      exemplar_city: Pnom-Pen
    Pacific/Enderbury:
      exemplar_city: Enderbur
    Pacific/Kiritimati:
      exemplar_city: Kiritimat
    Pacific/Tarawa:
      exemplar_city: Taravë
    Indian/Comoro:
      exemplar_city: Komore
    America/St_Kitts:
      exemplar_city: Shën-Kits
    Asia/Pyongyang:
      exemplar_city: Penian
    Asia/Seoul:
      exemplar_city: Seul
    Asia/Kuwait:
      exemplar_city: Kuvajt
    America/Cayman:
      exemplar_city: Kajman
    Asia/Aqtau:
      exemplar_city: Aktau
    Asia/Atyrau:
      exemplar_city: Atirau
    Asia/Aqtobe:
      exemplar_city: Aktobe
    Asia/Qostanay:
      exemplar_city: Kostanaj
    Asia/Qyzylorda:
      exemplar_city: Kizilorda
    Asia/Almaty:
      exemplar_city: Almati
    Asia/Vientiane:
      exemplar_city: Vjentianë
    Asia/Beirut:
      exemplar_city: Bejrut
    America/St_Lucia:
      exemplar_city: Shën-Luçia
    Asia/Colombo:
      exemplar_city: Kolombo
    Europe/Luxembourg:
      exemplar_city: Luksemburg
    Europe/Riga:
      exemplar_city: Rigë
    Africa/Casablanca:
      exemplar_city: Kazablankë
    Europe/Monaco:
      exemplar_city: Monako
    Europe/Chisinau:
      exemplar_city: Kishineu
    Europe/Podgorica:
      exemplar_city: Podgoricë
    Pacific/Kwajalein:
      exemplar_city: Kuaxhalein
    Pacific/Majuro:
      exemplar_city: Mahuro
    Europe/Skopje:
      exemplar_city: Shkup
    Asia/Rangoon:
      exemplar_city: Rangun
    Asia/Ulaanbaatar:
      exemplar_city: Ulanbatar
    Asia/Macau:
      exemplar_city: Makao
    America/Martinique:
      exemplar_city: Martinikë
    Africa/Nouakchott:
      exemplar_city: Nouakot
    America/Montserrat:
      exemplar_city: Montserat
    Europe/Malta:
      exemplar_city: Maltë
    Indian/Maldives:
      exemplar_city: Maldive
    Africa/Blantyre:
      exemplar_city: Blantirë
    America/Tijuana:
      exemplar_city: Tihuana
    America/Hermosillo:
      exemplar_city: Hermosijo
    America/Ciudad_Juarez:
      exemplar_city: Siudad-Huarez
    America/Chihuahua:
      exemplar_city: Çihahua
    America/Bahia_Banderas:
      exemplar_city: Bahia-Banderas
    America/Ojinaga:
      exemplar_city: Ohinaga
    America/Monterrey:
      exemplar_city: Monterrej
    America/Mexico_City:
      exemplar_city: Qyteti i Meksikës
    America/Merida:
      exemplar_city: Merida
    America/Cancun:
      exemplar_city: Kankun
    Asia/Kuala_Lumpur:
      exemplar_city: Kuala-Lumpur
    Asia/Kuching:
      exemplar_city: Kuçing
    Africa/Windhoek:
      exemplar_city: Vint’huk
    Africa/Niamey:
      exemplar_city: Niamej
    Asia/Katmandu:
      exemplar_city: Katmandu
    Pacific/Chatham:
      exemplar_city: Çatman
    Pacific/Auckland:
      exemplar_city: Okland
    Asia/Muscat:
      exemplar_city: Muskat
    America/Lima:
      exemplar_city: Limë
    Pacific/Marquesas:
      exemplar_city: Markez
    Pacific/Port_Moresby:
      exemplar_city: Port-Moresbi
    Pacific/Bougainville:
      exemplar_city: Bunganvilë
    Asia/Manila:
      exemplar_city: Manilë
    Asia/Karachi:
      exemplar_city: Karaçi
    Europe/Warsaw:
      exemplar_city: Varshavë
    America/Miquelon:
      exemplar_city: Mikelon
    Pacific/Pitcairn:
      exemplar_city: Pitkern
    America/Puerto_Rico:
      exemplar_city: Porto-Riko
    Atlantic/Azores:
      exemplar_city: Azore
    Europe/Lisbon:
      exemplar_city: Lisbonë
    America/Asuncion:
      exemplar_city: Asunsion
    Asia/Qatar:
      exemplar_city: Katar
    Europe/Bucharest:
      exemplar_city: Bukuresht
    Europe/Belgrade:
      exemplar_city: Beograd
    Europe/Moscow:
      exemplar_city: Moskë
    Europe/Astrakhan:
      exemplar_city: Astrakan
    Europe/Ulyanovsk:
      exemplar_city: Uljanovsk
    Asia/Yekaterinburg:
      exemplar_city: Ekaterinburg
    Asia/Krasnoyarsk:
      exemplar_city: Krasnojarsk
    Asia/Chita:
      exemplar_city: Çita
    Asia/Yakutsk:
      exemplar_city: Jakutsk
    Asia/Khandyga:
      exemplar_city: Kandigë
    Asia/Sakhalin:
      exemplar_city: Sakalin
    Asia/Srednekolymsk:
      exemplar_city: Srednekolimsk
    Asia/Kamchatka:
      exemplar_city: Kamçatkë
    Asia/Anadyr:
      exemplar_city: Anadir
    Asia/Riyadh:
      exemplar_city: Riad
    Pacific/Guadalcanal:
      exemplar_city: Guadalkanal
    Africa/Khartoum:
      exemplar_city: Kartum
    Europe/Stockholm:
      exemplar_city: Stokholm
    Asia/Singapore:
      exemplar_city: Singapor
    Atlantic/St_Helena:
      exemplar_city: Shën-Elenë
    Europe/Ljubljana:
      exemplar_city: Lubjanë
    Arctic/Longyearbyen:
      exemplar_city: Long’jëbjen
    Europe/Bratislava:
      exemplar_city: Bratislavë
    Africa/Freetown:
      exemplar_city: Fritaun
    Europe/San_Marino:
      exemplar_city: San-Marino
    Africa/Juba:
      exemplar_city: Xhuba
    Africa/Sao_Tome:
      exemplar_city: Sao-Tome
    America/El_Salvador:
      exemplar_city: Salvador
    America/Lower_Princes:
      exemplar_city: Louer-Prinsis-Kuortër
    Asia/Damascus:
      exemplar_city: Damask
    America/Grand_Turk:
      exemplar_city: Turku i Madh
    Africa/Tunis:
      exemplar_city: Tuniz
    Europe/Istanbul:
      exemplar_city: Stamboll
    Asia/Taipei:
      exemplar_city: Tajpej
    Africa/Dar_es_Salaam:
      exemplar_city: Dar-es-Salam
    Europe/Kiev:
      exemplar_city: Kiev
    Pacific/Midway:
      exemplar_city: Miduej
    Pacific/Wake:
      exemplar_city: Uejk
    America/Anchorage:
      exemplar_city: Ankorejxh
    America/Yakutat:
      exemplar_city: Jakutat
    America/Juneau:
      exemplar_city: Xhunou
    America/Los_Angeles:
      exemplar_city: Los Anxhelos
    America/Boise:
      exemplar_city: Boizë
    America/Phoenix:
      exemplar_city: Feniks
    America/North_Dakota/Beulah:
      exemplar_city: Beula, Dakota e Veriut
    America/North_Dakota/New_Salem:
      exemplar_city: Nju-Salem, Dakota e Veriut
    America/North_Dakota/Center:
      exemplar_city: Qendër, Dakota e Veriut
    America/Chicago:
      exemplar_city: Çikago
    America/Menominee:
      exemplar_city: Menomini
    America/Indiana/Vincennes:
      exemplar_city: Vincenes, Indiana
    America/Indiana/Petersburg:
      exemplar_city: Petërsburg, Indiana
    America/Indiana/Tell_City:
      exemplar_city: Tell-Siti, Indiana
    America/Indiana/Knox:
      exemplar_city: Knoks, Indiana
    America/Indiana/Winamac:
      exemplar_city: Uinamak, Indiana
    America/Louisville:
      exemplar_city: Luizvilë
    America/Indiana/Vevay:
      exemplar_city: Vevëj, Indiana
    America/Kentucky/Monticello:
      exemplar_city: Montiçelo, Kentaki
    America/New_York:
      exemplar_city: Nju-Jork
    Europe/Vatican:
      exemplar_city: Vatikan
    America/St_Vincent:
      exemplar_city: Shën-Vincent
    America/Caracas:
      exemplar_city: Karakas
    America/Tortola:
      exemplar_city: Tortolë
    America/St_Thomas:
      exemplar_city: Shën-Tomas
    Asia/Saigon:
      exemplar_city: Ho-Çi-Min
    Pacific/Wallis:
      exemplar_city: Uollis
    Indian/Mayotte:
      exemplar_city: Majotë
    Africa/Johannesburg:
      exemplar_city: Johanesburg
  metazones:
    Acre:
      long:
        generic: Ora e Ejkrit [Ako]
        standard: Ora standarde e Ejkrit [Ako]
        daylight: Ora verore e Ejkrit [Ako]
    Afghanistan:
      long:
        standard: Ora e Afganistanit
    Africa_Central:
      long:
        standard: Ora e Afrikës Qendrore
    Africa_Eastern:
      long:
        standard: Ora e Afrikës Lindore
    Africa_Southern:
      long:
        standard: Ora standarde e Afrikës Jugore
    Africa_Western:
      long:
        generic: Ora e Afrikës Perëndimore
        standard: Ora standarde e Afrikës Perëndimore
        daylight: Ora verore e Afrikës Perëndimore
    Alaska:
      long:
        generic: Ora e Alaskës
        standard: Ora standarde e Alaskës
        daylight: Ora verore e Alaskës
    Almaty:
      long:
        generic: Ora e Almatit
        standard: Ora standarde e Almatit
        daylight: Ora verore e Almatit
    Amazon:
      long:
        generic: Ora e Amazonës
        standard: Ora standarde e Amazonës
        daylight: Ora verore e Amazonës
    America_Central:
      long:
        generic: Ora e SHBA-së Qendrore
        standard: Ora standarde e SHBA-së Qendrore
        daylight: Ora verore e SHBA-së Qendrore
    America_Eastern:
      long:
        generic: Ora e SHBA-së Lindore
        standard: Ora standarde e SHBA-së Lindore
        daylight: Ora verore e SHBA-së Lindore
    America_Mountain:
      long:
        generic: Ora e Territoreve Amerikane të Brezit Malor
        standard: Ora standarde e Territoreve Amerikane të Brezit Malor
        daylight: Ora verore e Territoreve Amerikane të Brezit Malor
    America_Pacific:
      long:
        generic: Ora e Territoreve Amerikane të Bregut të Paqësorit
        standard: Ora standarde e Territoreve Amerikane të Bregut të Paqësorit
        daylight: Ora verore e Territoreve Amerikane të Bregut të Paqësorit
    Anadyr:
      long:
        generic: Ora e Anadirit
        standard: Ora standarde e Anadirit
        daylight: Ora verore e Anadirit
    Apia:
      long:
        generic: Ora e Apias
        standard: Ora standarde e Apias
        daylight: Ora verore e Apias
    Aqtau:
      long:
        generic: Ora e Aktaut
        standard: Ora standarde e Aktaut
        daylight: Ora verore e Aktaut
    Aqtobe:
      long:
        generic: Ora e Aktobit
        standard: Ora standarde e Aktobit
        daylight: Ora verore e Aktobit
    Arabian:
      long:
        generic: Ora arabe
        standard: Ora standarde arabe
        daylight: Ora verore arabe
    Argentina:
      long:
        generic: Ora e Argjentinës
        standard: Ora standarde e Argjentinës
        daylight: Ora verore e Argjentinës
    Argentina_Western:
      long:
        generic: Ora e Argjentinës Perëndimore
        standard: Ora standarde e Argjentinës Perëndimore
        daylight: Ora verore e Argjentinës Perëndimore
    Armenia:
      long:
        generic: Ora e Armenisë
        standard: Ora standarde e Armenisë
        daylight: Ora verore e Armenisë
    Atlantic:
      long:
        generic: Ora e Atlantikut
        standard: Ora standarde e Atlantikut
        daylight: Ora verore e Atlantikut
    Australia_Central:
      long:
        generic: Ora e Australisë Qendrore
        standard: Ora standarde e Australisë Qendrore
        daylight: Ora verore e Australisë Qendrore
    Australia_CentralWestern:
      long:
        generic: Ora e Australisë Qendroro-Perëndimore
        standard: Ora standarde e Australisë Qendroro-Perëndimore
        daylight: Ora verore e Australisë Qendroro-Perëndimore
    Australia_Eastern:
      long:
        generic: Ora e Australisë Lindore
        standard: Ora standarde e Australisë Lindore
        daylight: Ora verore e Australisë Lindore
    Australia_Western:
      long:
        generic: Ora e Australisë Perëndimore
        standard: Ora standarde e Australisë Perëndimore
        daylight: Ora verore e Australisë Perëndimore
    Azerbaijan:
      long:
        generic: Ora e Azerbajxhanit
        standard: Ora standarde e Azerbajxhanit
        daylight: Ora verore e Azerbajxhanit
    Azores:
      long:
        generic: Ora e Azoreve
        standard: Ora standarde e Azoreve
        daylight: Ora verore e Azoreve
    Bangladesh:
      long:
        generic: Ora e Bangladeshit
        standard: Ora standarde e Bangladeshit
        daylight: Ora verore e Bangladeshit
    Bhutan:
      long:
        standard: Ora e Butanit
    Bolivia:
      long:
        standard: Ora e Bolivisë
    Brasilia:
      long:
        generic: Ora e Brazilisë
        standard: Ora standarde e Brazilisë
        daylight: Ora verore e Brazilisë
    Brunei:
      long:
        standard: Ora e Brunei-Durasalamit
    Cape_Verde:
      long:
        generic: Ora e Kepit të Gjelbër
        standard: Ora standarde e Kepit të Gjelbër
        daylight: Ora verore e Kepit të Gjelbër
    Casey:
      long:
        standard: Ora e Kejsit
    Chamorro:
      long:
        standard: Ora e Kamorros
    Chatham:
      long:
        generic: Ora e Katamit
        standard: Ora standarde e Katamit
        daylight: Ora verore e Katamit
    Chile:
      long:
        generic: Ora e Kilit
        standard: Ora standarde e Kilit
        daylight: Ora verore e Kilit
    China:
      long:
        generic: Ora e Kinës
        standard: Ora standarde e Kinës
        daylight: Ora verore e Kinës
    Christmas:
      long:
        standard: Ora e Ishullit të Krishtlindjeve
    Cocos:
      long:
        standard: Ora e Ishujve Kokos
    Colombia:
      long:
        generic: Ora e Kolumbisë
        standard: Ora standarde e Kolumbisë
        daylight: Ora verore e Kolumbisë
    Cook:
      long:
        generic: Ora e Ishujve Kuk
        standard: Ora standarde e Ishujve Kuk
        daylight: Ora verore e Ishujve Kuk
    Cuba:
      long:
        generic: Ora e Kubës
        standard: Ora standarde e Kubës
        daylight: Ora verore e Kubës
    Davis:
      long:
        standard: Ora e Dejvisit
    DumontDUrville:
      long:
        standard: Ora e Dumont-d’Urvilës
    East_Timor:
      long:
        standard: Ora e Timorit Lindor
    Easter:
      long:
        generic: Ora e Ishullit të Pashkës
        standard: Ora standarde e Ishullit të Pashkës
        daylight: Ora verore e Ishullit të Pashkës
    Ecuador:
      long:
        standard: Ora e Ekuadorit
    Europe_Central:
      long:
        generic: Ora e Evropës Qendrore
        standard: Ora standarde e Evropës Qendrore
        daylight: Ora verore e Evropës Qendrore
    Europe_Eastern:
      long:
        generic: Ora e Evropës Lindore
        standard: Ora standarde e Evropës Lindore
        daylight: Ora verore e Evropës Lindore
    Europe_Further_Eastern:
      long:
        standard: Ora e Evropës së Largët Lindore
    Europe_Western:
      long:
        generic: Ora e Evropës Perëndimore
        standard: Ora standarde e Evropës Perëndimore
        daylight: Ora verore e Evropës Perëndimore
    Falkland:
      long:
        generic: Ora e Ishujve Falkland
        standard: Ora standarde e Ishujve Falkland
        daylight: Ora verore e Ishujve Falkland
    Fiji:
      long:
        generic: Ora e Fixhit
        standard: Ora standarde e Fixhit
        daylight: Ora verore e Fixhit
    French_Guiana:
      long:
        standard: Ora e Guajanës Franceze
    French_Southern:
      long:
        standard: Ora e Territoreve Jugore dhe Antarktike Franceze
    Galapagos:
      long:
        standard: Ora e Galapagosit
    Gambier:
      long:
        standard: Ora e Gambierit
    Georgia:
      long:
        generic: Ora e Gjeorgjisë
        standard: Ora standarde e Gjeorgjisë
        daylight: Ora verore e Gjeorgjisë
    Gilbert_Islands:
      long:
        standard: Ora e Ishujve Gilbert
    GMT:
      long:
        standard: Ora e Grinuiçit
    Greenland_Eastern:
      long:
        generic: Ora e Grenlandës Lindore
        standard: Ora standarde e Grenlandës Lindore
        daylight: Ora verore e Grenlandës Lindore
    Greenland_Western:
      long:
        generic: Ora e Grënlandës Perëndimore
        standard: Ora standarde e Grënlandës Perëndimore
        daylight: Ora verore e Grënlandës Perëndimore
    Guam:
      long:
        standard: Ora e Guamit
    Gulf:
      long:
        standard: Ora e Gjirit
    Guyana:
      long:
        standard: Ora e Guajanës
    Hawaii_Aleutian:
      long:
        generic: Ora e Ishujve Hauai-Aleutian
        standard: Ora standarde e Ishujve Hauai-Aleutian
        daylight: Ora verore e Ishujve Hauai-Aleutian
    Hong_Kong:
      long:
        generic: Ora e Hong-Kongut
        standard: Ora standarde e Hong-Kongut
        daylight: Ora verore e Hong-Kongut
    Hovd:
      long:
        generic: Ora e Hovdit
        standard: Ora standarde e Hovdit
        daylight: Ora verore e Hovdit
    India:
      long:
        standard: Ora standarde e Indisë
    Indian_Ocean:
      long:
        standard: Ora e Oqeanit Indian
    Indochina:
      long:
        standard: Ora e Indokinës
    Indonesia_Central:
      long:
        standard: Ora e Indonezisë Qendrore
    Indonesia_Eastern:
      long:
        standard: Ora e Indonezisë Lindore
    Indonesia_Western:
      long:
        standard: Ora e Indonezisë Perëndimore
    Iran:
      long:
        generic: Ora e Iranit
        standard: Ora standarde e Iranit
        daylight: Ora verore e Iranit
    Irkutsk:
      long:
        generic: Ora e Irkutskut
        standard: Ora standarde e Irkutskut
        daylight: Ora verore e Irkutskut
    Israel:
      long:
        generic: Ora e Izraelit
        standard: Ora standarde e Izraelit
        daylight: Ora verore e Izraelit
    Japan:
      long:
        generic: Ora e Japonisë
        standard: Ora standarde e Japonisë
        daylight: Ora verore e Japonisë
    Kamchatka:
      long:
        generic: Ora e Petropavllovsk-Kamçatkës
        standard: Ora standarde e Petropavllovsk-Kamçatkës
        daylight: Ora verore e Petropavllovsk-Kamçatkës
    Kazakhstan:
      long:
        standard: Ora e Kazakistanit
    Kazakhstan_Eastern:
      long:
        standard: Ora e Kazakistanit Lindor
    Kazakhstan_Western:
      long:
        standard: Ora e Kazakistanit Perëndimor
    Korea:
      long:
        generic: Ora koreane
        standard: Ora standarde koreane
        daylight: Ora verore koreane
    Kosrae:
      long:
        standard: Ora e Kosrës
    Krasnoyarsk:
      long:
        generic: Ora e Krasnojarskut
        standard: Ora standarde e Krasnojarskut
        daylight: Ora verore e Krasnojarskut
    Kyrgystan:
      long:
        standard: Ora e Kirgizisë
    Lanka:
      long:
        standard: Ora e Lankasë
    Line_Islands:
      long:
        standard: Ora e Ishujve Sporadikë Ekuatorialë
    Lord_Howe:
      long:
        generic: Ora e Lord-Houit
        standard: Ora standarde e Lord-Houit
        daylight: Ora verore e Lord-Houit
    Macau:
      long:
        generic: Ora e Makaos
        standard: Ora standarde e Makaos
        daylight: Ora verore e Makaos
    Magadan:
      long:
        generic: Ora e Magadanit
        standard: Ora standarde e Magadanit
        daylight: Ora verore e Magadanit
    Malaysia:
      long:
        standard: Ora e Malajzisë
    Maldives:
      long:
        standard: Ora e Maldiveve
    Marquesas:
      long:
        standard: Ora e Ishujve Markezë
    Marshall_Islands:
      long:
        standard: Ora e Ishujve Marshall
    Mauritius:
      long:
        generic: Ora e Mauritiusit
        standard: Ora standarde e Mauritiusit
        daylight: Ora verore e Mauritiusit
    Mawson:
      long:
        standard: Ora e Mausonit
    Mexico_Pacific:
      long:
        generic: Ora e Territoreve Meksikane të Bregut të Paqësorit
        standard: Ora standarde e Territoreve Meksikane të Bregut të Paqësorit
        daylight: Ora verore e Territoreve Meksikane të Bregut të Paqësorit
    Mongolia:
      long:
        generic: Ora e Ulan-Batorit
        standard: Ora standarde e Ulan-Batorit
        daylight: Ora verore e Ulan-Batorit
    Moscow:
      long:
        generic: Ora e Moskës
        standard: Ora standarde e Moskës
        daylight: Ora verore e Moskës
    Myanmar:
      long:
        standard: Ora e Mianmarit
    Nauru:
      long:
        standard: Ora e Naurusë
    Nepal:
      long:
        standard: Ora e Nepalit
    New_Caledonia:
      long:
        generic: Ora e Kaledonisë së Re
        standard: Ora standarde e Kaledonisë së Re
        daylight: Ora verore e Kaledonisë së Re
    New_Zealand:
      long:
        generic: Ora e Zelandës së Re
        standard: Ora standarde e Zelandës së Re
        daylight: Ora verore e Zelandës së Re
    Newfoundland:
      long:
        generic: Ora e Njufaundlendit [Tokës së Re]
        standard: Ora standarde e Njufaundlendit [Tokës së Re]
        daylight: Ora verore e Njufaundlendit [Tokës së Re]
    Niue:
      long:
        standard: Ora e Niuesë
    Norfolk:
      long:
        generic: Ora e Ishullit Norfolk
        standard: Ora standarde e Ishullit Norfolk
        daylight: Ora verore e Ishullit Norfolk
    Noronha:
      long:
        generic: Ora e Fernando-de-Noronjës
        standard: Ora standarde e Fernando-de-Noronjës
        daylight: Ora verore e Fernando-de-Noronjës
    North_Mariana:
      long:
        standard: Ora e Ishujve të Marianës së Veriut
    Novosibirsk:
      long:
        generic: Ora e Novosibirskut
        standard: Ora standarde e Novosibirskut
        daylight: Ora verore e Novosibirskut
    Omsk:
      long:
        generic: Ora e Omskut
        standard: Ora standarde e Omskut
        daylight: Ora verore e Omskut
    Pakistan:
      long:
        generic: Ora e Pakistanit
        standard: Ora standarde e Pakistanit
        daylight: Ora verore e Pakistanit
    Palau:
      long:
        standard: Ora e Palaut
    Papua_New_Guinea:
      long:
        standard: Ora e Guinesë së Re-Papua
    Paraguay:
      long:
        generic: Ora e Paraguait
        standard: Ora standarde e Paraguait
        daylight: Ora Verore e Paraguait
    Peru:
      long:
        generic: Ora e Perusë
        standard: Ora standarde e Perusë
        daylight: Ora verore e Perusë
    Philippines:
      long:
        generic: Ora e Filipineve
        standard: Ora standarde e Filipineve
        daylight: Ora verore e Filipineve
    Phoenix_Islands:
      long:
        standard: Ora e Ishujve Feniks
    Pierre_Miquelon:
      long:
        generic: Ora e Shën-Pier dhe Mikelon
        standard: Ora standarde e Shën-Pier dhe Mikelon
        daylight: Ora verore e Shën-Pier dhe Mikelon
    Pitcairn:
      long:
        standard: Ora e Pitkernit
    Ponape:
      long:
        standard: Ora e Ponapeit
    Pyongyang:
      long:
        standard: Ora e Penianit
    Qyzylorda:
      long:
        generic: Ora e Kizilordit
        standard: Ora standarde e Kizilordit
        daylight: Ora verore e Kizilordit
    Reunion:
      long:
        standard: Ora e Reunionit
    Rothera:
      long:
        standard: Ora e Rodherës
    Sakhalin:
      long:
        generic: Ora e Sakalinit
        standard: Ora standarde e Sakalinit
        daylight: Ora verore e Sakalinit
    Samara:
      long:
        generic: Ora e Samarës
        standard: Ora standarde e Samarës
        daylight: Ora verore e Samarës
    Samoa:
      long:
        generic: Ora e Samoas
        standard: Ora standarde e Samoas
        daylight: Ora verore e Samoas
    Seychelles:
      long:
        standard: Ora e Sejshelleve
    Singapore:
      long:
        standard: Ora e Singaporit
    Solomon:
      long:
        standard: Ora e Ishujve Solomon
    South_Georgia:
      long:
        standard: Ora e Xhorxhas të Jugut
    Suriname:
      long:
        standard: Ora e Surinamit
    Syowa:
      long:
        standard: Ora e Sjouit
    Tahiti:
      long:
        standard: Ora e Tahitit
    Taipei:
      long:
        generic: Ora e Tajpeit
        standard: Ora standarde e Tajpeit
        daylight: Ora verore e Tajpeit
    Tajikistan:
      long:
        standard: Ora e Taxhikistanit
    Tokelau:
      long:
        standard: Ora e Tokelaut
    Tonga:
      long:
        generic: Ora e Tongës
        standard: Ora standarde e Tongës
        daylight: Ora verore e Tongës
    Truk:
      long:
        standard: Ora e Çukut
    Turkmenistan:
      long:
        generic: Ora e Turkmenistanit
        standard: Ora standarde e Turkmenistanit
        daylight: Ora verore e Turkmenistanit
    Tuvalu:
      long:
        standard: Ora e Tuvalusë
    Uruguay:
      long:
        generic: Ora e Uruguait
        standard: Ora standarde e Uruguait
        daylight: Ora verore e Uruguait
    Uzbekistan:
      long:
        generic: Ora e Uzbekistanit
        standard: Ora standarde e Uzbekistanit
        daylight: Ora verore e Uzbekistanit
    Vanuatu:
      long:
        generic: Ora e Vanuatusë
        standard: Ora standarde e Vanuatusë
        daylight: Ora verore e Vanuatusë
    Venezuela:
      long:
        standard: Ora e Venezuelës
    Vladivostok:
      long:
        generic: Ora e Vladivostokut
        standard: Ora standarde e Vladivostokut
        daylight: Ora verore e Vladivostokut
    Volgograd:
      long:
        generic: Ora e Volgogradit
        standard: Ora standarde e Volgogradit
        daylight: Ora verore e Volgogradit
    Vostok:
      long:
        standard: Ora e Vostokut
    Wake:
      long:
        standard: Ora e Ishullit Uejk
    Wallis:
      long:
        standard: Ora e Uollisit dhe Futunës
    Yakutsk:
      long:
        generic: Ora e Jakutskut
        standard: Ora standarde e Jakutskut
        daylight: Ora verore e Jakutskut
    Yekaterinburg:
      long:
        generic: Ora e Ekaterinburgut
        standard: Ora standarde e Ekaterinburgut
        daylight: Ora verore e Ekaterinburgut
    Yukon:
      long:
        standard: Ora e Jukonit
