---
locale: lt
generated_at: '2025-09-15T06:26:38Z'
cldr_version: '46'
timezone_names:
  formats:
    hour_format: "+HH:mm;−HH:mm"
    region_format: 'Laikas: {0}'
    region_format_daylight: 'Vasaros laikas: {0}'
    region_format_standard: 'Žiemos laikas: {0}'
  zones:
    Pacific/Honolulu:
      exemplar_city: Honolulu
    Etc/UTC:
      long:
        standard: pasaulio suderintasis laikas
    Etc/Unknown:
      exemplar_city: nežinomas miestas
    Europe/Andorra:
      exemplar_city: Andora
    Asia/Dubai:
      exemplar_city: Dubajus
    Asia/Kabul:
      exemplar_city: Kabulas
    America/Antigua:
      exemplar_city: Antigva
    America/Anguilla:
      exemplar_city: Angilija
    Europe/Tirane:
      exemplar_city: Tirana
    Asia/Yerevan:
      exemplar_city: Jerevanas
    Antarctica/Rothera:
      exemplar_city: Rotera
    Antarctica/Palmer:
      exemplar_city: Palmeris
    Antarctica/Troll:
      exemplar_city: Trolis
    Antarctica/Syowa:
      exemplar_city: Siova
    Antarctica/Mawson:
      exemplar_city: Mosonas
    Antarctica/Davis:
      exemplar_city: Deivisas
    Antarctica/Vostok:
      exemplar_city: Vostokas
    Antarctica/Casey:
      exemplar_city: Keisis
    Antarctica/DumontDUrville:
      exemplar_city: Diumonas d’Urvilis
    Antarctica/McMurdo:
      exemplar_city: Makmerdas
    America/Argentina/Rio_Gallegos:
      exemplar_city: Rio Galjegosas
    America/Mendoza:
      exemplar_city: Mendosa
    America/Argentina/San_Juan:
      exemplar_city: San Chuanas
    America/Argentina/Ushuaia:
      exemplar_city: Ušuaja
    America/Argentina/La_Rioja:
      exemplar_city: La Riocha
    America/Argentina/San_Luis:
      exemplar_city: Sent Luisas
    America/Catamarca:
      exemplar_city: Katamarka
    America/Argentina/Salta:
      exemplar_city: Saltas
    America/Jujuy:
      exemplar_city: Chuchujus
    America/Argentina/Tucuman:
      exemplar_city: Tukumanas
    America/Cordoba:
      exemplar_city: Kordoba
    America/Buenos_Aires:
      exemplar_city: Buenos Airės
    Pacific/Pago_Pago:
      exemplar_city: Pago Pagas
    Europe/Vienna:
      exemplar_city: Viena
    Australia/Perth:
      exemplar_city: Pertas
    Australia/Eucla:
      exemplar_city: Jukla
    Australia/Darwin:
      exemplar_city: Darvinas
    Australia/Adelaide:
      exemplar_city: Adelaidė
    Australia/Broken_Hill:
      exemplar_city: Broken Hilis
    Australia/Melbourne:
      exemplar_city: Melburnas
    Australia/Hobart:
      exemplar_city: Hobartas
    Australia/Lindeman:
      exemplar_city: Lindemanas
    Australia/Sydney:
      exemplar_city: Sidnėjus
    Australia/Brisbane:
      exemplar_city: Brisbanas
    Antarctica/Macquarie:
      exemplar_city: Makvoris
    Australia/Lord_Howe:
      exemplar_city: Lordo Hau sala
    Europe/Mariehamn:
      exemplar_city: Marianhamina
    Europe/Sarajevo:
      exemplar_city: Sarajevas
    America/Barbados:
      exemplar_city: Barbadosas
    Asia/Dhaka:
      exemplar_city: Daka
    Europe/Brussels:
      exemplar_city: Briuselis
    Africa/Ouagadougou:
      exemplar_city: Vagadugu
    Europe/Sofia:
      exemplar_city: Sofija
    Asia/Bahrain:
      exemplar_city: Bahreinas
    Africa/Bujumbura:
      exemplar_city: Bužumbūra
    Africa/Porto-Novo:
      exemplar_city: Porto Novas
    America/St_Barthelemy:
      exemplar_city: Sen Bartelemi
    Asia/Brunei:
      exemplar_city: Brunėjus
    America/La_Paz:
      exemplar_city: La Pasas
    America/Kralendijk:
      exemplar_city: Kralendeikas
    America/Eirunepe:
      exemplar_city: Eirunepė
    America/Rio_Branco:
      exemplar_city: Rio Brankas
    America/Porto_Velho:
      exemplar_city: Porto Veljas
    America/Boa_Vista:
      exemplar_city: Bua Vista
    America/Manaus:
      exemplar_city: Manausas
    America/Cuiaba:
      exemplar_city: Kujaba
    America/Santarem:
      exemplar_city: Santarenas
    America/Campo_Grande:
      exemplar_city: Kampo Grandė
    America/Belem:
      exemplar_city: Belenas
    America/Araguaina:
      exemplar_city: Aragvajana
    America/Sao_Paulo:
      exemplar_city: San Paulas
    America/Bahia:
      exemplar_city: Baija
    America/Maceio:
      exemplar_city: Masejo
    America/Recife:
      exemplar_city: Resifė
    America/Noronha:
      exemplar_city: Noronja
    America/Nassau:
      exemplar_city: Nasau
    Asia/Thimphu:
      exemplar_city: Timpu
    Africa/Gaborone:
      exemplar_city: Gaboronas
    Europe/Minsk:
      exemplar_city: Minskas
    America/Belize:
      exemplar_city: Belizas
    America/Dawson:
      exemplar_city: Dosonas
    America/Whitehorse:
      exemplar_city: Vaithorsas
    America/Inuvik:
      exemplar_city: Inuvikas
    America/Vancouver:
      exemplar_city: Vankuveris
    America/Fort_Nelson:
      exemplar_city: Fort Nelsonas
    America/Dawson_Creek:
      exemplar_city: Doson Krikas
    America/Creston:
      exemplar_city: Krestonas
    America/Edmonton:
      exemplar_city: Edmontonas
    America/Swift_Current:
      exemplar_city: Svift Karentas
    America/Cambridge_Bay:
      exemplar_city: Keimbridž Bėjus
    America/Regina:
      exemplar_city: Redžina
    America/Winnipeg:
      exemplar_city: Vinipegas
    America/Resolute:
      exemplar_city: Resolutas
    America/Rankin_Inlet:
      exemplar_city: Rankin Inletas
    America/Coral_Harbour:
      exemplar_city: Atikokanas
    America/Toronto:
      exemplar_city: Torontas
    America/Iqaluit:
      exemplar_city: Ikaluitas
    America/Moncton:
      exemplar_city: Monktonas
    America/Halifax:
      exemplar_city: Halifaksas
    America/Goose_Bay:
      exemplar_city: Gus Bėjus
    America/Glace_Bay:
      exemplar_city: Gleis Bėjus
    America/Blanc-Sablon:
      exemplar_city: Blanč Sablonas
    America/St_Johns:
      exemplar_city: Sent Džonsas
    Indian/Cocos:
      exemplar_city: Kokosų sala
    Africa/Kinshasa:
      exemplar_city: Kinšasa
    Africa/Lubumbashi:
      exemplar_city: Lubumbašis
    Africa/Bangui:
      exemplar_city: Bangis
    Africa/Brazzaville:
      exemplar_city: Brazavilis
    Europe/Zurich:
      exemplar_city: Ciurichas
    Africa/Abidjan:
      exemplar_city: Abidžanas
    Pacific/Easter:
      exemplar_city: Velykų sala
    America/Punta_Arenas:
      exemplar_city: Punta Arenasas
    America/Santiago:
      exemplar_city: Santjagas
    Africa/Douala:
      exemplar_city: Duala
    Asia/Urumqi:
      exemplar_city: Urumči
    Asia/Shanghai:
      exemplar_city: Šanchajus
    America/Costa_Rica:
      exemplar_city: Kosta Rika
    Atlantic/Cape_Verde:
      exemplar_city: Žaliasis Kyšulys
    America/Curacao:
      exemplar_city: Kiurasao
    Indian/Christmas:
      exemplar_city: Kalėdų Sala
    Asia/Nicosia:
      exemplar_city: Nikosija
    Europe/Prague:
      exemplar_city: Praha
    Europe/Busingen:
      exemplar_city: Biusingenas
    Europe/Berlin:
      exemplar_city: Berlynas
    Africa/Djibouti:
      exemplar_city: Džibutis
    Europe/Copenhagen:
      exemplar_city: Kopenhaga
    America/Dominica:
      exemplar_city: Dominika
    America/Santo_Domingo:
      exemplar_city: Santo Domingas
    Africa/Algiers:
      exemplar_city: Alžyras
    Pacific/Galapagos:
      exemplar_city: Galapagai
    America/Guayaquil:
      exemplar_city: Gvajakilis
    Europe/Tallinn:
      exemplar_city: Talinas
    Africa/Cairo:
      exemplar_city: Kairas
    Africa/El_Aaiun:
      exemplar_city: al Ajūnas
    Atlantic/Canary:
      exemplar_city: Kanarų salos
    Africa/Ceuta:
      exemplar_city: Seuta
    Europe/Madrid:
      exemplar_city: Madridas
    Africa/Addis_Ababa:
      exemplar_city: Adis Abeba
    Europe/Helsinki:
      exemplar_city: Helsinkis
    Pacific/Fiji:
      exemplar_city: Fidžis
    Atlantic/Stanley:
      exemplar_city: Stenlis
    Pacific/Truk:
      exemplar_city: Čukas
    Pacific/Ponape:
      exemplar_city: Ponapė
    Pacific/Kosrae:
      exemplar_city: Kosrajė
    Atlantic/Faeroe:
      exemplar_city: Farerai
    Europe/Paris:
      exemplar_city: Paryžius
    Africa/Libreville:
      exemplar_city: Librevilis
    Europe/London:
      exemplar_city: Londonas
      long:
        daylight: Britanijos vasaros laikas
    Asia/Tbilisi:
      exemplar_city: Tbilisis
    America/Cayenne:
      exemplar_city: Kajenas
    Europe/Guernsey:
      exemplar_city: Gernsis
    Africa/Accra:
      exemplar_city: Akra
    Europe/Gibraltar:
      exemplar_city: Gibraltaras
    America/Thule:
      exemplar_city: Kanakas
    America/Godthab:
      exemplar_city: Nūkas
    America/Scoresbysund:
      exemplar_city: Itokortormitas
    America/Danmarkshavn:
      exemplar_city: Danmarkshaunas
    Africa/Banjul:
      exemplar_city: Bandžulis
    Africa/Conakry:
      exemplar_city: Konakris
    America/Guadeloupe:
      exemplar_city: Gvadalupė
    Africa/Malabo:
      exemplar_city: Malabas
    Europe/Athens:
      exemplar_city: Atėnai
    Atlantic/South_Georgia:
      exemplar_city: Pietų Džordžija
    America/Guatemala:
      exemplar_city: Gvatemala
    Pacific/Guam:
      exemplar_city: Guamas
    Africa/Bissau:
      exemplar_city: Bisau
    America/Guyana:
      exemplar_city: Gvajana
    Asia/Hong_Kong:
      exemplar_city: Honkongas
    America/Tegucigalpa:
      exemplar_city: Tegusigalpa
    Europe/Zagreb:
      exemplar_city: Zagrebas
    America/Port-au-Prince:
      exemplar_city: Port o Prensas
    Europe/Budapest:
      exemplar_city: Budapeštas
    Asia/Jakarta:
      exemplar_city: Džakarta
    Asia/Pontianak:
      exemplar_city: Pontianakas
    Asia/Makassar:
      exemplar_city: Makasaras
    Asia/Jayapura:
      exemplar_city: Džajapura
    Europe/Dublin:
      exemplar_city: Dublinas
      long:
        daylight: Airijos vasaros laikas
    Asia/Jerusalem:
      exemplar_city: Jeruzalė
    Europe/Isle_of_Man:
      exemplar_city: Meno sala
    Indian/Chagos:
      exemplar_city: Čagosas
    Asia/Baghdad:
      exemplar_city: Bagdadas
    Asia/Tehran:
      exemplar_city: Teheranas
    Atlantic/Reykjavik:
      exemplar_city: Reikjavikas
    Europe/Rome:
      exemplar_city: Roma
    Europe/Jersey:
      exemplar_city: Džersis
    America/Jamaica:
      exemplar_city: Jamaika
    Asia/Amman:
      exemplar_city: Amanas
    Asia/Tokyo:
      exemplar_city: Tokijas
    Africa/Nairobi:
      exemplar_city: Nairobis
    Asia/Bishkek:
      exemplar_city: Biškekas
    Asia/Phnom_Penh:
      exemplar_city: Pnompenis
    Pacific/Enderbury:
      exemplar_city: Enderburis
    Pacific/Kiritimati:
      exemplar_city: Kiritimatis
    Pacific/Tarawa:
      exemplar_city: Tarava
    Indian/Comoro:
      exemplar_city: Komoras
    America/St_Kitts:
      exemplar_city: Sent Kitsas
    Asia/Pyongyang:
      exemplar_city: Pchenjanas
    Asia/Seoul:
      exemplar_city: Seulas
    Asia/Kuwait:
      exemplar_city: Kuveitas
    America/Cayman:
      exemplar_city: Kaimanas
    Asia/Aqtau:
      exemplar_city: Aktau
    Asia/Oral:
      exemplar_city: Uralskas
    Asia/Aqtobe:
      exemplar_city: Aktiubinskas
    Asia/Qostanay:
      exemplar_city: Kostanajus
    Asia/Qyzylorda:
      exemplar_city: Kzyl-Orda
    Asia/Almaty:
      exemplar_city: Alma Ata
    Asia/Vientiane:
      exemplar_city: Vientianas
    Asia/Beirut:
      exemplar_city: Beirutas
    America/St_Lucia:
      exemplar_city: Sent Lusija
    Europe/Vaduz:
      exemplar_city: Vaducas
    Asia/Colombo:
      exemplar_city: Kolombas
    Africa/Monrovia:
      exemplar_city: Monrovija
    Europe/Luxembourg:
      exemplar_city: Liuksemburgas
    Europe/Riga:
      exemplar_city: Ryga
    Africa/Tripoli:
      exemplar_city: Tripolis
    Africa/Casablanca:
      exemplar_city: Kasablanka
    Europe/Monaco:
      exemplar_city: Monakas
    Europe/Chisinau:
      exemplar_city: Kišiniovas
    America/Marigot:
      exemplar_city: Marigo
    Indian/Antananarivo:
      exemplar_city: Antananaryvas
    Pacific/Kwajalein:
      exemplar_city: Kvadžaleinas
    Pacific/Majuro:
      exemplar_city: Madžūras
    Europe/Skopje:
      exemplar_city: Skopjė
    Africa/Bamako:
      exemplar_city: Bamakas
    Asia/Rangoon:
      exemplar_city: Rangūnas
    Asia/Hovd:
      exemplar_city: Hovdas
    Asia/Ulaanbaatar:
      exemplar_city: Ulan Batoras
    Asia/Macau:
      exemplar_city: Makao
    Pacific/Saipan:
      exemplar_city: Saipanas
    America/Martinique:
      exemplar_city: Martinika
    Africa/Nouakchott:
      exemplar_city: Nuakšotas
    America/Montserrat:
      exemplar_city: Montseratas
    Indian/Mauritius:
      exemplar_city: Mauricijus
    Indian/Maldives:
      exemplar_city: Maldyvai
    Africa/Blantyre:
      exemplar_city: Blantairas
    America/Tijuana:
      exemplar_city: Tichuana
    America/Hermosillo:
      exemplar_city: Hermosiljas
    America/Ciudad_Juarez:
      exemplar_city: Siudad Chuaresas
    America/Mazatlan:
      exemplar_city: Masatlanas
    America/Chihuahua:
      exemplar_city: Čihuahua
    America/Bahia_Banderas:
      exemplar_city: Bahia Banderasas
    America/Ojinaga:
      exemplar_city: Ochinaga
    America/Monterrey:
      exemplar_city: Monterėjus
    America/Mexico_City:
      exemplar_city: Meksikas
    America/Matamoros:
      exemplar_city: Matamorosas
    America/Merida:
      exemplar_city: Merida
    America/Cancun:
      exemplar_city: Kankūnas
    Asia/Kuala_Lumpur:
      exemplar_city: Kvala Lumpūras
    Asia/Kuching:
      exemplar_city: Kučingas
    Africa/Maputo:
      exemplar_city: Maputas
    Africa/Windhoek:
      exemplar_city: Vindhukas
    Pacific/Noumea:
      exemplar_city: Numėja
    Africa/Niamey:
      exemplar_city: Niamėjus
    Pacific/Norfolk:
      exemplar_city: Norfolkas
    Africa/Lagos:
      exemplar_city: Lagosas
    America/Managua:
      exemplar_city: Managva
    Europe/Amsterdam:
      exemplar_city: Amsterdamas
    Europe/Oslo:
      exemplar_city: Oslas
    Asia/Katmandu:
      exemplar_city: Katmandu
    Pacific/Niue:
      exemplar_city: Niujė
    Pacific/Chatham:
      exemplar_city: Čatamas
    Pacific/Auckland:
      exemplar_city: Oklandas
    Asia/Muscat:
      exemplar_city: Maskatas
    Pacific/Tahiti:
      exemplar_city: Taitis
    Pacific/Marquesas:
      exemplar_city: Markizo salos
    Pacific/Gambier:
      exemplar_city: Gambyras
    Pacific/Port_Moresby:
      exemplar_city: Port Morsbis
    Pacific/Bougainville:
      exemplar_city: Bugenvilis
    Asia/Karachi:
      exemplar_city: Karačis
    Europe/Warsaw:
      exemplar_city: Varšuva
    America/Miquelon:
      exemplar_city: Mikelonas
    Pacific/Pitcairn:
      exemplar_city: Pitkerno sala
    America/Puerto_Rico:
      exemplar_city: Puerto Rikas
    Asia/Gaza:
      exemplar_city: Gazos ruožas
    Asia/Hebron:
      exemplar_city: Hebronas
    Atlantic/Azores:
      exemplar_city: Azorai
    Europe/Lisbon:
      exemplar_city: Lisabona
    America/Asuncion:
      exemplar_city: Asunsjonas
    Asia/Qatar:
      exemplar_city: Kataras
    Indian/Reunion:
      exemplar_city: Reunjonas
    Europe/Bucharest:
      exemplar_city: Bukareštas
    Europe/Belgrade:
      exemplar_city: Belgradas
    Europe/Kaliningrad:
      exemplar_city: Kaliningradas
    Europe/Moscow:
      exemplar_city: Maskva
    Europe/Volgograd:
      exemplar_city: Volgogradas
    Europe/Saratov:
      exemplar_city: Saratovas
    Europe/Astrakhan:
      exemplar_city: Astrachanė
    Europe/Ulyanovsk:
      exemplar_city: Uljanovskas
    Europe/Kirov:
      exemplar_city: Kirovas
    Asia/Yekaterinburg:
      exemplar_city: Jekaterinburgas
    Asia/Omsk:
      exemplar_city: Omskas
    Asia/Novosibirsk:
      exemplar_city: Novosibirskas
    Asia/Barnaul:
      exemplar_city: Barnaulas
    Asia/Tomsk:
      exemplar_city: Tomskas
    Asia/Novokuznetsk:
      exemplar_city: Novokuzneckas
    Asia/Krasnoyarsk:
      exemplar_city: Krasnojarskas
    Asia/Irkutsk:
      exemplar_city: Irkutskas
    Asia/Chita:
      exemplar_city: Čita
    Asia/Yakutsk:
      exemplar_city: Jakutskas
    Asia/Vladivostok:
      exemplar_city: Vladivostokas
    Asia/Khandyga:
      exemplar_city: Chandyga
    Asia/Sakhalin:
      exemplar_city: Sachalinas
    Asia/Ust-Nera:
      exemplar_city: Ust Nera
    Asia/Magadan:
      exemplar_city: Magadanas
    Asia/Srednekolymsk:
      exemplar_city: Srednekolymskas
    Asia/Kamchatka:
      exemplar_city: Kamčiatka
    Asia/Anadyr:
      exemplar_city: Anadyris
    Africa/Kigali:
      exemplar_city: Kigalis
    Asia/Riyadh:
      exemplar_city: Rijadas
    Pacific/Guadalcanal:
      exemplar_city: Gvadalkanalis
    Indian/Mahe:
      exemplar_city: Mahė
    Africa/Khartoum:
      exemplar_city: Chartumas
    Europe/Stockholm:
      exemplar_city: Stokholmas
    Asia/Singapore:
      exemplar_city: Singapūras
    Atlantic/St_Helena:
      exemplar_city: Sent Helena
    Europe/Ljubljana:
      exemplar_city: Liubliana
    Arctic/Longyearbyen:
      exemplar_city: Longjyrbienas
    Africa/Freetown:
      exemplar_city: Fritaunas
    Europe/San_Marino:
      exemplar_city: San Marinas
    Africa/Dakar:
      exemplar_city: Dakaras
    Africa/Mogadishu:
      exemplar_city: Mogadišas
    America/Paramaribo:
      exemplar_city: Paramaribas
    Africa/Juba:
      exemplar_city: Džuba
    Africa/Sao_Tome:
      exemplar_city: San Tomė
    America/El_Salvador:
      exemplar_city: Salvadoras
    America/Lower_Princes:
      exemplar_city: Žemutinis Prinses Kvorteris
    Asia/Damascus:
      exemplar_city: Damaskas
    Africa/Mbabane:
      exemplar_city: Mbabanė
    America/Grand_Turk:
      exemplar_city: Grand Terkas
    Africa/Ndjamena:
      exemplar_city: Ndžamena
    Indian/Kerguelen:
      exemplar_city: Kergelenas
    Africa/Lome:
      exemplar_city: Lomė
    Asia/Bangkok:
      exemplar_city: Bankokas
    Asia/Dushanbe:
      exemplar_city: Dušanbė
    Pacific/Fakaofo:
      exemplar_city: Fakaofas
    Asia/Dili:
      exemplar_city: Dilis
    Asia/Ashgabat:
      exemplar_city: Ašchabadas
    Africa/Tunis:
      exemplar_city: Tunisas
    Europe/Istanbul:
      exemplar_city: Stambulas
    America/Port_of_Spain:
      exemplar_city: Port of Speinas
    Pacific/Funafuti:
      exemplar_city: Funafutis
    Asia/Taipei:
      exemplar_city: Taipėjus
    Africa/Dar_es_Salaam:
      exemplar_city: Dar es Salamas
    Europe/Kiev:
      exemplar_city: Kijevas
    Europe/Simferopol:
      exemplar_city: Simferopolis
    Pacific/Midway:
      exemplar_city: Midvėjus
    Pacific/Wake:
      exemplar_city: Veiko sala
    America/Adak:
      exemplar_city: Eidakas
    America/Nome:
      exemplar_city: Nomas
    America/Anchorage:
      exemplar_city: Ankoridžas
    America/Yakutat:
      exemplar_city: Jakutatas
    America/Juneau:
      exemplar_city: Džunas
    America/Los_Angeles:
      exemplar_city: Los Andželas
    America/Boise:
      exemplar_city: Boisis
    America/Phoenix:
      exemplar_city: Finiksas
    America/Denver:
      exemplar_city: Denveris
    America/North_Dakota/Beulah:
      exemplar_city: Bjula, Šiaurės Dakota
    America/North_Dakota/New_Salem:
      exemplar_city: Niu Seilemas, Šiaurės Dakota
    America/North_Dakota/Center:
      exemplar_city: Senteris, Šiaurės Dakota
    America/Chicago:
      exemplar_city: Čikaga
    America/Menominee:
      exemplar_city: Menominis
    America/Indiana/Vincennes:
      exemplar_city: Vinsenas, Indiana
    America/Indiana/Petersburg:
      exemplar_city: Pitersbergas, Indiana
    America/Indiana/Tell_City:
      exemplar_city: Tel Sitis, Indiana
    America/Indiana/Knox:
      exemplar_city: Noksas, Indiana
    America/Indiana/Winamac:
      exemplar_city: Vinamakas, Indiana
    America/Indiana/Marengo:
      exemplar_city: Marengas, Indiana
    America/Louisville:
      exemplar_city: Luisvilis
    America/Indiana/Vevay:
      exemplar_city: Vivis, Indiana
    America/Kentucky/Monticello:
      exemplar_city: Montiselas, Kentukis
    America/Detroit:
      exemplar_city: Detroitas
    America/New_York:
      exemplar_city: Niujorkas
    America/Montevideo:
      exemplar_city: Montevidėjas
    Asia/Samarkand:
      exemplar_city: Samarkandas
    Asia/Tashkent:
      exemplar_city: Taškentas
    Europe/Vatican:
      exemplar_city: Vatikanas
    America/St_Vincent:
      exemplar_city: Sent Vincentas
    America/Caracas:
      exemplar_city: Karakasas
    America/St_Thomas:
      exemplar_city: Sent Tomasas
    Asia/Saigon:
      exemplar_city: Hošiminas
    Pacific/Efate:
      exemplar_city: Efatė
    Pacific/Wallis:
      exemplar_city: Volisas
    Pacific/Apia:
      exemplar_city: Apija
    Asia/Aden:
      exemplar_city: Adenas
    Indian/Mayotte:
      exemplar_city: Majotas
    Africa/Johannesburg:
      exemplar_city: Johanesburgas
    Africa/Harare:
      exemplar_city: Hararė
  metazones:
    Acre:
      long:
        generic: Ako laikas
        standard: Ako standartinis laikas
        daylight: Ako vasaros laikas
    Afghanistan:
      long:
        standard: Afganistano laikas
    Africa_Central:
      long:
        standard: Centrinės Afrikos laikas
    Africa_Eastern:
      long:
        standard: Rytų Afrikos laikas
    Africa_Southern:
      long:
        standard: Pietų Afrikos laikas
    Africa_Western:
      long:
        generic: Vakarų Afrikos laikas
        standard: Vakarų Afrikos žiemos laikas
        daylight: Vakarų Afrikos vasaros laikas
    Alaska:
      long:
        generic: Aliaskos laikas
        standard: Aliaskos žiemos laikas
        daylight: Aliaskos vasaros laikas
    Almaty:
      long:
        generic: Almatos laikas
        standard: Almatos žiemos laikas
        daylight: Almatos vasaros laikas
    Amazon:
      long:
        generic: Amazonės laikas
        standard: Amazonės žiemos laikas
        daylight: Amazonės vasaros laikas
    America_Central:
      long:
        generic: Šiaurės Amerikos centro laikas
        standard: Šiaurės Amerikos centro žiemos laikas
        daylight: Šiaurės Amerikos centro vasaros laikas
    America_Eastern:
      long:
        generic: Šiaurės Amerikos rytų laikas
        standard: Šiaurės Amerikos rytų žiemos laikas
        daylight: Šiaurės Amerikos rytų vasaros laikas
    America_Mountain:
      long:
        generic: Šiaurės Amerikos kalnų laikas
        standard: Šiaurės Amerikos kalnų žiemos laikas
        daylight: Šiaurės Amerikos kalnų vasaros laikas
    America_Pacific:
      long:
        generic: Šiaurės Amerikos Ramiojo vandenyno laikas
        standard: Šiaurės Amerikos Ramiojo vandenyno žiemos laikas
        daylight: Šiaurės Amerikos Ramiojo vandenyno vasaros laikas
    Anadyr:
      long:
        generic: Anadyrės laikas
        standard: Anadyrės žiemos laikas
        daylight: Anadyrės vasaros laikas
    Apia:
      long:
        generic: Apijos laikas
        standard: Apijos žiemos laikas
        daylight: Apijos vasaros laikas
    Aqtau:
      long:
        generic: Aktau laikas
        standard: Aktau žiemos laikas
        daylight: Aktau vasaros laikas
    Aqtobe:
      long:
        generic: Aktobės laikas
        standard: Aktobės žiemos laikas
        daylight: Aktobės vasaros laikas
    Arabian:
      long:
        generic: Arabijos laikas
        standard: Arabijos žiemos laikas
        daylight: Arabijos vasaros laikas
    Argentina:
      long:
        generic: Argentinos laikas
        standard: Argentinos žiemos laikas
        daylight: Argentinos vasaros laikas
    Argentina_Western:
      long:
        generic: Vakarų Argentinos laikas
        standard: Vakarų Argentinos žiemos laikas
        daylight: Vakarų Argentinos vasaros laikas
    Armenia:
      long:
        generic: Armėnijos laikas
        standard: Armėnijos žiemos laikas
        daylight: Armėnijos vasaros laikas
    Atlantic:
      long:
        generic: Atlanto laikas
        standard: Atlanto žiemos laikas
        daylight: Atlanto vasaros laikas
    Australia_Central:
      long:
        generic: Centrinės Australijos laikas
        standard: Centrinės Australijos žiemos laikas
        daylight: Centrinės Australijos vasaros laikas
    Australia_CentralWestern:
      long:
        generic: Centrinės vakarų Australijos laikas
        standard: Centrinės vakarų Australijos žiemos laikas
        daylight: Centrinės vakarų Australijos vasaros laikas
    Australia_Eastern:
      long:
        generic: Rytų Australijos laikas
        standard: Rytų Australijos žiemos laikas
        daylight: Rytų Australijos vasaros laikas
    Australia_Western:
      long:
        generic: Vakarų Australijos laikas
        standard: Vakarų Australijos žiemos laikas
        daylight: Vakarų Australijos vasaros laikas
    Azerbaijan:
      long:
        generic: Azerbaidžano laikas
        standard: Azerbaidžano žiemos laikas
        daylight: Azerbaidžano vasaros laikas
    Azores:
      long:
        generic: Azorų Salų laikas
        standard: Azorų Salų žiemos laikas
        daylight: Azorų Salų vasaros laikas
    Bangladesh:
      long:
        generic: Bangladešo laikas
        standard: Bangladešo žiemos laikas
        daylight: Bangladešo vasaros laikas
    Bhutan:
      long:
        standard: Butano laikas
    Bolivia:
      long:
        standard: Bolivijos laikas
    Brasilia:
      long:
        generic: Brazilijos laikas
        standard: Brazilijos žiemos laikas
        daylight: Brazilijos vasaros laikas
    Brunei:
      long:
        standard: Brunėjaus Darusalamo laikas
    Cape_Verde:
      long:
        generic: Žaliojo Kyšulio laikas
        standard: Žaliojo Kyšulio žiemos laikas
        daylight: Žaliojo Kyšulio vasaros laikas
    Casey:
      long:
        standard: Keisio laikas
    Chamorro:
      long:
        standard: Čamoro laikas
    Chatham:
      long:
        generic: Čatamo laikas
        standard: Čatamo žiemos laikas
        daylight: Čatamo vasaros laikas
    Chile:
      long:
        generic: Čilės laikas
        standard: Čilės žiemos laikas
        daylight: Čilės vasaros laikas
    China:
      long:
        generic: Kinijos laikas
        standard: Kinijos žiemos laikas
        daylight: Kinijos vasaros laikas
    Christmas:
      long:
        standard: Kalėdų Salos laikas
    Cocos:
      long:
        standard: Kokosų Salų laikas
    Colombia:
      long:
        generic: Kolumbijos laikas
        standard: Kolumbijos žiemos laikas
        daylight: Kolumbijos vasaros laikas
    Cook:
      long:
        generic: Kuko Salų laikas
        standard: Kuko Salų žiemos laikas
        daylight: Kuko Salų pusės vasaros laikas
    Cuba:
      long:
        generic: Kubos laikas
        standard: Kubos žiemos laikas
        daylight: Kubos vasaros laikas
    Davis:
      long:
        standard: Deiviso laikas
    DumontDUrville:
      long:
        standard: Diumono d’Urvilio laikas
    East_Timor:
      long:
        standard: Rytų Timoro laikas
    Easter:
      long:
        generic: Velykų Salos laikas
        standard: Velykų salos žiemos laikas
        daylight: Velykų Salos vasaros laikas
    Ecuador:
      long:
        standard: Ekvadoro laikas
    Europe_Central:
      long:
        generic: Vidurio Europos laikas
        standard: Vidurio Europos žiemos laikas
        daylight: Vidurio Europos vasaros laikas
    Europe_Eastern:
      long:
        generic: Rytų Europos laikas
        standard: Rytų Europos žiemos laikas
        daylight: Rytų Europos vasaros laikas
    Europe_Further_Eastern:
      long:
        standard: Tolimųjų rytų Europos laikas
    Europe_Western:
      long:
        generic: Vakarų Europos laikas
        standard: Vakarų Europos žiemos laikas
        daylight: Vakarų Europos vasaros laikas
    Falkland:
      long:
        generic: Folklando Salų laikas
        standard: Folklandų Salų žiemos laikas
        daylight: Folklando Salų vasaros laikas
    Fiji:
      long:
        generic: Fidžio laikas
        standard: Fidžio žiemos laikas
        daylight: Fidžio vasaros laikas
    French_Guiana:
      long:
        standard: Prancūzijos Gvianos laikas
    French_Southern:
      long:
        standard: Pietų Prancūzijos ir antarktinis laikas
    Galapagos:
      long:
        standard: Galapagų laikas
    Gambier:
      long:
        standard: Gambyro laikas
    Georgia:
      long:
        generic: Gruzijos laikas
        standard: Gruzijos žiemos laikas
        daylight: Gruzijos vasaros laikas
    Gilbert_Islands:
      long:
        standard: Gilberto Salų laikas
    GMT:
      long:
        standard: Grinvičo laikas
    Greenland_Eastern:
      long:
        generic: Grenlandijos rytų laikas
        standard: Grenlandijos rytų žiemos laikas
        daylight: Grenlandijos rytų vasaros laikas
    Greenland_Western:
      long:
        generic: Grenlandijos vakarų laikas
        standard: Grenlandijos vakarų žiemos laikas
        daylight: Grenlandijos vakarų vasaros laikas
    Guam:
      long:
        standard: Guamo laikas
    Gulf:
      long:
        standard: Persijos įlankos laikas
    Guyana:
      long:
        standard: Gajanos laikas
    Hawaii_Aleutian:
      long:
        generic: Havajų-Aleutų laikas
        standard: Havajų–Aleutų žiemos laikas
        daylight: Havajų–Aleutų vasaros laikas
    Hong_Kong:
      long:
        generic: Honkongo laikas
        standard: Honkongo žiemos laikas
        daylight: Honkongo vasaros laikas
    Hovd:
      long:
        generic: Hovdo laikas
        standard: Hovdo žiemos laikas
        daylight: Hovdo vasaros laikas
    India:
      long:
        standard: Indijos laikas
    Indian_Ocean:
      long:
        standard: Indijos vandenyno laikas
    Indochina:
      long:
        standard: Indokinijos laikas
    Indonesia_Central:
      long:
        standard: Centrinės Indonezijos laikas
    Indonesia_Eastern:
      long:
        standard: Rytų Indonezijos laikas
    Indonesia_Western:
      long:
        standard: Vakarų Indonezijos laikas
    Iran:
      long:
        generic: Irano laikas
        standard: Irano žiemos laikas
        daylight: Irano vasaros laikas
    Irkutsk:
      long:
        generic: Irkutsko laikas
        standard: Irkutsko žiemos laikas
        daylight: Irkutsko vasaros laikas
    Israel:
      long:
        generic: Izraelio laikas
        standard: Izraelio žiemos laikas
        daylight: Izraelio vasaros laikas
    Japan:
      long:
        generic: Japonijos laikas
        standard: Japonijos žiemos laikas
        daylight: Japonijos vasaros laikas
    Kamchatka:
      long:
        generic: Kamčiatkos Petropavlovsko laikas
        standard: Kamčiatkos Petropavlovsko žiemos laikas
        daylight: Kamčiatkos Petropavlovsko vasaros laikas
    Kazakhstan:
      long:
        standard: Kazachstano laikas
    Kazakhstan_Eastern:
      long:
        standard: Rytų Kazachstano laikas
    Kazakhstan_Western:
      long:
        standard: Vakarų Kazachstano laikas
    Korea:
      long:
        generic: Korėjos laikas
        standard: Korėjos žiemos laikas
        daylight: Korėjos vasaros laikas
    Kosrae:
      long:
        standard: Kosrajė laikas
    Krasnoyarsk:
      long:
        generic: Krasnojarsko laikas
        standard: Krasnojarsko žiemos laikas
        daylight: Krasnojarsko vasaros laikas
    Kyrgystan:
      long:
        standard: Kirgistano laikas
    Lanka:
      long:
        standard: Lankos laikas
    Line_Islands:
      long:
        standard: Laino Salų laikas
    Lord_Howe:
      long:
        generic: Lordo Hau laikas
        standard: Lordo Hau žiemos laikas
        daylight: Lordo Hau vasaros laikas
    Macau:
      long:
        generic: Makau laikas
        standard: Makau žiemos laikas
        daylight: Makau vasaros laikas
    Magadan:
      long:
        generic: Magadano laikas
        standard: Magadano žiemos laikas
        daylight: Magadano vasaros laikas
    Malaysia:
      long:
        standard: Malaizijos laikas
    Maldives:
      long:
        standard: Maldyvų laikas
    Marquesas:
      long:
        standard: Markizo Salų laikas
    Marshall_Islands:
      long:
        standard: Maršalo Salų laikas
    Mauritius:
      long:
        generic: Mauricijaus laikas
        standard: Mauricijaus žiemos laikas
        daylight: Mauricijaus vasaros laikas
    Mawson:
      long:
        standard: Mosono laikas
    Mexico_Pacific:
      long:
        generic: Meksikos Ramiojo vandenyno laikas
        standard: Meksikos Ramiojo vandenyno žiemos laikas
        daylight: Meksikos Ramiojo vandenyno vasaros laikas
    Mongolia:
      long:
        generic: Ulan Batoro laikas
        standard: Ulan Batoro žiemos laikas
        daylight: Ulan Batoro vasaros laikas
    Moscow:
      long:
        generic: Maskvos laikas
        standard: Maskvos žiemos laikas
        daylight: Maskvos vasaros laikas
    Myanmar:
      long:
        standard: Mianmaro laikas
    Nauru:
      long:
        standard: Nauru laikas
    Nepal:
      long:
        standard: Nepalo laikas
    New_Caledonia:
      long:
        generic: Naujosios Kaledonijos laikas
        standard: Naujosios Kaledonijos žiemos laikas
        daylight: Naujosios Kaledonijos vasaros laikas
    New_Zealand:
      long:
        generic: Naujosios Zelandijos laikas
        standard: Naujosios Zelandijos žiemos laikas
        daylight: Naujosios Zelandijos vasaros laikas
    Newfoundland:
      long:
        generic: Niufaundlendo laikas
        standard: Niufaundlendo žiemos laikas
        daylight: Niufaundlendo vasaros laikas
    Niue:
      long:
        standard: Niujė laikas
    Norfolk:
      long:
        generic: Norfolko Salų laikas
        standard: Norfolko Salų žiemos laikas
        daylight: Norfolko Salų vasaros laikas
    Noronha:
      long:
        generic: Fernando de Noronjos laikas
        standard: Fernando de Noronjos žiemos laikas
        daylight: Fernando de Noronjos vasaros laikas
    North_Mariana:
      long:
        standard: Šiaurės Marianos Salų laikas
    Novosibirsk:
      long:
        generic: Novosibirsko laikas
        standard: Novosibirsko žiemos laikas
        daylight: Novosibirsko vasaros laikas
    Omsk:
      long:
        generic: Omsko laikas
        standard: Omsko žiemos laikas
        daylight: Omsko vasaros laikas
    Pakistan:
      long:
        generic: Pakistano laikas
        standard: Pakistano žiemos laikas
        daylight: Pakistano vasaros laikas
    Palau:
      long:
        standard: Palau laikas
    Papua_New_Guinea:
      long:
        standard: Papua Naujosios Gvinėjos laikas
    Paraguay:
      long:
        generic: Paragvajaus laikas
        standard: Paragvajaus žiemos laikas
        daylight: Paragvajaus vasaros laikas
    Peru:
      long:
        generic: Peru laikas
        standard: Peru žiemos laikas
        daylight: Peru vasaros laikas
    Philippines:
      long:
        generic: Filipinų laikas
        standard: Filipinų žiemos laikas
        daylight: Filipinų vasaros laikas
    Phoenix_Islands:
      long:
        standard: Fenikso Salų laikas
    Pierre_Miquelon:
      long:
        generic: Sen Pjero ir Mikelono laikas
        standard: Sen Pjero ir Mikelono žiemos laikas
        daylight: Sen Pjero ir Mikelono vasaros laikas
    Pitcairn:
      long:
        standard: Pitkerno laikas
    Ponape:
      long:
        standard: Ponapės laikas
    Pyongyang:
      long:
        standard: Pchenjano laikas
    Qyzylorda:
      long:
        generic: Kyzylordos laikas
        standard: Kyzylordos žiemos laikas
        daylight: Kyzylordos vasaros laikas
    Reunion:
      long:
        standard: Reunjono laikas
    Rothera:
      long:
        standard: Roteros laikas
    Sakhalin:
      long:
        generic: Sachalino laikas
        standard: Sachalino žiemos laikas
        daylight: Sachalino vasaros laikas
    Samara:
      long:
        generic: Samaros laikas
        standard: Samaros žiemos laikas
        daylight: Samaros vasaros laikas
    Samoa:
      long:
        generic: Samoa laikas
        standard: Samoa žiemos laikas
        daylight: Samoa vasaros laikas
    Seychelles:
      long:
        standard: Seišelių laikas
    Singapore:
      long:
        standard: Singapūro laikas
    Solomon:
      long:
        standard: Saliamono Salų laikas
    South_Georgia:
      long:
        standard: Pietų Džordžijos laikas
    Suriname:
      long:
        standard: Surinamo laikas
    Syowa:
      long:
        standard: Siovos laikas
    Tahiti:
      long:
        standard: Tahičio laikas
    Taipei:
      long:
        generic: Taipėjaus laikas
        standard: Taipėjaus žiemos laikas
        daylight: Taipėjaus vasaros laikas
    Tajikistan:
      long:
        standard: Tadžikistano laikas
    Tokelau:
      long:
        standard: Tokelau laikas
    Tonga:
      long:
        generic: Tongos laikas
        standard: Tongos žiemos laikas
        daylight: Tongos vasaros laikas
    Truk:
      long:
        standard: Čuko laikas
    Turkmenistan:
      long:
        generic: Turkmėnistano laikas
        standard: Turkmėnistano žiemos laikas
        daylight: Turkmėnistano vasaros laikas
    Tuvalu:
      long:
        standard: Tuvalu laikas
    Uruguay:
      long:
        generic: Urugvajaus laikas
        standard: Urugvajaus žiemos laikas
        daylight: Urugvajaus vasaros laikas
    Uzbekistan:
      long:
        generic: Uzbekistano laikas
        standard: Uzbekistano žiemos laikas
        daylight: Uzbekistano vasaros laikas
    Vanuatu:
      long:
        generic: Vanuatu laikas
        standard: Vanuatu žiemos laikas
        daylight: Vanuatu vasaros laikas
    Venezuela:
      long:
        standard: Venesuelos laikas
    Vladivostok:
      long:
        generic: Vladivostoko laikas
        standard: Vladivostoko žiemos laikas
        daylight: Vladivostoko vasaros laikas
    Volgograd:
      long:
        generic: Volgogrado laikas
        standard: Volgogrado žiemos laikas
        daylight: Volgogrado vasaros laikas
    Vostok:
      long:
        standard: Vostoko laikas
    Wake:
      long:
        standard: Veiko Salos laikas
    Wallis:
      long:
        standard: Voliso ir Futūnos laikas
    Yakutsk:
      long:
        generic: Jakutsko laikas
        standard: Jakutsko žiemos laikas
        daylight: Jakutsko vasaros laikas
    Yekaterinburg:
      long:
        generic: Jekaterinburgo laikas
        standard: Jekaterinburgo žiemos laikas
        daylight: Jekaterinburgo vasaros laikas
    Yukon:
      long:
        standard: Jukono laikas
