---
locale: tg
generated_at: '2025-09-15T06:26:52Z'
cldr_version: '46'
timezone_names:
  formats:
    region_format: Вақти {0}
    region_format_daylight: Вақти рӯзонаи {0}
    region_format_standard: Вақти стандартии {0}
  zones:
    Etc/UTC:
      long:
        standard: Вақти ҷаҳонии ҳамоҳангсозӣ
    Etc/Unknown:
      exemplar_city: Шаҳри номаълум
    Europe/Andorra:
      exemplar_city: Андорра
    Asia/Dubai:
      exemplar_city: Дубай
    Asia/Kabul:
      exemplar_city: Кобул
    America/Antigua:
      exemplar_city: Антигуа
    America/Anguilla:
      exemplar_city: Ангиля
    Europe/Tirane:
      exemplar_city: Тиран
    Asia/Yerevan:
      exemplar_city: Ереван
    Africa/Luanda:
      exemplar_city: Луанда
    Antarctica/Rothera:
      exemplar_city: Ротера
    Antarctica/Palmer:
      exemplar_city: Палмер
    Antarctica/Troll:
      exemplar_city: Тролл
    Antarctica/Syowa:
      exemplar_city: Сёва
    Antarctica/Mawson:
      exemplar_city: Мавсон
    Antarctica/Davis:
      exemplar_city: Дэвис
    Antarctica/Vostok:
      exemplar_city: Восток
    Antarctica/Casey:
      exemplar_city: Кейси
    Antarctica/DumontDUrville:
      exemplar_city: Дюмон д’Урвилл
    Antarctica/McMurdo:
      exemplar_city: Макмердо
    America/Argentina/Rio_Gallegos:
      exemplar_city: Рио Галлегос
    America/Mendoza:
      exemplar_city: Мендоза
    America/Argentina/San_Juan:
      exemplar_city: Сан-Хуан
    America/Argentina/Ushuaia:
      exemplar_city: Ушуайя
    America/Argentina/La_Rioja:
      exemplar_city: Ла Риоха
    America/Argentina/San_Luis:
      exemplar_city: Сан Луис
    America/Catamarca:
      exemplar_city: Катамарка
    America/Argentina/Salta:
      exemplar_city: Салта
    America/Jujuy:
      exemplar_city: Ҷуҷуй
    America/Argentina/Tucuman:
      exemplar_city: Тукуман
    America/Cordoba:
      exemplar_city: Кордоба
    America/Buenos_Aires:
      exemplar_city: Буэнос-Айрес
    Pacific/Pago_Pago:
      exemplar_city: Паго Паго
    Europe/Vienna:
      exemplar_city: Вена
    Australia/Perth:
      exemplar_city: Перт
    Australia/Eucla:
      exemplar_city: Эукла
    Australia/Darwin:
      exemplar_city: Дарвин
    Australia/Adelaide:
      exemplar_city: Аделаида
    Australia/Broken_Hill:
      exemplar_city: Брокен-Хилл
    Australia/Melbourne:
      exemplar_city: Мелбурн
    Australia/Hobart:
      exemplar_city: Хобарт
    Australia/Lindeman:
      exemplar_city: Линдеман
    Australia/Sydney:
      exemplar_city: Сидней
    Australia/Brisbane:
      exemplar_city: Брисбен
    Antarctica/Macquarie:
      exemplar_city: Маккуари
    Australia/Lord_Howe:
      exemplar_city: Лорд Хоу
    America/Aruba:
      exemplar_city: Аруба
    Europe/Mariehamn:
      exemplar_city: Марихамн
    Asia/Baku:
      exemplar_city: Боку
    Europe/Sarajevo:
      exemplar_city: Сараево
    America/Barbados:
      exemplar_city: Барбадос
    Asia/Dhaka:
      exemplar_city: Дакка
    Europe/Brussels:
      exemplar_city: Брюссел
    Africa/Ouagadougou:
      exemplar_city: Уагадугу
    Europe/Sofia:
      exemplar_city: София
    Asia/Bahrain:
      exemplar_city: Баҳрайн
    Africa/Bujumbura:
      exemplar_city: Буҷумбура
    Africa/Porto-Novo:
      exemplar_city: Порто-Ново
    America/St_Barthelemy:
      exemplar_city: Сент Бартелеми
    Atlantic/Bermuda:
      exemplar_city: Бермуда
    Asia/Brunei:
      exemplar_city: Бруней
    America/La_Paz:
      exemplar_city: Ла-Пас
    America/Kralendijk:
      exemplar_city: Кралендйк
    America/Eirunepe:
      exemplar_city: Эйрунепе
    America/Rio_Branco:
      exemplar_city: Рио Бранко
    America/Porto_Velho:
      exemplar_city: Порту Велхо
    America/Boa_Vista:
      exemplar_city: Боа Виста
    America/Manaus:
      exemplar_city: Манаус
    America/Cuiaba:
      exemplar_city: Куяба
    America/Santarem:
      exemplar_city: Сантарем
    America/Campo_Grande:
      exemplar_city: Кампо Гранде
    America/Belem:
      exemplar_city: Белем
    America/Araguaina:
      exemplar_city: Арагуайна
    America/Sao_Paulo:
      exemplar_city: Сан-Паулу
    America/Bahia:
      exemplar_city: Бахия
    America/Fortaleza:
      exemplar_city: Форталеза
    America/Maceio:
      exemplar_city: Масейо
    America/Recife:
      exemplar_city: Ресифи
    America/Noronha:
      exemplar_city: Норонха
    America/Nassau:
      exemplar_city: Нассау
    Asia/Thimphu:
      exemplar_city: Тимфу
    Africa/Gaborone:
      exemplar_city: Габороне
    Europe/Minsk:
      exemplar_city: Минск
    America/Belize:
      exemplar_city: Белиз
    America/Dawson:
      exemplar_city: Доусон
    America/Whitehorse:
      exemplar_city: Уайтхорс
    America/Inuvik:
      exemplar_city: Инувик
    America/Vancouver:
      exemplar_city: Ванкувер
    America/Fort_Nelson:
      exemplar_city: Форт Нелсон
    America/Dawson_Creek:
      exemplar_city: Доусон Крик
    America/Creston:
      exemplar_city: Крестон
    America/Edmonton:
      exemplar_city: Эдмонтон
    America/Swift_Current:
      exemplar_city: Свифт-Каррент
    America/Cambridge_Bay:
      exemplar_city: Кембриҷ Бэй
    America/Regina:
      exemplar_city: Регина
    America/Winnipeg:
      exemplar_city: Виннипег
    America/Resolute:
      exemplar_city: Резолют
    America/Rankin_Inlet:
      exemplar_city: Ранкин Инлет
    America/Coral_Harbour:
      exemplar_city: Атикокан
    America/Toronto:
      exemplar_city: Торонто
    America/Iqaluit:
      exemplar_city: Икалуит
    America/Moncton:
      exemplar_city: Монктон
    America/Halifax:
      exemplar_city: Галифакс
    America/Goose_Bay:
      exemplar_city: Гус Бэй
    America/Glace_Bay:
      exemplar_city: Глэйс Бэй
    America/Blanc-Sablon:
      exemplar_city: Блан-Саблон
    America/St_Johns:
      exemplar_city: Сент Ҷонс
    Indian/Cocos:
      exemplar_city: Кокос
    Africa/Kinshasa:
      exemplar_city: Киншаса
    Africa/Lubumbashi:
      exemplar_city: Лубумбаши
    Africa/Bangui:
      exemplar_city: Бангуи
    Africa/Brazzaville:
      exemplar_city: Браззавил
    Europe/Zurich:
      exemplar_city: Сюрих
    Africa/Abidjan:
      exemplar_city: Абидҷон
    Pacific/Rarotonga:
      exemplar_city: Раротонга
    Pacific/Easter:
      exemplar_city: Истер
    America/Punta_Arenas:
      exemplar_city: Пунта Аренас
    America/Santiago:
      exemplar_city: Сантьяго
    Africa/Douala:
      exemplar_city: Дуала
    Asia/Urumqi:
      exemplar_city: Урумчи
    Asia/Shanghai:
      exemplar_city: Шанхай
    America/Bogota:
      exemplar_city: Богота
    America/Costa_Rica:
      exemplar_city: Коста Рика
    America/Havana:
      exemplar_city: Ҳавана
    Atlantic/Cape_Verde:
      exemplar_city: Кабо-Верде
    America/Curacao:
      exemplar_city: Кюрасао
    Indian/Christmas:
      exemplar_city: Кристмас
    Asia/Nicosia:
      exemplar_city: Никосия
    Asia/Famagusta:
      exemplar_city: Фамагуста
    Europe/Prague:
      exemplar_city: Прага
    Europe/Busingen:
      exemplar_city: Бусинген
    Europe/Berlin:
      exemplar_city: Берлин
    Africa/Djibouti:
      exemplar_city: Ҷибути
    Europe/Copenhagen:
      exemplar_city: Копенгаген
    America/Dominica:
      exemplar_city: Доминика
    America/Santo_Domingo:
      exemplar_city: Санто Доминго
    Africa/Algiers:
      exemplar_city: Алҷазоир
    Pacific/Galapagos:
      exemplar_city: Галапагос
    America/Guayaquil:
      exemplar_city: Гуаякил
    Europe/Tallinn:
      exemplar_city: Таллин
    Africa/Cairo:
      exemplar_city: Қоҳира
    Africa/El_Aaiun:
      exemplar_city: Эл Аиун
    Africa/Asmera:
      exemplar_city: Асмара
    Atlantic/Canary:
      exemplar_city: Канария
    Africa/Ceuta:
      exemplar_city: Сеута
    Europe/Madrid:
      exemplar_city: Мадрид
    Africa/Addis_Ababa:
      exemplar_city: Аддис-Абеба
    Europe/Helsinki:
      exemplar_city: Хелсинки
    Pacific/Fiji:
      exemplar_city: Фиҷи
    Atlantic/Stanley:
      exemplar_city: Стэнли
    Pacific/Truk:
      exemplar_city: Чук
    Pacific/Ponape:
      exemplar_city: Понпей
    Pacific/Kosrae:
      exemplar_city: Косрае
    Atlantic/Faeroe:
      exemplar_city: Фарер
    Europe/Paris:
      exemplar_city: Париж
    Africa/Libreville:
      exemplar_city: Либревиль
    Europe/London:
      exemplar_city: Лондон
      long:
        daylight: Вақти тобистонаи Британия
    America/Grenada:
      exemplar_city: Гренада
    Asia/Tbilisi:
      exemplar_city: Тбилиси
    America/Cayenne:
      exemplar_city: Кайен
    Europe/Guernsey:
      exemplar_city: Гернси
    Africa/Accra:
      exemplar_city: Аккра
    Europe/Gibraltar:
      exemplar_city: Гибралтар
    America/Thule:
      exemplar_city: Туле
    America/Godthab:
      exemplar_city: Нуук
    America/Scoresbysund:
      exemplar_city: Иттоккортоормиит
    America/Danmarkshavn:
      exemplar_city: Данмаркшавн
    Africa/Banjul:
      exemplar_city: Банҷул
    Africa/Conakry:
      exemplar_city: Конакри
    America/Guadeloupe:
      exemplar_city: Гваделупа
    Africa/Malabo:
      exemplar_city: Малабо
    Europe/Athens:
      exemplar_city: Афина
    Atlantic/South_Georgia:
      exemplar_city: Ҷорҷияи Ҷанубӣ
    America/Guatemala:
      exemplar_city: Гватемала
    Pacific/Guam:
      exemplar_city: Гуам
    Africa/Bissau:
      exemplar_city: Бисау
    America/Guyana:
      exemplar_city: Гайана
    Asia/Hong_Kong:
      exemplar_city: Ҳонконг
    America/Tegucigalpa:
      exemplar_city: Тегусигалпа
    Europe/Zagreb:
      exemplar_city: Загреб
    America/Port-au-Prince:
      exemplar_city: Порт-о-Пренс
    Europe/Budapest:
      exemplar_city: Будапешт
    Asia/Jakarta:
      exemplar_city: Ҷакарта
    Asia/Pontianak:
      exemplar_city: Понтианак
    Asia/Makassar:
      exemplar_city: Макасар
    Asia/Jayapura:
      exemplar_city: Ҷаяпура
    Europe/Dublin:
      exemplar_city: Дублин
      long:
        daylight: Вақти стандартии Ирландия
    Asia/Jerusalem:
      exemplar_city: Йерусалим
    Europe/Isle_of_Man:
      exemplar_city: Ҷазираи Ман
    Asia/Calcutta:
      exemplar_city: Колката
    Indian/Chagos:
      exemplar_city: Чагос
    Asia/Baghdad:
      exemplar_city: Багдод
    Asia/Tehran:
      exemplar_city: Теҳрон
    Atlantic/Reykjavik:
      exemplar_city: Рейкявик
    Europe/Rome:
      exemplar_city: Рим
    Europe/Jersey:
      exemplar_city: Ҷерси
    America/Jamaica:
      exemplar_city: Ямайка
    Asia/Amman:
      exemplar_city: Аммон
    Asia/Tokyo:
      exemplar_city: Токио
    Africa/Nairobi:
      exemplar_city: Найроби
    Asia/Bishkek:
      exemplar_city: Бишкек
    Asia/Phnom_Penh:
      exemplar_city: Пномпен
    Pacific/Kanton:
      exemplar_city: Кантон
    Pacific/Kiritimati:
      exemplar_city: Киритимати
    Pacific/Tarawa:
      exemplar_city: Тарава
    Indian/Comoro:
      exemplar_city: Коморо
    America/St_Kitts:
      exemplar_city: Сент Китс
    Asia/Pyongyang:
      exemplar_city: Пхенян
    Asia/Seoul:
      exemplar_city: Сеул
    Asia/Kuwait:
      exemplar_city: Кувайт
    America/Cayman:
      exemplar_city: Кайман
    Asia/Aqtau:
      exemplar_city: Актау
    Asia/Oral:
      exemplar_city: Орал
    Asia/Atyrau:
      exemplar_city: Атирау
    Asia/Aqtobe:
      exemplar_city: Актобе
    Asia/Qostanay:
      exemplar_city: Кустанай
    Asia/Qyzylorda:
      exemplar_city: Қизилорда
    Asia/Almaty:
      exemplar_city: Алмаато
    Asia/Vientiane:
      exemplar_city: Вьентян
    Asia/Beirut:
      exemplar_city: Бейрут
    America/St_Lucia:
      exemplar_city: Сент-Люсия
    Europe/Vaduz:
      exemplar_city: Вадуз
    Asia/Colombo:
      exemplar_city: Коломбо
    Africa/Monrovia:
      exemplar_city: Монровия
    Africa/Maseru:
      exemplar_city: Масеру
    Europe/Vilnius:
      exemplar_city: Вилнюс
    Europe/Luxembourg:
      exemplar_city: Люксембург
    Europe/Riga:
      exemplar_city: Рига
    Africa/Tripoli:
      exemplar_city: Триполи
    Africa/Casablanca:
      exemplar_city: Касабланка
    Europe/Monaco:
      exemplar_city: Монако
    Europe/Chisinau:
      exemplar_city: Кишинёв
    Europe/Podgorica:
      exemplar_city: Подгоритса
    America/Marigot:
      exemplar_city: Мариго
    Indian/Antananarivo:
      exemplar_city: Антананариву
    Pacific/Kwajalein:
      exemplar_city: Кважалейн
    Pacific/Majuro:
      exemplar_city: Мажуро
    Europe/Skopje:
      exemplar_city: Скопйе
    Africa/Bamako:
      exemplar_city: Бамако
    Asia/Rangoon:
      exemplar_city: Янгон
    Asia/Hovd:
      exemplar_city: Ховд
    Asia/Ulaanbaatar:
      exemplar_city: Улан-Батор
    Asia/Macau:
      exemplar_city: Макао
    Pacific/Saipan:
      exemplar_city: Сайпан
    America/Martinique:
      exemplar_city: Мартиника
    Africa/Nouakchott:
      exemplar_city: Нуакшот
    America/Montserrat:
      exemplar_city: Монсеррат
    Europe/Malta:
      exemplar_city: Малта
    Indian/Mauritius:
      exemplar_city: Маврикий
    Indian/Maldives:
      exemplar_city: Малдив
    Africa/Blantyre:
      exemplar_city: Блантайр
    America/Tijuana:
      exemplar_city: Тихуана
    America/Hermosillo:
      exemplar_city: Эрмосилло
    America/Ciudad_Juarez:
      exemplar_city: Сюдад Хуарес
    America/Mazatlan:
      exemplar_city: Мазатлан
    America/Chihuahua:
      exemplar_city: Чихуахуа
    America/Bahia_Banderas:
      exemplar_city: Бахия де Бандерас
    America/Ojinaga:
      exemplar_city: Ожинага
    America/Monterrey:
      exemplar_city: Монтеррей
    America/Mexico_City:
      exemplar_city: Мехико
    America/Matamoros:
      exemplar_city: Матаморос
    America/Merida:
      exemplar_city: Мерида
    America/Cancun:
      exemplar_city: Канкун
    Asia/Kuala_Lumpur:
      exemplar_city: Куала Лумпур
    Asia/Kuching:
      exemplar_city: Кучинг
    Africa/Maputo:
      exemplar_city: Мапуту
    Africa/Windhoek:
      exemplar_city: Виндхук
    Pacific/Noumea:
      exemplar_city: Нумеа
    Africa/Niamey:
      exemplar_city: Ниамей
    Pacific/Norfolk:
      exemplar_city: Норфолк
    Africa/Lagos:
      exemplar_city: Лагос
    America/Managua:
      exemplar_city: Манагуа
    Europe/Amsterdam:
      exemplar_city: Амстердам
    Europe/Oslo:
      exemplar_city: Осло
    Asia/Katmandu:
      exemplar_city: Катманду
    Pacific/Nauru:
      exemplar_city: Науру
    Pacific/Niue:
      exemplar_city: Ниуэ
    Pacific/Chatham:
      exemplar_city: Чатам
    Pacific/Auckland:
      exemplar_city: Окленд
    Asia/Muscat:
      exemplar_city: Маскат
    America/Panama:
      exemplar_city: Панама
    America/Lima:
      exemplar_city: Лима
    Pacific/Tahiti:
      exemplar_city: Таити
    Pacific/Marquesas:
      exemplar_city: Маркес
    Pacific/Gambier:
      exemplar_city: Гамбир
    Pacific/Port_Moresby:
      exemplar_city: Порт Морсби
    Pacific/Bougainville:
      exemplar_city: Бугенвилл
    Asia/Manila:
      exemplar_city: Манила
    Asia/Karachi:
      exemplar_city: Карачи
    Europe/Warsaw:
      exemplar_city: Варшава
    America/Miquelon:
      exemplar_city: Микелон
    Pacific/Pitcairn:
      exemplar_city: Питкэрн
    America/Puerto_Rico:
      exemplar_city: Пуэрто-Рико
    Asia/Gaza:
      exemplar_city: Ғазза
    Asia/Hebron:
      exemplar_city: Хеброн
    Atlantic/Azores:
      exemplar_city: Ҷазираҳои Азор
    Atlantic/Madeira:
      exemplar_city: Мадейра
    Europe/Lisbon:
      exemplar_city: Лиссабон
    Pacific/Palau:
      exemplar_city: Палау
    America/Asuncion:
      exemplar_city: Асунсион
    Asia/Qatar:
      exemplar_city: Қатар
    Indian/Reunion:
      exemplar_city: Реюнион
    Europe/Bucharest:
      exemplar_city: Бухарест
    Europe/Belgrade:
      exemplar_city: Белград
    Europe/Kaliningrad:
      exemplar_city: Калининград
    Europe/Moscow:
      exemplar_city: Москва
    Europe/Volgograd:
      exemplar_city: Волгоград
    Europe/Saratov:
      exemplar_city: Саратов
    Europe/Astrakhan:
      exemplar_city: Астрахань
    Europe/Ulyanovsk:
      exemplar_city: Уляновск
    Europe/Kirov:
      exemplar_city: Киров
    Europe/Samara:
      exemplar_city: Самара
    Asia/Yekaterinburg:
      exemplar_city: Екатеринбург
    Asia/Omsk:
      exemplar_city: Омск
    Asia/Novosibirsk:
      exemplar_city: Новосибирск
    Asia/Barnaul:
      exemplar_city: Барнаул
    Asia/Tomsk:
      exemplar_city: Томск
    Asia/Novokuznetsk:
      exemplar_city: Новокузнетск
    Asia/Krasnoyarsk:
      exemplar_city: Красноярск
    Asia/Irkutsk:
      exemplar_city: Иркутск
    Asia/Chita:
      exemplar_city: Чита
    Asia/Yakutsk:
      exemplar_city: Якутск
    Asia/Vladivostok:
      exemplar_city: Владивосток
    Asia/Khandyga:
      exemplar_city: Хандига
    Asia/Sakhalin:
      exemplar_city: Сахалин
    Asia/Ust-Nera:
      exemplar_city: Уст-Нера
    Asia/Magadan:
      exemplar_city: Магадан
    Asia/Srednekolymsk:
      exemplar_city: Среднеколимск
    Asia/Kamchatka:
      exemplar_city: Камчатка
    Asia/Anadyr:
      exemplar_city: Анадир
    Africa/Kigali:
      exemplar_city: Кигали
    Asia/Riyadh:
      exemplar_city: Риёз
    Pacific/Guadalcanal:
      exemplar_city: Гвадалканал
    Indian/Mahe:
      exemplar_city: Махе
    Africa/Khartoum:
      exemplar_city: Хартум
    Europe/Stockholm:
      exemplar_city: Стокголм
    Asia/Singapore:
      exemplar_city: Сингапур
    Atlantic/St_Helena:
      exemplar_city: Сент Елена
    Europe/Ljubljana:
      exemplar_city: Любляна
    Arctic/Longyearbyen:
      exemplar_city: Лонгйербён
    Europe/Bratislava:
      exemplar_city: Братислава
    Africa/Freetown:
      exemplar_city: Фритаун
    Europe/San_Marino:
      exemplar_city: Сан-Марино
    Africa/Dakar:
      exemplar_city: Дакар
    Africa/Mogadishu:
      exemplar_city: Могадишо
    America/Paramaribo:
      exemplar_city: Парамарибо
    Africa/Juba:
      exemplar_city: Ҷуба
    Africa/Sao_Tome:
      exemplar_city: Сан-Томе
    America/El_Salvador:
      exemplar_city: Сальвадор
    America/Lower_Princes:
      exemplar_city: Квартали Поёни Принс
    Asia/Damascus:
      exemplar_city: Димишқ
    Africa/Mbabane:
      exemplar_city: Мбабане
    America/Grand_Turk:
      exemplar_city: Гранд Терк
    Africa/Ndjamena:
      exemplar_city: Нҷамена
    Indian/Kerguelen:
      exemplar_city: Кергулен
    Africa/Lome:
      exemplar_city: Ломе
    Asia/Bangkok:
      exemplar_city: Бангкок
    Asia/Dushanbe:
      exemplar_city: Душанбе
    Pacific/Fakaofo:
      exemplar_city: Факаофо
    Asia/Dili:
      exemplar_city: Дили
    Asia/Ashgabat:
      exemplar_city: Ашхобод
    Africa/Tunis:
      exemplar_city: Тунис
    Pacific/Tongatapu:
      exemplar_city: Тонгатапу
    Europe/Istanbul:
      exemplar_city: Истанбул
    America/Port_of_Spain:
      exemplar_city: Порти Испания
    Pacific/Funafuti:
      exemplar_city: Фунафути
    Asia/Taipei:
      exemplar_city: Тайбэй
    Africa/Dar_es_Salaam:
      exemplar_city: Доруссалом
    Europe/Kiev:
      exemplar_city: Киев
    Europe/Simferopol:
      exemplar_city: Симферопол
    Africa/Kampala:
      exemplar_city: Кампала
    Pacific/Midway:
      exemplar_city: Мидвей
    Pacific/Wake:
      exemplar_city: Вейк
    America/Adak:
      exemplar_city: Адак
    America/Nome:
      exemplar_city: Ном
    America/Anchorage:
      exemplar_city: Анкорич
    America/Yakutat:
      exemplar_city: Якутат
    America/Sitka:
      exemplar_city: Ситка
    America/Juneau:
      exemplar_city: Ҷуно
    America/Metlakatla:
      exemplar_city: Метлакатла
    America/Los_Angeles:
      exemplar_city: Лос-Анҷелес
    America/Boise:
      exemplar_city: Бойз
    America/Phoenix:
      exemplar_city: Финикс
    America/Denver:
      exemplar_city: Денвер
    America/North_Dakota/Beulah:
      exemplar_city: Бейла, Дакотаи Шимолӣ
    America/North_Dakota/New_Salem:
      exemplar_city: Ню Салем, Дакотаи Шимолӣ
    America/North_Dakota/Center:
      exemplar_city: Сентр, Дакотаи Шимолӣ
    America/Chicago:
      exemplar_city: Чикаго
    America/Menominee:
      exemplar_city: Меномин
    America/Indiana/Vincennes:
      exemplar_city: Винсенс, Индиана
    America/Indiana/Petersburg:
      exemplar_city: Петербург, Индиана
    America/Indiana/Tell_City:
      exemplar_city: Тел Сити, Индиана
    America/Indiana/Knox:
      exemplar_city: Нокс, Индиана
    America/Indiana/Winamac:
      exemplar_city: Винамак, Индиана
    America/Indiana/Marengo:
      exemplar_city: Маренго, Индиана
    America/Indianapolis:
      exemplar_city: Индианаполис
    America/Louisville:
      exemplar_city: Луисвилл
    America/Indiana/Vevay:
      exemplar_city: Вевай, Индиана
    America/Kentucky/Monticello:
      exemplar_city: Монтичелло, Кентукки
    America/Detroit:
      exemplar_city: Детройт
    America/New_York:
      exemplar_city: Ню-Йорк
    America/Montevideo:
      exemplar_city: Монтевидео
    Asia/Samarkand:
      exemplar_city: Самарқанд
    Asia/Tashkent:
      exemplar_city: Тошкент
    Europe/Vatican:
      exemplar_city: Ватикан
    America/St_Vincent:
      exemplar_city: Сент Винсент
    America/Caracas:
      exemplar_city: Каракас
    America/Tortola:
      exemplar_city: Тортола
    America/St_Thomas:
      exemplar_city: Сент Томас
    Asia/Saigon:
      exemplar_city: Хо Ши Мин
    Pacific/Efate:
      exemplar_city: Эфате
    Pacific/Wallis:
      exemplar_city: Уоллис
    Pacific/Apia:
      exemplar_city: Апиа
    Asia/Aden:
      exemplar_city: Адан
    Indian/Mayotte:
      exemplar_city: Майотта
    Africa/Johannesburg:
      exemplar_city: Йоханнесбург
    Africa/Lusaka:
      exemplar_city: Лусака
    Africa/Harare:
      exemplar_city: Хараре
  metazones:
    Afghanistan:
      long:
        standard: Вақти Афғонистон
    Africa_Central:
      long:
        standard: Вақти Африқои Марказӣ
    Africa_Eastern:
      long:
        standard: Вақти Африқои Шарқӣ
    Africa_Southern:
      long:
        standard: Вақти стандартии Африқои Ҷанубӣ
    Africa_Western:
      long:
        generic: Вақти Африқои Ғарбӣ
        standard: Вақти стандартии Африқои Ғарбӣ
        daylight: Вақти тобистонаи Африқои Ғарбӣ
    Alaska:
      long:
        generic: Вақти Аляска
        standard: Вақти стандартии Аляска
        daylight: Вақти рӯзонаи Аляска
    Amazon:
      long:
        generic: Вақти Амазон
        standard: Вақти стандартии Амазон
        daylight: Вақти тобистонаи Амазон
    America_Central:
      long:
        generic: Вақти марказӣ
        standard: Вақти стандартии марказӣ
        daylight: Вақти рӯзонаи марказӣ
    America_Eastern:
      long:
        generic: Вақти шарқӣ
        standard: Вақти стандартии шарқӣ
        daylight: Вақти рӯзонаи шарқӣ
    America_Mountain:
      long:
        generic: Вақти кӯҳӣ
        standard: Вақти стандартии кӯҳӣ
        daylight: Вақти рӯзонаи кӯҳӣ
    America_Pacific:
      long:
        generic: Вақти Уқёнуси Ором
        standard: Вақти стандартии Уқёнуси Ором
        daylight: Вақти рӯзонаи Уқёнуси Ором
    Apia:
      long:
        generic: Вақти Апиа
        standard: Вақти стандартии Апиа
        daylight: Вақти рӯзонаи Апиа
    Arabian:
      long:
        generic: Вақти Арабистон
        standard: Вақти стандартии Арабистон
        daylight: Вақти рӯзонаи Арабистон
    Argentina:
      long:
        generic: Вақти Аргентина
        standard: Вақти стандартии Аргентина
        daylight: Вақти тобистонаи Аргентина
    Argentina_Western:
      long:
        generic: Вақти Аргентинаи Ғарбӣ
        standard: Вақти стандартии Аргентинаи Ғарбӣ
        daylight: Вақти тобистонаи Аргентинаи Ғарбӣ
    Armenia:
      long:
        generic: Вақти Арманистон
        standard: Вақти стандартии Арманистон
        daylight: Вақти рӯзонаи Арманистон
    Atlantic:
      long:
        generic: Вақти атлантикӣ
        standard: Вақти стандартии атлантикӣ
        daylight: Вақти рӯзонаи атлантикӣ
    Australia_Central:
      long:
        generic: Вақти Австралияи Марказӣ
        standard: Вақти стандартии Австралияи Марказӣ
        daylight: Вақти рӯонаи Австралияи Марказӣ
    Australia_CentralWestern:
      long:
        generic: Вақти Ғарбии Марказии Австралия
        standard: Вақти стандартии Ғарбии Австралия Марказӣ
        daylight: Вақти рӯзонаи Ғарбии Австралия Марказӣ
    Australia_Eastern:
      long:
        generic: Вақти Австралияи Шарқӣ
        standard: Вақти стандартии шарқии Австралия
        daylight: Вақти рӯзонаи шарқии Австралия
    Australia_Western:
      long:
        generic: Вақти Австралияи Ғарбӣ
        standard: Вақти стандартии Австралияи Ғарбӣ
        daylight: Вақти рӯзонаи Австралияи Ғарбӣ
    Azerbaijan:
      long:
        generic: Вақти Озарбойҷон
        standard: Вақти стандартии Озарбойҷон
        daylight: Вақти тобистонаи Озарбойҷон
    Azores:
      long:
        generic: Вақти Азор
        standard: Вақти стандартии Азор
        daylight: Вақти тобистонаи Азор
    Bangladesh:
      long:
        generic: Вақти Бангладеш
        standard: Вақти стандартии Бангладеш
        daylight: Вақти тобистонаи Бангладеш
    Bhutan:
      long:
        standard: Вақти Бутан
    Bolivia:
      long:
        standard: Вақти Боливия
    Brasilia:
      long:
        generic: Вақти Бразилия
        standard: Вақти стандартии Бразилия
        daylight: Вақти тобистонаи Бразилия
    Brunei:
      long:
        standard: Вақти Бруней Доруссалом
    Cape_Verde:
      long:
        generic: Вақти Кабо Верде
        standard: Вақти стандартии Кабо-Верде
        daylight: Вақти тобистонаи Кабо-Верде
    Chamorro:
      long:
        standard: Вақти стандартии Чаморро
    Chatham:
      long:
        generic: Вақти Чатам
        standard: Вақти стандартии Чатам
        daylight: Вақти рӯзонаи Чатам
    Chile:
      long:
        generic: Вақти Чили
        standard: Вақти стандартии Чили
        daylight: Вақти тобистонаи Чили
    China:
      long:
        generic: Вақти Чин
        standard: Вақти стандартии Чин
        daylight: Вақти рӯзонаи Чин
    Christmas:
      long:
        standard: Вақти ҷазираи Мавлуди Исо
    Cocos:
      long:
        standard: Вақти Ҷазираҳои Кокос
    Colombia:
      long:
        generic: Вақти Колумбия
        standard: Вақти стандартии Колумбия
        daylight: Вақти тобистонаи Колумбия
    Cook:
      long:
        generic: Вақти ҷазираҳои Кук
        standard: Вақти стандартии Ҷазираҳои Кук
        daylight: Вақти нимаи тобистонаи Ҷазираҳои Кук
    Cuba:
      long:
        generic: Вақти Куба
        standard: Вақти стандартии Куба
        daylight: Вақти рӯзонаи Куба
    Davis:
      long:
        standard: Вақти Давис
    DumontDUrville:
      long:
        standard: Вақти Дюмон-д’Урвил
    East_Timor:
      long:
        standard: Вақти Тимори Шарқӣ
    Easter:
      long:
        generic: Вақти ҷазираи Пасха
        standard: Вақти стандартии ҷазираи Пасха
        daylight: Вақти тобистонаи ҷазираи Пасха
    Ecuador:
      long:
        standard: Вақти Эквадор
    Europe_Central:
      long:
        generic: Вақти Аврупоии Марказӣ
        standard: Вақти стандартии аврупоии марказӣ
        daylight: Вақти тобистонаи аврупоии марказӣ
    Europe_Eastern:
      long:
        generic: Вақти аврупоии шарқӣ
        standard: Вақти стандартии аврупоии шарқӣ
        daylight: Вақти тобистонаи аврупоии шарқӣ
    Europe_Further_Eastern:
      long:
        standard: Вақти Аврупои Шарқӣ
    Europe_Western:
      long:
        generic: Вақти аврупоии ғарбӣ
        standard: Вақти стандартии аврупоии ғарбӣ
        daylight: Вақти тобистонаи аврупоии ғарбӣ
    Falkland:
      long:
        generic: Вақти Ҷазираҳои Фолкленд
        standard: Вақти стандартии Ҷазираҳои Фолкленд
        daylight: Вақти тобистонаи Ҷазираҳои Фолкленд
    Fiji:
      long:
        generic: Вақти Фиҷи
        standard: Вақти стандартии Фиҷи
        daylight: Вақти тобистонаи Фиҷи
    French_Guiana:
      long:
        standard: Вақти Гвианаи Фаронса
    French_Southern:
      long:
        standard: Вақти ҷанубӣ ва Антарктидаи Фаронса
    Galapagos:
      long:
        standard: Вақти Галапагос
    Gambier:
      long:
        standard: Вақти Гамбир
    Georgia:
      long:
        generic: Вақти Гурҷистон
        standard: Вақти стандартии Гурҷистон
        daylight: Вақти тобистонаи Гурҷистон
    Gilbert_Islands:
      long:
        standard: Вақти Ҷазираҳои Гилберт
    GMT:
      long:
        standard: Вақти миёнаи Гринвич
    Greenland_Eastern:
      long:
        generic: Вақти Гренландияи Шарқӣ
        standard: Вақти стандартии Гренландияи Шарқӣ
        daylight: Вақти тобистонаи Гренландияи Шарқӣ
    Greenland_Western:
      long:
        generic: Вақти Гренландияи Ғарбӣ
        standard: Вақти стандартии Гренландияи Ғарбӣ
        daylight: Вақти тобистонаи Гренландияи Ғарбӣ
    Gulf:
      long:
        standard: Вақти стандартии Халиҷи Форс
    Guyana:
      long:
        standard: Вақти Гайана
    Hawaii_Aleutian:
      long:
        generic: Вақти Ҳавайӣ-Алеутӣ
        standard: Вақти стандартии Ҳавайӣ-Алеутӣ
        daylight: Вақти рӯзонаи Ҳавайӣ-Алеутӣ
    Hong_Kong:
      long:
        generic: Вақти Ҳонконг
        standard: Вақти стандартии Ҳонконг
        daylight: Вақти тобистонаи Ҳонконг
    Hovd:
      long:
        generic: Вақти Ховд
        standard: Вақти стандартии Ҳовд
        daylight: Вақти тобистонаи Ховд
    India:
      long:
        standard: Вақти стандартии Ҳиндустон
    Indian_Ocean:
      long:
        standard: Вақти уқёнуси Ҳинд
    Indochina:
      long:
        standard: Вақти Ҳиндучин
    Indonesia_Central:
      long:
        standard: Вақти Индонезияи Марказӣ
    Indonesia_Eastern:
      long:
        standard: Вақти шарқии Индонезия
    Indonesia_Western:
      long:
        standard: Вақти Индонезияи Ғарбӣ
    Iran:
      long:
        generic: Вақти Эрон
        standard: Вақти стандартии Эрон
        daylight: Вақти рӯзонаи Эрон
    Irkutsk:
      long:
        generic: Вақти Иркутск
        standard: Вақти стандартии Иркутск
        daylight: Вақти тобистонаи Иркутск
    Israel:
      long:
        generic: Вақти Исроил
        standard: Вақти стандартии Исроил
        daylight: Вақти рӯзонаи Исроил
    Japan:
      long:
        generic: Вақти Ҷопон
        standard: Вақти стандартии Ҷопон
        daylight: Вақти равшании Ҷопон
    Kazakhstan:
      long:
        standard: Вақти Қазоқистон
    Kazakhstan_Eastern:
      long:
        standard: Вақти Қазоқистони Шарқӣ
    Kazakhstan_Western:
      long:
        standard: Вақти Қазоқистони Ғарбӣ
    Korea:
      long:
        generic: Вақти Корея
        standard: Вақти стандартии Корея
        daylight: Вақти рӯзонаи Корея
    Kosrae:
      long:
        standard: Вақти Косрае
    Krasnoyarsk:
      long:
        generic: Вақти Красноярск
        standard: Вақти стандартии Красноярск
        daylight: Вақти тобистонаи Красноярск
    Kyrgystan:
      long:
        standard: Вақти Қирғизистон
    Line_Islands:
      long:
        standard: Вақти Ҷазираҳои Лин
    Lord_Howe:
      long:
        generic: Лорд Хоу Time
        standard: Вақти стандартии Лорд Хоу
        daylight: Вақти рӯзонаи Лорд Хоу
    Magadan:
      long:
        generic: Вақти Магадан
        standard: Вақти стандартии Магадан
        daylight: Вақти тобистонаи Магадан
    Malaysia:
      long:
        standard: Вақти Малайзия
    Maldives:
      long:
        standard: Вақти Малдив
    Marquesas:
      long:
        standard: Вақти Маркес
    Marshall_Islands:
      long:
        standard: Вақти Ҷазираҳои Маршалл
    Mauritius:
      long:
        generic: Вақти Маврикий
        standard: Вақти стандартии Маврикий
        daylight: Вақти тобистонаи Маврикий
    Mawson:
      long:
        standard: Вақти Мавсон
    Mexico_Pacific:
      long:
        generic: Вақти Уқёнуси Ором Мексика
        standard: Вақти стандартии Уқёнуси Ором Мексика
        daylight: Вақти рӯзонаи Уқёнуси Ором Мексика
    Mongolia:
      long:
        generic: Вақти Улан-Батор
        standard: Вақти стандартии Улан-Батор
        daylight: Вақти тобистонаи Улан-Батор
    Moscow:
      long:
        generic: Вақти Москва
        standard: Вақти стандартии Маскав
        daylight: Вақти тобистонаи Маскав
    Myanmar:
      long:
        standard: Вақти Мянма
    Nauru:
      long:
        standard: Вақти Науру
    Nepal:
      long:
        standard: Вақти Непал
    New_Caledonia:
      long:
        generic: Вақти Каледонияи Нав
        standard: Вақти стандартии Каледонияи Нав
        daylight: Вақти тобистонаи Каледонияи Нав
    New_Zealand:
      long:
        generic: Вақти Зеландияи Нав
        standard: Вақти стандартии Зеландияи Нав
        daylight: Вақти рӯзонаи Зеландияи Нав
    Newfoundland:
      long:
        generic: Вақти Нюфаундленд
        standard: Вақти стандартии Нюфаундленд
        daylight: Вақти рӯзонаи Нюфаундленд
    Niue:
      long:
        standard: Вақти Ниуэ
    Norfolk:
      long:
        generic: Вақти ҷазираи Норфолк
        standard: Вақти стандартии ҷазираи Норфолк
        daylight: Вақти рӯзонаи ҷазираи Норфолк
    Noronha:
      long:
        generic: Вақти Фернандо де Норонха
        standard: Вақти стандартии Фернандо де Норонха
        daylight: Вақти тобистонаи Фернандо де Норонха
    Novosibirsk:
      long:
        generic: Вақти Новосибирск
        standard: Вақти стандартии Новосибирск
        daylight: Вақти тобистонаи Новосибирск
    Omsk:
      long:
        generic: Вақти Омск
        standard: Омск вақти стандартӣ
        daylight: Вақти тобистонаи Омск
    Pakistan:
      long:
        generic: Вақти Покистон
        standard: Вақти стандартии Покистон
        daylight: Вақти тобистонаи Покистон
    Palau:
      long:
        standard: Вақти Палау
    Papua_New_Guinea:
      long:
        standard: Вақти Папуа Гвинеяи Нав
    Paraguay:
      long:
        generic: Вақти Парагвай
        standard: Вақти стандартии Парагвай
        daylight: Вақти тобистонаи Парагвай
    Peru:
      long:
        generic: Вақти Перу
        standard: Вақти стандартии Перу
        daylight: Вақти тобистонаи Перу
    Philippines:
      long:
        generic: Вақти Филиппин
        standard: Вақти стандартии Филиппин
        daylight: Вақти тобистонаи Филиппин
    Phoenix_Islands:
      long:
        standard: Вақти Ҷазираҳои Финикс
    Pierre_Miquelon:
      long:
        generic: Вақти Сент-Пиер ва Микелон
        standard: Вақти стандартии Сент-Пиер ва Микелон
        daylight: Вақти рӯзонаи Сент-Пиер ва Микелон
    Pitcairn:
      long:
        standard: Вақти Питкэрн
    Ponape:
      long:
        standard: Ponape Time
    Pyongyang:
      long:
        standard: Вақти Пхенян
    Reunion:
      long:
        standard: Вақти Реюнион
    Rothera:
      long:
        standard: Вақти Ротера
    Sakhalin:
      long:
        generic: Вақти Сахалин
        standard: Вақти стандартии Сахалин
        daylight: Вақти тобистонаи Сахалин
    Samoa:
      long:
        generic: Вақти Самоа
        standard: Вақти стандартии Самоа
        daylight: Вақти рӯзонаи Самоа
    Seychelles:
      long:
        standard: Вақти Сейшел
    Singapore:
      long:
        standard: Вақти стандартии Сингапур
    Solomon:
      long:
        standard: Вақти Ҷазираҳои Соломон
    South_Georgia:
      long:
        standard: Вақти Ҷорҷияи Ҷанубӣ
    Suriname:
      long:
        standard: Вақти Суринам
    Syowa:
      long:
        standard: Вақти Сёва
    Tahiti:
      long:
        standard: Вақти Таити
    Taipei:
      long:
        generic: Вақти Тайбэй
        standard: Вақти стандартии Тайбэй
        daylight: Вақти рӯзонаи Тайбэй
    Tajikistan:
      long:
        standard: Вақти Тоҷикистон
    Tokelau:
      long:
        standard: Вақти Токелау
    Tonga:
      long:
        generic: Вақти Тонга
        standard: Вақти стандартии Тонга
        daylight: Вақти тобистонаи Тонга
    Truk:
      long:
        standard: Вақти Чук
    Turkmenistan:
      long:
        generic: Вақти Туркманистон
        standard: Вақти стандартии Туркманистон
        daylight: Вақти тобистонаи Туркманистон
    Tuvalu:
      long:
        standard: Вақти Тувалу
    Uruguay:
      long:
        generic: Вақти Уругвай
        standard: Вақти стандартии Уругвай
        daylight: Вақти тобистонаи Уругвай
    Uzbekistan:
      long:
        generic: Вақти Ӯзбекистон
        standard: Вақти стандартии Ӯзбекистон
        daylight: Вақти тобистонаи Ӯзбекистон
    Vanuatu:
      long:
        generic: Вақти Вануату
        standard: Вақти стандартии Вануату
        daylight: Вақти тобистонаи Вануату
    Venezuela:
      long:
        standard: Вақти Венесуэла
    Vladivostok:
      long:
        generic: Вақти Владивосток
        standard: Вақти стандартии Владивосток
        daylight: Вақти тобистонаи Владивосток
    Volgograd:
      long:
        generic: Вақти Волгоград
        standard: Вақти стандартии Волгоград
        daylight: Вақти тобистонаи Волгоград
    Vostok:
      long:
        standard: Вақти Восток
    Wake:
      long:
        standard: Вақти бедории ҷазира
    Wallis:
      long:
        standard: Вақти Уоллис ва Футуна
    Yakutsk:
      long:
        generic: Вақти Якутск
        standard: Якутск вақти стандартӣ
        daylight: Якутск вақти тобистона
    Yekaterinburg:
      long:
        generic: Вақти Екатеринбург
        standard: Вақти стандартии Екатеринбург
        daylight: Вақти тобистонаи Екатеринбург
    Yukon:
      long:
        standard: Вақти Юкон
