---
locale: vec
generated_at: '2025-09-15T06:26:55Z'
cldr_version: '46'
timezone_names:
  formats:
    gmt_format: UTC{0}
    region_format: Ora {0}
    region_format_daylight: Ora d’istà {0}
    region_format_standard: Ora normale {0}
  zones:
    Etc/UTC:
      long:
        standard: Ora universale coordenada
    Etc/Unknown:
      exemplar_city: Sità desconosùa
    Europe/Andorra:
      exemplar_city: Andora
    Asia/Dubai:
      exemplar_city: Dubài
    America/Anguilla:
      exemplar_city: Anguila
    Europe/Tirane:
      exemplar_city: Tirana
    Asia/Yerevan:
      exemplar_city: Jèrevan
    America/Argentina/Rio_Gallegos:
      exemplar_city: Rio Gàlegos
    America/Cordoba:
      exemplar_city: Còrdoba
    Pacific/Pago_Pago:
      exemplar_city: Pango Pango
    Europe/Vienna:
      exemplar_city: Viena
    Australia/Adelaide:
      exemplar_city: Adelàide
    Australia/Brisbane:
      exemplar_city: Brizbane
    Antarctica/Macquarie:
      exemplar_city: Ìzola Macquarie
    Australia/Lord_Howe:
      exemplar_city: Ìzola Lord Howe
    Asia/Dhaka:
      exemplar_city: Daca
    Europe/Brussels:
      exemplar_city: Brusel
    Africa/Ouagadougou:
      exemplar_city: Uagadugù
    Asia/Bahrain:
      exemplar_city: Barein
    Africa/Bujumbura:
      exemplar_city: Bujunbura
    Africa/Porto-Novo:
      exemplar_city: Porto Novo
    America/St_Barthelemy:
      exemplar_city: S. Bartolomèo
    Asia/Brunei:
      exemplar_city: Brunéi
    America/Eirunepe:
      exemplar_city: Eirunepé
    America/Cuiaba:
      exemplar_city: Cuiabà
    America/Campo_Grande:
      exemplar_city: Canpo Grande
    America/Sao_Paulo:
      exemplar_city: San Polo
    America/Maceio:
      exemplar_city: Maceió
    America/Noronha:
      exemplar_city: Fernando de Noronha
    Asia/Thimphu:
      exemplar_city: Tinpu
    America/St_Johns:
      exemplar_city: S. Joani
    Indian/Cocos:
      exemplar_city: Ìzole Cocos
    Africa/Lubumbashi:
      exemplar_city: Lubunbashi
    Africa/Bangui:
      exemplar_city: Banghì
    Europe/Zurich:
      exemplar_city: Zurigo
    Africa/Abidjan:
      exemplar_city: Abijan
    Pacific/Rarotonga:
      exemplar_city: Ìzola Rarotonga
    Pacific/Easter:
      exemplar_city: Ìzola de Pascua
    Africa/Douala:
      exemplar_city: Duala
    Asia/Urumqi:
      exemplar_city: Urumchi
    Asia/Shanghai:
      exemplar_city: Shanghài
    America/Bogota:
      exemplar_city: Bogotà
    America/Havana:
      exemplar_city: L’Avana
    Atlantic/Cape_Verde:
      exemplar_city: Cao Verdo
    Indian/Christmas:
      exemplar_city: Ìzola de Nadale
    Asia/Famagusta:
      exemplar_city: Famagosta
    Europe/Prague:
      exemplar_city: Praga
    Europe/Busingen:
      exemplar_city: Büsingen
    Africa/Djibouti:
      exemplar_city: Jibuti
    Europe/Copenhagen:
      exemplar_city: Copenaghen
    America/Dominica:
      exemplar_city: Doménega
    Africa/Algiers:
      exemplar_city: Aljeri
    Pacific/Galapagos:
      exemplar_city: Galàpagos
    Europe/Tallinn:
      exemplar_city: Talin
    Africa/Cairo:
      exemplar_city: El Cairo
    Africa/El_Aaiun:
      exemplar_city: El Ajun
    Africa/Asmera:
      exemplar_city: Azmara
    Atlantic/Canary:
      exemplar_city: Ìzole Canarie
    Africa/Ceuta:
      exemplar_city: Cèuta
    Africa/Addis_Ababa:
      exemplar_city: Adis Abeba
    Pacific/Truk:
      exemplar_city: Ìzole Chuuk
    Pacific/Ponape:
      exemplar_city: Ìzola Ponpèi
    Pacific/Kosrae:
      exemplar_city: Ìzola Kosrae
    Atlantic/Faeroe:
      exemplar_city: Ìzole Fàroe
    Europe/Paris:
      exemplar_city: Pariji
    Europe/London:
      exemplar_city: Londra
      long:
        daylight: Ora d’istà britànega
    America/Grenada:
      exemplar_city: Granada
    Asia/Tbilisi:
      exemplar_city: Tiblisi
    America/Cayenne:
      exemplar_city: Cayena
    Africa/Accra:
      exemplar_city: Acra
    Europe/Gibraltar:
      exemplar_city: Jibiltera
    Africa/Conakry:
      exemplar_city: Conacri
    America/Guadeloupe:
      exemplar_city: Guadalupa
    Europe/Athens:
      exemplar_city: Atene
    Atlantic/South_Georgia:
      exemplar_city: Georgia de’l sud
    Africa/Bissau:
      exemplar_city: Bisào
    America/Port-au-Prince:
      exemplar_city: Porto Prìnsipe
    Asia/Makassar:
      exemplar_city: Makasar
    Europe/Dublin:
      long:
        daylight: Ora d’istà irlandeze
    Asia/Jerusalem:
      exemplar_city: Jeruzaleme
    Europe/Isle_of_Man:
      exemplar_city: Ìzola de Man
    Asia/Calcutta:
      exemplar_city: Calcuta
    Indian/Chagos:
      exemplar_city: Ciagos
    Asia/Baghdad:
      exemplar_city: Bagdad
    Asia/Tehran:
      exemplar_city: Teheran
    Atlantic/Reykjavik:
      exemplar_city: Rekiavik
    Europe/Rome:
      exemplar_city: Roma
    America/Jamaica:
      exemplar_city: Jamàega
    Asia/Amman:
      exemplar_city: Aman
    Asia/Bishkek:
      exemplar_city: Biskek
    Asia/Phnom_Penh:
      exemplar_city: Pnom Pen
    Pacific/Kanton:
      exemplar_city: Atolo Canton
    Pacific/Kiritimati:
      exemplar_city: Atolo Kiritimati
    Pacific/Tarawa:
      exemplar_city: Atollo Tarawa
    Indian/Comoro:
      exemplar_city: Ìzole Comore
    America/St_Kitts:
      exemplar_city: S. Cristofer
    Asia/Seoul:
      exemplar_city: Seul
    America/Cayman:
      exemplar_city: Caiman
    Asia/Aqtau:
      exemplar_city: Aktàu
    Asia/Oral:
      exemplar_city: Oural
    Asia/Atyrau:
      exemplar_city: Atyràu
    Asia/Aqtobe:
      exemplar_city: Aktobe
    Asia/Qostanay:
      exemplar_city: Kostanài
    Asia/Qyzylorda:
      exemplar_city: Kizilorda
    Asia/Almaty:
      exemplar_city: Almati
    Asia/Vientiane:
      exemplar_city: Vientian
    America/St_Lucia:
      exemplar_city: S. Lusìa
    Asia/Colombo:
      exemplar_city: Colonbo
    Africa/Maseru:
      exemplar_city: Mazeru
    Europe/Luxembourg:
      exemplar_city: Lusenburgo
    Africa/Tripoli:
      exemplar_city: Trìpoli
    Africa/Casablanca:
      exemplar_city: Cazablanca
    Europe/Monaco:
      exemplar_city: Mònaco
    Europe/Podgorica:
      exemplar_city: Podgorisa
    Pacific/Kwajalein:
      exemplar_city: Atolo Kwajalein
    Asia/Ulaanbaatar:
      exemplar_city: Ulan Bàtor
    Asia/Macau:
      exemplar_city: Macào
    Pacific/Saipan:
      exemplar_city: Ìzola Saipàn
    America/Martinique:
      exemplar_city: Martiniga
    Africa/Nouakchott:
      exemplar_city: Nuakchot
    America/Montserrat:
      exemplar_city: Montserat
    Indian/Mauritius:
      exemplar_city: Ìzole Maurisio
    Indian/Maldives:
      exemplar_city: Ìzole Maldive
    America/Ciudad_Juarez:
      exemplar_city: Juárez
    America/Bahia_Banderas:
      exemplar_city: Baia de Banderas
    America/Monterrey:
      exemplar_city: Monterey
    America/Mexico_City:
      exemplar_city: Sità de’l Mèsego
    America/Cancun:
      exemplar_city: Cancun
    Asia/Kuala_Lumpur:
      exemplar_city: Kuala Lunpur
    Pacific/Noumea:
      exemplar_city: Nouméa
    Pacific/Norfolk:
      exemplar_city: Ìzola Norfolk
    Europe/Amsterdam:
      exemplar_city: Àmsterdam
    Europe/Oslo:
      exemplar_city: Ozlo
    Asia/Katmandu:
      exemplar_city: Katmandù
    Pacific/Nauru:
      exemplar_city: Ìzola Nauru
    Pacific/Niue:
      exemplar_city: Ìzola Niue
    Pacific/Chatham:
      exemplar_city: Ìzole Ciatem
    Asia/Muscat:
      exemplar_city: Mascate
    America/Panama:
      exemplar_city: Pànama
    Pacific/Tahiti:
      exemplar_city: Ìzola Taiti
    Pacific/Marquesas:
      exemplar_city: Ìzole Marchezi
    Pacific/Gambier:
      exemplar_city: Ìzole Gambier
    Pacific/Port_Moresby:
      exemplar_city: Porto Moresby
    Pacific/Bougainville:
      exemplar_city: Ìzola Bougainville
    Europe/Warsaw:
      exemplar_city: Varsavia
    America/Miquelon:
      exemplar_city: Michelon
    Pacific/Pitcairn:
      exemplar_city: Ìzola Pitcairn
    America/Puerto_Rico:
      exemplar_city: Portorico
    Atlantic/Azores:
      exemplar_city: Ìzole Azore
    Atlantic/Madeira:
      exemplar_city: Ìzola Madèira
    Europe/Lisbon:
      exemplar_city: Lizbona
    Pacific/Palau:
      exemplar_city: Palàu
    America/Asuncion:
      exemplar_city: Asunsion
    Asia/Qatar:
      exemplar_city: Catar
    Indian/Reunion:
      exemplar_city: Ìzola Reunion
    Europe/Bucharest:
      exemplar_city: Bucarest
    Europe/Belgrade:
      exemplar_city: Belgrado
    Europe/Kaliningrad:
      exemplar_city: Kaliningrado
    Europe/Moscow:
      exemplar_city: Mosca
    Europe/Volgograd:
      exemplar_city: Volgogrado
    Europe/Astrakhan:
      exemplar_city: Astrahan
    Europe/Ulyanovsk:
      exemplar_city: Uliànosk
    Asia/Yekaterinburg:
      exemplar_city: Yekaterinburgo
    Asia/Novokuznetsk:
      exemplar_city: Novokuznietsk
    Asia/Krasnoyarsk:
      exemplar_city: Kraznayarsk
    Asia/Chita:
      exemplar_city: Cita
    Asia/Khandyga:
      exemplar_city: Hàndiga
    Asia/Sakhalin:
      exemplar_city: Sacalin
    Asia/Ust-Nera:
      exemplar_city: Ust-Gnera
    Asia/Srednekolymsk:
      exemplar_city: Zrédnekolimsk
    Asia/Kamchatka:
      exemplar_city: Kamciatka
    Asia/Anadyr:
      exemplar_city: Anàdyr
    Asia/Riyadh:
      exemplar_city: Riad
    Pacific/Guadalcanal:
      exemplar_city: Ìzola Guadalcanal
    Indian/Mahe:
      exemplar_city: Mahé
    Africa/Khartoum:
      exemplar_city: Cartum
    Europe/Stockholm:
      exemplar_city: Stocolma
    Atlantic/St_Helena:
      exemplar_city: Ìzola S. Elena
    Europe/Ljubljana:
      exemplar_city: Lubliana
    Europe/Bratislava:
      exemplar_city: Bratizlava
    Europe/San_Marino:
      exemplar_city: San Marin
    Africa/Mogadishu:
      exemplar_city: Mogadiso
    Africa/Sao_Tome:
      exemplar_city: Ìzola S. Tomazo
    Asia/Damascus:
      exemplar_city: Damasco
    Africa/Mbabane:
      exemplar_city: Nbabane
    Africa/Ndjamena:
      exemplar_city: Jamena
    Africa/Lome:
      exemplar_city: Lomé
    Asia/Dushanbe:
      exemplar_city: Dusanbé
    Pacific/Fakaofo:
      exemplar_city: Atolo Fakaofo
    Asia/Ashgabat:
      exemplar_city: Azgabad
    Africa/Tunis:
      exemplar_city: Tùnezi
    Pacific/Tongatapu:
      exemplar_city: Ìzola Tongatapu
    Europe/Istanbul:
      exemplar_city: Ìstanbul
    America/Port_of_Spain:
      exemplar_city: Porto de Spagna
    Pacific/Funafuti:
      exemplar_city: Atolo Funafuti
    Asia/Taipei:
      exemplar_city: Taipéi
    Africa/Dar_es_Salaam:
      exemplar_city: Dar es Salam
    Europe/Kiev:
      exemplar_city: Kiev
    Europe/Simferopol:
      exemplar_city: Sinferòpoli
    Africa/Kampala:
      exemplar_city: Kanpala
    Pacific/Midway:
      exemplar_city: Atolo Midway
    Pacific/Wake:
      exemplar_city: Atolo Wake
    America/Los_Angeles:
      exemplar_city: Los Àngeles
    America/Denver:
      exemplar_city: Dènver
    America/North_Dakota/Beulah:
      exemplar_city: Beulah (Nord Dakota)
    America/North_Dakota/New_Salem:
      exemplar_city: New Salem (Nord Dakota)
    America/North_Dakota/Center:
      exemplar_city: Center (Nord Dakota)
    America/Indiana/Vincennes:
      exemplar_city: Vincennes (Indiana)
    America/Indiana/Petersburg:
      exemplar_city: Petersburg (Indiana)
    America/Indiana/Tell_City:
      exemplar_city: Tell City (Indiana)
    America/Indiana/Knox:
      exemplar_city: Knox (Indiana)
    America/Indiana/Winamac:
      exemplar_city: Winamac (Indiana)
    America/Indiana/Marengo:
      exemplar_city: Marengo (Indiana)
    America/Indianapolis:
      exemplar_city: Indianàpolis
    America/Indiana/Vevay:
      exemplar_city: Vevay (Indiana)
    America/Kentucky/Monticello:
      exemplar_city: Monticello (Kentucky)
    Asia/Samarkand:
      exemplar_city: Samarcanda
    Asia/Tashkent:
      exemplar_city: Taskent
    Europe/Vatican:
      exemplar_city: Vategan
    America/St_Vincent:
      exemplar_city: S. Vincenso
    America/Tortola:
      exemplar_city: Tòrtola
    America/St_Thomas:
      exemplar_city: S. Tomazo
    Pacific/Efate:
      exemplar_city: Ìzola Efate
    Pacific/Wallis:
      exemplar_city: Ìzola Wallis
    Indian/Mayotte:
      exemplar_city: Ìzole Maiote
  metazones:
    Afghanistan:
      long:
        standard: Ora de l’Afghanistan
    Africa_Central:
      long:
        standard: Ora de l’Àfrega sentrale
    Africa_Eastern:
      long:
        standard: Ora de l’Àfrega orientale
    Africa_Southern:
      long:
        standard: Ora de l’Àfrega meridionale
    Africa_Western:
      long:
        generic: Ora de l’Àfrega osidentale
        standard: Ora normale de l’Àfrega osidentale
        daylight: Ora d’istà de l’Àfrega osidentale
    Alaska:
      long:
        generic: Ora de l’Alaska
        standard: Ora normale de l’Alaska
        daylight: Ora d’istà de l’Alaska
    Amazon:
      long:
        generic: Ora de l’Amasonia
        standard: Ora normale de l’Amasonia
        daylight: Ora d’istà de l’Amasonia
    America_Central:
      long:
        generic: Ora de’l nord Amèrega sentrale
        standard: Ora normale de’l nord Amèrega sentrale
        daylight: Ora d’istà de’l nord Amèrega sentrale
    America_Eastern:
      long:
        generic: Ora de’l nord Amèrega orientale
        standard: Ora normale de’l nord Amèrega orientale
        daylight: Ora d’istà de’l nord Amèrega orientale
    America_Mountain:
      long:
        generic: Ora de’l nord Amèrega de le montagne
        standard: Ora normale de’l nord Amèrega de le montagne
        daylight: Ora d’istà de’l nord Amèrega de le montagne
    America_Pacific:
      long:
        generic: Ora de’l Pasìfego
        standard: Ora normale de’l Pasìfego
        daylight: Ora d’istà de’l Pasìfego
    Apia:
      long:
        generic: Ora de Apia
        standard: Ora normale de Apia
        daylight: Ora d’istà de Apia
    Arabian:
      long:
        generic: Ora de l’Arabia
        standard: Ora normale de l’Arabia
        daylight: Ora d’istà de l’Arabia
    Argentina:
      long:
        generic: Ora de l’Arjentina
        standard: Ora normale de l’Arjentina
        daylight: Ora d’istà de l’Arjentina
    Argentina_Western:
      long:
        generic: Ora de l’Arjentina osidentale
        standard: Ora normale de l’Arjentina osidentale
        daylight: Ora d’istà de l’Arjentina osidentale
    Armenia:
      long:
        generic: Ora de l’Armenia
        standard: Ora normale de l’Armenia
        daylight: Ora d’istà de l’Armenia
    Atlantic:
      long:
        generic: Ora de l’Atlàntego
        standard: Ora normale de l’Atlàntego
        daylight: Ora d’istà de l’Atlàntego
    Australia_Central:
      long:
        generic: Ora de l’Australia sentrale
        standard: Ora normale de l’Australia sentrale
        daylight: Ora d’istà de l’Australia sentrale
    Australia_CentralWestern:
      long:
        generic: Ora de l’Australia sentro osidentale
        standard: Ora normale de l’Australia sentro osidentale
        daylight: Ora d’istà de l’Australia sentro osidentale
    Australia_Eastern:
      long:
        generic: Ora de l’Australia orientale
        standard: Ora normale de l’Australia orientale
        daylight: Ora d’istà de l’Australia orientale
    Australia_Western:
      long:
        generic: Ora de l’Australia osidentale
        standard: Ora normale de l’Australia osidentale
        daylight: Ora d’istà de l’Australia osidentale
    Azerbaijan:
      long:
        generic: Ora de l’Azerbaijan
        standard: Ora normale de l’Azerbaijan
        daylight: Ora d’istà de l’Azerbaijan
    Azores:
      long:
        generic: Ora de le Azore
        standard: Ora normale de le Azore
        daylight: Ora d’istà de le Azore
    Bangladesh:
      long:
        generic: Ora de’l Bangladesh
        standard: Ora normale de’l Bangladesh
        daylight: Ora d’istà de’l Bangladesh
    Bhutan:
      long:
        standard: Ora de’l Butan
    Bolivia:
      long:
        standard: Ora de la Bolivia
    Brasilia:
      long:
        generic: Ora de Brazilia
        standard: Ora normale de Brazilia
        daylight: Ora d’istà de Brazilia
    Brunei:
      long:
        standard: Ora de’l Brunéi
    Cape_Verde:
      long:
        generic: Ora de Cao Verdo
        standard: Ora normale de Cao Verdo
        daylight: Ora d’istà de Cao Verdo
    Chamorro:
      long:
        standard: Ora de Chamoro
    Chatham:
      long:
        generic: Ora de le Ìzole Ciatem
        standard: Ora normale de le Ìzole Ciatem
        daylight: Ora d’istà de le Ìzole Ciatem
    Chile:
      long:
        generic: Ora de’l Cile
        standard: Ora normale de’l Cile
        daylight: Ora d’istà de’l Cile
    China:
      long:
        generic: Ora de la Sina
        standard: Ora normale de la Sina
        daylight: Ora d’istà de la Sina
    Christmas:
      long:
        standard: Ora de l’Ìzola de Nadale
    Cocos:
      long:
        standard: Ora de le Ìzole Cocos
    Colombia:
      long:
        generic: Ora de la Colonbia
        standard: Ora normale de la Colonbia
        daylight: Ora d’istà de la Colonbia
    Cook:
      long:
        generic: Ora de le Ìzole Cook
        standard: Ora normale de le Ìzole Cook
        daylight: Ora d’istà de le Ìzole Cook
    Cuba:
      long:
        generic: Ora de Cuba
        standard: Ora normale de Cuba
        daylight: Ora d’istà de Cuba
    Davis:
      long:
        standard: Ora de Davis
    DumontDUrville:
      long:
        standard: Ora de Dumont d’Urville
    East_Timor:
      long:
        standard: Ora de’l Timor Est
    Easter:
      long:
        generic: Ora de l’Ìzola de Pascua
        standard: Ora normale de l’Ìzola de Pascua
        daylight: Ora d’istà de l’Ìzola de Pascua
    Ecuador:
      long:
        standard: Ora de l’Ècuador
    Europe_Central:
      long:
        generic: Ora de l’Europa sentrale
        standard: Ora normale de l’Europa sentrale
        daylight: Ora d’istà de l’Europa sentrale
    Europe_Eastern:
      long:
        generic: Ora de l’Europa orientale
        standard: Ora normale de l’Europa orientale
        daylight: Ora d’istà de l’Europa orientale
    Europe_Further_Eastern:
      long:
        standard: Ora de l’Europa stra orientale
    Europe_Western:
      long:
        generic: Ora de l’Europa osidentale
        standard: Ora normale de l’Europa osidentale
        daylight: Ora d’istà de l’Europa osidentale
    Falkland:
      long:
        generic: Ora de le Ìzole Malvine
        standard: Ora normale de le Ìzole Malvine
        daylight: Ora d’istà de le Ìzole Malvine
    Fiji:
      long:
        generic: Ora de le Ìzole Fiji
        standard: Ora normale de le Ìzole Fiji
        daylight: Ora d’istà de le Ìzole Fiji
    French_Guiana:
      long:
        standard: Ora de la Guyana franseze
    French_Southern:
      long:
        standard: Ora de le Tere fransezi de’l sud e de l’Antàrtego
    Galapagos:
      long:
        standard: Ora de le Galàpagos
    Gambier:
      long:
        standard: Ora de le Ìzole Gambier
    Georgia:
      long:
        generic: Ora de la Jeorja
        standard: Ora normale de la Jeorja
        daylight: Ora d’istà de la Jeorja
    Gilbert_Islands:
      long:
        standard: Ora de le Ìzole Gilbert
    GMT:
      long:
        standard: Ora de’l meridian de Greenwich
    Greenland_Eastern:
      long:
        generic: Ora de la Groenlanda orientale
        standard: Ora normale de la Groenlanda orientale
        daylight: Ora d’istà de la Groenlanda orientale
    Greenland_Western:
      long:
        generic: Ora de la Groenlanda osidentale
        standard: Ora normale de la Groenlanda osidentale
        daylight: Ora d’istà de la Groenlanda osidentale
    Gulf:
      long:
        standard: Ora de’l Golfo
    Guyana:
      long:
        standard: Ora de la Guyana
    Hawaii_Aleutian:
      long:
        generic: Ora de Hawai e Aleutine
        standard: Ora normale de Hawai e Aleutine
        daylight: Ora d’istà de Hawai e Aleutine
    Hong_Kong:
      long:
        generic: Ora de Hong Kong
        standard: Ora normale de Hong Kong
        daylight: Ora d’istà de Hong Kong
    Hovd:
      long:
        generic: Ora de Hovd
        standard: Ora normale de Hovd
        daylight: Ora d’istà de Hovd
    India:
      long:
        standard: Ora de l’India
    Indian_Ocean:
      long:
        standard: Ora de l’Osèano Indian
    Indochina:
      long:
        standard: Ora de l’Indosina
    Indonesia_Central:
      long:
        standard: Ora de l’Indonezia sentrale
    Indonesia_Eastern:
      long:
        standard: Ora de l’Indonezia orientale
    Indonesia_Western:
      long:
        standard: Ora de l’Indonezia osidentale
    Iran:
      long:
        generic: Ora de l’Iran
        standard: Ora normale de l’Iran
        daylight: Ora d’istà de l’Iran
    Irkutsk:
      long:
        generic: Ora de Irkutsk
        standard: Ora normale de Irkutsk
        daylight: Ora d’istà de Irkutsk
    Israel:
      long:
        generic: Ora de Izraele
        standard: Ora normale de Izraele
        daylight: Ora d’istà de Izraele
    Japan:
      long:
        generic: Ora de’l Japon
        standard: Ora normale de’l Japon
        daylight: Ora d’istà de’l Japon
    Kazakhstan:
      long:
        standard: Ora de’l Kazakistan
    Kazakhstan_Eastern:
      long:
        standard: Ora de’l Kazakistan orientale
    Kazakhstan_Western:
      long:
        standard: Ora de’l Kazakistan osidentale
    Korea:
      long:
        generic: Ora de la Corèa
        standard: Ora normale de la Corèa
        daylight: Ora d’istà de la Corèa
    Kosrae:
      long:
        standard: Ora de l’Ìzola Kosrae
    Krasnoyarsk:
      long:
        generic: Ora de Krasnoyarsk
        standard: Ora normale de Krasnoyarsk
        daylight: Ora d’istà de Krasnoyarsk
    Kyrgystan:
      long:
        standard: Ora de’l Kirghizistan
    Line_Islands:
      long:
        standard: Ora de le Ìzole Ecuatoriali
    Lord_Howe:
      long:
        generic: Ora de l’Ìzola Lord Howe
        standard: Ora normale de l’Ìzola Lord Howe
        daylight: Ora d’istà de l’Ìzola Lord Howe
    Magadan:
      long:
        generic: Ora de Magadan
        standard: Ora normale de Magadan
        daylight: Ora d’istà de Magadan
    Malaysia:
      long:
        standard: Ora de la Malezia
    Maldives:
      long:
        standard: Ora de le Ìzole Maldive
    Marquesas:
      long:
        standard: Ora de le Ìzole Marchezi
    Marshall_Islands:
      long:
        standard: Ora de le Ìzole Marshall
    Mauritius:
      long:
        generic: Ora de le Ìzole Maurisio
        standard: Ora normale de le Ìzole Maurisio
        daylight: Ora d’istà de le Ìzole Maurisio
    Mawson:
      long:
        standard: Ora de Mawson
    Mexico_Pacific:
      long:
        generic: Ora de’l Mèsego de’l Pasìfego
        standard: Ora normale de’l Mèsego de’l Pasìfego
        daylight: Ora d’istà de’l Mèsego de’l Pasìfego
    Mongolia:
      long:
        generic: Ora de Ulan Bàtor
        standard: Ora normale de Ulan Bàtor
        daylight: Ora d’istà de Ulan Bàtor
    Moscow:
      long:
        generic: Ora de Mosca
        standard: Ora normale de Mosca
        daylight: Ora d’istà de Mosca
    Myanmar:
      long:
        standard: Ora de Myanmar (Birmania)
    Nauru:
      long:
        standard: Ora de l’Ìzola Nauru
    Nepal:
      long:
        standard: Ora de’l Nepal
    New_Caledonia:
      long:
        generic: Ora de la Nova Caledonia
        standard: Ora normale de la Nova Caledonia
        daylight: Ora d’istà de la Nova Caledonia
    New_Zealand:
      long:
        generic: Ora de la Nova Zelanda
        standard: Ora normale de la Nova Zelanda
        daylight: Ora d’istà de la Nova Zelanda
    Newfoundland:
      long:
        generic: Ora de Teranova
        standard: Ora normale de Teranova
        daylight: Ora d’istà de Teranova
    Niue:
      long:
        standard: Ora de l’Ìzola Niue
    Norfolk:
      long:
        generic: Ora de l’Ìzola Norfolk
        standard: Ora normale de l’Ìzola Norfolk
        daylight: Ora d’istà de l’Ìzola Norfolk
    Noronha:
      long:
        generic: Ora de Fernando de Noronha
        standard: Ora normale de Fernando de Noronha
        daylight: Ora d’istà de Fernando de Noronha
    Novosibirsk:
      long:
        generic: Ora de Novosibirsk
        standard: Ora normale de Novosibirsk
        daylight: Ora d’istà de Novosibirsk
    Omsk:
      long:
        generic: Ora de Omsk
        standard: Ora normale de Omsk
        daylight: Ora d’istà de Omsk
    Pakistan:
      long:
        generic: Ora de’l Pakistan
        standard: Ora normale de’l Pakistan
        daylight: Ora d’istà de’l Pakistan
    Palau:
      long:
        standard: Ora de le Ìzole Palàu
    Papua_New_Guinea:
      long:
        standard: Ora de la Papua Nova Guinèa
    Paraguay:
      long:
        generic: Ora de’l Paraguài
        standard: Ora normale de’l Paraguài
        daylight: Ora d’istà de’l Paraguài
    Peru:
      long:
        generic: Ora de’l Perù
        standard: Ora normale de’l Perù
        daylight: Ora d’istà de’l Perù
    Philippines:
      long:
        generic: Ora de le Ìzole Filipine
        standard: Ora normale de le Ìzole Filipine
        daylight: Ora d’istà de le Ìzole Filipine
    Phoenix_Islands:
      long:
        standard: Ora de le Ìzole Fenize
    Pierre_Miquelon:
      long:
        generic: Ora de S. Piero e Michelon
        standard: Ora normale de S. Piero e Michelon
        daylight: Ora d’istà de S. Piero e Michelon
    Pitcairn:
      long:
        standard: Ora de le Ìzole Pitcairn
    Ponape:
      long:
        standard: Ora de l’Ìzola Ponpèi
    Pyongyang:
      long:
        standard: Ora de Pyongyang
    Reunion:
      long:
        standard: Ora de l’Ìzola Reunion
    Rothera:
      long:
        standard: Ora de Rothera
    Sakhalin:
      long:
        generic: Ora de Sakalin
        standard: Ora normale de Sakalin
        daylight: Ora d’istà de Sakalin
    Samoa:
      long:
        generic: Ora de le Ìzole Samòa
        standard: Ora normale de le Ìzole Samòa
        daylight: Ora d’istà de le Ìzole Samòa
    Seychelles:
      long:
        standard: Ora d’istà de le Ìzole Seisel
    Singapore:
      long:
        standard: Ora de Singapore
    Solomon:
      long:
        standard: Ora de le Ìzole Salomon
    South_Georgia:
      long:
        standard: Ora de la Georgia de’l sud
    Suriname:
      long:
        standard: Ora de’l Suriname
    Syowa:
      long:
        standard: Ora de Syowa
    Tahiti:
      long:
        standard: Ora de l’Ìzola Taiti
    Taipei:
      long:
        generic: Ora de Taipéi
        standard: Ora normale de Taipéi
        daylight: Ora d’istà de Taipéi
    Tajikistan:
      long:
        standard: Ora de’l Tajikistan
    Tokelau:
      long:
        standard: Ora de le Ìzole Tokelàu
    Tonga:
      long:
        generic: Ora de le Ìzole Tonga
        standard: Ora normale de le Ìzole Tonga
        daylight: Ora d’istà de le Ìzole Tonga
    Truk:
      long:
        standard: Ora de’l Chuuk
    Turkmenistan:
      long:
        generic: Ora de’l Turkmenistan
        standard: Ora normale de’l Turkmenistan
        daylight: Ora d’istà de’l Turkmenistan
    Tuvalu:
      long:
        standard: Ora de le Ìzole Tuvalu
    Uruguay:
      long:
        generic: Ora de l’Uruguài
        standard: Ora normale de l’Uruguài
        daylight: Ora d’istà de l’Uruguài
    Uzbekistan:
      long:
        generic: Ora de l’Uzbekistan
        standard: Ora normale de l’Uzbekistan
        daylight: Ora d’istà de l’Uzbekistan
    Vanuatu:
      long:
        generic: Ora de le Ìzole Vanuatu
        standard: Ora normale de le Ìzole Vanuatu
        daylight: Ora d’istà de le Ìzole Vanuatu
    Venezuela:
      long:
        standard: Ora de’l Venesuela
    Vladivostok:
      long:
        generic: Ora de Vladivostok
        standard: Ora normale de Vladivostok
        daylight: Ora d’istà de Vladivostok
    Volgograd:
      long:
        generic: Ora de Volgogrado
        standard: Ora normale de Volgogrado
        daylight: Ora d’istà de Volgogrado
    Vostok:
      long:
        standard: Ora de Vostok
    Wake:
      long:
        standard: Ora de l’Atolo Wake
    Wallis:
      long:
        standard: Ora de le Ìzole Wallis e Futuna
    Yakutsk:
      long:
        generic: Ora de Yakutsk
        standard: Ora normale de Yakutsk
        daylight: Ora d’istà de Yakutsk
    Yekaterinburg:
      long:
        generic: Ora de Ekaterinburgo
        standard: Ora normale de Ekaterinburgo
        daylight: Ora d’istà de Ekaterinburgo
    Yukon:
      long:
        standard: Ora de’l Yukon
