---
locale: en_CA
generated_at: '2025-09-15T06:26:23Z'
cldr_version: '46'
timezone_names:
  formats:
    region_format_daylight: "{0} Daylight Saving Time"
  zones:
    America/St_Barthelemy:
      exemplar_city: Saint-Barthélemy
    America/St_Johns:
      exemplar_city: Saint John’s
    America/St_Kitts:
      exemplar_city: Saint Kitts
    America/St_Lucia:
      exemplar_city: Saint Lucia
    Asia/Rangoon:
      exemplar_city: Rangoon
    Atlantic/St_Helena:
      exemplar_city: Saint Helena
    America/St_Vincent:
      exemplar_city: Saint Vincent
    America/St_Thomas:
      exemplar_city: Saint Thomas
  metazones:
    Afghanistan:
      short:
        standard: AFT
    Alaska:
      long:
        daylight: Alaska Daylight Saving Time
    America_Central:
      long:
        daylight: Central Daylight Saving Time
    America_Eastern:
      long:
        daylight: Eastern Daylight Saving Time
    Argentina:
      short:
        generic: ART
    Australia_CentralWestern:
      short:
        generic: ACWT
        standard: ACWST
        daylight: ACWDT
    Australia_Eastern:
      short:
        generic: AET
        standard: AEST
        daylight: AEDT
    Australia_Western:
      short:
        standard: AWST
        daylight: AWDT
    Bangladesh:
      short:
        standard: BST
    Bhutan:
      short:
        standard: BTT
    Brasilia:
      short:
        generic: BRT
        daylight: BRST
    Brunei:
      short:
        standard: BNT
    Chatham:
      short:
        standard: CHAST
        daylight: CHADT
    Christmas:
      short:
        standard: CXT
    Cocos:
      short:
        standard: CCT
    Colombia:
      short:
        daylight: COST
    East_Timor:
      short:
        standard: TLT
    Easter:
      short:
        standard: EAST
        daylight: EASST
    Ecuador:
      short:
        standard: ECT
    Falkland:
      short:
        generic: FKT
        daylight: FKST
    French_Southern:
      long:
        standard: French Southern and Antarctic Time
    Galapagos:
      short:
        standard: GALT
    Greenland_Eastern:
      short:
        generic: EGT
    Gulf:
      short:
        standard: Gulf Time
    Guyana:
      short:
        standard: GYT
    India:
      short:
        standard: IST
    Indochina:
      short:
        standard: ICT
    Indonesia_Central:
      short:
        standard: WITA
    Indonesia_Eastern:
      short:
        standard: WIT
    Indonesia_Western:
      short:
        standard: WIB
    Iran:
      short:
        standard: IRST
        daylight: IRDT
      long:
        daylight: Iran Daylight Saving Time
    Malaysia:
      short:
        standard: MYT
    Maldives:
      short:
        standard: MVT
    Nepal:
      short:
        standard: NPT
    Newfoundland:
      short:
        generic: NT
        standard: NST
        daylight: NDT
    Noronha:
      short:
        generic: FNT
    Pakistan:
      short:
        standard: PKT
    Paraguay:
      short:
        generic: PYT
        daylight: PYST
    Peru:
      short:
        generic: PET
    Pierre_Miquelon:
      short:
        generic: PMT
        standard: PMST
        daylight: PMDT
      long:
        generic: Saint-Pierre-et-Miquelon Time
        standard: Saint-Pierre-et-Miquelon Standard Time
        daylight: Saint-Pierre-et-Miquelon Daylight Saving Time
    Samoa:
      long:
        daylight: Samoan Time
    Uruguay:
      short:
        standard: UYT
        daylight: UYST
    Venezuela:
      short:
        standard: VET
    Wallis:
      long:
        standard: Wallis and Futuna Time
