---
locale: kxv_Deva
generated_at: '2025-09-15T06:26:36Z'
cldr_version: '46'
timezone_names:
  formats:
    region_format: "{0} बेला"
    region_format_daylight: "{0} मानांकॉ बेला"
    region_format_standard: "{0} डेलाइट बेला"
  zones:
    Etc/Unknown:
      exemplar_city: पुण्-आँऽ ति गाड़ा
    Europe/Andorra:
      exemplar_city: अंडोरा
    Asia/Dubai:
      exemplar_city: दुबति
    Asia/Kabul:
      exemplar_city: काबुल
    America/Antigua:
      exemplar_city: एंटीगुआ
    America/Anguilla:
      exemplar_city: एंग्विला
    Europe/Tirane:
      exemplar_city: टाइरेन
    Asia/Yerevan:
      exemplar_city: येरेवान
    Africa/Luanda:
      exemplar_city: लुआंडा
    Antarctica/Rothera:
      exemplar_city: रोथेरा
    Antarctica/Palmer:
      exemplar_city: पॉमर
    Antarctica/Troll:
      exemplar_city: ट्रोल
    Antarctica/Syowa:
      exemplar_city: स्योवा
    Antarctica/Mawson:
      exemplar_city: मॉसन
    Antarctica/Davis:
      exemplar_city: डेविस
    Antarctica/Vostok:
      exemplar_city: वोस्तोक
    Antarctica/Casey:
      exemplar_city: केसी
    Antarctica/DumontDUrville:
      exemplar_city: ड्यूमोंट डी अर्विले
    Antarctica/McMurdo:
      exemplar_city: म्याकमुर्डो
    America/Argentina/Rio_Gallegos:
      exemplar_city: रियो गालेगोस
    America/Mendoza:
      exemplar_city: मेंडोज़ा
    America/Argentina/San_Juan:
      exemplar_city: स्यान ह्वान
    America/Argentina/Ushuaia:
      exemplar_city: उसुआइया
    America/Argentina/La_Rioja:
      exemplar_city: ला रिओजा
    America/Argentina/San_Luis:
      exemplar_city: स्यान लूति
    America/Catamarca:
      exemplar_city: काटामार्का
    America/Argentina/Salta:
      exemplar_city: साल्टा
    America/Jujuy:
      exemplar_city: जुजोए
    America/Argentina/Tucuman:
      exemplar_city: टोकूमन
    America/Cordoba:
      exemplar_city: कोर्डोबा
    America/Buenos_Aires:
      exemplar_city: ब्यूनस आयरस
    Pacific/Pago_Pago:
      exemplar_city: पागो पागो
    Europe/Vienna:
      exemplar_city: विएना
    Australia/Perth:
      exemplar_city: पर्थ
    Australia/Eucla:
      exemplar_city: यूक्ला
    Australia/Darwin:
      exemplar_city: डार्विन
    Australia/Adelaide:
      exemplar_city: एडिलेड
    Australia/Broken_Hill:
      exemplar_city: ब्रोकन हिल
    Australia/Melbourne:
      exemplar_city: मेलबोर्न
    Australia/Hobart:
      exemplar_city: होबार्ट
    Australia/Lindeman:
      exemplar_city: लिंडेमान
    Australia/Sydney:
      exemplar_city: सिडनी
    Australia/Brisbane:
      exemplar_city: ब्रिस्बन
    Antarctica/Macquarie:
      exemplar_city: मक्वारी
    Australia/Lord_Howe:
      exemplar_city: लॉर्ड होव
    America/Aruba:
      exemplar_city: अरूबा
    Europe/Mariehamn:
      exemplar_city: मारियाहैम
    Asia/Baku:
      exemplar_city: बाकु
    Europe/Sarajevo:
      exemplar_city: साराजेवो
    America/Barbados:
      exemplar_city: बारबाडोस
    Asia/Dhaka:
      exemplar_city: ढाका
    Europe/Brussels:
      exemplar_city: ब्रूसेल्स
    Africa/Ouagadougou:
      exemplar_city: औगाडोगू
    Europe/Sofia:
      exemplar_city: सोप़िया
    Asia/Bahrain:
      exemplar_city: बहरीन
    Africa/Bujumbura:
      exemplar_city: बुजुंबूरा
    Africa/Porto-Novo:
      exemplar_city: पोर्टो-नोवो
    America/St_Barthelemy:
      exemplar_city: सेंट बार्तेलेमि
    Atlantic/Bermuda:
      exemplar_city: बरमूडा
    Asia/Brunei:
      exemplar_city: ब्रूनेति
    America/La_Paz:
      exemplar_city: ला पाज़
    America/Kralendijk:
      exemplar_city: क्रालेन्डिजिक
    America/Eirunepe:
      exemplar_city: तिरुनेपे
    America/Rio_Branco:
      exemplar_city: रियो ब्रांको
    America/Porto_Velho:
      exemplar_city: पोर्टो वेल्हो
    America/Boa_Vista:
      exemplar_city: बोआ विस्ता
    America/Manaus:
      exemplar_city: मनोस
    America/Cuiaba:
      exemplar_city: क्यूआबा
    America/Santarem:
      exemplar_city: सेन्टारेम
    America/Campo_Grande:
      exemplar_city: क्याम्पो ग्रांडे
    America/Belem:
      exemplar_city: बेलेम
    America/Araguaina:
      exemplar_city: आराग्वेना
    America/Sao_Paulo:
      exemplar_city: साओ पाउलो
    America/Bahia:
      exemplar_city: बहिया
    America/Fortaleza:
      exemplar_city: प़ोर्टालेज़ा
    America/Maceio:
      exemplar_city: मेसीओ
    America/Recife:
      exemplar_city: रेसाइप़
    America/Noronha:
      exemplar_city: नोरोन्हा
    America/Nassau:
      exemplar_city: नासाउ
    Asia/Thimphu:
      exemplar_city: थिंपू
    Africa/Gaborone:
      exemplar_city: गाबोरोन
    Europe/Minsk:
      exemplar_city: मिंस्क
    America/Belize:
      exemplar_city: बेलीज़
    America/Dawson:
      exemplar_city: डॉसन
    America/Whitehorse:
      exemplar_city: व्हाइटहोर्स
    America/Inuvik:
      exemplar_city: इनूविक
    America/Vancouver:
      exemplar_city: व्यान्कूवर
    America/Fort_Nelson:
      exemplar_city: प़ोर्ट नेल्सन
    America/Dawson_Creek:
      exemplar_city: डॉसन क्रीक
    America/Creston:
      exemplar_city: क्रेस्टन
    America/Edmonton:
      exemplar_city: एडमंटन
    America/Swift_Current:
      exemplar_city: स्विप़्ट करंट
    America/Cambridge_Bay:
      exemplar_city: केम्ब्रिज बे
    America/Regina:
      exemplar_city: रेजिना
    America/Winnipeg:
      exemplar_city: विनीपेग
    America/Resolute:
      exemplar_city: रिसोल्यूट
    America/Rankin_Inlet:
      exemplar_city: रेंकिन इनलेट
    America/Coral_Harbour:
      exemplar_city: अटिकोकान
    America/Toronto:
      exemplar_city: टोरंटो
    America/Iqaluit:
      exemplar_city: इकालुतिट
    America/Moncton:
      exemplar_city: मोंकटन
    America/Halifax:
      exemplar_city: हेलिपेक्स
    America/Goose_Bay:
      exemplar_city: गूस बे
    America/Glace_Bay:
      exemplar_city: ग्लेस बे
    America/Blanc-Sablon:
      exemplar_city: ब्लां-सेबलोन
    America/St_Johns:
      exemplar_city: सेंट जॉन्स
    Indian/Cocos:
      exemplar_city: कोकोस
    Africa/Kinshasa:
      exemplar_city: किंसासा
    Africa/Lubumbashi:
      exemplar_city: लुबुमबासी
    Africa/Bangui:
      exemplar_city: बांगुइ
    Africa/Brazzaville:
      exemplar_city: ब्राज़ाविले
    Europe/Zurich:
      exemplar_city: ज़्यूरिक़
    Africa/Abidjan:
      exemplar_city: अबिदजान
    Pacific/Rarotonga:
      exemplar_city: रारोटोंगा
    Pacific/Easter:
      exemplar_city: तिस्टर
    America/Punta_Arenas:
      exemplar_city: पुंटा एरिनास
    America/Santiago:
      exemplar_city: सेंतिआगो
    Africa/Douala:
      exemplar_city: डूआला
    Asia/Urumqi:
      exemplar_city: उरूम्की
    Asia/Shanghai:
      exemplar_city: संघाति
    America/Bogota:
      exemplar_city: बोगोटा
    America/Costa_Rica:
      exemplar_city: कोस्टा रिका
    America/Havana:
      exemplar_city: हवाना
    Atlantic/Cape_Verde:
      exemplar_city: केप वर्ड
    America/Curacao:
      exemplar_city: कुराकाओ
    Indian/Christmas:
      exemplar_city: क्रिसमस
    Asia/Nicosia:
      exemplar_city: निकोसिया
    Asia/Famagusta:
      exemplar_city: प़ामागुस्ता
    Europe/Prague:
      exemplar_city: प्राग
    Europe/Busingen:
      exemplar_city: ब्यूसिनजेन
    Europe/Berlin:
      exemplar_city: बर्लिन
    Africa/Djibouti:
      exemplar_city: जिबूती
    Europe/Copenhagen:
      exemplar_city: कोपेनहेगन
    America/Dominica:
      exemplar_city: डोमिनिका
    America/Santo_Domingo:
      exemplar_city: सेंटो डोमिंगो
    Africa/Algiers:
      exemplar_city: अल्जीयर्स
    Pacific/Galapagos:
      exemplar_city: गेलापागोस
    America/Guayaquil:
      exemplar_city: ग्वायाकील
    Europe/Tallinn:
      exemplar_city: तेलिन
    Africa/Cairo:
      exemplar_city: कायरो
    Africa/El_Aaiun:
      exemplar_city: अल आइयून
    Africa/Asmera:
      exemplar_city: अस्मारा
    Atlantic/Canary:
      exemplar_city: क्यानेरी
    Africa/Ceuta:
      exemplar_city: सेउटा
    Europe/Madrid:
      exemplar_city: म्याड्रिड
    Africa/Addis_Ababa:
      exemplar_city: अदीस अबाबा
    Europe/Helsinki:
      exemplar_city: हेलसिंकी
    Pacific/Fiji:
      exemplar_city: प़िजी
    Atlantic/Stanley:
      exemplar_city: स्ट्यानली
    Pacific/Truk:
      exemplar_city: चक
    Pacific/Ponape:
      exemplar_city: पोनपेति
    Pacific/Kosrae:
      exemplar_city: कोसराए
    Atlantic/Faeroe:
      exemplar_city: प्यारो
    Europe/Paris:
      exemplar_city: पेरिस
    Africa/Libreville:
      exemplar_city: लिब्रेविले
    Europe/London:
      exemplar_city: लंदन
    America/Grenada:
      exemplar_city: ग्रेनाडा
    Asia/Tbilisi:
      exemplar_city: ट्-बिलिसि
    America/Cayenne:
      exemplar_city: कायेन
    Europe/Guernsey:
      exemplar_city: गर्नसी
    Africa/Accra:
      exemplar_city: एक्रा
    Europe/Gibraltar:
      exemplar_city: जिब्राल्टर
    America/Thule:
      exemplar_city: तुले
    America/Godthab:
      exemplar_city: नुक
    America/Scoresbysund:
      exemplar_city: इटोकोर्टोरमिट
    America/Danmarkshavn:
      exemplar_city: डेनमार्कसॉन
    Africa/Banjul:
      exemplar_city: ब्यान्जुल
    Africa/Conakry:
      exemplar_city: कोनाक्री
    America/Guadeloupe:
      exemplar_city: ग्वाडेलोप
    Africa/Malabo:
      exemplar_city: मलाबो
    Europe/Athens:
      exemplar_city: एतेन्स
    Atlantic/South_Georgia:
      exemplar_city: दाॅकिणाॅ जाॅर्जिया
    America/Guatemala:
      exemplar_city: ग्वाटेमाला
    Pacific/Guam:
      exemplar_city: गुआम
    Africa/Bissau:
      exemplar_city: बिसाऊ
    America/Guyana:
      exemplar_city: गयाना
    Asia/Hong_Kong:
      exemplar_city: हाँग काँग
    America/Tegucigalpa:
      exemplar_city: टेगुसिगल्पा
    Europe/Zagreb:
      exemplar_city: ज़ाग्रेब
    America/Port-au-Prince:
      exemplar_city: पोर्ट-ऑ-प्रिंस
    Europe/Budapest:
      exemplar_city: बुडापेस्ट
    Asia/Jakarta:
      exemplar_city: जकार्ता
    Asia/Pontianak:
      exemplar_city: पोंटीयांक
    Asia/Makassar:
      exemplar_city: मकस्सर
    Asia/Jayapura:
      exemplar_city: जयापुरा
    Europe/Dublin:
      exemplar_city: डबलिन
    Asia/Jerusalem:
      exemplar_city: येरुसलेम
    Europe/Isle_of_Man:
      exemplar_city: आइल ऑप् म्यान
    Asia/Calcutta:
      exemplar_city: कोलकाता
    Indian/Chagos:
      exemplar_city: चागोस
    Asia/Baghdad:
      exemplar_city: बगदाद
    Asia/Tehran:
      exemplar_city: तेहरान
    Atlantic/Reykjavik:
      exemplar_city: रेक्याविक
    Europe/Rome:
      exemplar_city: रोम
    Europe/Jersey:
      exemplar_city: जर्सी
    America/Jamaica:
      exemplar_city: जमाइका
    Asia/Amman:
      exemplar_city: अम्मान
    Asia/Tokyo:
      exemplar_city: टोक्यो
    Africa/Nairobi:
      exemplar_city: नाइरोबि
    Asia/Bishkek:
      exemplar_city: बिस्केक
    Asia/Phnom_Penh:
      exemplar_city: पनॉम पेन्ह
    Pacific/Kanton:
      exemplar_city: केंटन
    Pacific/Kiritimati:
      exemplar_city: किरीतिमाति
    Pacific/Tarawa:
      exemplar_city: टारावा
    Indian/Comoro:
      exemplar_city: कोमोरो
    America/St_Kitts:
      exemplar_city: सेंट किट्स
    Asia/Pyongyang:
      exemplar_city: प्योंगयांग
    Asia/Seoul:
      exemplar_city: सिओल
    Asia/Kuwait:
      exemplar_city: कुवेत
    America/Cayman:
      exemplar_city: केम्यान
    Asia/Aqtau:
      exemplar_city: अक्ताउ
    Asia/Oral:
      exemplar_city: ओरल
    Asia/Atyrau:
      exemplar_city: एतराउ
    Asia/Aqtobe:
      exemplar_city: अक्टोबे
    Asia/Qostanay:
      exemplar_city: कोस्टाने
    Asia/Qyzylorda:
      exemplar_city: किजिलॉर्डा
    Asia/Almaty:
      exemplar_city: अल्माटी
    Asia/Vientiane:
      exemplar_city: विएनतियान
    Asia/Beirut:
      exemplar_city: बेरुत
    America/St_Lucia:
      exemplar_city: सेंट लूसिया
    Europe/Vaduz:
      exemplar_city: वादुज़
    Asia/Colombo:
      exemplar_city: कोलंबो
    Africa/Monrovia:
      exemplar_city: मोनरोविया
    Africa/Maseru:
      exemplar_city: मासेरू
    Europe/Vilnius:
      exemplar_city: विल्नियस
    Europe/Luxembourg:
      exemplar_city: लक्ज़मबर्ग
    Europe/Riga:
      exemplar_city: रीगा
    Africa/Tripoli:
      exemplar_city: त्रिपोली
    Africa/Casablanca:
      exemplar_city: कासाब्लांका
    Europe/Monaco:
      exemplar_city: मोनाको
    Europe/Chisinau:
      exemplar_city: चिसीनाउ
    Europe/Podgorica:
      exemplar_city: पोड्गोरिका
    America/Marigot:
      exemplar_city: मेरिगोट
    Indian/Antananarivo:
      exemplar_city: एंटानानरीवो
    Pacific/Kwajalein:
      exemplar_city: क्वाज़ालीन
    Pacific/Majuro:
      exemplar_city: माजुरो
    Europe/Skopje:
      exemplar_city: स्कोप्ये
    Africa/Bamako:
      exemplar_city: बामाको
    Asia/Rangoon:
      exemplar_city: यांगॉन
    Asia/Hovd:
      exemplar_city: होव्ड
    Asia/Ulaanbaatar:
      exemplar_city: उलानबातर
    Asia/Macau:
      exemplar_city: मकाऊ
    Pacific/Saipan:
      exemplar_city: सायपान
    America/Martinique:
      exemplar_city: मार्टिनिक
    Africa/Nouakchott:
      exemplar_city: नुआकचॉट
    America/Montserrat:
      exemplar_city: मोंटसेरात
    Europe/Malta:
      exemplar_city: माल्टा
    Indian/Mauritius:
      exemplar_city: मॉरीसस
    Indian/Maldives:
      exemplar_city: मालदीव
    Africa/Blantyre:
      exemplar_city: ब्लांटायर
    America/Tijuana:
      exemplar_city: तिजुआना
    America/Hermosillo:
      exemplar_city: हर्मोसिल्लो
    America/Mazatlan:
      exemplar_city: माज़ाटलान
    America/Chihuahua:
      exemplar_city: चिहुआहुआ
    America/Bahia_Banderas:
      exemplar_city: बेहिया बांडेरास
    America/Ojinaga:
      exemplar_city: ओकाजीनागा
    America/Monterrey:
      exemplar_city: मोंटेरेरी
    America/Mexico_City:
      exemplar_city: मेक्सिको सिटी
    America/Matamoros:
      exemplar_city: माटामोरोस
    America/Merida:
      exemplar_city: मेरिडा
    America/Cancun:
      exemplar_city: क्यानकुन
    Asia/Kuala_Lumpur:
      exemplar_city: कुआलालंपुर
    Asia/Kuching:
      exemplar_city: कूचिंग
    Africa/Maputo:
      exemplar_city: मापुटो
    Africa/Windhoek:
      exemplar_city: विंडहोक
    Pacific/Noumea:
      exemplar_city: नॉमिया
    Africa/Niamey:
      exemplar_city: नियामी
    Pacific/Norfolk:
      exemplar_city: नॉरप़ॉक
    Africa/Lagos:
      exemplar_city: लागोस
    America/Managua:
      exemplar_city: मानागुआ
    Europe/Amsterdam:
      exemplar_city: एम्स्टर्डम
    Europe/Oslo:
      exemplar_city: ओस्लो
    Asia/Katmandu:
      exemplar_city: काठमांडू
    Pacific/Nauru:
      exemplar_city: नाॅउरु
    Pacific/Niue:
      exemplar_city: नीयू
    Pacific/Chatham:
      exemplar_city: च्याथम
    Pacific/Auckland:
      exemplar_city: ऑकलेंड
    Asia/Muscat:
      exemplar_city: मस्कट
    America/Panama:
      exemplar_city: पनामा
    America/Lima:
      exemplar_city: लीमा
    Pacific/Tahiti:
      exemplar_city: ताहिती
    Pacific/Marquesas:
      exemplar_city: मार्केसस
    Pacific/Gambier:
      exemplar_city: ग्यामबियर
    Pacific/Port_Moresby:
      exemplar_city: पोर्ट मोरेस्बी
    Pacific/Bougainville:
      exemplar_city: बोगनविले
    Asia/Manila:
      exemplar_city: मनीला
    Asia/Karachi:
      exemplar_city: कराची
    Europe/Warsaw:
      exemplar_city: वॉरसॉ
    America/Miquelon:
      exemplar_city: मिकेलॉन
    Pacific/Pitcairn:
      exemplar_city: पिटकेर्न
    America/Puerto_Rico:
      exemplar_city: पोर्टो रिको
    Asia/Gaza:
      exemplar_city: गाज़ा
    Asia/Hebron:
      exemplar_city: हेब्रोन
    Atlantic/Azores:
      exemplar_city: अज़ोरेस
    Atlantic/Madeira:
      exemplar_city: मडेरा
    Europe/Lisbon:
      exemplar_city: लिस्बन
    Pacific/Palau:
      exemplar_city: पलाऊ
    America/Asuncion:
      exemplar_city: एसनसियॉन
    Asia/Qatar:
      exemplar_city: कतर
    Indian/Reunion:
      exemplar_city: रीयूनियन
    Europe/Bucharest:
      exemplar_city: बुकारेस्ट
    Europe/Belgrade:
      exemplar_city: बेलग्रेड
    Europe/Kaliningrad:
      exemplar_city: कालीनिनग्राड
    Europe/Moscow:
      exemplar_city: मॉस्को
    Europe/Volgograd:
      exemplar_city: वोल्गोग्राड
    Europe/Saratov:
      exemplar_city: सारातोव
    Europe/Astrakhan:
      exemplar_city: आस्ट्राकान
    Europe/Ulyanovsk:
      exemplar_city: उल्यानोव्स्क
    Europe/Kirov:
      exemplar_city: किरोव
    Europe/Samara:
      exemplar_city: समारा
    Asia/Yekaterinburg:
      exemplar_city: येकातेरिनबर्ग
    Asia/Omsk:
      exemplar_city: ओम्स्क
    Asia/Novosibirsk:
      exemplar_city: नोवोसिबिर्स्क
    Asia/Barnaul:
      exemplar_city: बर्नोल
    Asia/Tomsk:
      exemplar_city: तोम्स्क
    Asia/Novokuznetsk:
      exemplar_city: नोवोकुज़्नेत्स्क
    Asia/Krasnoyarsk:
      exemplar_city: क्रास्नोयार्स्क
    Asia/Irkutsk:
      exemplar_city: इर्कुत्स्क
    Asia/Chita:
      exemplar_city: त्सिता
    Asia/Yakutsk:
      exemplar_city: याकूत्स्क
    Asia/Vladivostok:
      exemplar_city: व्लादिवोस्तोक
    Asia/Khandyga:
      exemplar_city: काडिंगा
    Asia/Sakhalin:
      exemplar_city: साकालिन
    Asia/Ust-Nera:
      exemplar_city: यूस्ट–नेरा
    Asia/Magadan:
      exemplar_city: मागादान
    Asia/Srednekolymsk:
      exemplar_city: स्रेद्निकोलिमस्क
    Asia/Kamchatka:
      exemplar_city: कमचत्का
    Asia/Anadyr:
      exemplar_city: अनाडिर
    Africa/Kigali:
      exemplar_city: किगाली
    Asia/Riyadh:
      exemplar_city: रियाद
    Pacific/Guadalcanal:
      exemplar_city: ग्वाडलकनाल
    Indian/Mahe:
      exemplar_city: माहे
    Africa/Khartoum:
      exemplar_city: कार्तुम
    Europe/Stockholm:
      exemplar_city: स्टॉकहोम
    Asia/Singapore:
      exemplar_city: सिंगापुर
    Atlantic/St_Helena:
      exemplar_city: सेंट हेलेना
    Europe/Ljubljana:
      exemplar_city: ल्यूबेलजाना
    Arctic/Longyearbyen:
      exemplar_city: लॉन्गयरब्येन
    Europe/Bratislava:
      exemplar_city: ब्रातिस्लावा
    Africa/Freetown:
      exemplar_city: प़्रीटाउन
    Europe/San_Marino:
      exemplar_city: सैन मारीनो
    Africa/Dakar:
      exemplar_city: डकार
    Africa/Mogadishu:
      exemplar_city: मोगादिसु
    America/Paramaribo:
      exemplar_city: पारामारिबो
    Africa/Juba:
      exemplar_city: जुबा
    Africa/Sao_Tome:
      exemplar_city: साओ टोम
    America/El_Salvador:
      exemplar_city: अल सल्वाडोर
    America/Lower_Princes:
      exemplar_city: लोअर प्रिंसेस क्वार्टर
    Asia/Damascus:
      exemplar_city: दमास्कस
    Africa/Mbabane:
      exemplar_city: म्-बाबाने
    America/Grand_Turk:
      exemplar_city: ग्रांड टर्क
    Africa/Ndjamena:
      exemplar_city: द्जामीना
    Indian/Kerguelen:
      exemplar_city: करगुलेन
    Africa/Lome:
      exemplar_city: लोम
    Asia/Bangkok:
      exemplar_city: ब्यांगकॉक
    Asia/Dushanbe:
      exemplar_city: दुसांबे
    Pacific/Fakaofo:
      exemplar_city: प़ाकाओप़ो
    Asia/Dili:
      exemplar_city: डिलि
    Asia/Ashgabat:
      exemplar_city: अस्गाबात
    Africa/Tunis:
      exemplar_city: ट्यूनिस
    Pacific/Tongatapu:
      exemplar_city: टोंगाटापू
    Europe/Istanbul:
      exemplar_city: इस्तांबुल
    America/Port_of_Spain:
      exemplar_city: पोर्ट ऑप़ स्पेन
    Pacific/Funafuti:
      exemplar_city: प़्यूनाप़ुटी
    Asia/Taipei:
      exemplar_city: तातिपेति
    Africa/Dar_es_Salaam:
      exemplar_city: दार अस सलाम
    Europe/Kiev:
      exemplar_city: कीव
    Europe/Simferopol:
      exemplar_city: सिम्प़ेरोपोल
    Africa/Kampala:
      exemplar_city: कंपाला
    Pacific/Midway:
      exemplar_city: मिडवे
    Pacific/Wake:
      exemplar_city: वेक
    America/Adak:
      exemplar_city: अडक
    America/Nome:
      exemplar_city: नोम
    America/Anchorage:
      exemplar_city: एंकरेज
    America/Yakutat:
      exemplar_city: याकूटाट
    America/Sitka:
      exemplar_city: सिट्का
    America/Juneau:
      exemplar_city: ज्यूनाउ
    America/Metlakatla:
      exemplar_city: मेट्लेकाट्ला
    America/Los_Angeles:
      exemplar_city: लॉस एंजिल्स
    America/Boise:
      exemplar_city: बॉइसी
    America/Phoenix:
      exemplar_city: प़ीनिक्स
    America/Denver:
      exemplar_city: डेनवर
    America/North_Dakota/Beulah:
      exemplar_city: ब्यूला, उतॉरॉ डकोटा
    America/North_Dakota/New_Salem:
      exemplar_city: न्यू सालेम, उतॉरॉ डकोटा
    America/North_Dakota/Center:
      exemplar_city: मादिनी उतॉरॉ डकोटा
    America/Chicago:
      exemplar_city: सिकागो
    America/Menominee:
      exemplar_city: मेनोमिनी
    America/Indiana/Vincennes:
      exemplar_city: विंसेनेस, इंडियाना
    America/Indiana/Petersburg:
      exemplar_city: पीटर्सबर्ग, इंडियाना
    America/Indiana/Tell_City:
      exemplar_city: टेल सिटी, इंडियाना
    America/Indiana/Knox:
      exemplar_city: नॉक्स, इंडियाना
    America/Indiana/Winamac:
      exemplar_city: विनामेक, इंडियाना
    America/Indiana/Marengo:
      exemplar_city: मारेंगो, इंडियाना
    America/Indianapolis:
      exemplar_city: इंडियानापोलिस
    America/Louisville:
      exemplar_city: लुइसविले
    America/Indiana/Vevay:
      exemplar_city: वेवे, इंडियाना
    America/Kentucky/Monticello:
      exemplar_city: मोंटीसेलो, केंटकी
    America/Detroit:
      exemplar_city: डेट्रॉयट
    America/New_York:
      exemplar_city: न्यूयॉर्क
    America/Montevideo:
      exemplar_city: मोंटेवीडियो
    Asia/Samarkand:
      exemplar_city: समरकंद
    Asia/Tashkent:
      exemplar_city: तासकंत
    Europe/Vatican:
      exemplar_city: वेटिकन
    America/St_Vincent:
      exemplar_city: सेंट विंसेंट
    America/Caracas:
      exemplar_city: काराकस
    America/Tortola:
      exemplar_city: टोर्टोला
    America/St_Thomas:
      exemplar_city: सेंट तॉमस
    Asia/Saigon:
      exemplar_city: हो ची मिन्ह सिटी
    Pacific/Efate:
      exemplar_city: एप़ेट
    Pacific/Wallis:
      exemplar_city: वालिस
    Pacific/Apia:
      exemplar_city: एपिया
    Asia/Aden:
      exemplar_city: आदेन
    Indian/Mayotte:
      exemplar_city: मायोत्ते
    Africa/Johannesburg:
      exemplar_city: जोहांसबर्ग
    Africa/Lusaka:
      exemplar_city: लुसाका
    Africa/Harare:
      exemplar_city: हरारे
  metazones:
    Afghanistan:
      long:
        standard: आपगानिस्तान बेला
    Africa_Central:
      long:
        standard: मादिनी आप्रिका बेला
    Africa_Eastern:
      long:
        standard: वेड़ा हॉपु आप्रिका बेला
    Africa_Southern:
      long:
        standard: दक्षिण आप्रिका मानांकॉ बेला
    Africa_Western:
      long:
        generic: पस्चिम आप्रिका बेला
        standard: पस्चिम आप्रिका मानांकॉ बेला
        daylight: पस्चिम आप्रिका काराँ मासा बेला
    Alaska:
      long:
        generic: अलास्का बेला
        standard: अलास्‍का मानांकॉ बेला
        daylight: अलास्‍का डेलाइट बेला
    Amazon:
      long:
        generic: अमेज़न बेला
        standard: अमेज़न मानांकॉ बेला
        daylight: अमेज़न काराँ मासा बेला
    America_Central:
      long:
        generic: मादिनी बेला
        standard: मादिनी मानांकॉ बेला
        daylight: मादिनी डेलाइट बेला
    America_Eastern:
      long:
        generic: वेड़ा हॉपु बेला
        standard: वेड़ा हॉपु मानांकॉ बेला
        daylight: वेड़ा हॉपु डेलाइट बेला
    America_Mountain:
      long:
        generic: हॉर्का बेला
        standard: हॉर्का मानांकॉ बेला
        daylight: हॉर्का डेलाइट बेला
    America_Pacific:
      long:
        generic: पेसिपिक बेला
        standard: पेसिपिक मानांकॉ बेला
        daylight: पेसिपिक डेलाइट बेला
    Apia:
      long:
        generic: एपिआ बेला
        standard: एपिआ मानांकॉ बेला
        daylight: एपिआ डेलाइट बेला
    Arabian:
      long:
        generic: अरब बेला
        standard: अरब मानांकॉ बेला
        daylight: अरब डेलाइट बेला
    Argentina:
      long:
        generic: अर्जेंटीना बेला
        standard: अर्जेंटीना मानांकॉ बेला
        daylight: अर्जेंटीना काराँ मासा बेला
    Argentina_Western:
      long:
        generic: वेड़ा कुण्पु अर्जेंटीना बेला
        standard: वेड़ा कुण्पु अर्जेंटीना मानांकॉ बेला
        daylight: वेड़ा कुण्पु अर्जेंटीना काराँ मासा बेला
    Armenia:
      long:
        generic: आर्मेनिया बेला
        standard: आर्मेनिया मानांकॉ बेला
        daylight: आर्मेनिया काराँ मासा बेला
    Atlantic:
      long:
        generic: अटलांटिक बेला
        standard: अटलांटिक मानांकॉ बेला
        daylight: अटलांटिक डेलाइट बेला
    Australia_Central:
      long:
        generic: मादिनी ऑस्ट्रेलियाति बेला
        standard: ऑस्‍ट्रेलियाति मादिनी मानांकॉ बेला
        daylight: ऑस्‍ट्रेलियाति मादिनी डेलाइट बेला
    Australia_CentralWestern:
      long:
        generic: ऑस्‍ट्रेलियाति मादिनी वेड़ा कुण्पु बेला
        standard: ऑस्‍ट्रेलियाति मादिनी वेड़ा कुण्पु मानांकॉ बेला
        daylight: ऑस्‍ट्रेलियाति मादिनी वेड़ा कुण्पु डेलाइट बेला
    Australia_Eastern:
      long:
        generic: वेड़ा हॉपु ऑस्ट्रेलिया बेला
        standard: ऑस्‍ट्रेलियाति वेड़ा हॉपु मानांकॉ बेला
        daylight: ऑस्‍ट्रेलियाति वेड़ा हॉपु डेलाइट बेला
    Australia_Western:
      long:
        generic: वेड़ा कुण्पु ऑस्ट्रेलिया बेला
        standard: ऑस्ट्रेलियाति वेड़ा कुण्पु मानांकॉ बेला
        daylight: ऑस्ट्रेलियाति वेड़ा कुण्पु डेलाइट बेला
    Azerbaijan:
      long:
        generic: अजरबाइजान बेला
        standard: अजरबाइजान मानांकॉ बेला
        daylight: अजरबाइजान काराँ मासा बेला
    Azores:
      long:
        generic: अज़ोरेस बेला
        standard: अज़ोरेस मानांकॉ बेला
        daylight: अज़ोरेस काराँ मासा बेला
    Bangladesh:
      long:
        generic: बांग्लादेस बेला
        standard: बांग्लादेस मानांकॉ बेला
        daylight: बांग्लादेस काराँ मासा बेला
    Bhutan:
      long:
        standard: बुटान बेला
    Bolivia:
      long:
        standard: बोलीविया बेला
    Brasilia:
      long:
        generic: ब्राज़ीलिया बेला
        standard: ब्राज़ीलिया मानांकॉ बेला
        daylight: ब्राज़ीलिया काराँ मासा बेला
    Brunei:
      long:
        standard: ब्रूनेति दारूस्सलम बेला
    Cape_Verde:
      long:
        generic: केप वर्ड बेला
        standard: केप वर्ड मानांकॉ बेला
        daylight: केप वर्ड काराँ मासा बेला
    Chamorro:
      long:
        standard: चामोरो मानांकॉ बेला
    Chatham:
      long:
        generic: च्याताम बेला
        standard: च्याताम मानांकॉ बेला
        daylight: च्याताम डेलाइट बेला
    Chile:
      long:
        generic: चिली बेला
        standard: चिली मानांकॉ बेला
        daylight: चिली काराँ मासा बेला
    China:
      long:
        generic: चीन बेला
        standard: चीन मानांकॉ बेला
        daylight: चीन डेलाइट बेला
    Christmas:
      long:
        standard: क्रिसमस द्वीप बेला
    Cocos:
      long:
        standard: कोकोस द्वीप बेला
    Colombia:
      long:
        generic: कोलंबिया बेला
        standard: कोलंबिया मानांकॉ बेला
        daylight: कोलंबिया काराँ मासा बेला
    Cook:
      long:
        generic: कुक द्वीप बेला
        standard: कुक द्वीप मानांकॉ बेला
        daylight: कुक द्वीप आधा काराँ मासा बेला
    Cuba:
      long:
        generic: क्यूबा बेला
        standard: क्यूबा मानांकॉ बेला
        daylight: क्यूबा डेलाइट बेला
    Davis:
      long:
        standard: डेविस बेला
    DumontDUrville:
      long:
        standard: ड्यूमोंट डी अर्विले बेला
    East_Timor:
      long:
        standard: वेड़ा हॉपु तिमोर बेला
    Easter:
      long:
        generic: ईस्टर द्वीप बेला
        standard: ईस्टर द्वीप मानांकॉ बेला
        daylight: ईस्टर द्वीप काराँ मासा बेला
    Ecuador:
      long:
        standard: इक्वाडोर बेला
    Europe_Central:
      long:
        generic: मादिनी युरोप-ति बेला
        standard: मादिनी युरोप-ति मानांकॉ बेला
        daylight: मादिनी युरोप-ति काराँ मासा बेला
    Europe_Eastern:
      long:
        generic: वेड़ा हॉपु युरोप-ति बेला
        standard: वेड़ा हॉपु युरोप-ति मानांकॉ बेला
        daylight: वेड़ा हॉपु युरोप-ति काराँ मासा बेला
    Europe_Further_Eastern:
      long:
        standard: ऑरॉ वेड़ा हॉपु युरोप-ति बेला
    Europe_Western:
      long:
        generic: वेड़ा कुण्पु युरोप-ति बेला
        standard: वेड़ा कुण्पु युरोप-ति मानांकॉ बेला
        daylight: वेड़ा कुण्पु युरोप-ति काराँ मासा बेला
    Falkland:
      long:
        generic: पाक -लेंड द्वीप बेला
        standard: पाक -लेंड द्वीप मानांकॉ बेला
        daylight: पाक -लेंड द्वीप काराँ मासा बेला
    Fiji:
      long:
        generic: प़िजी बेला
        standard: प़िजी मानांकॉ बेला
        daylight: प़िजी काराँ मासा बेला
    French_Guiana:
      long:
        standard: प़्रेंच गुयाना बेला
    French_Southern:
      long:
        standard: दॉकिणॉ प़्रांस ऑड़े अंटार्कटिक बेला
    Galapagos:
      long:
        standard: ग्यालापागोस ति बेला
    Gambier:
      long:
        standard: ग्याम्बीयर बेला
    Georgia:
      long:
        generic: जॉर्जिया बेला
        standard: जॉर्जिया मानांकॉ बेला
        daylight: जॉर्जिया काराँ मासा बेला
    Gilbert_Islands:
      long:
        standard: गिल्बर्ट द्वीप बेला
    GMT:
      long:
        standard: ग्रीनविच मीन बेला
    Greenland_Eastern:
      long:
        generic: वेड़ा हॉपु ग्रीनलेंड बेला
        standard: वेड़ा हॉपु ग्रीनलेंड मानांकॉ बेला
        daylight: वेड़ा हॉपु ग्रीनलेंड काराँ मासा बेला
    Greenland_Western:
      long:
        generic: वेड़ा कुण्पु ग्रीनलेंड बेला
        standard: वेड़ा कुण्पु ग्रीनलेंड मानांकॉ बेला
        daylight: वेड़ा कुण्पु ग्रीनलेंड काराँ मासा बेला
    Gulf:
      long:
        standard: गल्प मानांकॉ बेला
    Guyana:
      long:
        standard: गुयाना बेला
    Hawaii_Aleutian:
      long:
        generic: हवाति–आल्यूसन बेला
        standard: हवाति–आल्यूसन मानांकॉ बेला
        daylight: हवाति–आल्यूसन डेलाइट बेला
    Hong_Kong:
      long:
        generic: हाँग काँग बेला
        standard: हाँग काँग मानांकॉ बेला
        daylight: हाँग काँग काराँ मासा बेला
    Hovd:
      long:
        generic: होव्ड बेला
        standard: होव्ड मानांकॉ बेला
        daylight: होव्ड काराँ मासा बेला
    India:
      long:
        standard: बारतीय मानांकॉ बेला
    Indian_Ocean:
      long:
        standard: बारॉत काजा सामुद्री बेला
    Indochina:
      long:
        standard: इंडोचाइना बेला
    Indonesia_Central:
      long:
        standard: मध्य इंडोनेसिया बेला
    Indonesia_Eastern:
      long:
        standard: वेड़ा हॉपु इंडोनेसिया बेला
    Indonesia_Western:
      long:
        standard: वेड़ा कुण्पु इंडोनेसिया बेला
    Iran:
      long:
        generic: इरान बेला
        standard: इरान मानांकॉ बेला
        daylight: तिरान डेलाइट बेला
    Irkutsk:
      long:
        generic: इर्कुत्स्क बेला
        standard: इर्कुत्स्क मानांकॉ बेला
        daylight: इर्कुत्स्क काराँ मासा बेला
    Israel:
      long:
        generic: इज़राइल बेला
        standard: इज़राइल मानांकॉ बेला
        daylight: इज़राइल डेलाइट बेला
    Japan:
      long:
        generic: जापान बेला
        standard: जापान मानांकॉ बेला
        daylight: जापान डेलाइट बेला
    Kazakhstan:
      long:
        standard: कज़ाकस्तान बेला
    Kazakhstan_Eastern:
      long:
        standard: वेड़ा हॉपु कज़ाकस्तान बेला
    Kazakhstan_Western:
      long:
        standard: वेड़ा कुण्पु कज़ाकस्तान बेला
    Korea:
      long:
        generic: कोरियाति बेला
        standard: कोरियाति मानांकॉ बेला
        daylight: कोरियाति डेलाइट बेला
    Kosrae:
      long:
        standard: कोसराए बेला
    Krasnoyarsk:
      long:
        generic: क्रास्नोयार्स्क बेला
        standard: क्रास्नोयार्स्क मानांकॉ बेला
        daylight: क्रास्नोयार्स्क काराँ मासा बेला
    Kyrgystan:
      long:
        standard: किर्गिस्‍तान बेला
    Line_Islands:
      long:
        standard: लाइन द्वीप बेला
    Lord_Howe:
      long:
        generic: लॉर्ड होवे बेला
        standard: लॉर्ड होवे मानांकॉ बेला
        daylight: लॉर्ड होवे डेलाइट बेला
    Magadan:
      long:
        generic: मागादान बेला
        standard: मागादान मानांकॉ बेला
        daylight: मागादान काराँ मासा बेला
    Malaysia:
      long:
        standard: मलेसिया बेला
    Maldives:
      long:
        standard: मालदीव बेला
    Marquesas:
      long:
        standard: मार्केसस बेला
    Marshall_Islands:
      long:
        standard: मार्सल द्वीप बेला
    Mauritius:
      long:
        generic: मॉरीसस बेला
        standard: मॉरीसस मानांकॉ बेला
        daylight: मॉरीसस काराँ मासा बेला
    Mawson:
      long:
        standard: माव्सन बेला
    Mexico_Pacific:
      long:
        generic: मेक्सिकोति पेसिपिक बेला
        standard: मेक्सिकोति पेसिपिक मानांकॉ बेला
        daylight: मेक्सिकोति पेसिपिक डेलाइट बेला
    Mongolia:
      long:
        generic: उलान बटोर बेला
        standard: उलान बटोर मानांकॉ बेला
        daylight: उलान बटोर काराँ मासा बेला
    Moscow:
      long:
        generic: मॉस्को बेला
        standard: मॉस्को मानांकॉ बेला
        daylight: मॉस्को काराँ मासा बेला
    Myanmar:
      long:
        standard: म्यांमार बेला
    Nauru:
      long:
        standard: नॉउरु बेला
    Nepal:
      long:
        standard: नेपाल बेला
    New_Caledonia:
      long:
        generic: न्यू केलेडोनिया बेला
        standard: न्यू केलेडोनिया मानांकॉ बेला
        daylight: न्यू केलेडोनिया काराँ मासा बेला
    New_Zealand:
      long:
        generic: न्यूज़ीलेंड बेला
        standard: न्यूज़ीलेंड मानांकॉ बेला
        daylight: न्यूज़ीलेंड डेलाइट बेला
    Newfoundland:
      long:
        generic: न्यूप़ाउंडलेंड बेला
        standard: न्यूप़ाउंडलेंड मानांकॉ बेला
        daylight: न्यूप़ाउंडलेंड डेलाइट बेला
    Niue:
      long:
        standard: नीयू बेला
    Norfolk:
      long:
        generic: नॉरप़ॉक द्वीप बेला
        standard: नॉरप़ॉक द्वीप मानांकॉ बेला
        daylight: नॉरप़ॉक द्वीप डेलाइट बेला
    Noronha:
      long:
        generic: प़र्नांर्डो डे नोरोन्हा बेला
        standard: प़र्नांर्डो डे नोरोन्हा मानांकॉ बेला
        daylight: प़र्नांर्डो डे नोरोन्हा काराँ मासा बेला
    Novosibirsk:
      long:
        generic: नोवोसिबिर्स्क बेला
        standard: नोवोसिबिर्स्क मानांकॉ बेला
        daylight: नोवोसिबिर्स्क काराँ मासा बेला
    Omsk:
      long:
        generic: ओम्स्क बेला
        standard: ओम्स्क मानांकॉ बेला
        daylight: ओम्स्क काराँ मासा बेला
    Pakistan:
      long:
        generic: पाकिस्तान बेला
        standard: पाकिस्तान मानांकॉ बेला
        daylight: पाकिस्तान काराँ मासा बेला
    Palau:
      long:
        standard: पलाउ बेला
    Papua_New_Guinea:
      long:
        standard: पापुआ न्यू गिनी बेला
    Paraguay:
      long:
        generic: पैराग्वे बेला
        standard: पैराग्वे मानांकॉ बेला
        daylight: पैराग्वे काराँ मासा बेला
    Peru:
      long:
        generic: पेरू बेला
        standard: पेरू मानांकॉ बेला
        daylight: पेरू काराँ मासा बेला
    Philippines:
      long:
        generic: प़िलिपीन बेला
        standard: प़िलिपीन मानांकॉ बेला
        daylight: प़िलिपीन काराँ मासा बेला
    Phoenix_Islands:
      long:
        standard: प़ीनिक्स द्वीप बेला
    Pierre_Miquelon:
      long:
        generic: सेंट पिएरे ऑड़े मिक्वेलान बेला
        standard: सेंट पिएरे ऑड़े मिक्वेलान मानांकॉ बेला
        daylight: सेंट पिएरे ऑड़े मिक्वेलान डेलाइट बेला
    Pitcairn:
      long:
        standard: पिटकेर्न बेला
    Ponape:
      long:
        standard: पोनापे बेला
    Pyongyang:
      long:
        standard: प्योंगयांग बेला
    Reunion:
      long:
        standard: रीयूनियन बेला
    Rothera:
      long:
        standard: रोथेरा बेला
    Sakhalin:
      long:
        generic: सकालिन बेला
        standard: सकालिन मानांकॉ बेला
        daylight: सकालिन काराँ मासा बेला
    Samoa:
      long:
        generic: समोआ बेला
        standard: समोआ मानांकॉ बेला
        daylight: समोआ डेलाइट बेला
    Seychelles:
      long:
        standard: सेसेल्स बेला
    Singapore:
      long:
        standard: सिंगापुर बेला
    Solomon:
      long:
        standard: सोलोमन द्वीप बेला
    South_Georgia:
      long:
        standard: दक्षिणी जॉर्जिया बेला
    Suriname:
      long:
        standard: सूरीनाम बेला
    Syowa:
      long:
        standard: स्योवा बेला
    Tahiti:
      long:
        standard: ताहिती बेला
    Taipei:
      long:
        generic: ताइपे बेला
        standard: ताइपे मानांकॉ बेला
        daylight: ताइपे डेलाइट बेला
    Tajikistan:
      long:
        standard: ताजिकिस्तान बेला
    Tokelau:
      long:
        standard: टोकेलाऊ बेला
    Tonga:
      long:
        generic: टोंगा बेला
        standard: टोंगा मानांकॉ बेला
        daylight: टोंगा काराँ मासा बेला
    Truk:
      long:
        standard: चुक बेला
    Turkmenistan:
      long:
        generic: तुर्कमेनिस्तान बेला
        standard: तुर्कमेनिस्तान मानांकॉ बेला
        daylight: तुर्कमेनिस्तान काराँ मासा बेला
    Tuvalu:
      long:
        standard: तुवालू बेला
    Uruguay:
      long:
        generic: उरुग्वे बेला
        standard: उरुग्वे मानांकॉ बेला
        daylight: उरुग्वे काराँ मासा बेला
    Uzbekistan:
      long:
        generic: उज़्बेकिस्तान बेला
        standard: उज़्बेकिस्तान मानांकॉ बेला
        daylight: उज़्बेकिस्तान काराँ मासा बेला
    Vanuatu:
      long:
        generic: वनुआतू बेला
        standard: वनुआतू मानांकॉ बेला
        daylight: वनुआतू काराँ मासा बेला
    Venezuela:
      long:
        standard: वेनेज़ुएला बेला
    Vladivostok:
      long:
        generic: व्लादिवोस्तोक बेला
        standard: व्लादिवोस्तोक मानांकॉ बेला
        daylight: व्लादिवोस्तोक काराँ मासा बेला
    Volgograd:
      long:
        generic: वोल्गोग्राड बेला
        standard: वोल्गोग्राड मानांकॉ बेला
        daylight: वोल्गोग्राड काराँ मासा बेला
    Vostok:
      long:
        standard: वोस्तोक बेला
    Wake:
      long:
        standard: वेक द्वीप बेला
    Wallis:
      long:
        standard: वालिस ऑड़े प़्यूचूना बेला
    Yakutsk:
      long:
        generic: याकुत्स्क बेला
        standard: याकुत्स्क मानांकॉ बेला
        daylight: याकुत्स्क काराँ मासा बेला
    Yekaterinburg:
      long:
        generic: येकातेरिनबर्ग बेला
        standard: येकातेरिनबर्ग मानांकॉ बेला
        daylight: येकातेरिनबर्ग काराँ मासा बेला
