---
locale: zu
generated_at: '2025-09-15T06:26:58Z'
cldr_version: '46'
timezone_names:
  formats:
    region_format: Isikhathi sase-{0}
    region_format_daylight: "{0} Isikhathi sasemini"
    region_format_standard: "{0} isikhathi esivamile"
  zones:
    Pacific/Honolulu:
      exemplar_city: i-Honolulu
    Etc/UTC:
      long:
        standard: isikhathi somhlaba esididiyelwe
    Etc/Unknown:
      exemplar_city: idolobha elingaziwa
    Europe/Andorra:
      exemplar_city: i-Andorra
    Asia/Dubai:
      exemplar_city: i-Dubai
    Asia/Kabul:
      exemplar_city: i-Kabul
    America/Antigua:
      exemplar_city: i-Antigua
    America/Anguilla:
      exemplar_city: i-Anguilla
    Europe/Tirane:
      exemplar_city: i-Tirane
    Asia/Yerevan:
      exemplar_city: i-Yerevan
    Africa/Luanda:
      exemplar_city: i-Luanda
    Antarctica/Rothera:
      exemplar_city: i-Rothera
    Antarctica/Palmer:
      exemplar_city: i-Palmer
    Antarctica/Troll:
      exemplar_city: i-Troll
    Antarctica/Syowa:
      exemplar_city: i-Syowa
    Antarctica/Mawson:
      exemplar_city: i-Mawson
    Antarctica/Davis:
      exemplar_city: i-Davis
    Antarctica/Vostok:
      exemplar_city: i-Vostok
    Antarctica/Casey:
      exemplar_city: i-Casey
    Antarctica/DumontDUrville:
      exemplar_city: i-Dumont d’Urville
    Antarctica/McMurdo:
      exemplar_city: i-McMurdo
    America/Argentina/Rio_Gallegos:
      exemplar_city: i-Rio Gallegos
    America/Mendoza:
      exemplar_city: i-Mendoza
    America/Argentina/San_Juan:
      exemplar_city: i-San Juan
    America/Argentina/Ushuaia:
      exemplar_city: i-Ushuaia
    America/Argentina/La_Rioja:
      exemplar_city: i-La Rioja
    America/Argentina/San_Luis:
      exemplar_city: i-San Luis
    America/Catamarca:
      exemplar_city: i-Catamarca
    America/Argentina/Salta:
      exemplar_city: i-Salta
    America/Jujuy:
      exemplar_city: i-Jujuy
    America/Argentina/Tucuman:
      exemplar_city: i-Tucuman
    America/Cordoba:
      exemplar_city: i-Cordoba
    America/Buenos_Aires:
      exemplar_city: i-Buenos Aires
    Pacific/Pago_Pago:
      exemplar_city: i-Pago Pago
    Europe/Vienna:
      exemplar_city: i-Vienna
    Australia/Perth:
      exemplar_city: i-Perth
    Australia/Eucla:
      exemplar_city: i-Eucla
    Australia/Darwin:
      exemplar_city: i-Darwin
    Australia/Adelaide:
      exemplar_city: i-Adelaide
    Australia/Broken_Hill:
      exemplar_city: i-Broken Hill
    Australia/Melbourne:
      exemplar_city: i-Melbourne
    Australia/Hobart:
      exemplar_city: i-Hobart
    Australia/Lindeman:
      exemplar_city: i-Lindeman
    Australia/Sydney:
      exemplar_city: i-Sydney
    Australia/Brisbane:
      exemplar_city: i-Brisbane
    Antarctica/Macquarie:
      exemplar_city: i-Macquarie
    Australia/Lord_Howe:
      exemplar_city: i-Lord Howe
    America/Aruba:
      exemplar_city: i-Aruba
    Europe/Mariehamn:
      exemplar_city: i-Mariehamn
    Asia/Baku:
      exemplar_city: i-Baku
    Europe/Sarajevo:
      exemplar_city: i-Sarajevo
    America/Barbados:
      exemplar_city: i-Barbados
    Asia/Dhaka:
      exemplar_city: i-Dhaka
    Europe/Brussels:
      exemplar_city: i-Brussels
    Africa/Ouagadougou:
      exemplar_city: i-Ouagadougou
    Europe/Sofia:
      exemplar_city: i-Sofia
    Asia/Bahrain:
      exemplar_city: i-Bahrain
    Africa/Bujumbura:
      exemplar_city: i-Bujumbura
    Africa/Porto-Novo:
      exemplar_city: i-Porto-Novo
    America/St_Barthelemy:
      exemplar_city: i-St. Barthélemy
    Atlantic/Bermuda:
      exemplar_city: i-Bermuda
    Asia/Brunei:
      exemplar_city: i-Brunei
    America/La_Paz:
      exemplar_city: i-La Paz
    America/Kralendijk:
      exemplar_city: i-Kralendijk
    America/Eirunepe:
      exemplar_city: i-Eirunepe
    America/Rio_Branco:
      exemplar_city: i-Rio Branco
    America/Porto_Velho:
      exemplar_city: i-Porto Velho
    America/Boa_Vista:
      exemplar_city: i-Boa Vista
    America/Manaus:
      exemplar_city: i-Manaus
    America/Cuiaba:
      exemplar_city: i-Cuiaba
    America/Santarem:
      exemplar_city: i-Santarem
    America/Campo_Grande:
      exemplar_city: i-Campo Grande
    America/Belem:
      exemplar_city: i-Belem
    America/Araguaina:
      exemplar_city: i-Araguaina
    America/Sao_Paulo:
      exemplar_city: i-Sao Paulo
    America/Bahia:
      exemplar_city: i-Bahia
    America/Fortaleza:
      exemplar_city: i-Fortaleza
    America/Maceio:
      exemplar_city: i-Maceio
    America/Recife:
      exemplar_city: i-Recife
    America/Noronha:
      exemplar_city: i-Noronha
    America/Nassau:
      exemplar_city: i-Nassau
    Asia/Thimphu:
      exemplar_city: i-Thimphu
    Africa/Gaborone:
      exemplar_city: i-Gaborone
    Europe/Minsk:
      exemplar_city: i-Minsk
    America/Belize:
      exemplar_city: i-Belize
    America/Dawson:
      exemplar_city: i-Dawson
    America/Whitehorse:
      exemplar_city: i-Whitehorse
    America/Inuvik:
      exemplar_city: i-Inuvik
    America/Vancouver:
      exemplar_city: i-Vancouver
    America/Fort_Nelson:
      exemplar_city: i-Fort Nelson
    America/Dawson_Creek:
      exemplar_city: i-Dawson Creek
    America/Creston:
      exemplar_city: i-Creston
    America/Edmonton:
      exemplar_city: i-Edmonton
    America/Swift_Current:
      exemplar_city: i-Swift Current
    America/Cambridge_Bay:
      exemplar_city: i-Cambridge Bay
    America/Regina:
      exemplar_city: i-Regina
    America/Winnipeg:
      exemplar_city: i-Winnipeg
    America/Resolute:
      exemplar_city: i-Resolute
    America/Rankin_Inlet:
      exemplar_city: i-Rankin Inlet
    America/Coral_Harbour:
      exemplar_city: i-Atikokan
    America/Toronto:
      exemplar_city: i-Toronto
    America/Iqaluit:
      exemplar_city: i-Iqaluit
    America/Moncton:
      exemplar_city: i-Moncton
    America/Halifax:
      exemplar_city: i-Halifax
    America/Goose_Bay:
      exemplar_city: i-Goose Bay
    America/Glace_Bay:
      exemplar_city: i-Glace Bay
    America/Blanc-Sablon:
      exemplar_city: i-Blanc-Sablon
    America/St_Johns:
      exemplar_city: i-St. John’s
    Indian/Cocos:
      exemplar_city: i-Cocos
    Africa/Kinshasa:
      exemplar_city: i-Kinshasa
    Africa/Lubumbashi:
      exemplar_city: i-Lubumbashi
    Africa/Bangui:
      exemplar_city: i-Bangui
    Africa/Brazzaville:
      exemplar_city: i-Brazzaville
    Europe/Zurich:
      exemplar_city: i-Zurich
    Africa/Abidjan:
      exemplar_city: i-Abidjan
    Pacific/Rarotonga:
      exemplar_city: i-Rarotonga
    Pacific/Easter:
      exemplar_city: i-Easter
    America/Punta_Arenas:
      exemplar_city: i-Punta Arenas
    America/Santiago:
      exemplar_city: i-Santiago
    Africa/Douala:
      exemplar_city: i-Douala
    Asia/Urumqi:
      exemplar_city: i-Urumqi
    Asia/Shanghai:
      exemplar_city: i-Shanghai
    America/Bogota:
      exemplar_city: i-Bogota
    America/Costa_Rica:
      exemplar_city: i-Costa Rica
    America/Havana:
      exemplar_city: i-Havana
    Atlantic/Cape_Verde:
      exemplar_city: i-Cape Verde
    America/Curacao:
      exemplar_city: i-Curaçao
    Indian/Christmas:
      exemplar_city: Ukhisimusi
    Asia/Nicosia:
      exemplar_city: i-Nicosia
    Europe/Prague:
      exemplar_city: i-Prague
    Europe/Busingen:
      exemplar_city: i-Busingen
    Europe/Berlin:
      exemplar_city: i-Berlin
    Africa/Djibouti:
      exemplar_city: i-Djibouti
    Europe/Copenhagen:
      exemplar_city: i-Copenhagen
    America/Dominica:
      exemplar_city: i-Dominica
    America/Santo_Domingo:
      exemplar_city: i-Santo Domingo
    Africa/Algiers:
      exemplar_city: i-Algiers
    Pacific/Galapagos:
      exemplar_city: i-Galapagos
    America/Guayaquil:
      exemplar_city: i-Guayaquil
    Europe/Tallinn:
      exemplar_city: i-Tallinn
    Africa/Cairo:
      exemplar_city: i-Cairo
    Africa/El_Aaiun:
      exemplar_city: i-El Aaiun
    Africa/Asmera:
      exemplar_city: i-Asmara
    Atlantic/Canary:
      exemplar_city: i-Canary
    Africa/Ceuta:
      exemplar_city: i-Ceuta
    Europe/Madrid:
      exemplar_city: i-Madrid
    Africa/Addis_Ababa:
      exemplar_city: i-Addis Ababa
    Europe/Helsinki:
      exemplar_city: i-Helsinki
    Pacific/Fiji:
      exemplar_city: i-Fiji
    Atlantic/Stanley:
      exemplar_city: i-Stanley
    Pacific/Truk:
      exemplar_city: i-Chuuk
    Pacific/Ponape:
      exemplar_city: i-Pohnpei
    Pacific/Kosrae:
      exemplar_city: i-Kosrae
    Atlantic/Faeroe:
      exemplar_city: i-Faroe
    Europe/Paris:
      exemplar_city: i-Paris
    Africa/Libreville:
      exemplar_city: i-Libreville
    Europe/London:
      exemplar_city: i-London
      long:
        daylight: isikhathi sase-British sasehlobo
    America/Grenada:
      exemplar_city: i-Grenada
    Asia/Tbilisi:
      exemplar_city: i-Tbilisi
    America/Cayenne:
      exemplar_city: i-Cayenne
    Europe/Guernsey:
      exemplar_city: i-Guernsey
    Africa/Accra:
      exemplar_city: i-Accra
    Europe/Gibraltar:
      exemplar_city: i-Gibraltar
    America/Thule:
      exemplar_city: i-Thule
    America/Godthab:
      exemplar_city: i-Nuuk
    America/Scoresbysund:
      exemplar_city: i-Ittoqqortoormiit
    America/Danmarkshavn:
      exemplar_city: i-Danmarkshavn
    Africa/Banjul:
      exemplar_city: i-Banjul
    Africa/Conakry:
      exemplar_city: i-Conakry
    America/Guadeloupe:
      exemplar_city: i-Guadeloupe
    Africa/Malabo:
      exemplar_city: iMalabo
    Europe/Athens:
      exemplar_city: i-Athens
    Atlantic/South_Georgia:
      exemplar_city: i-South Georgia
    America/Guatemala:
      exemplar_city: i-Guatemala
    Pacific/Guam:
      exemplar_city: i-Guam
    Africa/Bissau:
      exemplar_city: i-Bissau
    America/Guyana:
      exemplar_city: i-Guyana
    Asia/Hong_Kong:
      exemplar_city: i-Hong Kong
    America/Tegucigalpa:
      exemplar_city: i-Tegucigalpa
    Europe/Zagreb:
      exemplar_city: i-Zagreb
    America/Port-au-Prince:
      exemplar_city: i-Port-au-Prince
    Europe/Budapest:
      exemplar_city: i-Budapest
    Asia/Jakarta:
      exemplar_city: i-Jakarta
    Asia/Pontianak:
      exemplar_city: i-Pontianak
    Asia/Makassar:
      exemplar_city: i-Makassar
    Asia/Jayapura:
      exemplar_city: i-Jayapura
    Europe/Dublin:
      exemplar_city: i-Dublin
      long:
        daylight: isikhathi sase-Irish esivamile
    Asia/Jerusalem:
      exemplar_city: i-Jerusalem
    Europe/Isle_of_Man:
      exemplar_city: i-Isle of Man
    Asia/Calcutta:
      exemplar_city: i-Kolkata
    Indian/Chagos:
      exemplar_city: i-Chagos
    Asia/Baghdad:
      exemplar_city: i-Baghdad
    Asia/Tehran:
      exemplar_city: i-Tehran
    Atlantic/Reykjavik:
      exemplar_city: i-Reykjavik
    Europe/Rome:
      exemplar_city: i-Rome
    Europe/Jersey:
      exemplar_city: i-Jersey
    America/Jamaica:
      exemplar_city: i-Jamaica
    Asia/Amman:
      exemplar_city: i-Amman
    Asia/Tokyo:
      exemplar_city: i-Tokyo
    Africa/Nairobi:
      exemplar_city: i-Nairobi
    Asia/Bishkek:
      exemplar_city: i-Bishkek
    Asia/Phnom_Penh:
      exemplar_city: i-Phnom Penh
    Pacific/Enderbury:
      exemplar_city: i-Enderbury
    Pacific/Kiritimati:
      exemplar_city: i-Kiritimati
    Pacific/Tarawa:
      exemplar_city: i-Tarawa
    Indian/Comoro:
      exemplar_city: i-Comoro
    America/St_Kitts:
      exemplar_city: i-St. Kitts
    Asia/Pyongyang:
      exemplar_city: i-Pyongyang
    Asia/Seoul:
      exemplar_city: i-Seoul
    Asia/Kuwait:
      exemplar_city: i-Kuwait
    America/Cayman:
      exemplar_city: i-Cayman
    Asia/Aqtau:
      exemplar_city: i-Aqtau
    Asia/Oral:
      exemplar_city: i-Oral
    Asia/Aqtobe:
      exemplar_city: i-Aqtobe
    Asia/Qostanay:
      exemplar_city: I-Kostanay
    Asia/Qyzylorda:
      exemplar_city: i-Qyzylorda
    Asia/Almaty:
      exemplar_city: i-Almaty
    Asia/Vientiane:
      exemplar_city: i-Vientiane
    Asia/Beirut:
      exemplar_city: i-Beirut
    America/St_Lucia:
      exemplar_city: I-St. Lucia
    Europe/Vaduz:
      exemplar_city: i-Vaduz
    Asia/Colombo:
      exemplar_city: i-Colombo
    Africa/Monrovia:
      exemplar_city: i-Monrovia
    Africa/Maseru:
      exemplar_city: iMaseru
    Europe/Vilnius:
      exemplar_city: i-Vilnius
    Europe/Luxembourg:
      exemplar_city: i-Luxembourg
    Europe/Riga:
      exemplar_city: i-Riga
    Africa/Tripoli:
      exemplar_city: i-Tripoli
    Africa/Casablanca:
      exemplar_city: i-Casablanca
    Europe/Monaco:
      exemplar_city: i-Monaco
    Europe/Chisinau:
      exemplar_city: i-Chisinau
    Europe/Podgorica:
      exemplar_city: i-Podgorica
    America/Marigot:
      exemplar_city: i-Marigot
    Indian/Antananarivo:
      exemplar_city: i-Antananarivo
    Pacific/Kwajalein:
      exemplar_city: i-Kwajalein
    Pacific/Majuro:
      exemplar_city: i-Majuro
    Europe/Skopje:
      exemplar_city: i-Skopje
    Africa/Bamako:
      exemplar_city: i-Bamako
    Asia/Rangoon:
      exemplar_city: i-Rangoon
    Asia/Hovd:
      exemplar_city: i-Hovd
    Asia/Ulaanbaatar:
      exemplar_city: i-Ulaanbaatar
    Asia/Macau:
      exemplar_city: i-Macau
    Pacific/Saipan:
      exemplar_city: i-Saipan
    America/Martinique:
      exemplar_city: i-Martinique
    Africa/Nouakchott:
      exemplar_city: i-Nouakchott
    America/Montserrat:
      exemplar_city: i-Montserrat
    Europe/Malta:
      exemplar_city: i-Malta
    Indian/Mauritius:
      exemplar_city: i-Mauritius
    Indian/Maldives:
      exemplar_city: i-Maldives
    Africa/Blantyre:
      exemplar_city: i-Blantyre
    America/Tijuana:
      exemplar_city: i-Tijuana
    America/Hermosillo:
      exemplar_city: i-Hermosillo
    America/Mazatlan:
      exemplar_city: i-Mazatlan
    America/Chihuahua:
      exemplar_city: i-Chihuahua
    America/Bahia_Banderas:
      exemplar_city: i-Bahia Banderas
    America/Ojinaga:
      exemplar_city: i-Ojinaga
    America/Monterrey:
      exemplar_city: i-Monterrey
    America/Mexico_City:
      exemplar_city: i-Mexico City
    America/Matamoros:
      exemplar_city: i-Matamoros
    America/Merida:
      exemplar_city: i-Merida
    America/Cancun:
      exemplar_city: i-Cancun
    Asia/Kuala_Lumpur:
      exemplar_city: i-Kuala Lumpur
    Asia/Kuching:
      exemplar_city: i-Kuching
    Africa/Maputo:
      exemplar_city: iMaputo
    Africa/Windhoek:
      exemplar_city: i-Windhoek
    Pacific/Noumea:
      exemplar_city: i-Noumea
    Africa/Niamey:
      exemplar_city: i-Niamey
    Pacific/Norfolk:
      exemplar_city: i-Norfolk
    Africa/Lagos:
      exemplar_city: i-Lagos
    America/Managua:
      exemplar_city: i-Managua
    Europe/Amsterdam:
      exemplar_city: i-Amsterdam
    Europe/Oslo:
      exemplar_city: i-Oslo
    Asia/Katmandu:
      exemplar_city: i-Kathmandu
    Pacific/Nauru:
      exemplar_city: i-Nauru
    Pacific/Niue:
      exemplar_city: i-Niue
    Pacific/Chatham:
      exemplar_city: i-Chatham
    Pacific/Auckland:
      exemplar_city: i-Auckland
    Asia/Muscat:
      exemplar_city: i-Muscat
    America/Panama:
      exemplar_city: i-Panama
    America/Lima:
      exemplar_city: i-Lima
    Pacific/Tahiti:
      exemplar_city: i-Tahiti
    Pacific/Marquesas:
      exemplar_city: i-Marquesas
    Pacific/Gambier:
      exemplar_city: i-Gambier
    Pacific/Port_Moresby:
      exemplar_city: i-Port Moresby
    Pacific/Bougainville:
      exemplar_city: i-Bougainville
    Asia/Manila:
      exemplar_city: i-Manila
    Asia/Karachi:
      exemplar_city: i-Karachi
    Europe/Warsaw:
      exemplar_city: i-Warsaw
    America/Miquelon:
      exemplar_city: i-Miquelon
    Pacific/Pitcairn:
      exemplar_city: i-Pitcairn
    America/Puerto_Rico:
      exemplar_city: i-Puerto Rico
    Asia/Gaza:
      exemplar_city: iGaza
    Asia/Hebron:
      exemplar_city: i-Hebron
    Atlantic/Azores:
      exemplar_city: i-Azores
    Atlantic/Madeira:
      exemplar_city: i-Madeira
    Europe/Lisbon:
      exemplar_city: i-Lisbon
    Pacific/Palau:
      exemplar_city: i-Palau
    America/Asuncion:
      exemplar_city: i-Asunción
    Asia/Qatar:
      exemplar_city: i-Qatar
    Indian/Reunion:
      exemplar_city: i-Réunion
    Europe/Bucharest:
      exemplar_city: i-Bucharest
    Europe/Belgrade:
      exemplar_city: i-Belgrade
    Europe/Kaliningrad:
      exemplar_city: i-Kaliningrad
    Europe/Moscow:
      exemplar_city: i-Moscow
    Europe/Volgograd:
      exemplar_city: i-Volgograd
    Europe/Saratov:
      exemplar_city: i-Saratov
    Europe/Astrakhan:
      exemplar_city: i-Astrakhan
    Europe/Ulyanovsk:
      exemplar_city: i-Ulyanovsk
    Europe/Kirov:
      exemplar_city: i-Kirov
    Europe/Samara:
      exemplar_city: i-Samara
    Asia/Yekaterinburg:
      exemplar_city: i-Yekaterinburg
    Asia/Omsk:
      exemplar_city: i-Omsk
    Asia/Novosibirsk:
      exemplar_city: i-Novosibirsk
    Asia/Barnaul:
      exemplar_city: i-Barnaul
    Asia/Tomsk:
      exemplar_city: i-Tomsk
    Asia/Novokuznetsk:
      exemplar_city: i-Novokuznetsk
    Asia/Krasnoyarsk:
      exemplar_city: i-Krasnoyarsk
    Asia/Irkutsk:
      exemplar_city: i-Irkutsk
    Asia/Chita:
      exemplar_city: i-Chita
    Asia/Yakutsk:
      exemplar_city: i-Yakutsk
    Asia/Vladivostok:
      exemplar_city: i-Vladivostok
    Asia/Khandyga:
      exemplar_city: i-Khandyga
    Asia/Sakhalin:
      exemplar_city: i-Sakhalin
    Asia/Ust-Nera:
      exemplar_city: i-Ust-Nera
    Asia/Magadan:
      exemplar_city: i-Magadan
    Asia/Srednekolymsk:
      exemplar_city: i-Srednekolymsk
    Asia/Kamchatka:
      exemplar_city: i-Kamchatka
    Asia/Anadyr:
      exemplar_city: i-Anadyr
    Africa/Kigali:
      exemplar_city: i-Kigali
    Asia/Riyadh:
      exemplar_city: i-Riyadh
    Pacific/Guadalcanal:
      exemplar_city: i-Guadalcanal
    Indian/Mahe:
      exemplar_city: iMahe
    Africa/Khartoum:
      exemplar_city: i-Khartoum
    Europe/Stockholm:
      exemplar_city: i-Stockholm
    Asia/Singapore:
      exemplar_city: i-Singapore
    Atlantic/St_Helena:
      exemplar_city: i-St. Helena
    Europe/Ljubljana:
      exemplar_city: i-Ljubljana
    Arctic/Longyearbyen:
      exemplar_city: i-Longyearbyen
    Europe/Bratislava:
      exemplar_city: i-Bratislava
    Africa/Freetown:
      exemplar_city: i-Freetown
    Europe/San_Marino:
      exemplar_city: i-San Marino
    Africa/Dakar:
      exemplar_city: i-Dakar
    Africa/Mogadishu:
      exemplar_city: i-Mogadishu
    America/Paramaribo:
      exemplar_city: i-Paramaribo
    Africa/Juba:
      exemplar_city: iJuba
    Africa/Sao_Tome:
      exemplar_city: i-São Tomé
    America/El_Salvador:
      exemplar_city: i-El Salvador
    America/Lower_Princes:
      exemplar_city: i-Lower Prince’s Quarter
    Asia/Damascus:
      exemplar_city: i-Damascus
    Africa/Mbabane:
      exemplar_city: iMbabane
    America/Grand_Turk:
      exemplar_city: i-Grand Turk
    Africa/Ndjamena:
      exemplar_city: i-Ndjamena
    Indian/Kerguelen:
      exemplar_city: i-Kerguelen
    Africa/Lome:
      exemplar_city: i-Lome
    Asia/Bangkok:
      exemplar_city: i-Bangkok
    Asia/Dushanbe:
      exemplar_city: i-Dushanbe
    Pacific/Fakaofo:
      exemplar_city: i-Fakaofo
    Asia/Dili:
      exemplar_city: i-Dili
    Asia/Ashgabat:
      exemplar_city: i-Ashgabat
    Africa/Tunis:
      exemplar_city: i-Tunis
    Pacific/Tongatapu:
      exemplar_city: i-Tongatapu
    Europe/Istanbul:
      exemplar_city: i-Istanbul
    America/Port_of_Spain:
      exemplar_city: i-Port of Spain
    Pacific/Funafuti:
      exemplar_city: i-Funafuti
    Asia/Taipei:
      exemplar_city: i-Taipei
    Africa/Dar_es_Salaam:
      exemplar_city: i-Dar es Salaam
    Europe/Kiev:
      exemplar_city: i-Kiev
    Europe/Simferopol:
      exemplar_city: i-Simferopol
    Africa/Kampala:
      exemplar_city: i-Kampala
    Pacific/Midway:
      exemplar_city: i-Midway
    Pacific/Wake:
      exemplar_city: i-Wake
    America/Adak:
      exemplar_city: i-Adak
    America/Nome:
      exemplar_city: i-Nome
    America/Anchorage:
      exemplar_city: i-Anchorage
    America/Yakutat:
      exemplar_city: i-Yakutat
    America/Sitka:
      exemplar_city: i-Sitka
    America/Juneau:
      exemplar_city: i-Juneau
    America/Metlakatla:
      exemplar_city: i-Metlakatla
    America/Los_Angeles:
      exemplar_city: i-Los Angeles
    America/Boise:
      exemplar_city: i-Boise
    America/Phoenix:
      exemplar_city: i-Phoenix
    America/Denver:
      exemplar_city: i-Denver
    America/North_Dakota/Beulah:
      exemplar_city: i-Beulah, North Dakota
    America/North_Dakota/New_Salem:
      exemplar_city: i-New Salem, North Dakota
    America/North_Dakota/Center:
      exemplar_city: i-Center, North Dakota
    America/Chicago:
      exemplar_city: i-Chicago
    America/Menominee:
      exemplar_city: i-Menominee
    America/Indiana/Vincennes:
      exemplar_city: i-Vincennes, Indiana
    America/Indiana/Petersburg:
      exemplar_city: i-Petersburg, Indiana
    America/Indiana/Tell_City:
      exemplar_city: i-Tell City, Indiana
    America/Indiana/Knox:
      exemplar_city: i-Knox, Indiana
    America/Indiana/Winamac:
      exemplar_city: i-Winamac, Indiana
    America/Indiana/Marengo:
      exemplar_city: i-Marengo, Indiana
    America/Indianapolis:
      exemplar_city: i-Indianapolis
    America/Louisville:
      exemplar_city: i-Louisville
    America/Indiana/Vevay:
      exemplar_city: i-Vevay, Indiana
    America/Kentucky/Monticello:
      exemplar_city: i-Monticello, Kentucky
    America/Detroit:
      exemplar_city: i-Detroit
    America/New_York:
      exemplar_city: i-New York
    America/Montevideo:
      exemplar_city: i-Montevideo
    Asia/Samarkand:
      exemplar_city: i-Samarkand
    Asia/Tashkent:
      exemplar_city: i-Tashkent
    Europe/Vatican:
      exemplar_city: i-Vatican
    America/St_Vincent:
      exemplar_city: i-St. Vincent
    America/Caracas:
      exemplar_city: i-Caracas
    America/Tortola:
      exemplar_city: i-Tortola
    America/St_Thomas:
      exemplar_city: i-St. Thomas
    Asia/Saigon:
      exemplar_city: i-Ho Chi Minh City
    Pacific/Efate:
      exemplar_city: i-Efate
    Pacific/Wallis:
      exemplar_city: i-Wallis
    Pacific/Apia:
      exemplar_city: i-Apia
    Asia/Aden:
      exemplar_city: i-Aden
    Indian/Mayotte:
      exemplar_city: i-Mayotte
    Africa/Johannesburg:
      exemplar_city: i-Johannesburg
    Africa/Lusaka:
      exemplar_city: iLusaka
    Africa/Harare:
      exemplar_city: i-Harare
  metazones:
    Afghanistan:
      long:
        standard: Isikhathi sase-Afghanistan
    Africa_Central:
      long:
        standard: Isikhathi sase-Central Africa
    Africa_Eastern:
      long:
        standard: Isikhathi saseMpumalanga Afrika
    Africa_Southern:
      long:
        standard: Isikhathi esivamile saseNingizimu Afrika
    Africa_Western:
      long:
        generic: Isikhathi saseNtshonalanga Afrika
        standard: Isikhathi esivamile saseNtshonalanga Afrika
        daylight: Isikhathi sasehlobo saseNtshonalanga Afrika
    Alaska:
      long:
        generic: Isikhathi sase-Alaska
        standard: Isikhathi sase-Alaska esijwayelekile
        daylight: Isikhathi sase-Alaska sasemini
    Amazon:
      long:
        generic: Isikhathi sase-Amazon
        standard: Isikhathi sase-Amazon esijwayelekile
        daylight: Isikhathi sase-Amazon sasehlobo
    America_Central:
      long:
        generic: Isikhathi sase-North American Central
        standard: Isikhathi sase-North American Central esijwayelekile
        daylight: Isikhathi sase-North American Central sasemini
    America_Eastern:
      long:
        generic: Isikhathi sase-North American East
        standard: Isikhathi sase-North American East esijwayelekile
        daylight: Isikhathi sase-North American East sasemini
    America_Mountain:
      long:
        generic: Isikhathi sase-North American Mountain
        standard: Isikhathi sase-North American Mountain esijwayelekile
        daylight: Isikhathi sase-North American Mountain sasemini
    America_Pacific:
      long:
        generic: Isikhathi sase-North American Pacific
        standard: Isikhathi sase-North American Pacific esijwayelekile
        daylight: Isikhathi sase-North American Pacific sasemini
    Anadyr:
      long:
        generic: esase-Anadyr Time
        standard: esase-Anadyr Standard Time
        daylight: esase-Anadyr Summer Time
    Apia:
      long:
        generic: Isikhathi sase-Apia
        standard: Isikhathi sase-Apia esivamile
        daylight: Isikhathi sase-Apia sasemini
    Arabian:
      long:
        generic: Isikhathi sase-Arabian
        standard: Isikhathi esivamile sase-Arabian
        daylight: Isikhathi semini sase-Arabian
    Argentina:
      long:
        generic: Isikhathi sase-Argentina
        standard: Isikhathi sase-Argentina esijwayelekile
        daylight: Isikhathi sase-Argentina sasehlobo
    Argentina_Western:
      long:
        generic: Isikhathi saseNyakatho ne-Argentina
        standard: Isikhathi saseNyakatho ne-Argentina esijwayelekile
        daylight: Isikhathi saseNyakatho ne-Argentina sasehlobo
    Armenia:
      long:
        generic: Isikhathi saseArmenia
        standard: Isikhathi esivamile sase-Armenia
        daylight: Isikhathi sehlobo sase-Armenia
    Atlantic:
      long:
        generic: Isikhathi sase-Atlantic
        standard: Isikhathi sase-Atlantic esijwayelekile
        daylight: Isikhathi sase-Atlantic sasemini
    Australia_Central:
      long:
        generic: Isikhathi sase-Central Australia
        standard: Isikhathi sase-Australian Central esivamile
        daylight: Isikhathi sase-Australian Central sasemini
    Australia_CentralWestern:
      long:
        generic: Isikhathi sase-Australian Central West
        standard: Isikhathi sase-Australian Central West esivamile
        daylight: Isikhathi sasemini sase-Australian Central West
    Australia_Eastern:
      long:
        generic: Isikhathi sase-Eastern Australia
        standard: Isikhathi esivamile sase-Australian East
        daylight: Isikhathi sasemini sase-Australian East
    Australia_Western:
      long:
        generic: Isikhathi sase-Western Australia
        standard: Isikhathi sase-Australian Western esivamile
        daylight: Isikhathi sase-Australian Western sasemini
    Azerbaijan:
      long:
        generic: Isikhathi sase-Azerbaijan
        standard: Isikhathi esivamile sase-Azerbaijan
        daylight: Isikhathi sehlobo sase-Azerbaijan
    Azores:
      long:
        generic: Isikhathi sase-Azores
        standard: Isikhathi esijwayelekile sase-Azores
        daylight: Isikhathi sasehlobo sase-Azores
    Bangladesh:
      long:
        generic: Isikhathi sase-Bangladesh
        standard: Isikhathi sase-Bangladesh esivamile
        daylight: Isikhathi sase-Bangladesh sasehlobo
    Bhutan:
      long:
        standard: Isikhathi sase-Bhutan
    Bolivia:
      long:
        standard: Isikhathi sase-Bolivia
    Brasilia:
      long:
        generic: Isikhathi sase-Brasilia
        standard: Isikhathi sase-Brasilia esijwayelekile
        daylight: Isikhathi sase-Brasilia sasehlobo
    Brunei:
      long:
        standard: Isikhathi sase-Brunei Darussalam
    Cape_Verde:
      long:
        generic: Isikhathi sase-Cape Verde
        standard: Isikhathi esezingeni sase-Cape Verde
        daylight: Isikhathi sehlobo sase-Cape Verde
    Chamorro:
      long:
        standard: Isikhathi esivamile sase-Chamorro
    Chatham:
      long:
        generic: Isikhathi sase-Chatham
        standard: Isikhathi esivamile sase-Chatham
        daylight: Isikhathi sasemini sase-Chatham
    Chile:
      long:
        generic: Isikhathi sase-Chile
        standard: Isikhathi sase-Chile esijwayelekile
        daylight: Isikhathi sase-Chile sasehlobo
    China:
      long:
        generic: Isikhathi sase-China
        standard: Isikhathi esivamile sase-China
        daylight: Isikhathi semini sase-China
    Christmas:
      long:
        standard: Isikhathi sase-Christmas Island
    Cocos:
      long:
        standard: Isikhathi sase-Cocos Islands
    Colombia:
      long:
        generic: Isikhathi sase-Colombia
        standard: Isikhathi sase-Colombia esijwayelekile
        daylight: Isikhathi sase-Colombia sasehlobo
    Cook:
      long:
        generic: Isikhathi sase-Cook Islands
        standard: Isikhathi esivamile sase-Cook Islands
        daylight: Isikhathi esiyingxenye yasehlobo sase-Cook Islands
    Cuba:
      long:
        generic: Isikhathi sase-Cuba
        standard: Isikhathi sase-Cuba esijwayelekile
        daylight: Isikhathi sase-Cuba sasemini
    Davis:
      long:
        standard: Isikhathi sase-Davis
    DumontDUrville:
      long:
        standard: Isikhathi sase-Dumont-d’Urville
    East_Timor:
      long:
        standard: Isikhathi sase-East Timor
    Easter:
      long:
        generic: Isikhathi sase-Easter Island
        standard: Isikhathi sase-Easter Island esijwayelekile
        daylight: Isikhathi sase-Easter Island sasehlobo
    Ecuador:
      long:
        standard: Isikhathi sase-Ecuador
    Europe_Central:
      long:
        generic: Isikhathi sase-Central Europe
        standard: Isikhathi esijwayelekile sase-Central Europe
        daylight: Isikhathi sasehlobo sase-Central Europe
    Europe_Eastern:
      long:
        generic: Isikhathi sase-Eastern Europe
        standard: Isikhathi esijwayelekile sase-Eastern Europe
        daylight: Isikhathi sasehlobo sase-Eastern Europe
    Europe_Further_Eastern:
      long:
        standard: Isikhathi sase-Further-eastern Europe
    Europe_Western:
      long:
        generic: Isikhathi sase-Western Europe
        standard: Isikhathi esijwayelekile sase-Western Europe
        daylight: Isikhathi sasehlobo sase-Western Europe
    Falkland:
      long:
        generic: Isikhathi sase-Falkland Islands
        standard: Isikhathi sase-Falkland Islands esijwayelekile
        daylight: Isikhathi sase-Falkland Islands sasehlobo
    Fiji:
      long:
        generic: Isikhathi sase-Fiji
        standard: Isikhathi esivamile sase-Fiji
        daylight: Isikhathi sehlobo sase-Fiji
    French_Guiana:
      long:
        standard: Isikhathi sase-French Guiana
    French_Southern:
      long:
        standard: Isikhathi sase-French Southern nase-Antarctic
    Galapagos:
      long:
        standard: Isikhathi sase-Galapagos
    Gambier:
      long:
        standard: Isikhathi sase-Gambier
    Georgia:
      long:
        generic: Isikhathi sase-Georgia
        standard: Isikhathi esivamile sase-Georgia
        daylight: Isikhathi sehlobo sase-Georgia
    Gilbert_Islands:
      long:
        standard: Isikhathi sase-Gilbert Islands
    GMT:
      long:
        standard: Isikhathi sase-Greenwich Mean
    Greenland_Eastern:
      long:
        generic: Isikhathi sase-East Greenland
        standard: Isikhathi sase-East Greenland esijwayelekile
        daylight: Isikhathi sase-East Greenland sasemini
    Greenland_Western:
      long:
        generic: Isikhathi sase-West Greenland
        standard: Isikhathi sase-West Greenland esijwayelekile
        daylight: Isikhathi sase-West Greenland sasehlobo
    Gulf:
      long:
        standard: Isikhathi esivamile sase-Gulf
    Guyana:
      long:
        standard: Isikhathi sase-Guyana
    Hawaii_Aleutian:
      long:
        generic: Isikhathi sase-Hawaii-Aleutia
        standard: Isikhathi sase-Hawaii-Aleutia esijwayelekile
        daylight: Isikhathi sase-Hawaii-Aleutia sasemini
    Hong_Kong:
      long:
        generic: Isikhathi sase-Hong Kong
        standard: Isikhathi esivamile sase-Hong Kong
        daylight: Isikhathi sehlobo sase-Hong Kong
    Hovd:
      long:
        generic: Isikhathi sase-Hovd
        standard: Isikhathi Esimisiwe sase-Hovd
        daylight: Isikhathi sehlobo e-Hovd
    India:
      long:
        standard: Isikhathi sase-India esivamile
    Indian_Ocean:
      long:
        standard: Isikhathi sase-Indian Ocean
    Indochina:
      long:
        standard: Isikhathi sase-Indochina
    Indonesia_Central:
      long:
        standard: Isikhathi sase-Central Indonesia
    Indonesia_Eastern:
      long:
        standard: Isikhathi sase-Eastern Indonesia
    Indonesia_Western:
      long:
        standard: Isikhathi sase-Western Indonesia
    Iran:
      long:
        generic: Isikhathi sase-Iran
        standard: Isikhathi sase-Iran esivamile
        daylight: Isikhathi sase-Iran sasemini
    Irkutsk:
      long:
        generic: Isikhathi sase-Irkutsk
        standard: Isikhathi Esivamile sase-Irkutsk
        daylight: Isikhathi sasehlobo e-Irkutsk
    Israel:
      long:
        generic: Isikhathi sase-Israel
        standard: Isikhathi esivamile sase-Israel
        daylight: Isikhathi sasemini sakwa-Israel
    Japan:
      long:
        generic: Isikhathi sase-Japan
        standard: Isikhathi esivamile sase-Japan
        daylight: Isikhathi semini sase-Japan
    Kamchatka:
      long:
        generic: esase-Petropavlovsk-Kamchatski Time
        standard: esase-Petropavlovsk-Kamchatski Standard Time
        daylight: esase-Petropavlovsk-Kamchatski Summer Time
    Kazakhstan:
      long:
        standard: Isikhathi saseKazakhstan
    Kazakhstan_Eastern:
      long:
        standard: Isikhathi sase-Mpumalanga ne-Kazakhstan
    Kazakhstan_Western:
      long:
        standard: Isikhathi saseNtshonalanga ne-Kazakhstan
    Korea:
      long:
        generic: Isikhathi sase-Korea
        standard: Isikhathi Esivamile sase-Korea
        daylight: Isikhathi semini sase-Korea
    Kosrae:
      long:
        standard: Isikhathi sase-Kosrae
    Krasnoyarsk:
      long:
        generic: Isikhathi sase-Krasnoyarsk
        standard: Isikhathi Esivamile sase-Krasnoyarsk
        daylight: Isikhathi sasehlobo e-Krasnoyarsk
    Kyrgystan:
      long:
        standard: Isikhathi sase-Kyrgystan
    Line_Islands:
      long:
        standard: Isikhathi sase-Line Islands
    Lord_Howe:
      long:
        generic: Isikhathi sase-Lord Howe
        standard: Isikhathi sase-Lord Howe esivamile
        daylight: Isikhathi sase-Lord Howe sasemini
    Magadan:
      long:
        generic: Isikhathi sase-Magadan
        standard: Isikhathi Esivamile sase-Magadan
        daylight: Isikhathi sasehlobo e-Magadan
    Malaysia:
      long:
        standard: Isikhathi sase-Malaysia
    Maldives:
      long:
        standard: Isikhathi sase-Maldives
    Marquesas:
      long:
        standard: Isikhathi sase-Marquesas
    Marshall_Islands:
      long:
        standard: Isikhathi sase-Marshall Islands
    Mauritius:
      long:
        generic: Isikhathi sase-Mauritius
        standard: Isikhathi esivamile sase-Mauritius
        daylight: Isikhathi sehlobo sase-Mauritius
    Mawson:
      long:
        standard: Isikhathi sase-Mawson
    Mexico_Pacific:
      long:
        generic: Isikhathi sase-Mexican Pacific
        standard: Isikhathi sase-Mexican Pacific esijwayelekile
        daylight: Isikhathi sase-Mexican Pacific sasemini
    Mongolia:
      long:
        generic: Isikhathi sase-Ulan Bator
        standard: Isikhathi Esimisiwe sase-Ulan Bator
        daylight: Isikhathi sehlobo e-Ulan Bator
    Moscow:
      long:
        generic: Isikhathi sase-Moscow
        standard: Isikhathi sase-Moscow esijwayelekile
        daylight: Isikhathi sasehlobo e-Moscow
    Myanmar:
      long:
        standard: Isikhathi sase-Myanmar
    Nauru:
      long:
        standard: Isikhathi sase-Nauru
    Nepal:
      long:
        standard: Isikhathi sase-Nepal
    New_Caledonia:
      long:
        generic: Isikhathi sase-New Caledonia
        standard: Isikhathi sase-New Caledonia esivamile
        daylight: Isikhathi sase-New Caledonia sasehlobo
    New_Zealand:
      long:
        generic: Isikhathi sase-New Zealand
        standard: Isikhathi esivamile sase-New Zealand
        daylight: Isikhathi sasemini sase-New Zealand
    Newfoundland:
      long:
        generic: Isikhathi sase-Newfoundland
        standard: Isikhathi sase-Newfoundland esijwayelekile
        daylight: Isikhathi sase-Newfoundland sasemini
    Niue:
      long:
        standard: Isikhathi sase-Niue
    Norfolk:
      long:
        generic: Isikhathi sase-Norfolk Islands
        standard: Isikhathi sase-Norfolk Islands esivamile
        daylight: Isikhathi sase-Norfolk Islands sasehlobo
    Noronha:
      long:
        generic: Isikhathi sase-Fernando de Noronha
        standard: Isikhathi sase-Fernando de Noronha esivamile
        daylight: Isikhathi sase-Fernando de Noronha sasehlobo
    Novosibirsk:
      long:
        generic: Isikhathi sase-Novosibirsk
        standard: Isikhathi Esivamile sase-Novosibirsk
        daylight: Isikhathi sasehlobo sase-Novosibirsk
    Omsk:
      long:
        generic: Isikhathi sase-Omsk
        standard: Isikhathi Esivamile sase-Omsk
        daylight: Isikhathi sasehlobo sase-Omsk
    Pakistan:
      long:
        generic: Isikhathi sase-Pakistan
        standard: Isikhathi sase-Pakistan esivamile
        daylight: Isikhathi sase-Pakistan sasehlobo
    Palau:
      long:
        standard: Isikhathi sase-Palau
    Papua_New_Guinea:
      long:
        standard: Isikhathi sase-Papua New Guinea
    Paraguay:
      long:
        generic: Isikhathi sase-Paraguay
        standard: Isikhathi sase-Paraguay esivamile
        daylight: Isikhathi sase-Paraguay sasehlobo
    Peru:
      long:
        generic: Isikhathi sase-Peru
        standard: Isikhathi sase-Peru esivamile
        daylight: Isikhathi sase-Peru sasehlobo
    Philippines:
      long:
        generic: Isikhathi sase-Philippine
        standard: Isikhathi esivamile sase-Philippine
        daylight: Isikhathi sehlobo sase-Philippine
    Phoenix_Islands:
      long:
        standard: Isikhathi sase-Phoenix Islands
    Pierre_Miquelon:
      long:
        generic: Isikhathi sase-Saint Pierre nase-Miquelon
        standard: Iikhathi sase-Saint Pierre nase-Miquelon esijwayelekile
        daylight: Isikhathi sase-Saint Pierre nase-Miquelon sasemini
    Pitcairn:
      long:
        standard: Isikhathi sase-Pitcairn
    Ponape:
      long:
        standard: Isikhathi sase-Ponape
    Pyongyang:
      long:
        standard: Isikhathi sase-Pyongyang
    Reunion:
      long:
        standard: Isikhathi sase-Reunion
    Rothera:
      long:
        standard: Isikhathi sase-Rothera
    Sakhalin:
      long:
        generic: Isikhathi sase-Sakhalin
        standard: Isikhathi Esivamile sase-Sakhalin
        daylight: Isikhathi sasehlobo e-Sakhalin
    Samara:
      long:
        generic: esase-Samara Time
        standard: esase-Samara Standard Time
        daylight: esase-Samara Summer Time
    Samoa:
      long:
        generic: Isikhathi sase-Samoa
        standard: Isikhathi sase-Samoa esivamile
        daylight: Isikhathi sase-Samoa sasemini
    Seychelles:
      long:
        standard: Isikhathi sase-Seychelles
    Singapore:
      long:
        standard: Isikhathi esivamile sase-Singapore
    Solomon:
      long:
        standard: Isikhathi sase-Solomon Islands
    South_Georgia:
      long:
        standard: Isikhathi sase-South Georgia
    Suriname:
      long:
        standard: Isikhathi sase-Suriname
    Syowa:
      long:
        standard: Isikhathi sase-Syowa
    Tahiti:
      long:
        standard: Isikhathi sase-Tahiti
    Taipei:
      long:
        generic: Isikhathi sase-Taipei
        standard: Isikhathi esivamile sase-Taipei
        daylight: Isikhathi semini sase-Taipei
    Tajikistan:
      long:
        standard: Isikhathi sase-Tajikistan
    Tokelau:
      long:
        standard: Isikhathi sase-Tokelau
    Tonga:
      long:
        generic: Isikhathi sase-Tonga
        standard: Isikhathi sase-Tonga esivamile
        daylight: Isikhathi sase-Tonga sasehlobo
    Truk:
      long:
        standard: Isikhathi sase-Chuuk
    Turkmenistan:
      long:
        generic: Isikhathi sase-Turkmenistan
        standard: Isikhathi esivamile sase-Turkmenistan
        daylight: Isikhathi sehlobo sase-Turkmenistan
    Tuvalu:
      long:
        standard: Isikhathi sase-Tuvalu
    Uruguay:
      long:
        generic: Isikhathi sase-Uruguay
        standard: Isikhathi sase-Uruguay esijwayelekile
        daylight: Isikhathi sase-Uruguay sasehlobo
    Uzbekistan:
      long:
        generic: Isikhathi sase-Uzbekistan
        standard: Isikhathi esivamile sase-Uzbekistan
        daylight: Isikhathi sehlobo sase-Uzbekistan
    Vanuatu:
      long:
        generic: Isikhathi sase-Vanuatu
        standard: Isikhathi sase-Vanuatu esijwayelekile
        daylight: Isikhathi sase-Vanuatu sasehlobo
    Venezuela:
      long:
        standard: Isikhathi sase-Venezuela
    Vladivostok:
      long:
        generic: Isikhathi sase-Vladivostok
        standard: Isikhathi Esivamile sase-Vladivostok
        daylight: Isikhathi sasehlobo e-Vladivostok
    Volgograd:
      long:
        generic: Isikhathi sase-Volgograd
        standard: Isikhathi Esivamile sase-Volgograd
        daylight: Isikhathi sase-Volgograd sasehlobo
    Vostok:
      long:
        standard: Isikhathi sase-Vostok
    Wake:
      long:
        standard: Isikhathi sase-Wake Island
    Wallis:
      long:
        standard: Isikhathi sase-Wallis nase-Futuna
    Yakutsk:
      long:
        generic: Isikhathi sase-Yakutsk
        standard: Isikhathi Esivamile sase-Yakutsk
        daylight: Isikhathi sasehlobo e-Yakutsk
    Yekaterinburg:
      long:
        generic: Isikhathi sase-Yekaterinburg
        standard: Isikhathi Esivamile sase-Yekaterinburg
        daylight: Isikhathi sasehlobo e-Yekaterinburg
    Yukon:
      long:
        standard: Yukon Time
