---
locale: kxv_Telu
generated_at: '2025-09-15T06:26:36Z'
cldr_version: '46'
timezone_names:
  formats:
    region_format: "{0} సమయం"
    region_format_daylight: "{0} పగటి వెలుతురు సమయం"
    region_format_standard: "{0} ప్రామాణిక సమయం"
  zones:
    Etc/UTC:
      long:
        standard: సమన్వయ సార్వజనీన సమయం
    Etc/Unknown:
      exemplar_city: తెలియని నగరం
    Europe/Andorra:
      exemplar_city: అండోరా
    Asia/Dubai:
      exemplar_city: దుబాయి
    Asia/Kabul:
      exemplar_city: కాబుల్
    America/Antigua:
      exemplar_city: ఆంటిగ్వా
    America/Anguilla:
      exemplar_city: ఎంగ్విల్లా
    Europe/Tirane:
      exemplar_city: టిరేన్
    Asia/Yerevan:
      exemplar_city: యెరెవన్
    Africa/Luanda:
      exemplar_city: లువాండా
    Antarctica/Rothera:
      exemplar_city: రొతేరా
    Antarctica/Palmer:
      exemplar_city: పాల్మర్
    Antarctica/Troll:
      exemplar_city: ట్రోల్
    Antarctica/Syowa:
      exemplar_city: స్యోవా
    Antarctica/Mawson:
      exemplar_city: మాసన్
    Antarctica/Davis:
      exemplar_city: డెవిస్
    Antarctica/Vostok:
      exemplar_city: వోస్టోక్
    Antarctica/Casey:
      exemplar_city: కేసీ
    Antarctica/DumontDUrville:
      exemplar_city: డ్యూమాంట్ డి’ఉర్విల్లే
    Antarctica/McMurdo:
      exemplar_city: మెక్‌ముర్డో
    America/Argentina/Rio_Gallegos:
      exemplar_city: రియో గల్లేగోస్
    America/Mendoza:
      exemplar_city: మెండోజా
    America/Argentina/San_Juan:
      exemplar_city: శాన్ జ్యూన్
    America/Argentina/Ushuaia:
      exemplar_city: ఉష్యూయ
    America/Argentina/La_Rioja:
      exemplar_city: లా రియోజ
    America/Argentina/San_Luis:
      exemplar_city: శాన్ లూయిస్
    America/Catamarca:
      exemplar_city: కటమార్కా
    America/Argentina/Salta:
      exemplar_city: సాల్టా
    America/Jujuy:
      exemplar_city: జుజుయ్
    America/Argentina/Tucuman:
      exemplar_city: టుకుమన్
    America/Cordoba:
      exemplar_city: కోర్డోబా
    America/Buenos_Aires:
      exemplar_city: బ్యూనోస్ ఎయిర్స్
    Pacific/Pago_Pago:
      exemplar_city: పాగో పాగో
    Europe/Vienna:
      exemplar_city: వియన్నా
    Australia/Perth:
      exemplar_city: పెర్త్
    Australia/Eucla:
      exemplar_city: యుక్లా
    Australia/Darwin:
      exemplar_city: డార్విన్
    Australia/Adelaide:
      exemplar_city: "<exemplarCity>అడెలైడ్</exemplarCity>"
    Australia/Broken_Hill:
      exemplar_city: బ్రోకెన్ హిల్
    Australia/Melbourne:
      exemplar_city: మెల్బోర్న్
    Australia/Hobart:
      exemplar_city: హోబర్ట్
    Australia/Lindeman:
      exemplar_city: లిండెమాన్
    Australia/Sydney:
      exemplar_city: సిడ్నీ
    Australia/Brisbane:
      exemplar_city: బ్రిస్‌బెయిన్
    Antarctica/Macquarie:
      exemplar_city: మకారీ
    Australia/Lord_Howe:
      exemplar_city: లార్డ్ హౌ
    America/Aruba:
      exemplar_city: అరుబా
    Europe/Mariehamn:
      exemplar_city: మారీయుహమ్
    Asia/Baku:
      exemplar_city: బాకు
    Europe/Sarajevo:
      exemplar_city: సరాజోవో
    America/Barbados:
      exemplar_city: బార్బడోస్
    Asia/Dhaka:
      exemplar_city: ఢాకా
    Europe/Brussels:
      exemplar_city: బ్రస్సెల్స్
    Africa/Ouagadougou:
      exemplar_city: ఔగాడౌగోవ్
    Europe/Sofia:
      exemplar_city: సోఫియా
    Asia/Bahrain:
      exemplar_city: బహ్రెయిన్
    Africa/Bujumbura:
      exemplar_city: బుజమ్బురా
    Africa/Porto-Novo:
      exemplar_city: పోర్టో-నోవో
    America/St_Barthelemy:
      exemplar_city: సెయింట్ బర్తెలెమీ
    Atlantic/Bermuda:
      exemplar_city: బెర్ముడా
    Asia/Brunei:
      exemplar_city: బ్రూనై
    America/La_Paz:
      exemplar_city: లా పాజ్
    America/Kralendijk:
      exemplar_city: క్రలెండ్జిక్
    America/Eirunepe:
      exemplar_city: ఇరునెప్
    America/Rio_Branco:
      exemplar_city: రియో బ్రాంకో
    America/Porto_Velho:
      exemplar_city: పోర్టో వెల్హో
    America/Boa_Vista:
      exemplar_city: బోవా విస్టా
    America/Manaus:
      exemplar_city: మనాస్
    America/Cuiaba:
      exemplar_city: కుయబా
    America/Santarem:
      exemplar_city: సాంటరెమ్
    America/Campo_Grande:
      exemplar_city: కాంపో గ్రాండ్
    America/Belem:
      exemplar_city: బెలెమ్
    America/Araguaina:
      exemplar_city: అరాగ్వేయీనా
    America/Sao_Paulo:
      exemplar_city: సావో పాలో
    America/Bahia:
      exemplar_city: బహియ
    America/Fortaleza:
      exemplar_city: ఫోర్టలేజా
    America/Maceio:
      exemplar_city: మాసియో
    America/Recife:
      exemplar_city: రెసిఫీ
    America/Noronha:
      exemplar_city: నరోన్హా
    America/Nassau:
      exemplar_city: నాస్సావ్
    Asia/Thimphu:
      exemplar_city: థింఫు
    Africa/Gaborone:
      exemplar_city: గబోరోన్
    Europe/Minsk:
      exemplar_city: మిన్స్క్
    America/Belize:
      exemplar_city: బెలీజ్
    America/Dawson:
      exemplar_city: డాసన్
    America/Whitehorse:
      exemplar_city: వైట్‌హార్స్
    America/Inuvik:
      exemplar_city: ఇనువిక్
    America/Vancouver:
      exemplar_city: వాన్కూవర్
    America/Fort_Nelson:
      exemplar_city: ఫోర్ట్ నెల్సన్
    America/Dawson_Creek:
      exemplar_city: డాసన్ క్రీక్
    America/Creston:
      exemplar_city: క్రెస్టన్
    America/Edmonton:
      exemplar_city: ఎడ్మోంటన్
    America/Swift_Current:
      exemplar_city: స్విఫ్ట్ కరెంట్
    America/Cambridge_Bay:
      exemplar_city: కేంబ్రిడ్జ్ బే
    America/Regina:
      exemplar_city: రెజీనా
    America/Winnipeg:
      exemplar_city: విన్నిపెగ్
    America/Resolute:
      exemplar_city: రిజల్యూట్
    America/Rankin_Inlet:
      exemplar_city: రన్‌కిన్ ఇన్‌లెట్
    America/Coral_Harbour:
      exemplar_city: అటికోకన్
    America/Toronto:
      exemplar_city: టొరంటో
    America/Iqaluit:
      exemplar_city: ఇక్వాలిట్
    America/Moncton:
      exemplar_city: మోన్‌క్టోన్
    America/Halifax:
      exemplar_city: హాలిఫాక్స్
    America/Goose_Bay:
      exemplar_city: గూస్ బే
    America/Glace_Bay:
      exemplar_city: గ్లేస్ బే
    America/Blanc-Sablon:
      exemplar_city: బ్లాంక్-సబ్లోన్
    America/St_Johns:
      exemplar_city: సెయింట్ జాన్స్
    Indian/Cocos:
      exemplar_city: కోకోస్
    Africa/Kinshasa:
      exemplar_city: కిన్షాసా
    Africa/Lubumbashi:
      exemplar_city: లుబంబాషి
    Africa/Bangui:
      exemplar_city: బాంగుయ్
    Africa/Brazzaville:
      exemplar_city: బ్రాజావిల్లే
    Europe/Zurich:
      exemplar_city: జ్యూరిచ్
    Africa/Abidjan:
      exemplar_city: అబిడ్జాన్
    Pacific/Rarotonga:
      exemplar_city: రరోటోంగా
    Pacific/Easter:
      exemplar_city: ఈస్టర్
    America/Punta_Arenas:
      exemplar_city: పుంటా అరీనస్
    America/Santiago:
      exemplar_city: శాంటియాగో
    Africa/Douala:
      exemplar_city: డౌలా
    Asia/Urumqi:
      exemplar_city: ఉరుమ్‌కీ
    Asia/Shanghai:
      exemplar_city: షాంఘై
    America/Bogota:
      exemplar_city: బగోటా
    America/Costa_Rica:
      exemplar_city: కోస్టా రికా
    America/Havana:
      exemplar_city: హవానా
    Atlantic/Cape_Verde:
      exemplar_city: కేప్ వెర్డె
    America/Curacao:
      exemplar_city: కురాకవో
    Indian/Christmas:
      exemplar_city: క్రిస్మస్
    Asia/Nicosia:
      exemplar_city: నికోసియా
    Asia/Famagusta:
      exemplar_city: ఫామగుస్టా
    Europe/Prague:
      exemplar_city: ప్రాగ్
    Europe/Busingen:
      exemplar_city: బసింజన్
    Europe/Berlin:
      exemplar_city: బెర్లిన్
    Africa/Djibouti:
      exemplar_city: డిజ్బౌటి
    Europe/Copenhagen:
      exemplar_city: కోపెన్హాగన్
    America/Dominica:
      exemplar_city: డొమినికా
    America/Santo_Domingo:
      exemplar_city: శాంటో డోమింగో
    Africa/Algiers:
      exemplar_city: అల్జియర్స్
    Pacific/Galapagos:
      exemplar_city: గాలాపాగోస్
    America/Guayaquil:
      exemplar_city: గయాక్విల్
    Europe/Tallinn:
      exemplar_city: తాల్లిన్
    Africa/Cairo:
      exemplar_city: కైరో
    Africa/El_Aaiun:
      exemplar_city: ఎల్ ఎయున్
    Africa/Asmera:
      exemplar_city: అస్మారా
    Atlantic/Canary:
      exemplar_city: కెనరీ
    Africa/Ceuta:
      exemplar_city: స్యూటా
    Europe/Madrid:
      exemplar_city: మాడ్రిడ్
    Africa/Addis_Ababa:
      exemplar_city: యాడిస్ అబాబా
    Europe/Helsinki:
      exemplar_city: హెల్సింకి
    Pacific/Fiji:
      exemplar_city: ఫీజీ
    Atlantic/Stanley:
      exemplar_city: స్టాన్లీ
    Pacific/Truk:
      exemplar_city: చుక్
    Pacific/Ponape:
      exemplar_city: పోన్‌పై
    Pacific/Kosrae:
      exemplar_city: కోస్రే
    Atlantic/Faeroe:
      exemplar_city: ఫారో
    Europe/Paris:
      exemplar_city: ప్యారిస్
    Africa/Libreville:
      exemplar_city: లెబర్విల్లే
    Europe/London:
      exemplar_city: లండన్
      long:
        daylight: బ్రిటీష్ వేసవి సమయం
    America/Grenada:
      exemplar_city: గ్రెనడా
    Asia/Tbilisi:
      exemplar_city: టిబిలిసి
    America/Cayenne:
      exemplar_city: కయేన్
    Europe/Guernsey:
      exemplar_city: గ్వెర్న్సే
    Africa/Accra:
      exemplar_city: అక్రా
    Europe/Gibraltar:
      exemplar_city: జిబ్రాల్టర్
    America/Thule:
      exemplar_city: థులే
    America/Godthab:
      exemplar_city: నూక్
    America/Scoresbysund:
      exemplar_city: ఇటోక్కోర్టూర్మిట్
    America/Danmarkshavn:
      exemplar_city: డెన్మార్క్‌షాన్
    Africa/Banjul:
      exemplar_city: బంజూల్
    Africa/Conakry:
      exemplar_city: కోనాక్రీ
    America/Guadeloupe:
      exemplar_city: గ్వాడెలోప్
    Africa/Malabo:
      exemplar_city: మలాబో
    Europe/Athens:
      exemplar_city: ఏథెన్స్
    Atlantic/South_Georgia:
      exemplar_city: దక్షిణ జార్జియా
    America/Guatemala:
      exemplar_city: గ్వాటిమాలా
    Pacific/Guam:
      exemplar_city: గ్వామ్
    Africa/Bissau:
      exemplar_city: బిస్సావ్
    America/Guyana:
      exemplar_city: గయానా
    Asia/Hong_Kong:
      exemplar_city: హాంకాంగ్
    America/Tegucigalpa:
      exemplar_city: తెగుసిగల్పా
    Europe/Zagreb:
      exemplar_city: జాగ్రెబ్
    America/Port-au-Prince:
      exemplar_city: పోర్ట్-అవ్-ప్రిన్స్
    Europe/Budapest:
      exemplar_city: బుడాపెస్ట్
    Asia/Jakarta:
      exemplar_city: జకార్తా
    Asia/Pontianak:
      exemplar_city: పొన్టియనాక్
    Asia/Makassar:
      exemplar_city: మకాస్సర్
    Asia/Jayapura:
      exemplar_city: జయపుర
    Europe/Dublin:
      exemplar_city: డబ్లిన్
      long:
        daylight: ఐరిష్ ప్రామాణిక సమయం
    Asia/Jerusalem:
      exemplar_city: జరూసలేం
    Europe/Isle_of_Man:
      exemplar_city: ఐల్ ఆఫ్ మేన్
    Asia/Calcutta:
      exemplar_city: కోల్‌కతా
    Indian/Chagos:
      exemplar_city: చాగోస్
    Asia/Baghdad:
      exemplar_city: బాగ్దాద్
    Asia/Tehran:
      exemplar_city: టెహ్రాన్
    Atlantic/Reykjavik:
      exemplar_city: రెక్జావిక్
    Europe/Rome:
      exemplar_city: రోమ్
    Europe/Jersey:
      exemplar_city: జెర్సీ
    America/Jamaica:
      exemplar_city: జమైకా
    Asia/Amman:
      exemplar_city: అమ్మన్
    Asia/Tokyo:
      exemplar_city: టోక్యో
    Africa/Nairobi:
      exemplar_city: నైరోబీ
    Asia/Bishkek:
      exemplar_city: బిష్కెక్
    Asia/Phnom_Penh:
      exemplar_city: నోమ్‌పెన్హ్
    Pacific/Kanton:
      exemplar_city: కాంటన్
    Pacific/Kiritimati:
      exemplar_city: కిరీటిమాటి
    Pacific/Tarawa:
      exemplar_city: టరావా
    Indian/Comoro:
      exemplar_city: కొమోరో
    America/St_Kitts:
      exemplar_city: సెయింట్ కిట్స్
    Asia/Pyongyang:
      exemplar_city: ప్యోంగాంగ్
    Asia/Seoul:
      exemplar_city: సియోల్
    Asia/Kuwait:
      exemplar_city: కువైట్
    America/Cayman:
      exemplar_city: కేమాన్
    Asia/Aqtau:
      exemplar_city: అక్టావ్
    Asia/Oral:
      exemplar_city: ఓరల్
    Asia/Atyrau:
      exemplar_city: ఆటిరా
    Asia/Aqtobe:
      exemplar_city: అక్టోబ్
    Asia/Qostanay:
      exemplar_city: కోస్తానే
    Asia/Qyzylorda:
      exemplar_city: క్విజిలోర్డా
    Asia/Almaty:
      exemplar_city: ఆల్మాటి
    Asia/Vientiane:
      exemplar_city: వియన్టైన్
    Asia/Beirut:
      exemplar_city: బీరట్
    America/St_Lucia:
      exemplar_city: సెయింట్ లూసియా
    Europe/Vaduz:
      exemplar_city: వాడుజ్
    Asia/Colombo:
      exemplar_city: కొలంబో
    Africa/Monrovia:
      exemplar_city: మోన్రోవియా
    Africa/Maseru:
      exemplar_city: మసేరు
    Europe/Vilnius:
      exemplar_city: విల్నియస్
    Europe/Luxembourg:
      exemplar_city: లక్సెంబర్గ్
    Europe/Riga:
      exemplar_city: రీగా
    Africa/Tripoli:
      exemplar_city: ట్రిపోలి
    Africa/Casablanca:
      exemplar_city: కాసాబ్లాంకా
    Europe/Monaco:
      exemplar_city: మొనాకో
    Europe/Chisinau:
      exemplar_city: చిసినావ్
    Europe/Podgorica:
      exemplar_city: పోడ్గోరికా
    America/Marigot:
      exemplar_city: మారిగోట్
    Indian/Antananarivo:
      exemplar_city: అంటానానారివో
    Pacific/Kwajalein:
      exemplar_city: క్వాజాలైన్
    Pacific/Majuro:
      exemplar_city: మజురో
    Europe/Skopje:
      exemplar_city: స్కోప్‌యే
    Africa/Bamako:
      exemplar_city: బామాకో
    Asia/Rangoon:
      exemplar_city: యాంగన్
    Asia/Hovd:
      exemplar_city: హోవ్డ్
    Asia/Ulaanbaatar:
      exemplar_city: ఉలాన్బాటర్
    Asia/Macau:
      exemplar_city: మకావ్
    Pacific/Saipan:
      exemplar_city: సాయ్పాన్
    America/Martinique:
      exemplar_city: మార్టినీక్
    Africa/Nouakchott:
      exemplar_city: న్వాక్షోట్
    America/Montserrat:
      exemplar_city: మాంట్సెరాట్
    Europe/Malta:
      exemplar_city: మాల్టా
    Indian/Mauritius:
      exemplar_city: మారిషస్
    Indian/Maldives:
      exemplar_city: మాల్దీవులు
    Africa/Blantyre:
      exemplar_city: బ్లాన్టైర్
    America/Tijuana:
      exemplar_city: టిజువానా
    America/Hermosillo:
      exemplar_city: హెర్మోసిల్లో
    America/Mazatlan:
      exemplar_city: మాసట్‌లాన్
    America/Chihuahua:
      exemplar_city: చువావా
    America/Bahia_Banderas:
      exemplar_city: బహియా బండరాస్
    America/Ojinaga:
      exemplar_city: ఒజినగ
    America/Monterrey:
      exemplar_city: మోంటెర్రే
    America/Mexico_City:
      exemplar_city: మెక్సికో నగరం
    America/Matamoros:
      exemplar_city: మాటమొరోస్
    America/Merida:
      exemplar_city: మెరిడా
    America/Cancun:
      exemplar_city: కన్‌కూన్
    Asia/Kuala_Lumpur:
      exemplar_city: కౌలాలంపూర్
    Asia/Kuching:
      exemplar_city: కుచింగ్
    Africa/Maputo:
      exemplar_city: మాపుటో
    Africa/Windhoek:
      exemplar_city: విండ్హోక్
    Pacific/Noumea:
      exemplar_city: నౌమియా
    Africa/Niamey:
      exemplar_city: నియామే
    Pacific/Norfolk:
      exemplar_city: నోర్ఫోక్
    Africa/Lagos:
      exemplar_city: లాగోస్
    America/Managua:
      exemplar_city: మనాగువా
    Europe/Amsterdam:
      exemplar_city: ఆమ్‌స్టర్‌డామ్
    Europe/Oslo:
      exemplar_city: ఓస్లో
    Asia/Katmandu:
      exemplar_city: ఖాట్మండు
    Pacific/Nauru:
      exemplar_city: నౌరు
    Pacific/Niue:
      exemplar_city: నియూ
    Pacific/Chatham:
      exemplar_city: చాథమ్
    Pacific/Auckland:
      exemplar_city: ఆక్లాండ్
    Asia/Muscat:
      exemplar_city: మస్కట్
    America/Panama:
      exemplar_city: పనామా
    America/Lima:
      exemplar_city: లిమా
    Pacific/Tahiti:
      exemplar_city: తహితి
    Pacific/Marquesas:
      exemplar_city: మార్క్వేసాస్
    Pacific/Gambier:
      exemplar_city: గాంబియేర్
    Pacific/Port_Moresby:
      exemplar_city: పోర్ట్ మోరెస్బే
    Pacific/Bougainville:
      exemplar_city: బొగెయిన్‌విల్లే
    Asia/Manila:
      exemplar_city: మనీలా
    Asia/Karachi:
      exemplar_city: కరాచీ
    Europe/Warsaw:
      exemplar_city: వార్షా
    America/Miquelon:
      exemplar_city: మికెలాన్
    Pacific/Pitcairn:
      exemplar_city: పిట్‌కైర్న్
    America/Puerto_Rico:
      exemplar_city: ప్యూర్టో రికో
    Asia/Gaza:
      exemplar_city: గాజా
    Asia/Hebron:
      exemplar_city: హెబ్రాన్
    Atlantic/Azores:
      exemplar_city: అజోర్స్
    Atlantic/Madeira:
      exemplar_city: మదైరా
    Europe/Lisbon:
      exemplar_city: లిస్బన్
    Pacific/Palau:
      exemplar_city: పాలావ్
    America/Asuncion:
      exemplar_city: అసున్సియోన్
    Asia/Qatar:
      exemplar_city: ఖతార్
    Indian/Reunion:
      exemplar_city: రీయూనియన్
    Europe/Bucharest:
      exemplar_city: బుకారెస్ట్
    Europe/Belgrade:
      exemplar_city: బెల్‌గ్రేడ్
    Europe/Kaliningrad:
      exemplar_city: కలినిన్‌గ్రద్
    Europe/Moscow:
      exemplar_city: మాస్కో
    Europe/Volgograd:
      exemplar_city: వోల్గోగ్రాడ్
    Europe/Saratov:
      exemplar_city: సరాటవ్
    Europe/Astrakhan:
      exemplar_city: అస్ట్రఖాన్
    Europe/Ulyanovsk:
      exemplar_city: ఉల్యనోవ్స్క్
    Europe/Kirov:
      exemplar_city: కిరోవ్
    Europe/Samara:
      exemplar_city: సమార
    Asia/Yekaterinburg:
      exemplar_city: యెకటెరింబర్గ్
    Asia/Omsk:
      exemplar_city: ఓమ్స్క్
    Asia/Novosibirsk:
      exemplar_city: నవోసిబిర్స్క్
    Asia/Barnaul:
      exemplar_city: బార్నాల్
    Asia/Tomsk:
      exemplar_city: టామ్స్క్
    Asia/Novokuznetsk:
      exemplar_city: నొవొకుజ్‌నెట్‌స్క్
    Asia/Krasnoyarsk:
      exemplar_city: క్రసనోయార్స్క్
    Asia/Irkutsk:
      exemplar_city: ఇర్కుట్స్క్
    Asia/Chita:
      exemplar_city: చితా
    Asia/Yakutsk:
      exemplar_city: యకుట్స్క్
    Asia/Vladivostok:
      exemplar_city: వ్లాడివోస్టోక్
    Asia/Khandyga:
      exemplar_city: కంద్యాగ
    Asia/Sakhalin:
      exemplar_city: సఖాలిన్
    Asia/Ust-Nera:
      exemplar_city: అస్ట్-నెరా
    Asia/Magadan:
      exemplar_city: మగడాన్
    Asia/Srednekolymsk:
      exemplar_city: స్రెడ్నెకొలిమ్స్క్
    Asia/Kamchatka:
      exemplar_city: కమ్‌చత్కా
    Asia/Anadyr:
      exemplar_city: అనడైర్
    Africa/Kigali:
      exemplar_city: కీగలి
    Asia/Riyadh:
      exemplar_city: రియాధ్
    Pacific/Guadalcanal:
      exemplar_city: గ్వాడల్కెనాల్
    Indian/Mahe:
      exemplar_city: మాహె
    Africa/Khartoum:
      exemplar_city: ఖార్టోమ్
    Europe/Stockholm:
      exemplar_city: స్టాక్హోమ్
    Asia/Singapore:
      exemplar_city: సింగపూర్
    Atlantic/St_Helena:
      exemplar_city: సెయింట్ హెలెనా
    Europe/Ljubljana:
      exemplar_city: ల్యూబ్ల్యానా
    Arctic/Longyearbyen:
      exemplar_city: లాంగ్‌యియర్‌బైయన్
    Europe/Bratislava:
      exemplar_city: బ్రాటిస్లావా
    Africa/Freetown:
      exemplar_city: ఫ్రీటౌన్
    Europe/San_Marino:
      exemplar_city: శాన్ మారినో
    Africa/Dakar:
      exemplar_city: డకార్
    Africa/Mogadishu:
      exemplar_city: మోగాదిషు
    America/Paramaribo:
      exemplar_city: పరామారిబో
    Africa/Juba:
      exemplar_city: జుబా
    Africa/Sao_Tome:
      exemplar_city: సావో టోమ్
    America/El_Salvador:
      exemplar_city: ఎల్ సాల్వడోర్
    America/Lower_Princes:
      exemplar_city: లోయర్ ప్రిన్స్ క్వార్టర్
    Asia/Damascus:
      exemplar_city: డమాస్కస్
    Africa/Mbabane:
      exemplar_city: బాబెన్
    America/Grand_Turk:
      exemplar_city: గ్రాండ్ టర్క్
    Africa/Ndjamena:
      exemplar_city: డ్జామెనా
    Indian/Kerguelen:
      exemplar_city: కెర్గ్యూలెన్
    Africa/Lome:
      exemplar_city: లోమ్
    Asia/Bangkok:
      exemplar_city: బ్యాంకాక్
    Asia/Dushanbe:
      exemplar_city: డుషన్బీ
    Pacific/Fakaofo:
      exemplar_city: ఫాకోఫో
    Asia/Dili:
      exemplar_city: డిలి
    Asia/Ashgabat:
      exemplar_city: యాష్గాబాట్
    Africa/Tunis:
      exemplar_city: ట్యునిస్
    Pacific/Tongatapu:
      exemplar_city: టోంగాటాపు
    Europe/Istanbul:
      exemplar_city: ఇస్తాంబుల్
    America/Port_of_Spain:
      exemplar_city: పోర్ట్ ఆఫ్ స్పెయిన్
    Pacific/Funafuti:
      exemplar_city: ఫునాఫుటి
    Asia/Taipei:
      exemplar_city: తైపీ
    Africa/Dar_es_Salaam:
      exemplar_city: దార్ ఎస్ సలామ్
    Europe/Kiev:
      exemplar_city: కీవ్
    Europe/Simferopol:
      exemplar_city: సిమ్‌ఫెరోపోల్
    Africa/Kampala:
      exemplar_city: కంపాలా
    Pacific/Midway:
      exemplar_city: మిడ్వే
    Pacific/Wake:
      exemplar_city: వేక్
    America/Adak:
      exemplar_city: అడాక్
    America/Nome:
      exemplar_city: నోమ్
    America/Anchorage:
      exemplar_city: యాంకరేజ్
    America/Yakutat:
      exemplar_city: యకుటాట్
    America/Sitka:
      exemplar_city: సిట్కా
    America/Juneau:
      exemplar_city: జూనో
    America/Metlakatla:
      exemplar_city: మెట్లకట్ల
    America/Los_Angeles:
      exemplar_city: లాస్ ఏంజల్స్
    America/Boise:
      exemplar_city: బొయిసీ
    America/Phoenix:
      exemplar_city: ఫినిక్స్
    America/Denver:
      exemplar_city: డెన్వెర్
    America/North_Dakota/Beulah:
      exemplar_city: బ్యులా, ఉత్తర డకోట
    America/North_Dakota/New_Salem:
      exemplar_city: న్యూ సలేమ్, ఉత్తర డకోట
    America/North_Dakota/Center:
      exemplar_city: సెంటర్, ఉత్తర డకోటా
    America/Chicago:
      exemplar_city: చికాగో
    America/Menominee:
      exemplar_city: మెనోమినీ
    America/Indiana/Vincennes:
      exemplar_city: విన్‌సెన్నెస్, ఇండియాన
    America/Indiana/Petersburg:
      exemplar_city: పీటర్స్‌బర్గ్, ఇండియాన
    America/Indiana/Tell_City:
      exemplar_city: టెల్ నగరం, ఇండియాన
    America/Indiana/Knox:
      exemplar_city: నోక్స్, ఇండియాన
    America/Indiana/Winamac:
      exemplar_city: వినామాక్, ఇండియాన
    America/Indiana/Marengo:
      exemplar_city: మరెంగో, ఇండియాన
    America/Indianapolis:
      exemplar_city: ఇండియానపోలిస్
    America/Louisville:
      exemplar_city: లూయివిల్
    America/Indiana/Vevay:
      exemplar_city: వెవయ్, ఇండియాన
    America/Kentucky/Monticello:
      exemplar_city: మోంటిసెల్లో, కెన్‌టుక్కీ
    America/Detroit:
      exemplar_city: డిట్రోయిట్
    America/New_York:
      exemplar_city: న్యూయార్క్
    America/Montevideo:
      exemplar_city: మోంటెవీడియో
    Asia/Samarkand:
      exemplar_city: సమర్కాండ్
    Asia/Tashkent:
      exemplar_city: తాష్కెంట్
    Europe/Vatican:
      exemplar_city: వాటికన్
    America/St_Vincent:
      exemplar_city: సెయింట్ విన్సెంట్
    America/Caracas:
      exemplar_city: కారాకస్
    America/Tortola:
      exemplar_city: టోర్టోలా
    America/St_Thomas:
      exemplar_city: సెయింట్ థామస్
    Asia/Saigon:
      exemplar_city: హో చి మిన్హ్ నగరం
    Pacific/Efate:
      exemplar_city: ఇఫేట్
    Pacific/Wallis:
      exemplar_city: వాల్లిస్
    Pacific/Apia:
      exemplar_city: ఏపియా
    Asia/Aden:
      exemplar_city: ఎడెన్
    Indian/Mayotte:
      exemplar_city: మయోట్
    Africa/Johannesburg:
      exemplar_city: జొహెన్స్‌బర్గ్
    Africa/Lusaka:
      exemplar_city: లుసాకా
    Africa/Harare:
      exemplar_city: హరారే
  metazones:
    Afghanistan:
      long:
        standard: ఆఫ్ఘనిస్తాన్ సమయం
    Africa_Central:
      long:
        standard: సెంట్రల్ ఆఫ్రికా సమయం
    Africa_Eastern:
      long:
        standard: తూర్పు ఆఫ్రికా సమయం
    Africa_Southern:
      long:
        standard: దక్షిణ ఆఫ్రికా ప్రామాణిక సమయం
    Africa_Western:
      long:
        generic: పశ్చిమ ఆఫ్రికా సమయం
        standard: పశ్చిమ ఆఫ్రికా ప్రామాణిక సమయం
        daylight: పశ్చిమ ఆఫ్రికా వేసవి సమయం
    Alaska:
      long:
        generic: అలాస్కా సమయం
        standard: అలాస్కా ప్రామాణిక సమయం
        daylight: అలాస్కా పగటి వెలుతురు సమయం
    Amazon:
      long:
        generic: అమెజాన్ సమయం
        standard: అమెజాన్ ప్రామాణిక సమయం
        daylight: అమెజాన్ వేసవి సమయం
    America_Central:
      long:
        generic: మధ్యమ సమయం
        standard: మధ్యమ ప్రామాణిక సమయం
        daylight: మధ్యమ పగటి వెలుతురు సమయం
    America_Eastern:
      long:
        generic: తూర్పు సమయం
        standard: తూర్పు ప్రామాణిక సమయం
        daylight: తూర్పు పగటి వెలుతురు సమయం
    America_Mountain:
      long:
        generic: మౌంటెయిన్ సమయం
        standard: మౌంటెయిన్ ప్రామాణిక సమయం
        daylight: మౌంటెయిన్ పగటి వెలుతురు సమయం
    America_Pacific:
      long:
        generic: పసిఫిక్ సమయం
        standard: పసిఫిక్ ప్రామాణిక సమయం
        daylight: పసిఫిక్ పగటి వెలుతురు సమయం
    Apia:
      long:
        generic: ఏపియా సమయం
        standard: ఏపియా ప్రామాణిక సమయం
        daylight: ఏపియా పగటి సమయం
    Arabian:
      long:
        generic: అరేబియన్ సమయం
        standard: అరేబియన్ ప్రామాణిక సమయం
        daylight: అరేబియన్ పగటి వెలుతురు సమయం
    Argentina:
      long:
        generic: అర్జెంటీనా సమయం
        standard: అర్జెంటీనా ప్రామాణిక సమయం
        daylight: ఆర్జెంటీనా వేసవి సమయం
    Argentina_Western:
      long:
        generic: పశ్చిమ అర్జెంటీనా సమయం
        standard: పశ్చిమ అర్జెంటీనా ప్రామాణిక సమయం
        daylight: పశ్చిమ అర్జెంటీనా వేసవి సమయం
    Armenia:
      long:
        generic: ఆర్మేనియా సమయం
        standard: ఆర్మేనియా ప్రామాణిక సమయం
        daylight: ఆర్మేనియా వేసవి సమయం
    Atlantic:
      long:
        generic: అట్లాంటిక్ సమయం
        standard: అట్లాంటిక్ ప్రామాణిక సమయం
        daylight: అట్లాంటిక్ పగటి వెలుతురు సమయం
    Australia_Central:
      long:
        generic: ఆస్ట్రేలియా మధ్యమ సమయం
        standard: ఆస్ట్రేలియా మధ్యమ ప్రామాణిక సమయం
        daylight: ఆస్ట్రేలియా మధ్యమ పగటి వెలుతురు సమయం
    Australia_CentralWestern:
      long:
        generic: ఆస్ట్రేలియా మధ్యమ పశ్చిమ సమయం
        standard: మధ్యమ ఆస్ట్రేలియన్ పశ్చిమ ప్రామాణిక సమయం
        daylight: ఆస్ట్రేలియా మధ్యమ పశ్చిమ పగటి వెలుతురు సమయం
    Australia_Eastern:
      long:
        generic: తూర్పు ఆస్ట్రేలియా సమయం
        standard: ఆస్ట్రేలియన్ తూర్పు ప్రామాణిక సమయం
        daylight: ఆస్ట్రేలియన్ తూర్పు పగటి వెలుతురు సమయం
    Australia_Western:
      long:
        generic: పశ్చిమ ఆస్ట్రేలియా సమయం
        standard: ఆస్ట్రేలియన్ పశ్చిమ ప్రామాణిక సమయం
        daylight: ఆస్ట్రేలియన్ పశ్చిమ పగటి వెలుతురు సమయం
    Azerbaijan:
      long:
        generic: అజర్బైజాన్ సమయం
        standard: అజర్బైజాన్ ప్రామాణిక సమయం
        daylight: అజర్బైజాన్ వేసవి సమయం
    Azores:
      long:
        generic: అజోర్స్ సమయం
        standard: అజోర్స్ ప్రామాణిక సమయం
        daylight: అజోర్స్ వేసవి సమయం
    Bangladesh:
      long:
        generic: బంగ్లాదేశ్ సమయం
        standard: బంగ్లాదేశ్ ప్రామాణిక సమయం
        daylight: బంగ్లాదేశ్ వేసవి సమయం
    Bhutan:
      long:
        standard: భూటాన్ సమయం
    Bolivia:
      long:
        standard: బొలీవియా సమయం
    Brasilia:
      long:
        generic: బ్రెజిలియా సమయం
        standard: బ్రెజిలియా ప్రామాణిక సమయం
        daylight: బ్రెజిలియా వేసవి సమయం
    Brunei:
      long:
        standard: బ్రూనే దరుసలామ్ సమయం
    Cape_Verde:
      long:
        generic: కేప్ వెర్డె సమయం
        standard: కేప్ వెర్డె ప్రామాణిక సమయం
        daylight: కేప్ వెర్డె వేసవి సమయం
    Chamorro:
      long:
        standard: చామర్రో ప్రామాణిక సమయం
    Chatham:
      long:
        generic: చాథమ్ సమయం
        standard: చాథమ్ ప్రామాణిక సమయం
        daylight: చాథమ్ పగటి వెలుతురు సమయం
    Chile:
      long:
        generic: చిలీ సమయం
        standard: చిలీ ప్రామాణిక సమయం
        daylight: చిలీ వేసవి సమయం
    China:
      long:
        generic: చైనా సమయం
        standard: చైనా ప్రామాణిక సమయం
        daylight: చైనా పగటి వెలుతురు సమయం
    Christmas:
      long:
        standard: క్రిస్మస్ దీవి సమయం
    Cocos:
      long:
        standard: కోకోస్ దీవుల సమయం
    Colombia:
      long:
        generic: కొలంబియా సమయం
        standard: కొలంబియా ప్రామాణిక సమయం
        daylight: కొలంబియా వేసవి సమయం
    Cook:
      long:
        generic: కుక్ దీవుల సమయం
        standard: కుక్ దీవుల ప్రామాణిక సమయం
        daylight: కుక్ దీవుల అర్ధ వేసవి సమయం
    Cuba:
      long:
        generic: క్యూబా సమయం
        standard: క్యూబా ప్రామాణిక సమయం
        daylight: క్యూబా పగటి వెలుతురు సమయం
    Davis:
      long:
        standard: డేవిస్ సమయం
    DumontDUrville:
      long:
        standard: డ్యూమాంట్-డి’ఉర్విల్లే సమయం
    East_Timor:
      long:
        standard: తూర్పు తైమూర్ సమయం
    Easter:
      long:
        generic: ఈస్టర్ దీవి సమయం
        standard: ఈస్టర్ దీవి ప్రామాణిక సమయం
        daylight: ఈస్టర్ దీవి వేసవి సమయం
    Ecuador:
      long:
        standard: ఈక్వడార్ సమయం
    Europe_Central:
      long:
        generic: సెంట్రల్ యూరోపియన్ సమయం
        standard: సెంట్రల్ యూరోపియన్ ప్రామాణిక సమయం
        daylight: సెంట్రల్ యూరోపియన్ వేసవి సమయం
    Europe_Eastern:
      long:
        generic: తూర్పు యూరోపియన్ సమయం
        standard: తూర్పు యూరోపియన్ ప్రామాణిక సమయం
        daylight: తూర్పు యూరోపియన్ వేసవి సమయం
    Europe_Further_Eastern:
      long:
        standard: సుదూర-తూర్పు యూరోపియన్ సమయం
    Europe_Western:
      long:
        generic: పశ్చిమ యూరోపియన్ సమయం
        standard: పశ్చిమ యూరోపియన్ ప్రామాణిక సమయం
        daylight: పశ్చిమ యూరోపియన్ వేసవి సమయం
    Falkland:
      long:
        generic: ఫాక్‌ల్యాండ్ దీవుల సమయం
        standard: ఫాక్‌ల్యాండ్ దీవుల ప్రామాణిక సమయం
        daylight: ఫాక్‌ల్యాండ్ దీవుల వేసవి సమయం
    Fiji:
      long:
        generic: ఫిజీ సమయం
        standard: ఫిజీ ప్రామాణిక సమయం
        daylight: ఫిజీ వేసవి సమయం
    French_Guiana:
      long:
        standard: ఫ్రెంచ్ గయానా సమయం
    French_Southern:
      long:
        standard: ఫ్రెంచ్ దక్షిణ మరియు అంటార్కిటిక్ సమయం
    Galapagos:
      long:
        standard: గాలాపాగోస్ సమయం
    Gambier:
      long:
        standard: గాంబియర్ సమయం
    Georgia:
      long:
        generic: జార్జియా సమయం
        standard: జార్జియా ప్రామాణిక సమయం
        daylight: జార్జియా వేసవి సమయం
    Gilbert_Islands:
      long:
        standard: గిల్బర్ట్ దీవుల సమయం
    GMT:
      long:
        standard: గ్రీన్‌విచ్ సగటు సమయం
    Greenland_Eastern:
      long:
        generic: తూర్పు గ్రీన్‌ల్యాండ్ సమయం
        standard: తూర్పు గ్రీన్‌ల్యాండ్ ప్రామాణిక సమయం
        daylight: తూర్పు గ్రీన్‌ల్యాండ్ వేసవి సమయం
    Greenland_Western:
      long:
        generic: పశ్చిమ గ్రీన్‌ల్యాండ్ సమయం
        standard: పశ్చిమ గ్రీన్‌ల్యాండ్ ప్రామాణిక సమయం
        daylight: పశ్చిమ గ్రీన్‌ల్యాండ్ వేసవి సమయం
    Gulf:
      long:
        standard: గల్ఫ్ ప్రామాణిక సమయం
    Guyana:
      long:
        standard: గయానా సమయం
    Hawaii_Aleutian:
      long:
        generic: హవాయ్-అల్యూషియన్ సమయం
        standard: హవాయ్-అల్యూషియన్ ప్రామాణిక సమయం
        daylight: హవాయ్-అల్యూషియన్ పగటి వెలుతురు సమయం
    Hong_Kong:
      long:
        generic: హాంకాంగ్ సమయం
        standard: హాంకాంగ్ ప్రామాణిక సమయం
        daylight: హాంకాంగ్ వేసవి సమయం
    Hovd:
      long:
        generic: హోవ్డ్ సమయం
        standard: హోవ్డ్ ప్రామాణిక సమయం
        daylight: హోవ్డ్ వేసవి సమయం
    India:
      long:
        standard: భారతదేశ ప్రామాణిక సమయం
    Indian_Ocean:
      long:
        standard: హిందూ మహా సముద్ర సమయం
    Indochina:
      long:
        standard: ఇండోచైనా సమయం
    Indonesia_Central:
      long:
        standard: సెంట్రల్ ఇండోనేషియా సమయం
    Indonesia_Eastern:
      long:
        standard: తూర్పు ఇండోనేషియా సమయం
    Indonesia_Western:
      long:
        standard: పశ్చిమ ఇండోనేషియా సమయం
    Iran:
      long:
        generic: ఇరాన్ సమయం
        standard: ఇరాన్ ప్రామాణిక సమయం
        daylight: ఇరాన్ పగటి వెలుతురు సమయం
    Irkutsk:
      long:
        generic: ఇర్కుట్స్క్ సమయం
        standard: ఇర్కుట్స్క్ ప్రామాణిక సమయం
        daylight: ఇర్కుట్స్క్ వేసవి సమయం
    Israel:
      long:
        generic: ఇజ్రాయిల్ సమయం
        standard: ఇజ్రాయిల్ ప్రామాణిక సమయం
        daylight: ఇజ్రాయిల్ పగటి వెలుతురు సమయం
    Japan:
      long:
        generic: జపాన్ సమయం
        standard: జపాన్ ప్రామాణిక సమయం
        daylight: జపాన్ పగటి వెలుతురు సమయం
    Kazakhstan:
      long:
        standard: కజకి‌స్తాన్ సమయం
    Kazakhstan_Eastern:
      long:
        standard: తూర్పు కజకి‌స్తాన్ సమయం
    Kazakhstan_Western:
      long:
        standard: పశ్చిమ కజకిస్తాన్ సమయం
    Korea:
      long:
        generic: కొరియన్ సమయం
        standard: కొరియన్ ప్రామాణిక సమయం
        daylight: కొరియన్ పగటి వెలుతురు సమయం
    Kosrae:
      long:
        standard: కోస్రాయి సమయం
    Krasnoyarsk:
      long:
        generic: క్రాస్నోయార్స్క్ సమయం
        standard: క్రాస్నోయార్స్క్ ప్రామాణిక సమయం
        daylight: క్రాస్నోయార్స్క్ వేసవి సమయం
    Kyrgystan:
      long:
        standard: కిర్గిస్తాన్ సమయం
    Line_Islands:
      long:
        standard: లైన్ దీవుల సమయం
    Lord_Howe:
      long:
        generic: లార్డ్ హోవ్ సమయం
        standard: లార్డ్ హోవ్ ప్రామాణిక సమయం
        daylight: లార్డ్ హోవ్ పగటి సమయం
    Magadan:
      long:
        generic: మగడాన్ సమయం
        standard: మగడాన్ ప్రామాణిక సమయం
        daylight: మగడాన్ వేసవి సమయం
    Malaysia:
      long:
        standard: మలేషియా సమయం
    Maldives:
      long:
        standard: మాల్దీవుల సమయం
    Marquesas:
      long:
        standard: మార్క్వేసాస్ సమయం
    Marshall_Islands:
      long:
        standard: మార్షల్ దీవుల సమయం
    Mauritius:
      long:
        generic: మారిషస్ సమయం
        standard: మారిషస్ ప్రామాణిక సమయం
        daylight: మారిషస్ వేసవి సమయం
    Mawson:
      long:
        standard: మాసన్ సమయం
    Mexico_Pacific:
      long:
        generic: మెక్సికన్ పసిఫిక్ సమయం
        standard: మెక్సికన్ పసిఫిక్ ప్రామాణిక సమయం
        daylight: మెక్సికన్ పసిఫిక్ పగటి వెలుతురు సమయం
    Mongolia:
      long:
        generic: ఉలన్ బతోర్ సమయం
        standard: ఉలన్ బతోర్ ప్రామాణిక సమయం
        daylight: ఉలన్ బతోర్ వేసవి సమయం
    Moscow:
      long:
        generic: మాస్కో సమయం
        standard: మాస్కో ప్రామాణిక సమయం
        daylight: మాస్కో వేసవి సమయం
    Myanmar:
      long:
        standard: మయన్మార్ సమయం
    Nauru:
      long:
        standard: నౌరు సమయం
    Nepal:
      long:
        standard: నేపాల్ సమయం
    New_Caledonia:
      long:
        generic: న్యూ కాలెడోనియా సమయం
        standard: న్యూ కాలెడోనియా ప్రామాణిక సమయం
        daylight: న్యూ కాలెడోనియా వేసవి సమయం
    New_Zealand:
      long:
        generic: న్యూజిల్యాండ్ సమయం
        standard: న్యూజిల్యాండ్ ప్రామాణిక సమయం
        daylight: న్యూజిల్యాండ్ పగటి వెలుతురు సమయం
    Newfoundland:
      long:
        generic: న్యూఫౌండ్‌ల్యాండ్ సమయం
        standard: న్యూఫౌండ్‌ల్యాండ్ ప్రామాణిక సమయం
        daylight: న్యూఫౌండ్‌ల్యాండ్ పగటి వెలుతురు సమయం
    Niue:
      long:
        standard: నియూ సమయం
    Norfolk:
      long:
        generic: నార్ఫోక్ దీవి సమయం
        standard: నార్ఫోక్ దీవి ప్రామాణిక సమయం
        daylight: నార్ఫోక్ దీవి పగటి సమయం
    Noronha:
      long:
        generic: ఫెర్నాండో డి నొరోన్హా సమయం
        standard: ఫెర్నాండో డి నొరోన్హా ప్రామాణిక సమయం
        daylight: ఫెర్నాండో డి నొరోన్హా వేసవి సమయం
    Novosibirsk:
      long:
        generic: నోవోసిబిర్స్క్ సమయం
        standard: నోవోసిబిర్క్స్ ప్రామాణిక సమయం
        daylight: నోవోసిబిర్స్క్ వేసవి సమయం
    Omsk:
      long:
        generic: ఓమ్స్క్ సమయం
        standard: ఓమ్స్క్ ప్రామాణిక సమయం
        daylight: ఓమ్స్క్ వేసవి సమయం
    Pakistan:
      long:
        generic: పాకిస్తాన్ సమయం
        standard: పాకిస్తాన్ ప్రామాణిక సమయం
        daylight: పాకిస్తాన్ వేసవి సమయం
    Palau:
      long:
        standard: పాలావ్ సమయం
    Papua_New_Guinea:
      long:
        standard: పాపువా న్యూ గినియా సమయం
    Paraguay:
      long:
        generic: పరాగ్వే సమయం
        standard: పరాగ్వే ప్రామాణిక సమయం
        daylight: పరాగ్వే వేసవి సమయం
    Peru:
      long:
        generic: పెరూ సమయం
        standard: పెరూ ప్రామాణిక సమయం
        daylight: పెరూ వేసవి సమయం
    Philippines:
      long:
        generic: ఫిలిప్పైన్ సమయం
        standard: ఫిలిప్పైన్ ప్రామాణిక సమయం
        daylight: ఫిలిప్పైన్ వేసవి సమయం
    Phoenix_Islands:
      long:
        standard: ఫినిక్స్ దీవుల సమయం
    Pierre_Miquelon:
      long:
        generic: సెయింట్ పియెర్ మరియు మిక్వెలాన్ సమయం
        standard: సెయింట్ పియెర్ మరియు మిక్వెలాన్ ప్రామాణిక సమయం
        daylight: సెయింట్ పియర్ మరియు మిక్వెలాన్ పగటి వెలుతురు సమయం
    Pitcairn:
      long:
        standard: పిట్‌కైర్న్ సమయం
    Ponape:
      long:
        standard: పొనేప్ సమయం
    Pyongyang:
      long:
        standard: ప్యోంగాంగ్ సమయం
    Reunion:
      long:
        standard: రీయూనియన్ సమయం
    Rothera:
      long:
        standard: రొతేరా సమయం
    Sakhalin:
      long:
        generic: సఖాలిన్ సమయం
        standard: సఖాలిన్ ప్రామాణిక సమయం
        daylight: సఖాలిన్ వేసవి సమయం
    Samoa:
      long:
        generic: సమోవా సమయం
        standard: సమోవా ప్రామాణిక సమయం
        daylight: సమోవా పగటి వెలుతురు సమయం
    Seychelles:
      long:
        standard: సీషెల్స్ సమయం
    Singapore:
      long:
        standard: సింగపూర్ ప్రామాణిక సమయం
    Solomon:
      long:
        standard: సోలమన్ దీవుల సమయం
    South_Georgia:
      long:
        standard: దక్షిణ జార్జియా సమయం
    Suriname:
      long:
        standard: సూరినామ్ సమయం
    Syowa:
      long:
        standard: స్యోవా సమయం
    Tahiti:
      long:
        standard: తహితి సమయం
    Taipei:
      long:
        generic: తైపీ సమయం
        standard: తైపీ ప్రామాణిక సమయం
        daylight: తైపీ పగటి వెలుతురు సమయం
    Tajikistan:
      long:
        standard: తజికిస్తాన్ సమయం
    Tokelau:
      long:
        standard: టోకెలావ్ సమయం
    Tonga:
      long:
        generic: టాంగా సమయం
        standard: టాంగా ప్రామాణిక సమయం
        daylight: టాంగా వేసవి సమయం
    Truk:
      long:
        standard: చక్ సమయం
    Turkmenistan:
      long:
        generic: తుర్క్‌మెనిస్తాన్ సమయం
        standard: తుర్క్‌మెనిస్తాన్ ప్రామాణిక సమయం
        daylight: తుర్క్‌మెనిస్తాన్ వేసవి సమయం
    Tuvalu:
      long:
        standard: తువాలు సమయం
    Uruguay:
      long:
        generic: ఉరుగ్వే సమయం
        standard: ఉరుగ్వే ప్రామాణిక సమయం
        daylight: ఉరుగ్వే వేసవి సమయం
    Uzbekistan:
      long:
        generic: ఉజ్బెకిస్తాన్ సమయం
        standard: ఉజ్బెకిస్తాన్ ప్రామాణిక సమయం
        daylight: ఉజ్బెకిస్తాన్ వేసవి సమయం
    Vanuatu:
      long:
        generic: వనౌటు సమయం
        standard: వనౌటు ప్రామాణిక సమయం
        daylight: వనౌటు వేసవి సమయం
    Venezuela:
      long:
        standard: వెనిజులా సమయం
    Vladivostok:
      long:
        generic: వ్లాడివోస్టోక్ సమయం
        standard: వ్లాడివోస్టోక్ ప్రామాణిక సమయం
        daylight: వ్లాడివోస్టోక్ వేసవి సమయం
    Volgograd:
      long:
        generic: వోల్గోగ్రాడ్ సమయం
        standard: వోల్గోగ్రాడ్ ప్రామాణిక సమయం
        daylight: వోల్గోగ్రాడ్ వేసవి సమయం
    Vostok:
      long:
        standard: వోస్టోక్ సమయం
    Wake:
      long:
        standard: వేక్ దీవి సమయం
    Wallis:
      long:
        standard: వాలీస్ మరియు ఫుటునా సమయం
    Yakutsk:
      long:
        generic: యాకుట్స్క్ సమయం
        standard: యాకుట్స్క్ ప్రామాణిక సమయం
        daylight: యాకుట్స్క్ వేసవి సమయం
    Yekaterinburg:
      long:
        generic: యెకటెరిన్‌బర్గ్ సమయం
        standard: యెకటెరిన్‌బర్గ్ ప్రామాణిక సమయం
        daylight: యెకటెరిన్‌బర్గ్ వేసవి సమయం
