---
locale: kab
generated_at: '2025-09-19T10:42:50Z'
cldr_version: '46'
timezone_names:
  formats:
    gmt_format: KLG {0}
    region_format: 'Akud: {0}'
    region_format_daylight: "{0} Akud n unebdu"
    region_format_standard: "{0} Akud amezday"
  zones:
    Pacific/Honolulu:
      exemplar_city: Honolulu
    Etc/Unknown:
      exemplar_city: Aɣrem Arussin
    Europe/Andorra:
      exemplar_city: Andura
    Asia/Dubai:
      exemplar_city: Dubay
    America/Antigua:
      exemplar_city: Antiga
    America/Anguilla:
      exemplar_city: Angila
    Europe/Tirane:
      exemplar_city: Tiran
    Asia/Yerevan:
      exemplar_city: Yervan
    Africa/Luanda:
      exemplar_city: Lwanda
    Antarctica/Vostok:
      exemplar_city: Vusṭuk
    America/Mendoza:
      exemplar_city: Minduẓa
    America/Argentina/San_Juan:
      exemplar_city: San Xwan
    America/Argentina/Ushuaia:
      exemplar_city: Ucwaya
    America/Argentina/San_Luis:
      exemplar_city: San Lwis
    America/Catamarca:
      exemplar_city: Katamarka
    America/Argentina/Tucuman:
      exemplar_city: Tukuman
    America/Cordoba:
      exemplar_city: Kurduba
    Europe/Vienna:
      exemplar_city: Vyenna
    Australia/Adelaide:
      exemplar_city: Adilayid
    Australia/Melbourne:
      exemplar_city: Malburn
    Australia/Sydney:
      exemplar_city: Sidni
    Australia/Brisbane:
      exemplar_city: Brisban
    Antarctica/Macquarie:
      exemplar_city: Makari
    Europe/Mariehamn:
      exemplar_city: Marihamn
    Europe/Sarajevo:
      exemplar_city: Sarajivu
    America/Barbados:
      exemplar_city: Barbadus
    Europe/Brussels:
      exemplar_city: Bruksel
    Africa/Ouagadougou:
      exemplar_city: Wagadugu
    Europe/Sofia:
      exemplar_city: Sofya
    Asia/Bahrain:
      exemplar_city: Baḥrin
    Africa/Porto-Novo:
      exemplar_city: Puṛtu Nuvu
    Atlantic/Bermuda:
      exemplar_city: Birmud
    Asia/Brunei:
      exemplar_city: Brunay
    America/Rio_Branco:
      exemplar_city: Ryu Branku
    America/Porto_Velho:
      exemplar_city: Purtu Vilhu
    America/Campo_Grande:
      exemplar_city: Kumpu Grandi
    America/Sao_Paulo:
      exemplar_city: Saw Pawlu
    America/Bahia:
      exemplar_city: Bahya
    America/Fortaleza:
      exemplar_city: Furṭaliza
    America/Recife:
      exemplar_city: Risif
    America/Noronha:
      exemplar_city: Nuṛunha
    Africa/Gaborone:
      exemplar_city: Gaburun
    America/Belize:
      exemplar_city: Biliz
    America/Dawson:
      exemplar_city: Dawsun
    America/Fort_Nelson:
      exemplar_city: Fuṛt Nilṣun
    America/Dawson_Creek:
      exemplar_city: Dawsun Krik
    America/Creston:
      exemplar_city: Kristun
    America/Edmonton:
      exemplar_city: Idmuntun
    America/Cambridge_Bay:
      exemplar_city: Kambriǧ Bay
    America/Coral_Harbour:
      exemplar_city: Atikukan
    America/Blanc-Sablon:
      exemplar_city: Blun-Sablun
    Indian/Cocos:
      exemplar_city: Kuku
    Africa/Kinshasa:
      exemplar_city: Kincaṣa
    Africa/Lubumbashi:
      exemplar_city: Lubumbaci
    Africa/Bangui:
      exemplar_city: Bangi
    Africa/Brazzaville:
      exemplar_city: Braẓavil
    Europe/Zurich:
      exemplar_city: Zurix
    Africa/Abidjan:
      exemplar_city: Abiǧan
    America/Santiago:
      exemplar_city: Santyagu
    Africa/Douala:
      exemplar_city: Dwala
    Asia/Shanghai:
      exemplar_city: Cangay
    America/Bogota:
      exemplar_city: Buguṭa
    America/Costa_Rica:
      exemplar_city: Kusta Rika
    Atlantic/Cape_Verde:
      exemplar_city: Kap Vir
    America/Curacao:
      exemplar_city: Kuračaw
    Indian/Christmas:
      exemplar_city: Krismas
    Asia/Nicosia:
      exemplar_city: Nikusya
    Europe/Prague:
      exemplar_city: Prag
    Africa/Djibouti:
      exemplar_city: Ǧibuti
    Europe/Copenhagen:
      exemplar_city: Kupenhagen
    America/Dominica:
      exemplar_city: Duminik
    Africa/Algiers:
      exemplar_city: Lezzayer
    Pacific/Galapagos:
      exemplar_city: Galapagus
    America/Guayaquil:
      exemplar_city: Gayakil
    Europe/Tallinn:
      exemplar_city: Tallin
    Africa/Cairo:
      exemplar_city: Lqahira
    Africa/El_Aaiun:
      exemplar_city: Leɛyun
    Atlantic/Canary:
      exemplar_city: Tigzirin n Kanari
    Africa/Ceuta:
      exemplar_city: Sebta
    Africa/Addis_Ababa:
      exemplar_city: Adis Ababa
    Europe/Helsinki:
      exemplar_city: Hilsinki
    Atlantic/Faeroe:
      exemplar_city: Farwi
    Africa/Libreville:
      exemplar_city: Libervil
    Europe/London:
      exemplar_city: Lundun
    America/Grenada:
      exemplar_city: Grunada
    America/Cayenne:
      exemplar_city: Kayan
    Europe/Guernsey:
      exemplar_city: Girnizey
    Africa/Accra:
      exemplar_city: Akṛa
    Europe/Gibraltar:
      exemplar_city: Jibralṭar
    America/Godthab:
      exemplar_city: Nuk
    America/Danmarkshavn:
      exemplar_city: Danmarkcaven
    Africa/Conakry:
      exemplar_city: Kunakri
    America/Guadeloupe:
      exemplar_city: Gwadalupi
    Africa/Malabo:
      exemplar_city: Malabu
    Europe/Athens:
      exemplar_city: Atina
    Atlantic/South_Georgia:
      exemplar_city: Jyurjya n unẓul
    America/Guatemala:
      exemplar_city: Gwatimala
    Africa/Bissau:
      exemplar_city: Bisaw
    America/Guyana:
      exemplar_city: Guyan
    Asia/Hong_Kong:
      exemplar_city: Hung Kung
    Europe/Dublin:
      exemplar_city: Dublan
    Asia/Jerusalem:
      exemplar_city: Jirusalem
    Europe/Isle_of_Man:
      exemplar_city: Tigzirt n Man
    Asia/Calcutta:
      exemplar_city: Kulkata
    Indian/Chagos:
      exemplar_city: Cagus
    Asia/Baghdad:
      exemplar_city: Beɣdad
    Europe/Rome:
      exemplar_city: Rum
    Europe/Jersey:
      exemplar_city: Jirzey
    America/Jamaica:
      exemplar_city: Jamayka
    Asia/Amman:
      exemplar_city: Ɛemman
    Asia/Tokyo:
      exemplar_city: Tukyu
    Africa/Nairobi:
      exemplar_city: Nayrubi
    Pacific/Enderbury:
      exemplar_city: Enderbury
    Indian/Comoro:
      exemplar_city: Kumuṛ
    Asia/Pyongyang:
      exemplar_city: Pyungyung
    Asia/Seoul:
      exemplar_city: Siyul
    Asia/Kuwait:
      exemplar_city: Kwit
    America/Cayman:
      exemplar_city: Kayman
    Asia/Qostanay:
      exemplar_city: Kustanay
    Asia/Almaty:
      exemplar_city: Almati
    Asia/Beirut:
      exemplar_city: Bayrut
    Asia/Colombo:
      exemplar_city: Kulumbu
    Africa/Monrovia:
      exemplar_city: Munṛuvya
    Africa/Maseru:
      exemplar_city: Masiru
    Europe/Vilnius:
      exemplar_city: Vilnyus
    Europe/Luxembourg:
      exemplar_city: Luksemburg
    Africa/Tripoli:
      exemplar_city: Trablus
    Africa/Casablanca:
      exemplar_city: Kaẓablanka
    Europe/Monaco:
      exemplar_city: Munaku
    America/Marigot:
      exemplar_city: Mariguṭ
    Indian/Antananarivo:
      exemplar_city: Antananarivu
    Africa/Bamako:
      exemplar_city: Bamaku
    Asia/Rangoon:
      exemplar_city: Rangoon
    Asia/Hovd:
      exemplar_city: Huvd
    Asia/Ulaanbaatar:
      exemplar_city: Ulanbatar
    Asia/Macau:
      exemplar_city: Makaw
    America/Martinique:
      exemplar_city: Martinik
    Africa/Nouakchott:
      exemplar_city: Nwaqcuṭ
    Indian/Mauritius:
      exemplar_city: Muris
    Indian/Maldives:
      exemplar_city: Maldiv
    Africa/Blantyre:
      exemplar_city: Blantir
    America/Chihuahua:
      exemplar_city: Ciwawa
    America/Bahia_Banderas:
      exemplar_city: Bahya Bandiras
    America/Merida:
      exemplar_city: Merida
    America/Cancun:
      exemplar_city: Kankun
    Asia/Kuala_Lumpur:
      exemplar_city: Kwala Lumpur
    Africa/Maputo:
      exemplar_city: Mapuṭu
    Africa/Windhoek:
      exemplar_city: Windhek
    Africa/Niamey:
      exemplar_city: Nyamey
    Pacific/Norfolk:
      exemplar_city: Nurfulk
    Africa/Lagos:
      exemplar_city: Lagus
    America/Managua:
      exemplar_city: Managa
    Europe/Amsterdam:
      exemplar_city: Amestirdam
    Europe/Oslo:
      exemplar_city: Uṣlu
    Asia/Katmandu:
      exemplar_city: Katmandu
    Pacific/Niue:
      exemplar_city: Niyu
    Pacific/Chatham:
      exemplar_city: Catham
    Pacific/Auckland:
      exemplar_city: Ukland
    Asia/Muscat:
      exemplar_city: Musqaṭ
    Pacific/Marquesas:
      exemplar_city: Markiz
    Pacific/Gambier:
      exemplar_city: Gambyer
    Asia/Karachi:
      exemplar_city: Karaci
    Asia/Gaza:
      exemplar_city: Ɣezza
    Asia/Hebron:
      exemplar_city: Hebrun
    Atlantic/Azores:
      exemplar_city: Aẓuris
    Atlantic/Madeira:
      exemplar_city: Madira
    Europe/Lisbon:
      exemplar_city: Lizbun
    America/Asuncion:
      exemplar_city: Asunsyun
    Asia/Qatar:
      exemplar_city: Qaṭar
    Indian/Reunion:
      exemplar_city: Riyunyun
    Europe/Bucharest:
      exemplar_city: Buxarest
    Europe/Belgrade:
      exemplar_city: Bilgrad
    Europe/Moscow:
      exemplar_city: Musku
    Asia/Anadyr:
      exemplar_city: Anadir
    Asia/Riyadh:
      exemplar_city: Riyaḍ
    Indian/Mahe:
      exemplar_city: Mahi
    Africa/Khartoum:
      exemplar_city: Xaṛtum
    Europe/Stockholm:
      exemplar_city: Sṭukhulm
    Asia/Singapore:
      exemplar_city: Sangapur
    Atlantic/St_Helena:
      exemplar_city: Sant Ilina
    Arctic/Longyearbyen:
      exemplar_city: Lungyerbyen
    Africa/Freetown:
      exemplar_city: Friṭawn
    Europe/San_Marino:
      exemplar_city: San Marinu
    Africa/Mogadishu:
      exemplar_city: Muqadicu
    America/Paramaribo:
      exemplar_city: Paramaribu
    Africa/Sao_Tome:
      exemplar_city: Saw Ṭumi
    America/El_Salvador:
      exemplar_city: Salvadur
    Asia/Damascus:
      exemplar_city: Damas
    Africa/Mbabane:
      exemplar_city: Mbaban
    Africa/Ndjamena:
      exemplar_city: Nǧamina
    Indian/Kerguelen:
      exemplar_city: Kerglen
    Africa/Lome:
      exemplar_city: Lumi
    Asia/Bangkok:
      exemplar_city: Bangkuk
    Africa/Tunis:
      exemplar_city: Tunes
    Europe/Istanbul:
      exemplar_city: Isṭanbul
    Asia/Taipei:
      exemplar_city: Taypay
    Africa/Dar_es_Salaam:
      exemplar_city: Dar Salam
    Europe/Kiev:
      exemplar_city: Kyev
    America/Anchorage:
      exemplar_city: Ankuraj
    America/Boise:
      exemplar_city: Bwaẓ
    America/Chicago:
      exemplar_city: Cikagu
    America/Detroit:
      exemplar_city: Ditrwa
    Europe/Vatican:
      exemplar_city: Vatikan
    America/Caracas:
      exemplar_city: Karakas
    Pacific/Apia:
      exemplar_city: Apya
    Asia/Aden:
      exemplar_city: Ɛaden
    Indian/Mayotte:
      exemplar_city: Mayuṭ
    Africa/Johannesburg:
      exemplar_city: Juhanisburg
    Africa/Lusaka:
      exemplar_city: Luzaka
    Africa/Harare:
      exemplar_city: Harari
