---
locale: ko
generated_at: '2025-09-15T06:26:35Z'
cldr_version: '46'
timezone_names:
  formats:
    region_format: "{0} 시간"
    region_format_daylight: "{0} 하계 표준시"
    region_format_standard: "{0} 표준시"
    fallback_format: "{1}({0})"
  zones:
    Pacific/Honolulu:
      exemplar_city: 호놀룰루
    Etc/UTC:
      long:
        standard: 협정 세계시
    Etc/Unknown:
      exemplar_city: 알 수 없는 장소
    Europe/Andorra:
      exemplar_city: 안도라
    Asia/Dubai:
      exemplar_city: 두바이
    Asia/Kabul:
      exemplar_city: 카불
    America/Antigua:
      exemplar_city: 안티과
    America/Anguilla:
      exemplar_city: 앙귈라
    Europe/Tirane:
      exemplar_city: 티라나
    Asia/Yerevan:
      exemplar_city: 예레반
    Africa/Luanda:
      exemplar_city: 루안다
    Antarctica/Rothera:
      exemplar_city: 로데라
    Antarctica/Palmer:
      exemplar_city: 파머
    Antarctica/Troll:
      exemplar_city: 트롤
    Antarctica/Syowa:
      exemplar_city: 쇼와
    Antarctica/Mawson:
      exemplar_city: 모슨
    Antarctica/Davis:
      exemplar_city: 데이비스
    Antarctica/Vostok:
      exemplar_city: 보스토크
    Antarctica/Casey:
      exemplar_city: 케이시
    Antarctica/DumontDUrville:
      exemplar_city: 뒤몽 뒤르빌
    Antarctica/McMurdo:
      exemplar_city: 맥머도
    America/Argentina/Rio_Gallegos:
      exemplar_city: 리오 가예고스
    America/Mendoza:
      exemplar_city: 멘도사
    America/Argentina/San_Juan:
      exemplar_city: 산후안
    America/Argentina/Ushuaia:
      exemplar_city: 우수아이아
    America/Argentina/La_Rioja:
      exemplar_city: 라 리오하
    America/Argentina/San_Luis:
      exemplar_city: 산루이스
    America/Catamarca:
      exemplar_city: 카타마르카
    America/Argentina/Salta:
      exemplar_city: 살타
    America/Jujuy:
      exemplar_city: 후후이
    America/Argentina/Tucuman:
      exemplar_city: 투쿠만
    America/Cordoba:
      exemplar_city: 코르도바
    America/Buenos_Aires:
      exemplar_city: 부에노스 아이레스
    Pacific/Pago_Pago:
      exemplar_city: 파고파고
    Europe/Vienna:
      exemplar_city: 비엔나
    Australia/Perth:
      exemplar_city: 퍼스
    Australia/Eucla:
      exemplar_city: 유클라
    Australia/Darwin:
      exemplar_city: 다윈
    Australia/Adelaide:
      exemplar_city: 애들레이드
    Australia/Broken_Hill:
      exemplar_city: 브로컨힐
    Australia/Melbourne:
      exemplar_city: 멜버른
    Australia/Hobart:
      exemplar_city: 호바트
    Australia/Lindeman:
      exemplar_city: 린데만
    Australia/Sydney:
      exemplar_city: 시드니
    Australia/Brisbane:
      exemplar_city: 브리스베인
    Antarctica/Macquarie:
      exemplar_city: 맥쿼리
    Australia/Lord_Howe:
      exemplar_city: 로드 하우
    America/Aruba:
      exemplar_city: 아루바
    Europe/Mariehamn:
      exemplar_city: 마리에함
    Asia/Baku:
      exemplar_city: 바쿠
    Europe/Sarajevo:
      exemplar_city: 사라예보
    America/Barbados:
      exemplar_city: 바베이도스
    Asia/Dhaka:
      exemplar_city: 다카
    Europe/Brussels:
      exemplar_city: 브뤼셀
    Africa/Ouagadougou:
      exemplar_city: 와가두구
    Europe/Sofia:
      exemplar_city: 소피아
    Asia/Bahrain:
      exemplar_city: 바레인
    Africa/Bujumbura:
      exemplar_city: 부줌부라
    Africa/Porto-Novo:
      exemplar_city: 포르토노보
    America/St_Barthelemy:
      exemplar_city: 생바르텔레미
    Atlantic/Bermuda:
      exemplar_city: 버뮤다
    Asia/Brunei:
      exemplar_city: 브루나이
    America/La_Paz:
      exemplar_city: 라파스
    America/Kralendijk:
      exemplar_city: 크라렌디즈크
    America/Eirunepe:
      exemplar_city: 아이루네페
    America/Rio_Branco:
      exemplar_city: 히우 브랑쿠
    America/Porto_Velho:
      exemplar_city: 포르토벨료
    America/Boa_Vista:
      exemplar_city: 보아 비스타
    America/Manaus:
      exemplar_city: 마나우스
    America/Cuiaba:
      exemplar_city: 쿠이아바
    America/Santarem:
      exemplar_city: 산타렘
    America/Campo_Grande:
      exemplar_city: 캄포 그란데
    America/Belem:
      exemplar_city: 벨렘
    America/Araguaina:
      exemplar_city: 아라과이나
    America/Sao_Paulo:
      exemplar_city: 상파울루
    America/Bahia:
      exemplar_city: 바히아
    America/Fortaleza:
      exemplar_city: 포르탈레자
    America/Maceio:
      exemplar_city: 마세이오
    America/Recife:
      exemplar_city: 레시페
    America/Noronha:
      exemplar_city: 노롱야
    America/Nassau:
      exemplar_city: 나소
    Asia/Thimphu:
      exemplar_city: 팀부
    Africa/Gaborone:
      exemplar_city: 가보로네
    Europe/Minsk:
      exemplar_city: 민스크
    America/Belize:
      exemplar_city: 벨리즈
    America/Dawson:
      exemplar_city: 도슨
    America/Whitehorse:
      exemplar_city: 화이트호스
    America/Inuvik:
      exemplar_city: 이누빅
    America/Vancouver:
      exemplar_city: 벤쿠버
    America/Fort_Nelson:
      exemplar_city: 포트 넬슨
    America/Dawson_Creek:
      exemplar_city: 도슨크릭
    America/Creston:
      exemplar_city: 크레스톤
    America/Edmonton:
      exemplar_city: 에드먼턴
    America/Swift_Current:
      exemplar_city: 스위프트커런트
    America/Cambridge_Bay:
      exemplar_city: 케임브리지 베이
    America/Regina:
      exemplar_city: 리자이나
    America/Winnipeg:
      exemplar_city: 위니펙
    America/Resolute:
      exemplar_city: 리졸루트
    America/Rankin_Inlet:
      exemplar_city: 랭킹 인렛
    America/Coral_Harbour:
      exemplar_city: 코랄하버
    America/Toronto:
      exemplar_city: 토론토
    America/Iqaluit:
      exemplar_city: 이칼루이트
    America/Moncton:
      exemplar_city: 몽턴
    America/Halifax:
      exemplar_city: 핼리팩스
    America/Goose_Bay:
      exemplar_city: 구즈베이
    America/Glace_Bay:
      exemplar_city: 글라스베이
    America/Blanc-Sablon:
      exemplar_city: 블랑 사블롱
    America/St_Johns:
      exemplar_city: 세인트존스
    Indian/Cocos:
      exemplar_city: 코코스
    Africa/Kinshasa:
      exemplar_city: 킨샤사
    Africa/Lubumbashi:
      exemplar_city: 루붐바시
    Africa/Bangui:
      exemplar_city: 방기
    Africa/Brazzaville:
      exemplar_city: 브라자빌
    Europe/Zurich:
      exemplar_city: 취리히
    Africa/Abidjan:
      exemplar_city: 아비장
    Pacific/Rarotonga:
      exemplar_city: 라로통가
    Pacific/Easter:
      exemplar_city: 이스터 섬
    America/Punta_Arenas:
      exemplar_city: 푼타아레나스
    America/Santiago:
      exemplar_city: 산티아고
    Africa/Douala:
      exemplar_city: 두알라
    Asia/Urumqi:
      exemplar_city: 우루무치
    Asia/Shanghai:
      exemplar_city: 상하이
    America/Bogota:
      exemplar_city: 보고타
    America/Costa_Rica:
      exemplar_city: 코스타리카
    America/Havana:
      exemplar_city: 하바나
    Atlantic/Cape_Verde:
      exemplar_city: 카보 베르데
    America/Curacao:
      exemplar_city: 퀴라소
    Indian/Christmas:
      exemplar_city: 크리스마스
    Asia/Nicosia:
      exemplar_city: 니코시아
    Asia/Famagusta:
      exemplar_city: 파마구스타
    Europe/Prague:
      exemplar_city: 프라하
    Europe/Busingen:
      exemplar_city: 뷔지겐
    Europe/Berlin:
      exemplar_city: 베를린
    Africa/Djibouti:
      exemplar_city: 지부티
    Europe/Copenhagen:
      exemplar_city: 코펜하겐
    America/Dominica:
      exemplar_city: 도미니카
    America/Santo_Domingo:
      exemplar_city: 산토도밍고
    Africa/Algiers:
      exemplar_city: 알제
    Pacific/Galapagos:
      exemplar_city: 갈라파고스
    America/Guayaquil:
      exemplar_city: 과야킬
    Europe/Tallinn:
      exemplar_city: 탈린
    Africa/Cairo:
      exemplar_city: 카이로
    Africa/El_Aaiun:
      exemplar_city: 엘아이운
    Africa/Asmera:
      exemplar_city: 아스메라
    Atlantic/Canary:
      exemplar_city: 카나리아 제도
    Africa/Ceuta:
      exemplar_city: 세우타
    Europe/Madrid:
      exemplar_city: 마드리드
    Africa/Addis_Ababa:
      exemplar_city: 아디스아바바
    Europe/Helsinki:
      exemplar_city: 헬싱키
    Pacific/Fiji:
      exemplar_city: 피지
    Atlantic/Stanley:
      exemplar_city: 스탠리
    Pacific/Truk:
      exemplar_city: 트루크
    Pacific/Ponape:
      exemplar_city: 포나페
    Pacific/Kosrae:
      exemplar_city: 코스레
    Atlantic/Faeroe:
      exemplar_city: 페로 제도
    Europe/Paris:
      exemplar_city: 파리
    Africa/Libreville:
      exemplar_city: 리브르빌
    Europe/London:
      exemplar_city: 런던
      long:
        daylight: 영국 하계 표준시
    America/Grenada:
      exemplar_city: 그레나다
    Asia/Tbilisi:
      exemplar_city: 트빌리시
    America/Cayenne:
      exemplar_city: 카옌
    Europe/Guernsey:
      exemplar_city: 건지
    Africa/Accra:
      exemplar_city: 아크라
    Europe/Gibraltar:
      exemplar_city: 지브롤터
    America/Thule:
      exemplar_city: 툴레
    America/Godthab:
      exemplar_city: 고드호프
    America/Scoresbysund:
      exemplar_city: 스코레스바이선드
    America/Danmarkshavn:
      exemplar_city: 덴마크샤븐
    Africa/Banjul:
      exemplar_city: 반줄
    Africa/Conakry:
      exemplar_city: 코나크리
    America/Guadeloupe:
      exemplar_city: 과들루프
    Africa/Malabo:
      exemplar_city: 말라보
    Europe/Athens:
      exemplar_city: 아테네
    Atlantic/South_Georgia:
      exemplar_city: 사우스조지아
    America/Guatemala:
      exemplar_city: 과테말라
    Pacific/Guam:
      exemplar_city: 괌
    Africa/Bissau:
      exemplar_city: 비사우
    America/Guyana:
      exemplar_city: 가이아나
    Asia/Hong_Kong:
      exemplar_city: 홍콩
    America/Tegucigalpa:
      exemplar_city: 테구시갈파
    Europe/Zagreb:
      exemplar_city: 자그레브
    America/Port-au-Prince:
      exemplar_city: 포르토프랭스
    Europe/Budapest:
      exemplar_city: 부다페스트
    Asia/Jakarta:
      exemplar_city: 자카르타
    Asia/Pontianak:
      exemplar_city: 폰티아나크
    Asia/Makassar:
      exemplar_city: 마카사르
    Asia/Jayapura:
      exemplar_city: 자야푸라
    Europe/Dublin:
      exemplar_city: 더블린
      long:
        daylight: 아일랜드 표준시
    Asia/Jerusalem:
      exemplar_city: 예루살렘
    Europe/Isle_of_Man:
      exemplar_city: 맨섬
    Asia/Calcutta:
      exemplar_city: 콜카타
    Indian/Chagos:
      exemplar_city: 차고스
    Asia/Baghdad:
      exemplar_city: 바그다드
    Asia/Tehran:
      exemplar_city: 테헤란
    Atlantic/Reykjavik:
      exemplar_city: 레이캬비크
    Europe/Rome:
      exemplar_city: 로마
    Europe/Jersey:
      exemplar_city: 저지
    America/Jamaica:
      exemplar_city: 자메이카
    Asia/Amman:
      exemplar_city: 암만
    Asia/Tokyo:
      exemplar_city: 도쿄
    Africa/Nairobi:
      exemplar_city: 나이로비
    Asia/Bishkek:
      exemplar_city: 비슈케크
    Asia/Phnom_Penh:
      exemplar_city: 프놈펜
    Pacific/Enderbury:
      exemplar_city: 엔더베리
    Pacific/Kanton:
      exemplar_city: 칸톤
    Pacific/Kiritimati:
      exemplar_city: 키리티마티
    Pacific/Tarawa:
      exemplar_city: 타라와
    Indian/Comoro:
      exemplar_city: 코모로
    America/St_Kitts:
      exemplar_city: 세인트키츠
    Asia/Pyongyang:
      exemplar_city: 평양
    Asia/Seoul:
      exemplar_city: 서울
    Asia/Kuwait:
      exemplar_city: 쿠웨이트
    America/Cayman:
      exemplar_city: 케이맨
    Asia/Aqtau:
      exemplar_city: 아크타우
    Asia/Oral:
      exemplar_city: 오랄
    Asia/Atyrau:
      exemplar_city: 아티라우
    Asia/Aqtobe:
      exemplar_city: 악토브
    Asia/Qostanay:
      exemplar_city: 코스타나이
    Asia/Qyzylorda:
      exemplar_city: 키질로르다
    Asia/Almaty:
      exemplar_city: 알마티
    Asia/Vientiane:
      exemplar_city: 비엔티안
    Asia/Beirut:
      exemplar_city: 베이루트
    America/St_Lucia:
      exemplar_city: 세인트루시아
    Europe/Vaduz:
      exemplar_city: 파두츠
    Asia/Colombo:
      exemplar_city: 콜롬보
    Africa/Monrovia:
      exemplar_city: 몬로비아
    Africa/Maseru:
      exemplar_city: 마세루
    Europe/Vilnius:
      exemplar_city: 빌니우스
    Europe/Luxembourg:
      exemplar_city: 룩셈부르크
    Europe/Riga:
      exemplar_city: 리가
    Africa/Tripoli:
      exemplar_city: 트리폴리
    Africa/Casablanca:
      exemplar_city: 카사블랑카
    Europe/Monaco:
      exemplar_city: 모나코
    Europe/Chisinau:
      exemplar_city: 키시나우
    Europe/Podgorica:
      exemplar_city: 포드고리차
    America/Marigot:
      exemplar_city: 마리곳
    Indian/Antananarivo:
      exemplar_city: 안타나나리보
    Pacific/Kwajalein:
      exemplar_city: 콰잘렌
    Pacific/Majuro:
      exemplar_city: 마주로
    Europe/Skopje:
      exemplar_city: 스코페
    Africa/Bamako:
      exemplar_city: 바마코
    Asia/Rangoon:
      exemplar_city: 랑군
    Asia/Hovd:
      exemplar_city: 호브드
    Asia/Ulaanbaatar:
      exemplar_city: 울란바토르
    Asia/Macau:
      exemplar_city: 마카오
    Pacific/Saipan:
      exemplar_city: 사이판
    America/Martinique:
      exemplar_city: 마티니크
    Africa/Nouakchott:
      exemplar_city: 누악쇼트
    America/Montserrat:
      exemplar_city: 몬세라트
    Europe/Malta:
      exemplar_city: 몰타
    Indian/Mauritius:
      exemplar_city: 모리셔스
    Indian/Maldives:
      exemplar_city: 몰디브
    Africa/Blantyre:
      exemplar_city: 블랜타이어
    America/Tijuana:
      exemplar_city: 티후아나
    America/Hermosillo:
      exemplar_city: 에르모시요
    America/Ciudad_Juarez:
      exemplar_city: 시우다드후아레스
    America/Mazatlan:
      exemplar_city: 마사틀란
    America/Chihuahua:
      exemplar_city: 치와와
    America/Bahia_Banderas:
      exemplar_city: 바이아 반데라스
    America/Ojinaga:
      exemplar_city: 오히나가
    America/Monterrey:
      exemplar_city: 몬테레이
    America/Mexico_City:
      exemplar_city: 멕시코 시티
    America/Matamoros:
      exemplar_city: 마타모로스
    America/Merida:
      exemplar_city: 메리다
    America/Cancun:
      exemplar_city: 칸쿤
    Asia/Kuala_Lumpur:
      exemplar_city: 쿠알라룸푸르
    Asia/Kuching:
      exemplar_city: 쿠칭
    Africa/Maputo:
      exemplar_city: 마푸토
    Africa/Windhoek:
      exemplar_city: 빈트후크
    Pacific/Noumea:
      exemplar_city: 누메아
    Africa/Niamey:
      exemplar_city: 니아메
    Pacific/Norfolk:
      exemplar_city: 노퍽
    Africa/Lagos:
      exemplar_city: 라고스
    America/Managua:
      exemplar_city: 마나과
    Europe/Amsterdam:
      exemplar_city: 암스테르담
    Europe/Oslo:
      exemplar_city: 오슬로
    Asia/Katmandu:
      exemplar_city: 카트만두
    Pacific/Nauru:
      exemplar_city: 나우루
    Pacific/Niue:
      exemplar_city: 니우에
    Pacific/Chatham:
      exemplar_city: 채텀
    Pacific/Auckland:
      exemplar_city: 오클랜드
    Asia/Muscat:
      exemplar_city: 무스카트
    America/Panama:
      exemplar_city: 파나마
    America/Lima:
      exemplar_city: 리마
    Pacific/Tahiti:
      exemplar_city: 타히티
    Pacific/Marquesas:
      exemplar_city: 마퀘사스
    Pacific/Gambier:
      exemplar_city: 감비어
    Pacific/Port_Moresby:
      exemplar_city: 포트모르즈비
    Pacific/Bougainville:
      exemplar_city: 부갱빌
    Asia/Manila:
      exemplar_city: 마닐라
    Asia/Karachi:
      exemplar_city: 카라치
    Europe/Warsaw:
      exemplar_city: 바르샤바
    America/Miquelon:
      exemplar_city: 미클롱
    Pacific/Pitcairn:
      exemplar_city: 핏케언
    America/Puerto_Rico:
      exemplar_city: 푸에르토리코
    Asia/Gaza:
      exemplar_city: 가자
    Asia/Hebron:
      exemplar_city: 헤브론
    Atlantic/Azores:
      exemplar_city: 아조레스
    Atlantic/Madeira:
      exemplar_city: 마데이라
    Europe/Lisbon:
      exemplar_city: 리스본
    Pacific/Palau:
      exemplar_city: 팔라우
    America/Asuncion:
      exemplar_city: 아순시온
    Asia/Qatar:
      exemplar_city: 카타르
    Indian/Reunion:
      exemplar_city: 레위니옹
    Europe/Bucharest:
      exemplar_city: 부쿠레슈티
    Europe/Belgrade:
      exemplar_city: 베오그라드
    Europe/Kaliningrad:
      exemplar_city: 칼리닌그라드
    Europe/Moscow:
      exemplar_city: 모스크바
    Europe/Volgograd:
      exemplar_city: 볼고그라트
    Europe/Saratov:
      exemplar_city: 사라토프
    Europe/Astrakhan:
      exemplar_city: 아스트라한
    Europe/Ulyanovsk:
      exemplar_city: 울리야노프스크
    Europe/Kirov:
      exemplar_city: 키로프
    Europe/Samara:
      exemplar_city: 사마라
    Asia/Yekaterinburg:
      exemplar_city: 예카테린부르크
    Asia/Omsk:
      exemplar_city: 옴스크
    Asia/Novosibirsk:
      exemplar_city: 노보시비르스크
    Asia/Barnaul:
      exemplar_city: 바르나울
    Asia/Tomsk:
      exemplar_city: 톰스크
    Asia/Novokuznetsk:
      exemplar_city: 노보쿠즈네츠크
    Asia/Krasnoyarsk:
      exemplar_city: 크라스노야르스크
    Asia/Irkutsk:
      exemplar_city: 이르쿠츠크
    Asia/Chita:
      exemplar_city: 치타
    Asia/Yakutsk:
      exemplar_city: 야쿠츠크
    Asia/Vladivostok:
      exemplar_city: 블라디보스토크
    Asia/Khandyga:
      exemplar_city: 한디가
    Asia/Sakhalin:
      exemplar_city: 사할린
    Asia/Ust-Nera:
      exemplar_city: 우스티네라
    Asia/Magadan:
      exemplar_city: 마가단
    Asia/Srednekolymsk:
      exemplar_city: 스레드네콜림스크
    Asia/Kamchatka:
      exemplar_city: 캄차카
    Asia/Anadyr:
      exemplar_city: 아나디리
    Africa/Kigali:
      exemplar_city: 키갈리
    Asia/Riyadh:
      exemplar_city: 리야드
    Pacific/Guadalcanal:
      exemplar_city: 과달카날
    Indian/Mahe:
      exemplar_city: 마헤
    Africa/Khartoum:
      exemplar_city: 카르툼
    Europe/Stockholm:
      exemplar_city: 스톡홀름
    Asia/Singapore:
      exemplar_city: 싱가포르
    Atlantic/St_Helena:
      exemplar_city: 세인트 헬레나
    Europe/Ljubljana:
      exemplar_city: 류블랴나
    Arctic/Longyearbyen:
      exemplar_city: 롱이어비엔
    Europe/Bratislava:
      exemplar_city: 브라티슬라바
    Africa/Freetown:
      exemplar_city: 프리타운
    Europe/San_Marino:
      exemplar_city: 산마리노
    Africa/Dakar:
      exemplar_city: 다카르
    Africa/Mogadishu:
      exemplar_city: 모가디슈
    America/Paramaribo:
      exemplar_city: 파라마리보
    Africa/Juba:
      exemplar_city: 주바
    Africa/Sao_Tome:
      exemplar_city: 상투메
    America/El_Salvador:
      exemplar_city: 엘살바도르
    America/Lower_Princes:
      exemplar_city: 로워 프린스 쿼터
    Asia/Damascus:
      exemplar_city: 다마스쿠스
    Africa/Mbabane:
      exemplar_city: 음바바네
    America/Grand_Turk:
      exemplar_city: 그랜드 터크
    Africa/Ndjamena:
      exemplar_city: 엔자메나
    Indian/Kerguelen:
      exemplar_city: 케르켈렌
    Africa/Lome:
      exemplar_city: 로메
    Asia/Bangkok:
      exemplar_city: 방콕
    Asia/Dushanbe:
      exemplar_city: 두샨베
    Pacific/Fakaofo:
      exemplar_city: 파카오푸
    Asia/Dili:
      exemplar_city: 딜리
    Asia/Ashgabat:
      exemplar_city: 아슈하바트
    Africa/Tunis:
      exemplar_city: 튀니스
    Pacific/Tongatapu:
      exemplar_city: 통가타푸
    Europe/Istanbul:
      exemplar_city: 이스탄불
    America/Port_of_Spain:
      exemplar_city: 포트오브스페인
    Pacific/Funafuti:
      exemplar_city: 푸나푸티
    Asia/Taipei:
      exemplar_city: 타이베이
    Africa/Dar_es_Salaam:
      exemplar_city: 다르에스살람
    Europe/Kiev:
      exemplar_city: 키예프
    Europe/Simferopol:
      exemplar_city: 심페로폴
    Africa/Kampala:
      exemplar_city: 캄팔라
    Pacific/Midway:
      exemplar_city: 미드웨이
    Pacific/Wake:
      exemplar_city: 웨이크
    America/Adak:
      exemplar_city: 에이닥
    America/Nome:
      exemplar_city: 놈
    America/Anchorage:
      exemplar_city: 앵커리지
    America/Yakutat:
      exemplar_city: 야쿠타트
    America/Sitka:
      exemplar_city: 싯카
    America/Juneau:
      exemplar_city: 주노
    America/Metlakatla:
      exemplar_city: 메틀라카틀라
    America/Los_Angeles:
      exemplar_city: 로스앤젤레스
    America/Boise:
      exemplar_city: 보이시
    America/Phoenix:
      exemplar_city: 피닉스
    America/Denver:
      exemplar_city: 덴버
    America/North_Dakota/Beulah:
      exemplar_city: 노스다코타주, 베라
    America/North_Dakota/New_Salem:
      exemplar_city: 노스다코타주, 뉴살렘
    America/North_Dakota/Center:
      exemplar_city: 중부, 노스다코타
    America/Chicago:
      exemplar_city: 시카고
    America/Menominee:
      exemplar_city: 메노미니
    America/Indiana/Vincennes:
      exemplar_city: 인디애나주, 빈센스
    America/Indiana/Petersburg:
      exemplar_city: 인디애나주, 피츠버그
    America/Indiana/Tell_City:
      exemplar_city: 인디애나주, 텔시티
    America/Indiana/Knox:
      exemplar_city: 인디애나주, 녹스
    America/Indiana/Winamac:
      exemplar_city: 인디애나주, 위너맥
    America/Indiana/Marengo:
      exemplar_city: 인디애나주, 머렝고
    America/Indianapolis:
      exemplar_city: 인디애나폴리스
    America/Louisville:
      exemplar_city: 루이빌
    America/Indiana/Vevay:
      exemplar_city: 인디애나주, 비비
    America/Kentucky/Monticello:
      exemplar_city: 켄터키주, 몬티첼로
    America/Detroit:
      exemplar_city: 디트로이트
    America/New_York:
      exemplar_city: 뉴욕
    America/Montevideo:
      exemplar_city: 몬테비데오
    Asia/Samarkand:
      exemplar_city: 사마르칸트
    Asia/Tashkent:
      exemplar_city: 타슈켄트
    Europe/Vatican:
      exemplar_city: 바티칸
    America/St_Vincent:
      exemplar_city: 세인트빈센트
    America/Caracas:
      exemplar_city: 카라카스
    America/Tortola:
      exemplar_city: 토르톨라
    America/St_Thomas:
      exemplar_city: 세인트토마스
    Asia/Saigon:
      exemplar_city: 사이공
    Pacific/Efate:
      exemplar_city: 에파테
    Pacific/Wallis:
      exemplar_city: 월리스
    Pacific/Apia:
      exemplar_city: 아피아
    Asia/Aden:
      exemplar_city: 아덴
    Indian/Mayotte:
      exemplar_city: 메요트
    Africa/Johannesburg:
      exemplar_city: 요하네스버그
    Africa/Lusaka:
      exemplar_city: 루사카
    Africa/Harare:
      exemplar_city: 하라레
  metazones:
    Acre:
      long:
        generic: 아크레 시간
        standard: 아크레 표준시
        daylight: 아크레 하계 표준시
    Afghanistan:
      long:
        standard: 아프가니스탄 시간
    Africa_Central:
      long:
        standard: 중앙아프리카 시간
    Africa_Eastern:
      long:
        standard: 동아프리카 시간
    Africa_Southern:
      long:
        standard: 남아프리카 시간
    Africa_Western:
      long:
        generic: 서아프리카 시간
        standard: 서아프리카 표준시
        daylight: 서아프리카 하계 표준시
    Alaska:
      long:
        generic: 알래스카 시간
        standard: 알래스카 표준시
        daylight: 알래스카 하계 표준시
    Almaty:
      long:
        generic: 알마티 표준 시간
        standard: 알마티 표준 표준시
        daylight: 알마티 하계 표준시
    Amazon:
      long:
        generic: 아마존 시간
        standard: 아마존 표준시
        daylight: 아마존 하계 표준시
    America_Central:
      long:
        generic: 미 중부 시간
        standard: 미 중부 표준시
        daylight: 미 중부 하계 표준시
    America_Eastern:
      long:
        generic: 미 동부 시간
        standard: 미 동부 표준시
        daylight: 미 동부 하계 표준시
    America_Mountain:
      long:
        generic: 미 산지 시간
        standard: 미 산악 표준시
        daylight: 미 산지 하계 표준시
    America_Pacific:
      long:
        generic: 미 태평양 시간
        standard: 미 태평양 표준시
        daylight: 미 태평양 하계 표준시
    Anadyr:
      long:
        generic: 아나디리 시간
        standard: 아나디리 표준시
        daylight: 아나디리 하계 표준시
    Apia:
      long:
        generic: 아피아 시간
        standard: 아피아 표준시
        daylight: 아피아 하계 표준시
    Aqtau:
      long:
        generic: 악타우 표준 시간
        standard: 악타우 표준 표준시
        daylight: 악타우 하계 표준시
    Aqtobe:
      long:
        generic: 악퇴베 표준 시간
        standard: 악퇴베 표준 표준시
        daylight: 악퇴베 하계 표준시
    Arabian:
      long:
        generic: 아라비아 시간
        standard: 아라비아 표준시
        daylight: 아라비아 하계 표준시
    Argentina:
      long:
        generic: 아르헨티나 시간
        standard: 아르헨티나 표준시
        daylight: 아르헨티나 하계 표준시
    Argentina_Western:
      long:
        generic: 아르헨티나 서부 시간
        standard: 아르헨티나 서부 표준시
        daylight: 아르헨티나 서부 하계 표준시
    Armenia:
      long:
        generic: 아르메니아 시간
        standard: 아르메니아 표준시
        daylight: 아르메니아 하계 표준시
    Atlantic:
      long:
        generic: 대서양 시간
        standard: 대서양 표준시
        daylight: 대서양 하계 표준시
    Australia_Central:
      long:
        generic: 오스트레일리아 중부 시간
        standard: 오스트레일리아 중부 표준시
        daylight: 오스트레일리아 중부 하계 표준시
    Australia_CentralWestern:
      long:
        generic: 오스트레일리아 중서부 시간
        standard: 오스트레일리아 중서부 표준시
        daylight: 오스트레일리아 중서부 하계 표준시
    Australia_Eastern:
      long:
        generic: 오스트레일리아 동부 시간
        standard: 오스트레일리아 동부 표준시
        daylight: 오스트레일리아 동부 하계 표준시
    Australia_Western:
      long:
        generic: 오스트레일리아 서부 시간
        standard: 오스트레일리아 서부 표준시
        daylight: 오스트레일리아 서부 하계 표준시
    Azerbaijan:
      long:
        generic: 아제르바이잔 시간
        standard: 아제르바이잔 표준시
        daylight: 아제르바이잔 하계 표준시
    Azores:
      long:
        generic: 아조레스 시간
        standard: 아조레스 표준시
        daylight: 아조레스 하계 표준시
    Bangladesh:
      long:
        generic: 방글라데시 시간
        standard: 방글라데시 표준시
        daylight: 방글라데시 하계 표준시
    Bhutan:
      long:
        standard: 부탄 시간
    Bolivia:
      long:
        standard: 볼리비아 시간
    Brasilia:
      long:
        generic: 브라질리아 시간
        standard: 브라질리아 표준시
        daylight: 브라질리아 하계 표준시
    Brunei:
      long:
        standard: 브루나이 시간
    Cape_Verde:
      long:
        generic: 카보 베르데 시간
        standard: 카보 베르데 표준시
        daylight: 카보 베르데 하계 표준시
    Casey:
      long:
        standard: 케이시 시간
    Chamorro:
      long:
        standard: 차모로 시간
    Chatham:
      long:
        generic: 채텀 시간
        standard: 채텀 표준시
        daylight: 채텀 하계 표준시
    Chile:
      long:
        generic: 칠레 시간
        standard: 칠레 표준시
        daylight: 칠레 하계 표준시
    China:
      long:
        generic: 중국 시간
        standard: 중국 표준시
        daylight: 중국 하계 표준시
    Christmas:
      long:
        standard: 크리스마스섬 시간
    Cocos:
      long:
        standard: 코코스 제도 시간
    Colombia:
      long:
        generic: 콜롬비아 시간
        standard: 콜롬비아 표준시
        daylight: 콜롬비아 하계 표준시
    Cook:
      long:
        generic: 쿡 제도 시간
        standard: 쿡 제도 표준시
        daylight: 쿡 제도 절반 하계 표준시
    Cuba:
      long:
        generic: 쿠바 시간
        standard: 쿠바 표준시
        daylight: 쿠바 하계 표준시
    Davis:
      long:
        standard: 데이비스 시간
    DumontDUrville:
      long:
        standard: 뒤몽뒤르빌 시간
    East_Timor:
      long:
        standard: 동티모르 시간
    Easter:
      long:
        generic: 이스터섬 시간
        standard: 이스터섬 표준시
        daylight: 이스터섬 하계 표준시
    Ecuador:
      long:
        standard: 에콰도르 시간
    Europe_Central:
      long:
        generic: 중부유럽 시간
        standard: 중부유럽 표준시
        daylight: 중부유럽 하계 표준시
    Europe_Eastern:
      long:
        generic: 동유럽 시간
        standard: 동유럽 표준시
        daylight: 동유럽 하계 표준시
    Europe_Further_Eastern:
      long:
        standard: 극동유럽 표준시
    Europe_Western:
      long:
        generic: 서유럽 시간
        standard: 서유럽 표준시
        daylight: 서유럽 하계 표준시
    Falkland:
      long:
        generic: 포클랜드 제도 시간
        standard: 포클랜드 제도 표준시
        daylight: 포클랜드 제도 하계 표준시
    Fiji:
      long:
        generic: 피지 시간
        standard: 피지 표준시
        daylight: 피지 하계 표준시
    French_Guiana:
      long:
        standard: 프랑스령 가이아나 시간
    French_Southern:
      long:
        standard: 프랑스령 남부 식민지 및 남극 시간
    Galapagos:
      long:
        standard: 갈라파고스 시간
    Gambier:
      long:
        standard: 감비에 시간
    Georgia:
      long:
        generic: 조지아 시간
        standard: 조지아 표준시
        daylight: 조지아 하계 표준시
    Gilbert_Islands:
      long:
        standard: 길버트 제도 시간
    GMT:
      long:
        standard: 그리니치 표준시
    Greenland_Eastern:
      long:
        generic: 그린란드 동부 시간
        standard: 그린란드 동부 표준시
        daylight: 그린란드 동부 하계 표준시
    Greenland_Western:
      long:
        generic: 그린란드 서부 시간
        standard: 그린란드 서부 표준시
        daylight: 그린란드 서부 하계 표준시
    Guam:
      long:
        standard: 괌 표준 시간
    Gulf:
      long:
        standard: 걸프만 표준시
    Guyana:
      long:
        standard: 가이아나 시간
    Hawaii_Aleutian:
      long:
        generic: 하와이 알류샨 시간
        standard: 하와이 알류샨 표준시
        daylight: 하와이 알류샨 하계 표준시
    Hong_Kong:
      long:
        generic: 홍콩 시간
        standard: 홍콩 표준시
        daylight: 홍콩 하계 표준시
    Hovd:
      long:
        generic: 호브드 시간
        standard: 호브드 표준시
        daylight: 호브드 하계 표준시
    India:
      long:
        standard: 인도 표준시
    Indian_Ocean:
      long:
        standard: 인도양 시간
    Indochina:
      long:
        standard: 인도차이나 시간
    Indonesia_Central:
      long:
        standard: 중부 인도네시아 시간
    Indonesia_Eastern:
      long:
        standard: 동부 인도네시아 시간
    Indonesia_Western:
      long:
        standard: 서부 인도네시아 시간
    Iran:
      long:
        generic: 이란 시간
        standard: 이란 표준시
        daylight: 이란 하계 표준시
    Irkutsk:
      long:
        generic: 이르쿠츠크 시간
        standard: 이르쿠츠크 표준시
        daylight: 이르쿠츠크 하계 표준시
    Israel:
      long:
        generic: 이스라엘 시간
        standard: 이스라엘 표준시
        daylight: 이스라엘 하계 표준시
    Japan:
      long:
        generic: 일본 시간
        standard: 일본 표준시
        daylight: 일본 하계 표준시
    Kamchatka:
      long:
        generic: 페트로파블롭스크-캄차츠키 시간
        standard: 페트로파블롭스크-캄차츠키 표준시
        daylight: 페트로파블롭스크-캄차츠키 하계 표준시
    Kazakhstan:
      long:
        standard: 카자흐스탄 시간
    Kazakhstan_Eastern:
      long:
        standard: 동부 카자흐스탄 시간
    Kazakhstan_Western:
      long:
        standard: 서부 카자흐스탄 시간
    Korea:
      long:
        generic: 대한민국 시간
        standard: 대한민국 표준시
        daylight: 대한민국 하계 표준시
    Kosrae:
      long:
        standard: 코스라에섬 시간
    Krasnoyarsk:
      long:
        generic: 크라스노야르스크 시간
        standard: 크라스노야르스크 표준시
        daylight: 크라스노야르스크 하계 표준시
    Kyrgystan:
      long:
        standard: 키르기스스탄 시간
    Lanka:
      long:
        standard: 랑카 표준 시간
    Line_Islands:
      long:
        standard: 라인 제도 시간
    Lord_Howe:
      long:
        generic: 로드 하우 시간
        standard: 로드 하우 표준시
        daylight: 로드 하우 하계 표준시
    Macau:
      long:
        generic: 마카오 시간
        standard: 마카오 표준 시간
        daylight: 마카오 하계 표준시
    Magadan:
      long:
        generic: 마가단 시간
        standard: 마가단 표준시
        daylight: 마가단 하계 표준시
    Malaysia:
      long:
        standard: 말레이시아 시간
    Maldives:
      long:
        standard: 몰디브 시간
    Marquesas:
      long:
        standard: 마르키즈 제도 시간
    Marshall_Islands:
      long:
        standard: 마셜 제도 시간
    Mauritius:
      long:
        generic: 모리셔스 시간
        standard: 모리셔스 표준시
        daylight: 모리셔스 하계 표준시
    Mawson:
      long:
        standard: 모슨 시간
    Mexico_Pacific:
      long:
        generic: 멕시코 태평양 시간
        standard: 멕시코 태평양 표준시
        daylight: 멕시코 태평양 하계 표준시
    Mongolia:
      long:
        generic: 울란바토르 시간
        standard: 울란바토르 표준시
        daylight: 울란바토르 하계 표준시
    Moscow:
      long:
        generic: 모스크바 시간
        standard: 모스크바 표준시
        daylight: 모스크바 하계 표준시
    Myanmar:
      long:
        standard: 미얀마 시간
    Nauru:
      long:
        standard: 나우루 시간
    Nepal:
      long:
        standard: 네팔 시간
    New_Caledonia:
      long:
        generic: 뉴칼레도니아 시간
        standard: 뉴칼레도니아 표준시
        daylight: 뉴칼레도니아 하계 표준시
    New_Zealand:
      long:
        generic: 뉴질랜드 시간
        standard: 뉴질랜드 표준시
        daylight: 뉴질랜드 하계 표준시
    Newfoundland:
      long:
        generic: 뉴펀들랜드 시간
        standard: 뉴펀들랜드 표준시
        daylight: 뉴펀들랜드 하계 표준시
    Niue:
      long:
        standard: 니우에 시간
    Norfolk:
      long:
        generic: 노퍽섬 시간
        standard: 노퍽섬 표준시
        daylight: 노퍽섬 하계 표준시
    Noronha:
      long:
        generic: 페르난도 데 노로냐 시간
        standard: 페르난도 데 노로냐 표준시
        daylight: 페르난도 데 노로냐 하계 표준시
    North_Mariana:
      long:
        standard: 북마리아나 제도 표준 시간
    Novosibirsk:
      long:
        generic: 노보시비르스크 시간
        standard: 노보시비르스크 표준시
        daylight: 노보시비르스크 하계 표준시
    Omsk:
      long:
        generic: 옴스크 시간
        standard: 옴스크 표준시
        daylight: 옴스크 하계 표준시
    Pakistan:
      long:
        generic: 파키스탄 시간
        standard: 파키스탄 표준시
        daylight: 파키스탄 하계 표준시
    Palau:
      long:
        standard: 팔라우 시간
    Papua_New_Guinea:
      long:
        standard: 파푸아뉴기니 시간
    Paraguay:
      long:
        generic: 파라과이 시간
        standard: 파라과이 표준시
        daylight: 파라과이 하계 표준시
    Peru:
      long:
        generic: 페루 시간
        standard: 페루 표준시
        daylight: 페루 하계 표준시
    Philippines:
      long:
        generic: 필리핀 시간
        standard: 필리핀 표준시
        daylight: 필리핀 하계 표준시
    Phoenix_Islands:
      long:
        standard: 피닉스 제도 시간
    Pierre_Miquelon:
      long:
        generic: 세인트피에르 미클롱 시간
        standard: 세인트피에르 미클롱 표준시
        daylight: 세인트피에르 미클롱 하계 표준시
    Pitcairn:
      long:
        standard: 핏케언 시간
    Ponape:
      long:
        standard: 포나페 시간
    Pyongyang:
      long:
        standard: 평양 시간
    Qyzylorda:
      long:
        generic: 키질로르다 시간
        standard: 키질로르다 표준 시간
        daylight: 키질로르다 하계 표준시
    Reunion:
      long:
        standard: 레위니옹 시간
    Rothera:
      long:
        standard: 로데라 시간
    Sakhalin:
      long:
        generic: 사할린 시간
        standard: 사할린 표준시
        daylight: 사할린 하계 표준시
    Samara:
      long:
        generic: 사마라 시간
        standard: 사마라 표준시
        daylight: 사마라 하계 표준시
    Samoa:
      long:
        generic: 사모아 시간
        standard: 사모아 표준시
        daylight: 사모아 하계 표준시
    Seychelles:
      long:
        standard: 세이셸 시간
    Singapore:
      long:
        standard: 싱가포르 표준시
    Solomon:
      long:
        standard: 솔로몬 제도 시간
    South_Georgia:
      long:
        standard: 사우스 조지아 시간
    Suriname:
      long:
        standard: 수리남 시간
    Syowa:
      long:
        standard: 쇼와 시간
    Tahiti:
      long:
        standard: 타히티 시간
    Taipei:
      long:
        generic: 대만 시간
        standard: 대만 표준시
        daylight: 대만 하계 표준시
    Tajikistan:
      long:
        standard: 타지키스탄 시간
    Tokelau:
      long:
        standard: 토켈라우 시간
    Tonga:
      long:
        generic: 통가 시간
        standard: 통가 표준시
        daylight: 통가 하계 표준시
    Truk:
      long:
        standard: 추크 시간
    Turkmenistan:
      long:
        generic: 투르크메니스탄 시간
        standard: 투르크메니스탄 표준시
        daylight: 투르크메니스탄 하계 표준시
    Tuvalu:
      long:
        standard: 투발루 시간
    Uruguay:
      long:
        generic: 우루과이 시간
        standard: 우루과이 표준시
        daylight: 우루과이 하계 표준시
    Uzbekistan:
      long:
        generic: 우즈베키스탄 시간
        standard: 우즈베키스탄 표준시
        daylight: 우즈베키스탄 하계 표준시
    Vanuatu:
      long:
        generic: 바누아투 시간
        standard: 바누아투 표준시
        daylight: 바누아투 하계 표준시
    Venezuela:
      long:
        standard: 베네수엘라 시간
    Vladivostok:
      long:
        generic: 블라디보스토크 시간
        standard: 블라디보스토크 표준시
        daylight: 블라디보스토크 하계 표준시
    Volgograd:
      long:
        generic: 볼고그라드 시간
        standard: 볼고그라드 표준시
        daylight: 볼고그라드 하계 표준시
    Vostok:
      long:
        standard: 보스톡 시간
    Wake:
      long:
        standard: 웨이크섬 시간
    Wallis:
      long:
        standard: 월리스푸투나 제도 시간
    Yakutsk:
      long:
        generic: 야쿠츠크 시간
        standard: 야쿠츠크 표준시
        daylight: 야쿠츠크 하계 표준시
    Yekaterinburg:
      long:
        generic: 예카테린부르크 시간
        standard: 예카테린부르크 표준시
        daylight: 예카테린부르크 하계 표준시
    Yukon:
      long:
        standard: 유콘 시간
