---
generated_at: '2025-09-15T11:56:40Z'
cldr_version: '46'
timezone_to_metazone:
  Africa/Abidjan: GMT
  Africa/Accra: GMT
  Africa/Addis_Ababa: Africa_Eastern
  Africa/Algiers: Europe_Central
  Africa/Asmera: Africa_Eastern
  Africa/Bamako: GMT
  Africa/Bangui: Africa_Western
  Africa/Banjul: GMT
  Africa/Bissau: GMT
  Africa/Blantyre: Africa_Central
  Africa/Brazzaville: Africa_Western
  Africa/Bujumbura: Africa_Central
  Africa/Cairo: Europe_Eastern
  Africa/Ceuta: Europe_Central
  Africa/Conakry: GMT
  Africa/Dakar: GMT
  Africa/Dar_es_Salaam: Africa_Eastern
  Africa/Djibouti: Africa_Eastern
  Africa/Douala: Africa_Western
  Africa/Freetown: GMT
  Africa/Gaborone: Africa_Central
  Africa/Harare: Africa_Central
  Africa/Johannesburg: Africa_Southern
  Africa/Juba: Africa_Central
  Africa/Kampala: Africa_Eastern
  Africa/Khartoum: Africa_Central
  Africa/Kigali: Africa_Central
  Africa/Kinshasa: Africa_Western
  Africa/Lagos: Africa_Western
  Africa/Libreville: Africa_Western
  Africa/Lome: GMT
  Africa/Luanda: Africa_Western
  Africa/Lubumbashi: Africa_Central
  Africa/Lusaka: Africa_Central
  Africa/Malabo: Africa_Western
  Africa/Maputo: Africa_Central
  Africa/Maseru: Africa_Southern
  Africa/Mbabane: Africa_Southern
  Africa/Mogadishu: Africa_Eastern
  Africa/Monrovia: GMT
  Africa/Nairobi: Africa_Eastern
  Africa/Ndjamena: Africa_Western
  Africa/Niamey: Africa_Western
  Africa/Nouakchott: GMT
  Africa/Ouagadougou: GMT
  Africa/Porto-Novo: Africa_Western
  Africa/Sao_Tome: GMT
  Africa/Tripoli: Europe_Eastern
  Africa/Tunis: Europe_Central
  Africa/Windhoek: Africa_Central
  America/Adak: Hawaii_Aleutian
  America/Anchorage: Alaska
  America/Anguilla: Atlantic
  America/Antigua: Atlantic
  America/Araguaina: Brasilia
  America/Argentina/La_Rioja: Argentina
  America/Argentina/Rio_Gallegos: Argentina
  America/Argentina/Salta: Argentina
  America/Argentina/San_Juan: Argentina
  America/Argentina/San_Luis: Argentina
  America/Argentina/Tucuman: Argentina
  America/Argentina/Ushuaia: Argentina
  America/Aruba: Atlantic
  America/Asuncion: Paraguay
  America/Bahia: Brasilia
  America/Bahia_Banderas: America_Central
  America/Barbados: Atlantic
  America/Belem: Brasilia
  America/Belize: America_Central
  America/Blanc-Sablon: Atlantic
  America/Boa_Vista: Amazon
  America/Bogota: Colombia
  America/Boise: America_Mountain
  America/Buenos_Aires: Argentina
  America/Cambridge_Bay: America_Mountain
  America/Campo_Grande: Amazon
  America/Cancun: America_Eastern
  America/Caracas: Venezuela
  America/Catamarca: Argentina
  America/Cayenne: French_Guiana
  America/Cayman: America_Eastern
  America/Chicago: America_Central
  America/Chihuahua: America_Central
  America/Ciudad_Juarez: America_Mountain
  America/Coral_Harbour: America_Eastern
  America/Cordoba: Argentina
  America/Costa_Rica: America_Central
  America/Creston: America_Mountain
  America/Cuiaba: Amazon
  America/Curacao: Atlantic
  America/Danmarkshavn: GMT
  America/Dawson: Yukon
  America/Dawson_Creek: America_Mountain
  America/Denver: America_Mountain
  America/Detroit: America_Eastern
  America/Dominica: Atlantic
  America/Edmonton: America_Mountain
  America/Eirunepe: Acre
  America/El_Salvador: America_Central
  America/Fort_Nelson: America_Mountain
  America/Fortaleza: Brasilia
  America/Glace_Bay: Atlantic
  America/Godthab: Greenland
  America/Goose_Bay: Atlantic
  America/Grand_Turk: America_Eastern
  America/Grenada: Atlantic
  America/Guadeloupe: Atlantic
  America/Guatemala: America_Central
  America/Guayaquil: Ecuador
  America/Guyana: Guyana
  America/Halifax: Atlantic
  America/Havana: Cuba
  America/Hermosillo: Mexico_Pacific
  America/Indiana/Knox: America_Central
  America/Indiana/Marengo: America_Eastern
  America/Indiana/Petersburg: America_Eastern
  America/Indiana/Tell_City: America_Central
  America/Indiana/Vevay: America_Eastern
  America/Indiana/Vincennes: America_Eastern
  America/Indiana/Winamac: America_Eastern
  America/Indianapolis: America_Eastern
  America/Inuvik: America_Mountain
  America/Iqaluit: America_Eastern
  America/Jamaica: America_Eastern
  America/Jujuy: Argentina
  America/Juneau: Alaska
  America/Kentucky/Monticello: America_Eastern
  America/Kralendijk: Atlantic
  America/La_Paz: Bolivia
  America/Lima: Peru
  America/Los_Angeles: America_Pacific
  America/Louisville: America_Eastern
  America/Lower_Princes: Atlantic
  America/Maceio: Brasilia
  America/Managua: America_Central
  America/Manaus: Amazon
  America/Marigot: Atlantic
  America/Martinique: Atlantic
  America/Matamoros: America_Central
  America/Mazatlan: Mexico_Pacific
  America/Mendoza: Argentina
  America/Menominee: America_Central
  America/Merida: America_Central
  America/Metlakatla: Alaska
  America/Mexico_City: America_Central
  America/Miquelon: Pierre_Miquelon
  America/Moncton: Atlantic
  America/Monterrey: America_Central
  America/Montevideo: Uruguay
  America/Montserrat: Atlantic
  America/Nassau: America_Eastern
  America/New_York: America_Eastern
  America/Nome: Alaska
  America/Noronha: Noronha
  America/North_Dakota/Beulah: America_Central
  America/North_Dakota/Center: America_Central
  America/North_Dakota/New_Salem: America_Central
  America/Ojinaga: America_Central
  America/Panama: America_Eastern
  America/Paramaribo: Suriname
  America/Phoenix: America_Mountain
  America/Port_of_Spain: Atlantic
  America/Port-au-Prince: America_Eastern
  America/Porto_Velho: Amazon
  America/Puerto_Rico: Atlantic
  America/Rankin_Inlet: America_Central
  America/Recife: Brasilia
  America/Regina: America_Central
  America/Resolute: America_Central
  America/Rio_Branco: Acre
  America/Santarem: Brasilia
  America/Santiago: Chile
  America/Santo_Domingo: Atlantic
  America/Sao_Paulo: Brasilia
  America/Scoresbysund: Greenland
  America/Sitka: Alaska
  America/St_Barthelemy: Atlantic
  America/St_Johns: Newfoundland
  America/St_Kitts: Atlantic
  America/St_Lucia: Atlantic
  America/St_Thomas: Atlantic
  America/St_Vincent: Atlantic
  America/Swift_Current: America_Central
  America/Tegucigalpa: America_Central
  America/Thule: Atlantic
  America/Tijuana: America_Pacific
  America/Toronto: America_Eastern
  America/Tortola: Atlantic
  America/Vancouver: America_Pacific
  America/Whitehorse: Yukon
  America/Winnipeg: America_Central
  America/Yakutat: Alaska
  Antarctica/Casey: Australia_Western
  Antarctica/Davis: Davis
  Antarctica/DumontDUrville: DumontDUrville
  Antarctica/Macquarie: Australia_Eastern
  Antarctica/Mawson: Mawson
  Antarctica/McMurdo: New_Zealand
  Antarctica/Rothera: Rothera
  Antarctica/Syowa: Syowa
  Antarctica/Troll: GMT
  Antarctica/Vostok: Vostok
  Arctic/Longyearbyen: Europe_Central
  Asia/Aden: Arabian
  Asia/Almaty: Kazakhstan
  Asia/Anadyr: Anadyr
  Asia/Aqtau: Kazakhstan
  Asia/Aqtobe: Kazakhstan
  Asia/Ashgabat: Turkmenistan
  Asia/Atyrau: Kazakhstan
  Asia/Baghdad: Arabian
  Asia/Bahrain: Arabian
  Asia/Baku: Azerbaijan
  Asia/Bangkok: Indochina
  Asia/Beirut: Europe_Eastern
  Asia/Bishkek: Kyrgystan
  Asia/Brunei: Brunei
  Asia/Calcutta: India
  Asia/Chita: Yakutsk
  Asia/Colombo: India
  Asia/Dhaka: Bangladesh
  Asia/Dili: East_Timor
  Asia/Dubai: Gulf
  Asia/Dushanbe: Tajikistan
  Asia/Gaza: Europe_Eastern
  Asia/Hebron: Europe_Eastern
  Asia/Hong_Kong: Hong_Kong
  Asia/Hovd: Hovd
  Asia/Irkutsk: Irkutsk
  Asia/Jakarta: Indonesia_Western
  Asia/Jayapura: Indonesia_Eastern
  Asia/Jerusalem: Israel
  Asia/Kabul: Afghanistan
  Asia/Kamchatka: Kamchatka
  Asia/Karachi: Pakistan
  Asia/Katmandu: Nepal
  Asia/Khandyga: Yakutsk
  Asia/Krasnoyarsk: Krasnoyarsk
  Asia/Kuala_Lumpur: Malaysia
  Asia/Kuching: Malaysia
  Asia/Kuwait: Arabian
  Asia/Macau: China
  Asia/Magadan: Magadan
  Asia/Makassar: Indonesia_Central
  Asia/Manila: Philippines
  Asia/Muscat: Gulf
  Asia/Nicosia: Europe_Eastern
  Asia/Novokuznetsk: Krasnoyarsk
  Asia/Novosibirsk: Novosibirsk
  Asia/Omsk: Omsk
  Asia/Oral: Kazakhstan
  Asia/Phnom_Penh: Indochina
  Asia/Pontianak: Indonesia_Western
  Asia/Pyongyang: Korea
  Asia/Qatar: Arabian
  Asia/Qostanay: Kazakhstan
  Asia/Qyzylorda: Kazakhstan
  Asia/Rangoon: Myanmar
  Asia/Riyadh: Arabian
  Asia/Saigon: Indochina
  Asia/Sakhalin: Sakhalin
  Asia/Samarkand: Uzbekistan
  Asia/Seoul: Korea
  Asia/Shanghai: China
  Asia/Singapore: Singapore
  Asia/Taipei: Taipei
  Asia/Tashkent: Uzbekistan
  Asia/Tbilisi: Georgia
  Asia/Tehran: Iran
  Asia/Thimphu: Bhutan
  Asia/Tokyo: Japan
  Asia/Ulaanbaatar: Mongolia
  Asia/Urumqi: Urumqi
  Asia/Ust-Nera: Vladivostok
  Asia/Vientiane: Indochina
  Asia/Vladivostok: Vladivostok
  Asia/Yakutsk: Yakutsk
  Asia/Yekaterinburg: Yekaterinburg
  Asia/Yerevan: Armenia
  Atlantic/Azores: Azores
  Atlantic/Bermuda: Atlantic
  Atlantic/Canary: Europe_Western
  Atlantic/Cape_Verde: Cape_Verde
  Atlantic/Faeroe: Europe_Western
  Atlantic/Madeira: Europe_Western
  Atlantic/Reykjavik: GMT
  Atlantic/South_Georgia: South_Georgia
  Atlantic/St_Helena: GMT
  Atlantic/Stanley: Falkland
  Australia/Adelaide: Australia_Central
  Australia/Brisbane: Australia_Eastern
  Australia/Broken_Hill: Australia_Central
  Australia/Darwin: Australia_Central
  Australia/Eucla: Australia_CentralWestern
  Australia/Hobart: Australia_Eastern
  Australia/Lindeman: Australia_Eastern
  Australia/Lord_Howe: Lord_Howe
  Australia/Melbourne: Australia_Eastern
  Australia/Perth: Australia_Western
  Australia/Sydney: Australia_Eastern
  Etc/GMT: GMT
  Europe/Amsterdam: Europe_Central
  Europe/Andorra: Europe_Central
  Europe/Athens: Europe_Eastern
  Europe/Belgrade: Europe_Central
  Europe/Berlin: Europe_Central
  Europe/Bratislava: Europe_Central
  Europe/Brussels: Europe_Central
  Europe/Bucharest: Europe_Eastern
  Europe/Budapest: Europe_Central
  Europe/Busingen: Europe_Central
  Europe/Chisinau: Europe_Eastern
  Europe/Copenhagen: Europe_Central
  Europe/Dublin: GMT
  Europe/Gibraltar: Europe_Central
  Europe/Guernsey: GMT
  Europe/Helsinki: Europe_Eastern
  Europe/Isle_of_Man: GMT
  Europe/Istanbul: Turkey
  Europe/Jersey: GMT
  Europe/Kaliningrad: Europe_Eastern
  Europe/Kiev: Europe_Eastern
  Europe/Lisbon: Europe_Western
  Europe/Ljubljana: Europe_Central
  Europe/London: GMT
  Europe/Luxembourg: Europe_Central
  Europe/Madrid: Europe_Central
  Europe/Malta: Europe_Central
  Europe/Mariehamn: Europe_Eastern
  Europe/Minsk: Moscow
  Europe/Monaco: Europe_Central
  Europe/Moscow: Moscow
  Europe/Oslo: Europe_Central
  Europe/Paris: Europe_Central
  Europe/Podgorica: Europe_Central
  Europe/Prague: Europe_Central
  Europe/Riga: Europe_Eastern
  Europe/Rome: Europe_Central
  Europe/Samara: Samara
  Europe/San_Marino: Europe_Central
  Europe/Sarajevo: Europe_Central
  Europe/Simferopol: Moscow
  Europe/Skopje: Europe_Central
  Europe/Sofia: Europe_Eastern
  Europe/Stockholm: Europe_Central
  Europe/Tallinn: Europe_Eastern
  Europe/Tirane: Europe_Central
  Europe/Vaduz: Europe_Central
  Europe/Vatican: Europe_Central
  Europe/Vienna: Europe_Central
  Europe/Vilnius: Europe_Eastern
  Europe/Volgograd: Volgograd
  Europe/Warsaw: Europe_Central
  Europe/Zagreb: Europe_Central
  Europe/Zurich: Europe_Central
  Indian/Antananarivo: Africa_Eastern
  Indian/Chagos: Indian_Ocean
  Indian/Christmas: Christmas
  Indian/Cocos: Cocos
  Indian/Comoro: Africa_Eastern
  Indian/Kerguelen: French_Southern
  Indian/Mahe: Seychelles
  Indian/Maldives: Maldives
  Indian/Mauritius: Mauritius
  Indian/Mayotte: Africa_Eastern
  Indian/Reunion: Reunion
  Pacific/Apia: Apia
  Pacific/Auckland: New_Zealand
  Pacific/Chatham: Chatham
  Pacific/Easter: Easter
  Pacific/Efate: Vanuatu
  Pacific/Enderbury: Phoenix_Islands
  Pacific/Fakaofo: Tokelau
  Pacific/Fiji: Fiji
  Pacific/Funafuti: Tuvalu
  Pacific/Galapagos: Galapagos
  Pacific/Gambier: Gambier
  Pacific/Guadalcanal: Solomon
  Pacific/Guam: Chamorro
  Pacific/Honolulu: Hawaii_Aleutian
  Pacific/Kiritimati: Line_Islands
  Pacific/Kosrae: Kosrae
  Pacific/Kwajalein: Marshall_Islands
  Pacific/Majuro: Marshall_Islands
  Pacific/Marquesas: Marquesas
  Pacific/Midway: Samoa
  Pacific/Nauru: Nauru
  Pacific/Niue: Niue
  Pacific/Norfolk: Norfolk
  Pacific/Noumea: New_Caledonia
  Pacific/Pago_Pago: Samoa
  Pacific/Palau: Palau
  Pacific/Pitcairn: Pitcairn
  Pacific/Ponape: Ponape
  Pacific/Port_Moresby: Papua_New_Guinea
  Pacific/Rarotonga: Cook
  Pacific/Saipan: Chamorro
  Pacific/Tahiti: Tahiti
  Pacific/Tarawa: Gilbert_Islands
  Pacific/Tongatapu: Tonga
  Pacific/Truk: Truk
  Pacific/Wake: Wake
  Pacific/Wallis: Wallis
metazone_to_timezones:
  GMT:
  - Africa/Abidjan
  - Africa/Accra
  - Africa/Bamako
  - Africa/Banjul
  - Africa/Bissau
  - Africa/Conakry
  - Africa/Dakar
  - Africa/Freetown
  - Africa/Lome
  - Africa/Monrovia
  - Africa/Nouakchott
  - Africa/Ouagadougou
  - Africa/Sao_Tome
  - America/Danmarkshavn
  - Antarctica/Troll
  - Atlantic/Reykjavik
  - Atlantic/St_Helena
  - Etc/GMT
  - Europe/Dublin
  - Europe/Guernsey
  - Europe/Isle_of_Man
  - Europe/Jersey
  - Europe/London
  Africa_Eastern:
  - Africa/Addis_Ababa
  - Africa/Asmera
  - Africa/Dar_es_Salaam
  - Africa/Djibouti
  - Africa/Kampala
  - Africa/Mogadishu
  - Africa/Nairobi
  - Indian/Antananarivo
  - Indian/Comoro
  - Indian/Mayotte
  Europe_Central:
  - Africa/Algiers
  - Africa/Ceuta
  - Africa/Tunis
  - Arctic/Longyearbyen
  - Europe/Amsterdam
  - Europe/Andorra
  - Europe/Belgrade
  - Europe/Berlin
  - Europe/Bratislava
  - Europe/Brussels
  - Europe/Budapest
  - Europe/Busingen
  - Europe/Copenhagen
  - Europe/Gibraltar
  - Europe/Ljubljana
  - Europe/Luxembourg
  - Europe/Madrid
  - Europe/Malta
  - Europe/Monaco
  - Europe/Oslo
  - Europe/Paris
  - Europe/Podgorica
  - Europe/Prague
  - Europe/Rome
  - Europe/San_Marino
  - Europe/Sarajevo
  - Europe/Skopje
  - Europe/Stockholm
  - Europe/Tirane
  - Europe/Vaduz
  - Europe/Vatican
  - Europe/Vienna
  - Europe/Warsaw
  - Europe/Zagreb
  - Europe/Zurich
  Africa_Western:
  - Africa/Bangui
  - Africa/Brazzaville
  - Africa/Douala
  - Africa/Kinshasa
  - Africa/Lagos
  - Africa/Libreville
  - Africa/Luanda
  - Africa/Malabo
  - Africa/Ndjamena
  - Africa/Niamey
  - Africa/Porto-Novo
  Africa_Central:
  - Africa/Blantyre
  - Africa/Bujumbura
  - Africa/Gaborone
  - Africa/Harare
  - Africa/Juba
  - Africa/Khartoum
  - Africa/Kigali
  - Africa/Lubumbashi
  - Africa/Lusaka
  - Africa/Maputo
  - Africa/Windhoek
  Europe_Eastern:
  - Africa/Cairo
  - Africa/Tripoli
  - Asia/Beirut
  - Asia/Gaza
  - Asia/Hebron
  - Asia/Nicosia
  - Europe/Athens
  - Europe/Bucharest
  - Europe/Chisinau
  - Europe/Helsinki
  - Europe/Kaliningrad
  - Europe/Kiev
  - Europe/Mariehamn
  - Europe/Riga
  - Europe/Sofia
  - Europe/Tallinn
  - Europe/Vilnius
  Africa_Southern:
  - Africa/Johannesburg
  - Africa/Maseru
  - Africa/Mbabane
  Hawaii_Aleutian:
  - America/Adak
  - Pacific/Honolulu
  Alaska:
  - America/Anchorage
  - America/Juneau
  - America/Metlakatla
  - America/Nome
  - America/Sitka
  - America/Yakutat
  Atlantic:
  - America/Anguilla
  - America/Antigua
  - America/Aruba
  - America/Barbados
  - America/Blanc-Sablon
  - America/Curacao
  - America/Dominica
  - America/Glace_Bay
  - America/Goose_Bay
  - America/Grenada
  - America/Guadeloupe
  - America/Halifax
  - America/Kralendijk
  - America/Lower_Princes
  - America/Marigot
  - America/Martinique
  - America/Moncton
  - America/Montserrat
  - America/Port_of_Spain
  - America/Puerto_Rico
  - America/Santo_Domingo
  - America/St_Barthelemy
  - America/St_Kitts
  - America/St_Lucia
  - America/St_Thomas
  - America/St_Vincent
  - America/Thule
  - America/Tortola
  - Atlantic/Bermuda
  Brasilia:
  - America/Araguaina
  - America/Bahia
  - America/Belem
  - America/Fortaleza
  - America/Maceio
  - America/Recife
  - America/Santarem
  - America/Sao_Paulo
  Argentina:
  - America/Argentina/La_Rioja
  - America/Argentina/Rio_Gallegos
  - America/Argentina/Salta
  - America/Argentina/San_Juan
  - America/Argentina/San_Luis
  - America/Argentina/Tucuman
  - America/Argentina/Ushuaia
  - America/Buenos_Aires
  - America/Catamarca
  - America/Cordoba
  - America/Jujuy
  - America/Mendoza
  Paraguay:
  - America/Asuncion
  America_Central:
  - America/Bahia_Banderas
  - America/Belize
  - America/Chicago
  - America/Chihuahua
  - America/Costa_Rica
  - America/El_Salvador
  - America/Guatemala
  - America/Indiana/Knox
  - America/Indiana/Tell_City
  - America/Managua
  - America/Matamoros
  - America/Menominee
  - America/Merida
  - America/Mexico_City
  - America/Monterrey
  - America/North_Dakota/Beulah
  - America/North_Dakota/Center
  - America/North_Dakota/New_Salem
  - America/Ojinaga
  - America/Rankin_Inlet
  - America/Regina
  - America/Resolute
  - America/Swift_Current
  - America/Tegucigalpa
  - America/Winnipeg
  Amazon:
  - America/Boa_Vista
  - America/Campo_Grande
  - America/Cuiaba
  - America/Manaus
  - America/Porto_Velho
  Colombia:
  - America/Bogota
  America_Mountain:
  - America/Boise
  - America/Cambridge_Bay
  - America/Ciudad_Juarez
  - America/Creston
  - America/Dawson_Creek
  - America/Denver
  - America/Edmonton
  - America/Fort_Nelson
  - America/Inuvik
  - America/Phoenix
  America_Eastern:
  - America/Cancun
  - America/Cayman
  - America/Coral_Harbour
  - America/Detroit
  - America/Grand_Turk
  - America/Indiana/Marengo
  - America/Indiana/Petersburg
  - America/Indiana/Vevay
  - America/Indiana/Vincennes
  - America/Indiana/Winamac
  - America/Indianapolis
  - America/Iqaluit
  - America/Jamaica
  - America/Kentucky/Monticello
  - America/Louisville
  - America/Nassau
  - America/New_York
  - America/Panama
  - America/Port-au-Prince
  - America/Toronto
  Venezuela:
  - America/Caracas
  French_Guiana:
  - America/Cayenne
  Yukon:
  - America/Dawson
  - America/Whitehorse
  Acre:
  - America/Eirunepe
  - America/Rio_Branco
  Greenland:
  - America/Godthab
  - America/Scoresbysund
  Ecuador:
  - America/Guayaquil
  Guyana:
  - America/Guyana
  Cuba:
  - America/Havana
  Mexico_Pacific:
  - America/Hermosillo
  - America/Mazatlan
  Bolivia:
  - America/La_Paz
  Peru:
  - America/Lima
  America_Pacific:
  - America/Los_Angeles
  - America/Tijuana
  - America/Vancouver
  Pierre_Miquelon:
  - America/Miquelon
  Uruguay:
  - America/Montevideo
  Noronha:
  - America/Noronha
  Suriname:
  - America/Paramaribo
  Chile:
  - America/Santiago
  Newfoundland:
  - America/St_Johns
  Australia_Western:
  - Antarctica/Casey
  - Australia/Perth
  Davis:
  - Antarctica/Davis
  DumontDUrville:
  - Antarctica/DumontDUrville
  Australia_Eastern:
  - Antarctica/Macquarie
  - Australia/Brisbane
  - Australia/Hobart
  - Australia/Lindeman
  - Australia/Melbourne
  - Australia/Sydney
  Mawson:
  - Antarctica/Mawson
  New_Zealand:
  - Antarctica/McMurdo
  - Pacific/Auckland
  Rothera:
  - Antarctica/Rothera
  Syowa:
  - Antarctica/Syowa
  Vostok:
  - Antarctica/Vostok
  Arabian:
  - Asia/Aden
  - Asia/Baghdad
  - Asia/Bahrain
  - Asia/Kuwait
  - Asia/Qatar
  - Asia/Riyadh
  Kazakhstan:
  - Asia/Almaty
  - Asia/Aqtau
  - Asia/Aqtobe
  - Asia/Atyrau
  - Asia/Oral
  - Asia/Qostanay
  - Asia/Qyzylorda
  Anadyr:
  - Asia/Anadyr
  Turkmenistan:
  - Asia/Ashgabat
  Azerbaijan:
  - Asia/Baku
  Indochina:
  - Asia/Bangkok
  - Asia/Phnom_Penh
  - Asia/Saigon
  - Asia/Vientiane
  Kyrgystan:
  - Asia/Bishkek
  Brunei:
  - Asia/Brunei
  India:
  - Asia/Calcutta
  - Asia/Colombo
  Yakutsk:
  - Asia/Chita
  - Asia/Khandyga
  - Asia/Yakutsk
  Bangladesh:
  - Asia/Dhaka
  East_Timor:
  - Asia/Dili
  Gulf:
  - Asia/Dubai
  - Asia/Muscat
  Tajikistan:
  - Asia/Dushanbe
  Hong_Kong:
  - Asia/Hong_Kong
  Hovd:
  - Asia/Hovd
  Irkutsk:
  - Asia/Irkutsk
  Indonesia_Western:
  - Asia/Jakarta
  - Asia/Pontianak
  Indonesia_Eastern:
  - Asia/Jayapura
  Israel:
  - Asia/Jerusalem
  Afghanistan:
  - Asia/Kabul
  Kamchatka:
  - Asia/Kamchatka
  Pakistan:
  - Asia/Karachi
  Nepal:
  - Asia/Katmandu
  Krasnoyarsk:
  - Asia/Krasnoyarsk
  - Asia/Novokuznetsk
  Malaysia:
  - Asia/Kuala_Lumpur
  - Asia/Kuching
  China:
  - Asia/Macau
  - Asia/Shanghai
  Magadan:
  - Asia/Magadan
  Indonesia_Central:
  - Asia/Makassar
  Philippines:
  - Asia/Manila
  Novosibirsk:
  - Asia/Novosibirsk
  Omsk:
  - Asia/Omsk
  Korea:
  - Asia/Pyongyang
  - Asia/Seoul
  Myanmar:
  - Asia/Rangoon
  Sakhalin:
  - Asia/Sakhalin
  Uzbekistan:
  - Asia/Samarkand
  - Asia/Tashkent
  Singapore:
  - Asia/Singapore
  Taipei:
  - Asia/Taipei
  Georgia:
  - Asia/Tbilisi
  Iran:
  - Asia/Tehran
  Bhutan:
  - Asia/Thimphu
  Japan:
  - Asia/Tokyo
  Mongolia:
  - Asia/Ulaanbaatar
  Urumqi:
  - Asia/Urumqi
  Vladivostok:
  - Asia/Ust-Nera
  - Asia/Vladivostok
  Yekaterinburg:
  - Asia/Yekaterinburg
  Armenia:
  - Asia/Yerevan
  Azores:
  - Atlantic/Azores
  Europe_Western:
  - Atlantic/Canary
  - Atlantic/Faeroe
  - Atlantic/Madeira
  - Europe/Lisbon
  Cape_Verde:
  - Atlantic/Cape_Verde
  South_Georgia:
  - Atlantic/South_Georgia
  Falkland:
  - Atlantic/Stanley
  Australia_Central:
  - Australia/Adelaide
  - Australia/Broken_Hill
  - Australia/Darwin
  Australia_CentralWestern:
  - Australia/Eucla
  Lord_Howe:
  - Australia/Lord_Howe
  Turkey:
  - Europe/Istanbul
  Moscow:
  - Europe/Minsk
  - Europe/Moscow
  - Europe/Simferopol
  Samara:
  - Europe/Samara
  Volgograd:
  - Europe/Volgograd
  Indian_Ocean:
  - Indian/Chagos
  Christmas:
  - Indian/Christmas
  Cocos:
  - Indian/Cocos
  French_Southern:
  - Indian/Kerguelen
  Seychelles:
  - Indian/Mahe
  Maldives:
  - Indian/Maldives
  Mauritius:
  - Indian/Mauritius
  Reunion:
  - Indian/Reunion
  Apia:
  - Pacific/Apia
  Chatham:
  - Pacific/Chatham
  Easter:
  - Pacific/Easter
  Vanuatu:
  - Pacific/Efate
  Phoenix_Islands:
  - Pacific/Enderbury
  Tokelau:
  - Pacific/Fakaofo
  Fiji:
  - Pacific/Fiji
  Tuvalu:
  - Pacific/Funafuti
  Galapagos:
  - Pacific/Galapagos
  Gambier:
  - Pacific/Gambier
  Solomon:
  - Pacific/Guadalcanal
  Chamorro:
  - Pacific/Guam
  - Pacific/Saipan
  Line_Islands:
  - Pacific/Kiritimati
  Kosrae:
  - Pacific/Kosrae
  Marshall_Islands:
  - Pacific/Kwajalein
  - Pacific/Majuro
  Marquesas:
  - Pacific/Marquesas
  Samoa:
  - Pacific/Midway
  - Pacific/Pago_Pago
  Nauru:
  - Pacific/Nauru
  Niue:
  - Pacific/Niue
  Norfolk:
  - Pacific/Norfolk
  New_Caledonia:
  - Pacific/Noumea
  Palau:
  - Pacific/Palau
  Pitcairn:
  - Pacific/Pitcairn
  Ponape:
  - Pacific/Ponape
  Papua_New_Guinea:
  - Pacific/Port_Moresby
  Cook:
  - Pacific/Rarotonga
  Tahiti:
  - Pacific/Tahiti
  Gilbert_Islands:
  - Pacific/Tarawa
  Tonga:
  - Pacific/Tongatapu
  Truk:
  - Pacific/Truk
  Wake:
  - Pacific/Wake
  Wallis:
  - Pacific/Wallis
