---
locale: eo
generated_at: '2025-09-19T10:42:45Z'
cldr_version: '46'
timezone_names:
  formats:
    gmt_format: UTC{0}
    region_format: tempo de {0}
    region_format_daylight: somera tempo de {0}
    region_format_standard: norma tempo de {0}
  zones:
    Etc/Unknown:
      exemplar_city: nekonata urbo
    Europe/Andorra:
      exemplar_city: Andoro
    Asia/Dubai:
      exemplar_city: Dubajurbo
    Asia/Kabul:
      exemplar_city: Kabulo
    America/Antigua:
      exemplar_city: Antigvo
    America/Anguilla:
      exemplar_city: Angvilo
    Europe/Tirane:
      exemplar_city: Tirano
    Asia/Yerevan:
      exemplar_city: Erevano
    Africa/Luanda:
      exemplar_city: Luando
    Antarctica/Syowa:
      exemplar_city: Showa
    America/Argentina/Rio_Gallegos:
      exemplar_city: Río Gallegos
    America/Argentina/Salta:
      exemplar_city: Saltaurbo
    America/Argentina/Tucuman:
      exemplar_city: Tucumán
    America/Cordoba:
      exemplar_city: Kordobo
    America/Buenos_Aires:
      exemplar_city: Bonaero
    Pacific/Pago_Pago:
      exemplar_city: Pagopago
    Europe/Vienna:
      exemplar_city: Vieno
    Australia/Perth:
      exemplar_city: Perto
    Australia/Darwin:
      exemplar_city: Darvino
    Australia/Adelaide:
      exemplar_city: Adelajdo
    Australia/Melbourne:
      exemplar_city: Melburno
    Australia/Hobart:
      exemplar_city: Hobarto
    Australia/Sydney:
      exemplar_city: Sidnejo
    Australia/Brisbane:
      exemplar_city: Brisbano
    Antarctica/Macquarie:
      exemplar_city: Makvora insulo
    America/Aruba:
      exemplar_city: Arubo
    Asia/Baku:
      exemplar_city: Bakuo
    America/Barbados:
      exemplar_city: Barbado
    Asia/Dhaka:
      exemplar_city: Dako
    Europe/Brussels:
      exemplar_city: Bruselo
    Africa/Ouagadougou:
      exemplar_city: Vagaduguo
    Europe/Sofia:
      exemplar_city: Sofio
    Asia/Bahrain:
      exemplar_city: Barejno
    Africa/Bujumbura:
      exemplar_city: Buĵumburo
    Africa/Porto-Novo:
      exemplar_city: Portonovo
    America/St_Barthelemy:
      exemplar_city: Sankta Bartolomeo
    Atlantic/Bermuda:
      exemplar_city: Bermudoj
    Asia/Brunei:
      exemplar_city: Brunejo
    America/Eirunepe:
      exemplar_city: Eirunepé
    America/Manaus:
      exemplar_city: Manaŭso
    America/Cuiaba:
      exemplar_city: Cuiabá
    America/Santarem:
      exemplar_city: Santarém
    America/Belem:
      exemplar_city: Belemo
    America/Araguaina:
      exemplar_city: Araguaína
    America/Sao_Paulo:
      exemplar_city: Sanpaŭlo
    America/Bahia:
      exemplar_city: Bahio
    America/Fortaleza:
      exemplar_city: Fortalezo
    America/Maceio:
      exemplar_city: Maceió
    America/Noronha:
      exemplar_city: Fernando de Noronha
    America/Nassau:
      exemplar_city: Nasaŭo
    Asia/Thimphu:
      exemplar_city: Timbuo
    Africa/Gaborone:
      exemplar_city: Gaborono
    Europe/Minsk:
      exemplar_city: Minsko
    America/Belize:
      exemplar_city: Belizo
    America/Vancouver:
      exemplar_city: Vankuvero
    America/Edmonton:
      exemplar_city: Edmontono
    America/Cambridge_Bay:
      exemplar_city: Kembriĝa Golfo
    America/Winnipeg:
      exemplar_city: Vinipego
    America/Iqaluit:
      exemplar_city: Ikaluito
    America/Moncton:
      exemplar_city: Monktono
    America/Halifax:
      exemplar_city: Halifakso
    Indian/Cocos:
      exemplar_city: Kokosinsuloj
    Africa/Kinshasa:
      exemplar_city: Kinŝaso
    Africa/Lubumbashi:
      exemplar_city: Lubumbaŝo
    Africa/Bangui:
      exemplar_city: Bango
    Africa/Brazzaville:
      exemplar_city: Brazavilo
    Europe/Zurich:
      exemplar_city: Zuriko
    Africa/Abidjan:
      exemplar_city: Abiĝano
    Pacific/Rarotonga:
      exemplar_city: Rarotongo
    Pacific/Easter:
      exemplar_city: Paskinsulo
    Africa/Douala:
      exemplar_city: Dualao
    Asia/Urumqi:
      exemplar_city: Urumĉio
    Asia/Shanghai:
      exemplar_city: Ŝanhajo
    America/Bogota:
      exemplar_city: Bogoto
    America/Costa_Rica:
      exemplar_city: Kostariko
    America/Havana:
      exemplar_city: Havano
    Atlantic/Cape_Verde:
      exemplar_city: Kaboverdo
    America/Curacao:
      exemplar_city: Kuracao
    Indian/Christmas:
      exemplar_city: Kristnaskinsulo
    Asia/Nicosia:
      exemplar_city: Nikozio
    Europe/Prague:
      exemplar_city: Prago
    Europe/Busingen:
      exemplar_city: Büsingen am Hochrhein
    Europe/Berlin:
      exemplar_city: Berlino
    Africa/Djibouti:
      exemplar_city: Ĝibutio
    Europe/Copenhagen:
      exemplar_city: Kopenhago
    America/Dominica:
      exemplar_city: Dominiko
    America/Santo_Domingo:
      exemplar_city: Sankta Domingo
    Africa/Algiers:
      exemplar_city: Alĝero
    Pacific/Galapagos:
      exemplar_city: Galapagoj
    Europe/Tallinn:
      exemplar_city: Talino
    Africa/Cairo:
      exemplar_city: Kairo
    Africa/El_Aaiun:
      exemplar_city: Ajuno
    Africa/Asmera:
      exemplar_city: Asmero
    Atlantic/Canary:
      exemplar_city: Kanarioj
    Africa/Ceuta:
      exemplar_city: Ceŭto
    Europe/Madrid:
      exemplar_city: Madrido
    Africa/Addis_Ababa:
      exemplar_city: Adisabebo
    Europe/Helsinki:
      exemplar_city: Helsinko
    Pacific/Fiji:
      exemplar_city: Fiĝio
    Atlantic/Stanley:
      exemplar_city: Stanlejo
    Pacific/Truk:
      exemplar_city: Ĉuuk
    Pacific/Ponape:
      exemplar_city: Ponape
    Atlantic/Faeroe:
      exemplar_city: Ferooj
    Europe/Paris:
      exemplar_city: Parizo
    Africa/Libreville:
      exemplar_city: Librevilo
    Europe/London:
      exemplar_city: Londono
    America/Grenada:
      exemplar_city: Grenado
    Asia/Tbilisi:
      exemplar_city: Tbiliso
    America/Cayenne:
      exemplar_city: Kajeno
    Europe/Guernsey:
      exemplar_city: Gernezejo
    Africa/Accra:
      exemplar_city: Akrao
    Europe/Gibraltar:
      exemplar_city: Ĝibraltaro
    America/Thule:
      exemplar_city: Qaanaaq
    America/Godthab:
      exemplar_city: Nuko
    Africa/Banjul:
      exemplar_city: Banjulo
    Africa/Conakry:
      exemplar_city: Konakrio
    America/Guadeloupe:
      exemplar_city: Gvadelupo
    Europe/Athens:
      exemplar_city: Ateno
    Atlantic/South_Georgia:
      exemplar_city: Sud-Georgio
    America/Guatemala:
      exemplar_city: Gvatemalo
    Pacific/Guam:
      exemplar_city: Gvamo
    Africa/Bissau:
      exemplar_city: Bisaŭo
    America/Guyana:
      exemplar_city: Gujano
    Asia/Hong_Kong:
      exemplar_city: Honkongo
    America/Tegucigalpa:
      exemplar_city: Tegucigalpo
    Europe/Zagreb:
      exemplar_city: Zagrebo
    America/Port-au-Prince:
      exemplar_city: Portoprinco
    Europe/Budapest:
      exemplar_city: Budapeŝto
    Asia/Jakarta:
      exemplar_city: Ĝakarto
    Europe/Dublin:
      exemplar_city: Dublino
    Asia/Jerusalem:
      exemplar_city: Jerusalemo
    Europe/Isle_of_Man:
      exemplar_city: Mankinsulo
    Asia/Calcutta:
      exemplar_city: Kolkato
    Indian/Chagos:
      exemplar_city: Ĉagosoj
    Asia/Baghdad:
      exemplar_city: Bagdado
    Asia/Tehran:
      exemplar_city: Teherano
    Atlantic/Reykjavik:
      exemplar_city: Rejkjaviko
    Europe/Rome:
      exemplar_city: Romo
    Europe/Jersey:
      exemplar_city: Ĵerzejo
    America/Jamaica:
      exemplar_city: Jamajko
    Asia/Amman:
      exemplar_city: Amano
    Asia/Tokyo:
      exemplar_city: Tokio
    Africa/Nairobi:
      exemplar_city: Najrobio
    Asia/Bishkek:
      exemplar_city: Biŝkeko
    Asia/Phnom_Penh:
      exemplar_city: Pnompeno
    Pacific/Tarawa:
      exemplar_city: Taravo
    Indian/Comoro:
      exemplar_city: Komoroj
    America/St_Kitts:
      exemplar_city: Sankta Kristoforo
    Asia/Pyongyang:
      exemplar_city: Pjongjango
    Asia/Seoul:
      exemplar_city: Seulo
    Asia/Kuwait:
      exemplar_city: Kuvajto
    America/Cayman:
      exemplar_city: Kajmanoj
    Asia/Aqtau:
      exemplar_city: Aktau
    Asia/Oral:
      exemplar_city: Oralo
    Asia/Atyrau:
      exemplar_city: Atirau
    Asia/Aqtobe:
      exemplar_city: Aktobe
    Asia/Qostanay:
      exemplar_city: Kostanaj
    Asia/Qyzylorda:
      exemplar_city: Kizilordo
    Asia/Almaty:
      exemplar_city: Almato
    Asia/Vientiane:
      exemplar_city: Vjentiano
    Asia/Beirut:
      exemplar_city: Bejruto
    America/St_Lucia:
      exemplar_city: Sankta Lucio
    Europe/Vaduz:
      exemplar_city: Vaduzo
    Asia/Colombo:
      exemplar_city: Kolombo
    Africa/Monrovia:
      exemplar_city: Monrovio
    Africa/Maseru:
      exemplar_city: Maseruo
    Europe/Vilnius:
      exemplar_city: Vilno
    Europe/Luxembourg:
      exemplar_city: Luksemburgo
    Europe/Riga:
      exemplar_city: Rigo
    Africa/Tripoli:
      exemplar_city: Tripolo
    Africa/Casablanca:
      exemplar_city: Kazablanko
    Europe/Monaco:
      exemplar_city: Monako
    Europe/Chisinau:
      exemplar_city: Kiŝinevo
    Europe/Podgorica:
      exemplar_city: Podgorico
    America/Marigot:
      exemplar_city: Marigoto
    Europe/Skopje:
      exemplar_city: Skopjo
    Asia/Rangoon:
      exemplar_city: Ranguno
    Asia/Hovd:
      exemplar_city: Ĥovd
    Asia/Ulaanbaatar:
      exemplar_city: Ulanbatoro
    Asia/Macau:
      exemplar_city: Makao
    Pacific/Saipan:
      exemplar_city: Saipano
    America/Martinique:
      exemplar_city: Martiniko
    Africa/Nouakchott:
      exemplar_city: Nuakŝoto
    America/Montserrat:
      exemplar_city: Moncerato
    Europe/Malta:
      exemplar_city: Malto
    Indian/Mauritius:
      exemplar_city: Maŭricio
    Indian/Maldives:
      exemplar_city: Maldivoj
    America/Mazatlan:
      exemplar_city: Mazatlán
    America/Monterrey:
      exemplar_city: Monterejo
    America/Mexico_City:
      exemplar_city: Meksikurbo
    America/Merida:
      exemplar_city: Merido
    America/Cancun:
      exemplar_city: Kankuno
    Asia/Kuala_Lumpur:
      exemplar_city: Kualalumpuro
    Africa/Windhoek:
      exemplar_city: Vindhuko
    Pacific/Noumea:
      exemplar_city: Numeo
    Africa/Niamey:
      exemplar_city: Niamejo
    Pacific/Norfolk:
      exemplar_city: Norfolkinsulo
    Africa/Lagos:
      exemplar_city: Lagoso
    America/Managua:
      exemplar_city: Managvo
    Europe/Amsterdam:
      exemplar_city: Amsterdamo
    Asia/Katmandu:
      exemplar_city: Katmanduo
    Pacific/Nauru:
      exemplar_city: Nauro
    Pacific/Niue:
      exemplar_city: Niuo
    Pacific/Chatham:
      exemplar_city: Ĉathamo
    Pacific/Auckland:
      exemplar_city: Aŭklando
    Asia/Muscat:
      exemplar_city: Maskato
    America/Panama:
      exemplar_city: Panamo
    America/Lima:
      exemplar_city: Limo
    Pacific/Tahiti:
      exemplar_city: Tahitio
    Pacific/Marquesas:
      exemplar_city: Markizinsuloj
    Asia/Manila:
      exemplar_city: Manilo
    Asia/Karachi:
      exemplar_city: Karaĉio
    Europe/Warsaw:
      exemplar_city: Varsovio
    America/Miquelon:
      exemplar_city: Mikelono
    Pacific/Pitcairn:
      exemplar_city: Pitkarna Insulo
    America/Puerto_Rico:
      exemplar_city: Puertoriko
    Asia/Gaza:
      exemplar_city: Gazao
    Asia/Hebron:
      exemplar_city: Hebrono
    Atlantic/Azores:
      exemplar_city: Acoroj
    Atlantic/Madeira:
      exemplar_city: Madejro
    Europe/Lisbon:
      exemplar_city: Lisbono
    Pacific/Palau:
      exemplar_city: Palaŭo
    America/Asuncion:
      exemplar_city: Asunciono
    Asia/Qatar:
      exemplar_city: Kataro
    Indian/Reunion:
      exemplar_city: Reunio
    Europe/Bucharest:
      exemplar_city: Bukareŝto
    Europe/Belgrade:
      exemplar_city: Beogrado
    Europe/Kaliningrad:
      exemplar_city: Kaliningrado
    Europe/Moscow:
      exemplar_city: Moskvo
    Europe/Volgograd:
      exemplar_city: Volgogrado
    Europe/Astrakhan:
      exemplar_city: Astraĥano
    Europe/Ulyanovsk:
      exemplar_city: Uljanovsko
    Asia/Yekaterinburg:
      exemplar_city: Jekaterinburgo
    Asia/Omsk:
      exemplar_city: Omsko
    Asia/Novosibirsk:
      exemplar_city: Novosibirsko
    Asia/Novokuznetsk:
      exemplar_city: Novokuznecko
    Asia/Krasnoyarsk:
      exemplar_city: Krasnojarsko
    Asia/Irkutsk:
      exemplar_city: Irkutsko
    Asia/Chita:
      exemplar_city: Ĉita
    Asia/Yakutsk:
      exemplar_city: Jakutsko
    Asia/Vladivostok:
      exemplar_city: Vladivostoko
    Asia/Khandyga:
      exemplar_city: Ĥandiga
    Asia/Sakhalin:
      exemplar_city: Saĥaleno
    Asia/Ust-Nera:
      exemplar_city: Ustnero
    Asia/Srednekolymsk:
      exemplar_city: Srednekolimsk
    Asia/Kamchatka:
      exemplar_city: Kamĉatko
    Asia/Anadyr:
      exemplar_city: Anadir
    Africa/Kigali:
      exemplar_city: Kigalo
    Asia/Riyadh:
      exemplar_city: Riado
    Indian/Mahe:
      exemplar_city: Mahé
    Africa/Khartoum:
      exemplar_city: Ĥartumo
    Europe/Stockholm:
      exemplar_city: Stokholmo
    Asia/Singapore:
      exemplar_city: Singapuro
    Atlantic/St_Helena:
      exemplar_city: Sankta Heleno
    Europe/Ljubljana:
      exemplar_city: Ljubljano
    Arctic/Longyearbyen:
      exemplar_city: Longjerurbo
    Europe/Bratislava:
      exemplar_city: Bratislavo
    Africa/Freetown:
      exemplar_city: Fritaŭno
    Europe/San_Marino:
      exemplar_city: Sanmarino
    Africa/Dakar:
      exemplar_city: Dakaro
    Africa/Mogadishu:
      exemplar_city: Mogadiŝo
    Africa/Juba:
      exemplar_city: Ĝubao
    Africa/Sao_Tome:
      exemplar_city: Santomeo
    America/El_Salvador:
      exemplar_city: Salvadoro
    Asia/Damascus:
      exemplar_city: Damasko
    Africa/Mbabane:
      exemplar_city: Mbabano
    America/Grand_Turk:
      exemplar_city: Granda Turko
    Africa/Ndjamena:
      exemplar_city: Niĝameno
    Indian/Kerguelen:
      exemplar_city: Kergelenoj
    Africa/Lome:
      exemplar_city: Lomeo
    Asia/Bangkok:
      exemplar_city: Bankoko
    Asia/Dushanbe:
      exemplar_city: Duŝanbeo
    Asia/Dili:
      exemplar_city: Dilo
    Asia/Ashgabat:
      exemplar_city: Aŝĥabado
    Africa/Tunis:
      exemplar_city: Tunizo
    Europe/Istanbul:
      exemplar_city: Istanbulo
    America/Port_of_Spain:
      exemplar_city: Portospeno
    Pacific/Funafuti:
      exemplar_city: Funafutio
    Asia/Taipei:
      exemplar_city: Tajpeo
    Africa/Dar_es_Salaam:
      exemplar_city: Daresalamo
    Europe/Kiev:
      exemplar_city: Kievo
    Europe/Simferopol:
      exemplar_city: Simferopolo
    Africa/Kampala:
      exemplar_city: Kampalo
    Pacific/Midway:
      exemplar_city: Midvejinsuloj
    Pacific/Wake:
      exemplar_city: Vejkinsulo
    America/Los_Angeles:
      exemplar_city: Losanĝeleso
    America/Phoenix:
      exemplar_city: Fenikso
    America/Denver:
      exemplar_city: Denvero
    America/North_Dakota/Beulah:
      exemplar_city: Beulah, Norda Dakoto
    America/North_Dakota/New_Salem:
      exemplar_city: New Salem, Norda Dakoto
    America/North_Dakota/Center:
      exemplar_city: Center, Norda Dakoto
    America/Chicago:
      exemplar_city: Ĉikago
    America/Indiana/Vincennes:
      exemplar_city: Vincennes, Indianao
    America/Indiana/Petersburg:
      exemplar_city: Petersburg, Indianao
    America/Indiana/Tell_City:
      exemplar_city: Tell City, Indianao
    America/Indiana/Knox:
      exemplar_city: Knox, Indianao
    America/Indiana/Winamac:
      exemplar_city: Winamac, Indianao
    America/Indiana/Marengo:
      exemplar_city: Marengo, Indianao
    America/Indianapolis:
      exemplar_city: Indianapolo, Indianao
    America/Indiana/Vevay:
      exemplar_city: Vevay, Indianao
    America/Kentucky/Monticello:
      exemplar_city: Monticello, Kentukio
    America/Detroit:
      exemplar_city: Detrojto
    America/New_York:
      exemplar_city: Novjorko
    Asia/Samarkand:
      exemplar_city: Samarkando
    Asia/Tashkent:
      exemplar_city: Taŝkento
    Europe/Vatican:
      exemplar_city: Vatikano
    America/St_Vincent:
      exemplar_city: Sankta Vincento
    America/Caracas:
      exemplar_city: Karakaso
    America/St_Thomas:
      exemplar_city: Sankta Tomaso
    Asia/Saigon:
      exemplar_city: Hoĉimino
    Pacific/Wallis:
      exemplar_city: Valiso
    Pacific/Apia:
      exemplar_city: Apio
    Asia/Aden:
      exemplar_city: Adeno
    Indian/Mayotte:
      exemplar_city: Majoto
    Africa/Johannesburg:
      exemplar_city: Johanesburgo
    Africa/Lusaka:
      exemplar_city: Lusako
    Africa/Harare:
      exemplar_city: Harareo
  metazones:
    GMT:
      long:
        standard: universala tempo kunordigita
