---
locale: oc_ES
generated_at: '2025-09-19T10:42:56Z'
cldr_version: '46'
timezone_names:
  formats:
    region_format_daylight: orari d’estiu de {0}
    region_format_standard: orari estandard de {0}
  zones:
    Etc/Unknown:
      exemplar_city: ciutat desconeishuda
    Europe/Tirane:
      exemplar_city: Tirana
    Asia/Yerevan:
      exemplar_city: Ereván
    America/Argentina/Rio_Gallegos:
      exemplar_city: Río Gallegos
    America/Argentina/Tucuman:
      exemplar_city: Tucumán
    America/Cordoba:
      exemplar_city: Còdoba
    Europe/Vienna:
      exemplar_city: Viena
    Australia/Sydney:
      exemplar_city: Sídney
    Asia/Baku:
      exemplar_city: Bakú
    Africa/Ouagadougou:
      exemplar_city: Uagadugú
    Europe/Sofia:
      exemplar_city: Sofía
    Asia/Bahrain:
      exemplar_city: Baréin
    Africa/Porto-Novo:
      exemplar_city: Portonovo
    America/St_Barthelemy:
      exemplar_city: Sant Bartolomé
    Atlantic/Bermuda:
      exemplar_city: Bermudes
    America/Eirunepe:
      exemplar_city: Eirunepé
    America/Manaus:
      exemplar_city: MmManaos
    America/Cuiaba:
      exemplar_city: Cuiabá
    America/Santarem:
      exemplar_city: Santarém
    America/Belem:
      exemplar_city: Belén
    America/Araguaina:
      exemplar_city: Araguaína
    America/Sao_Paulo:
      exemplar_city: Sao paulo
    America/Maceio:
      exemplar_city: Maceió
    Asia/Thimphu:
      exemplar_city: Timbu
    America/Belize:
      exemplar_city: Belice
    America/St_Johns:
      exemplar_city: Sant Joan de Terranòva
    Europe/Zurich:
      exemplar_city: Zúrich
    Africa/Abidjan:
      exemplar_city: Abiyan
    Pacific/Easter:
      exemplar_city: Isla de Pasqua
    America/Santiago:
      exemplar_city: Santiago de Chile
    Asia/Urumqi:
      exemplar_city: Ürümqi
    America/Bogota:
      exemplar_city: Bogotá
    America/Costa_Rica:
      exemplar_city: Còsta Rica
    America/Havana:
      exemplar_city: Era Havana
    Atlantic/Cape_Verde:
      exemplar_city: Cabo Verde
    America/Curacao:
      exemplar_city: Curaçao
    Indian/Christmas:
      exemplar_city: Nadau
    Africa/Djibouti:
      exemplar_city: Yibuti
    Africa/Algiers:
      exemplar_city: Argel
    Pacific/Galapagos:
      exemplar_city: Galápagos
    Europe/Tallinn:
      exemplar_city: Tallin
    Africa/Cairo:
      exemplar_city: Eth Cairo
    Africa/Addis_Ababa:
      exemplar_city: Adís Abeba
    Pacific/Fiji:
      exemplar_city: Fiyi
    Atlantic/Faeroe:
      exemplar_city: Isles Feroe
    Europe/London:
      exemplar_city: Lòndres
    America/Grenada:
      exemplar_city: Granada
    Asia/Tbilisi:
      exemplar_city: Tiflies
    America/Cayenne:
      exemplar_city: Cayena
    Africa/Accra:
      exemplar_city: Acra
    America/Guadeloupe:
      exemplar_city: Guadalupe
    Atlantic/South_Georgia:
      exemplar_city: Geòrgia deth Sud
    Africa/Bissau:
      exemplar_city: Bisau
    America/Port-au-Prince:
      exemplar_city: Puerto Príncipe
    Asia/Makassar:
      exemplar_city: Makasar
    Asia/Jerusalem:
      exemplar_city: Jerusalen
    Europe/Isle_of_Man:
      exemplar_city: Isla de Man
    Asia/Baghdad:
      exemplar_city: Bagdad
    Asia/Tehran:
      exemplar_city: Teheran
    Atlantic/Reykjavik:
      exemplar_city: Reikiavik
    Asia/Tokyo:
      exemplar_city: Tokio
    Indian/Comoro:
      exemplar_city: Comores
    America/St_Kitts:
      exemplar_city: Sant Cristòbal
    Asia/Seoul:
      exemplar_city: Seol
    America/Cayman:
      exemplar_city: Caiman
    Asia/Aqtau:
      exemplar_city: Aktau
    Asia/Aqtobe:
      exemplar_city: Aktobe
    Asia/Qostanay:
      exemplar_city: Kostanai
    Asia/Qyzylorda:
      exemplar_city: Kyzylorda
    America/St_Lucia:
      exemplar_city: Santa Lucía
    Europe/Vilnius:
      exemplar_city: Vilna
    Africa/Tripoli:
      exemplar_city: Trípoli
    Europe/Skopje:
      exemplar_city: Skopie
    America/Martinique:
      exemplar_city: Martinica
    Africa/Nouakchott:
      exemplar_city: Nuakchot
    Indian/Mauritius:
      exemplar_city: Maurici
    America/Bahia_Banderas:
      exemplar_city: Bahia de Banderas
    America/Mexico_City:
      exemplar_city: Ciutat de Méxic
    Asia/Katmandu:
      exemplar_city: Katmandú
    Asia/Muscat:
      exemplar_city: Mascate
    America/Panama:
      exemplar_city: Panamà
    Pacific/Tahiti:
      exemplar_city: Tahití
    Pacific/Marquesas:
      exemplar_city: Marqueses
    Europe/Warsaw:
      exemplar_city: Varsòvia
    Europe/Lisbon:
      exemplar_city: Lisboa
    Pacific/Palau:
      exemplar_city: Palaos
    Asia/Qatar:
      exemplar_city: Catar
    Europe/Bucharest:
      exemplar_city: Bucarest
    Europe/Saratov:
      exemplar_city: Sarátov
    Europe/Astrakhan:
      exemplar_city: Astracan
    Europe/Ulyanovsk:
      exemplar_city: Uliánovsk
    Europe/Kirov:
      exemplar_city: Kírov
    Asia/Barnaul:
      exemplar_city: Barnaúl
    Asia/Chita:
      exemplar_city: Chitá
    Asia/Sakhalin:
      exemplar_city: Sajalín
    Asia/Srednekolymsk:
      exemplar_city: Srednekolimsk
    Asia/Anadyr:
      exemplar_city: Anádyr
    Asia/Riyadh:
      exemplar_city: Riad
    Indian/Mahe:
      exemplar_city: Mahé
    Africa/Khartoum:
      exemplar_city: Jartum
    Europe/Stockholm:
      exemplar_city: Estocolm
    Atlantic/St_Helena:
      exemplar_city: Santa Elena
    Europe/Ljubljana:
      exemplar_city: Liubliana
    Europe/San_Marino:
      exemplar_city: Sant Marino
    Africa/Mogadishu:
      exemplar_city: Mogadiscio
    Africa/Sao_Tome:
      exemplar_city: Sant Tomé
    Asia/Damascus:
      exemplar_city: Damasco
    America/Grand_Turk:
      exemplar_city: Gran Turca
    Africa/Ndjamena:
      exemplar_city: Yamena
    Africa/Lome:
      exemplar_city: Lomé
    Asia/Dushanbe:
      exemplar_city: Dusambé
    Asia/Ashgabat:
      exemplar_city: Asjabad
    Africa/Tunis:
      exemplar_city: Túnez
    Europe/Istanbul:
      exemplar_city: Estambul
    America/Port_of_Spain:
      exemplar_city: Puerto Espanha
    Europe/Kiev:
      exemplar_city: Kiev
    Europe/Simferopol:
      exemplar_city: Simferòpol
    America/North_Dakota/Beulah:
      exemplar_city: Beulah, Dakota deth Nòrd
    America/North_Dakota/New_Salem:
      exemplar_city: New Salem, Dakota deth Nòrd
    America/North_Dakota/Center:
      exemplar_city: Center, Dakota deth Nòrd
    America/New_York:
      exemplar_city: Nòva York
    Asia/Samarkand:
      exemplar_city: Samarcanda
    Asia/Tashkent:
      exemplar_city: Taskent
    Europe/Vatican:
      exemplar_city: Eth Vatican
    America/St_Vincent:
      exemplar_city: Sant Vicent
    America/Tortola:
      exemplar_city: Tòrtola
    Asia/Saigon:
      exemplar_city: Ciutat Ho Chi Minh
