---
locale: ie
generated_at: '2025-09-15T06:26:31Z'
cldr_version: '46'
timezone_names:
  formats:
    gmt_format: TMG{0}
    region_format: témpor de {0}
    region_format_daylight: témpor estival de {0}
    region_format_standard: témpor standard de {0}
  zones:
    Etc/UTC:
      long:
        standard: universal témpor coordinat
    Etc/Unknown:
      exemplar_city: ínconosset cité
    Europe/Tirane:
      exemplar_city: Tirana
    Antarctica/Syowa:
      exemplar_city: Showa
    Antarctica/DumontDUrville:
      exemplar_city: Dumont-d’Urville
    America/Argentina/Rio_Gallegos:
      exemplar_city: Rio-Gallegos
    America/Argentina/San_Juan:
      exemplar_city: Sant-Juan
    America/Argentina/La_Rioja:
      exemplar_city: La-Rioja
    America/Argentina/San_Luis:
      exemplar_city: Sant-Luis
    America/Buenos_Aires:
      exemplar_city: Buenos-Aires
    Pacific/Pago_Pago:
      exemplar_city: Pago-Pago
    Australia/Perth:
      exemplar_city: Pert
    Australia/Broken_Hill:
      exemplar_city: Broken-Hill
    Australia/Lord_Howe:
      exemplar_city: Insul Lord-Howe
    Europe/Brussels:
      exemplar_city: Bruxelles
    Africa/Ouagadougou:
      exemplar_city: Uagadugu
    America/St_Barthelemy:
      exemplar_city: Sant-Bartolomeo
    America/La_Paz:
      exemplar_city: La-Paz
    America/Rio_Branco:
      exemplar_city: Rio-Branco
    America/Porto_Velho:
      exemplar_city: Porto-Velho
    America/Boa_Vista:
      exemplar_city: Boa-Vista
    America/Campo_Grande:
      exemplar_city: Campo-Grande
    America/Sao_Paulo:
      exemplar_city: São-Paulo
    America/Fort_Nelson:
      exemplar_city: Fort-Nelson
    America/Dawson_Creek:
      exemplar_city: Dawson-Creek
    America/Swift_Current:
      exemplar_city: Swift-Current
    America/Cambridge_Bay:
      exemplar_city: Cambridge-Bay
    America/Rankin_Inlet:
      exemplar_city: Rankin-Inlet
    America/Goose_Bay:
      exemplar_city: Goose-Bay
    America/Glace_Bay:
      exemplar_city: Glace-Bay
    America/St_Johns:
      exemplar_city: St.-John’s
    Europe/Zurich:
      exemplar_city: Zürich
    Pacific/Easter:
      exemplar_city: Pasca
    America/Punta_Arenas:
      exemplar_city: Punta-Arenas
    America/Costa_Rica:
      exemplar_city: Costa-Rica
    Atlantic/Cape_Verde:
      exemplar_city: Cap-Verdi
    Europe/Prague:
      exemplar_city: Praha
    Africa/Djibouti:
      exemplar_city: Djibuti
    Europe/Copenhagen:
      exemplar_city: København
    America/Santo_Domingo:
      exemplar_city: San-Domingo
    Africa/Algiers:
      exemplar_city: Alger
    Africa/El_Aaiun:
      exemplar_city: El-Aaiun
    Atlantic/Canary:
      exemplar_city: Canaria
    Africa/Addis_Ababa:
      exemplar_city: Addis-Abeba
    Pacific/Fiji:
      exemplar_city: Fidji
    Atlantic/Faeroe:
      exemplar_city: Feroe
    Europe/London:
      long:
        daylight: britanic estival témpor
    America/Guadeloupe:
      exemplar_city: Guadelupa
    Europe/Athens:
      exemplar_city: Aten
    Atlantic/South_Georgia:
      exemplar_city: Sud-Georgia
    Asia/Hong_Kong:
      exemplar_city: Hong-Kong
    Europe/Dublin:
      long:
        daylight: irlandesi standard témpor
    Europe/Isle_of_Man:
      exemplar_city: Insul de Man
    Asia/Tehran:
      exemplar_city: Teheran
    Europe/Rome:
      exemplar_city: Roma
    Asia/Tokyo:
      exemplar_city: Tokio
    Asia/Phnom_Penh:
      exemplar_city: Phnom-Penh
    America/St_Kitts:
      exemplar_city: St.-Kitts
    Asia/Aqtau:
      exemplar_city: Aktau
    Asia/Atyrau:
      exemplar_city: Atirau
    Asia/Aqtobe:
      exemplar_city: Aktobe
    Asia/Qostanay:
      exemplar_city: Kostanay
    Asia/Qyzylorda:
      exemplar_city: Kizilorda
    Asia/Almaty:
      exemplar_city: Almati
    America/St_Lucia:
      exemplar_city: St.-Lucia
    Europe/Luxembourg:
      exemplar_city: Luxemburg
    Europe/Monaco:
      exemplar_city: Mónaco
    America/Martinique:
      exemplar_city: Martinica
    Indian/Mauritius:
      exemplar_city: Mauricio
    America/Ciudad_Juarez:
      exemplar_city: Ciudad-Juarez
    America/Bahia_Banderas:
      exemplar_city: bay de Banderas
    America/Mexico_City:
      exemplar_city: Mexican Cité
    Asia/Kuala_Lumpur:
      exemplar_city: Kuala-Lumpur
    Pacific/Port_Moresby:
      exemplar_city: Port-Moresby
    Europe/Warsaw:
      exemplar_city: Warszawa
    America/Puerto_Rico:
      exemplar_city: Porto-Rico
    Europe/Lisbon:
      exemplar_city: Lisboa
    Europe/Bucharest:
      exemplar_city: Bucuresti
    Europe/Belgrade:
      exemplar_city: Belgrad
    Europe/Moscow:
      exemplar_city: Moscva
    Africa/Khartoum:
      exemplar_city: Khartum
    Asia/Singapore:
      exemplar_city: Singapur
    Atlantic/St_Helena:
      exemplar_city: Sant-Helena
    Europe/San_Marino:
      exemplar_city: San-Marino
    Africa/Sao_Tome:
      exemplar_city: São-Tomé
    America/El_Salvador:
      exemplar_city: El-Salvador
    America/Lower_Princes:
      exemplar_city: Lower-Prince’s-Quarter
    Asia/Damascus:
      exemplar_city: Damasco
    America/Grand_Turk:
      exemplar_city: Grand-Turk
    America/Port_of_Spain:
      exemplar_city: Port-of-Spain
    Africa/Dar_es_Salaam:
      exemplar_city: Dar-es-Salaam
    Europe/Kiev:
      exemplar_city: Kiev
    America/Los_Angeles:
      exemplar_city: Los-Angeles
    America/North_Dakota/Beulah:
      exemplar_city: Beulah, Nord-Dakota
    America/North_Dakota/New_Salem:
      exemplar_city: New Salem, Nord-Dakota
    America/North_Dakota/Center:
      exemplar_city: Center, Nord-Dakota
    America/Indiana/Tell_City:
      exemplar_city: Tell-City, Indiana
    America/St_Vincent:
      exemplar_city: St.-Vincent
    America/St_Thomas:
      exemplar_city: St.-Thomas
    Asia/Saigon:
      exemplar_city: Ho-Chi-Minh
  metazones:
    Alaska:
      long:
        generic: alaskan témpor
        standard: alaskan standard témpor
        daylight: alaskan estival témpor
    America_Central:
      long:
        generic: american central témpor
        standard: american central standard témpor
        daylight: american central estival témpor
    America_Eastern:
      long:
        generic: american oriental témpor
        standard: american oriental standard témpor
        daylight: american oriental estival témpor
    America_Mountain:
      long:
        generic: american montan témpor
        standard: american montan standard témpor
        daylight: american montan estival témpor
    America_Pacific:
      long:
        generic: american pacific témpor
        standard: american pacific standard témpor
        daylight: american pacific estival témpor
    Atlantic:
      long:
        generic: american atlantic témpor
        standard: american atlantic standard témpor
        daylight: american atlantic estival témpor
    Azores:
      long:
        generic: témpor del Azores
        standard: témpor standard del Azores
        daylight: témpor estival del Azores
    Christmas:
      long:
        standard: témpor del Insul Christmas
    Cocos:
      long:
        standard: témpor del Insules Cocos
    Cook:
      long:
        generic: témpor del Insules Cook
        standard: témpor standard del Insules Cook
        daylight: témpor estival del Insules Cook
    Cuba:
      long:
        generic: cuban témpor
        standard: cuban standard témpor
        daylight: cuban estival témpor
    Europe_Central:
      long:
        generic: central europan témpor
        standard: central europan standard témpor
        daylight: central europan estival témpor
    Europe_Eastern:
      long:
        generic: ost-europan témpor
        standard: ost-europan standard témpor
        daylight: ost-europan estival témpor
    Europe_Western:
      long:
        generic: west-europan témpor
        standard: west-europan standard témpor
        daylight: west-europan estival témpor
    Falkland:
      long:
        generic: témpor del Insules Falkland
        standard: témpor standard del Insules Falkland
        daylight: témpor estival del Insules Falkland
    Gilbert_Islands:
      long:
        standard: témpor del Insules Gilbert
    GMT:
      long:
        standard: témpore medial de Greenwich
    Greenland_Eastern:
      long:
        generic: témpor del oriental Greenland
        standard: témpor standard del oriental Greenland
        daylight: témpor estival del oriental Greenland
    Greenland_Western:
      long:
        generic: témpor del occidental Greenland
        standard: témpor standard del occidental Greenland
        daylight: témpor estival del occidental Greenland
    Hawaii_Aleutian:
      long:
        generic: témpor de Hawai e Aleutes
        standard: témpor standard de Hawai e Aleutes
        daylight: témpor estival de Hawai e Aleutes
    Line_Islands:
      long:
        standard: témpor del Insules Line
    Lord_Howe:
      long:
        generic: témpor del Insul Lord-Howe
        standard: témpor standard del Insul Lord-Howe
        daylight: témpor estival del Insul Lord-Howe
    Marquesas:
      long:
        standard: témpor del Marquesas
    Marshall_Islands:
      long:
        standard: témpor del Insules Marshall
    Mexico_Pacific:
      long:
        generic: mexican pacific témpor
        standard: mexican pacific standard témpor
        daylight: mexican pacific estival témpor
    Newfoundland:
      long:
        generic: témpor de Newfoundland
        standard: témpor standard de Newfoundland
        daylight: témpor estival de Newfoundland
    Norfolk:
      long:
        generic: témpor del Insul Norfolk
        standard: témpor standard del Insul Norfolk
        daylight: témpor estival del Insul Norfolk
    Phoenix_Islands:
      long:
        standard: témpor del Insules Fénix
    Solomon:
      long:
        standard: témpor del Insules Solomon
    Wake:
      long:
        standard: témpor del Insul Wake
    Yukon:
      long:
        standard: témpor de Yukon
