---
locale: ak
generated_at: '2025-09-15T06:26:14Z'
cldr_version: '46'
timezone_names:
  formats:
    region_format: Berɛ {0}
    region_format_daylight: Awia ber {0}
    region_format_standard: Berɛ susudua {0}
  zones:
    Etc/UTC:
      long:
        standard: Amansan Kɔdinatɛde Berɛ
    Etc/Unknown:
      exemplar_city: Baabi a yɛnnim
    Europe/Andorra:
      exemplar_city: Andɔra
    America/Anguilla:
      exemplar_city: Anguila
    Antarctica/Rothera:
      exemplar_city: Rotera
    Antarctica/Palmer:
      exemplar_city: Paama
    Antarctica/Troll:
      exemplar_city: Trɔɔ
    Antarctica/Mawson:
      exemplar_city: Mɔɔson
    Antarctica/Vostok:
      exemplar_city: Vɔstɔk
    Antarctica/Casey:
      exemplar_city: Kasi
    America/Argentina/Rio_Gallegos:
      exemplar_city: Rio Gallegɔs
    America/Mendoza:
      exemplar_city: Mɛndɔsa
    America/Argentina/San_Juan:
      exemplar_city: San Dwuan
    America/Argentina/La_Rioja:
      exemplar_city: La Riogya
    America/Catamarca:
      exemplar_city: Katamaaka
    America/Jujuy:
      exemplar_city: Dwudwui
    America/Argentina/Tucuman:
      exemplar_city: Tukuman
    America/Cordoba:
      exemplar_city: Kɔɔdɔba
    Europe/Vienna:
      exemplar_city: Veɛna
    Australia/Perth:
      exemplar_city: Pɛɛt
    Australia/Eucla:
      exemplar_city: Eukla
    Australia/Darwin:
      exemplar_city: Daawin
    Australia/Broken_Hill:
      exemplar_city: Brɔken Hill
    Australia/Melbourne:
      exemplar_city: Mɛɛbɔn
    Australia/Hobart:
      exemplar_city: Hɔbat
    Australia/Sydney:
      exemplar_city: Sidni
    Antarctica/Macquarie:
      exemplar_city: Makaari
    Australia/Lord_Howe:
      exemplar_city: Lɔd Howe
    Europe/Sarajevo:
      exemplar_city: Saragyevo
    America/Barbados:
      exemplar_city: Baabados
    Asia/Dhaka:
      exemplar_city: Daka
    Europe/Brussels:
      exemplar_city: Brɛsɛlse
    Africa/Ouagadougou:
      exemplar_city: Wagadugu
    Europe/Sofia:
      exemplar_city: Sɔfia
    Africa/Bujumbura:
      exemplar_city: Budwumbura
    America/St_Barthelemy:
      exemplar_city: St. Baatilemi
    Atlantic/Bermuda:
      exemplar_city: Bɛmuda
    America/Kralendijk:
      exemplar_city: Kralɛngyik
    America/Rio_Branco:
      exemplar_city: Rio Branko
    America/Porto_Velho:
      exemplar_city: Pɔɔto Velho
    America/Cuiaba:
      exemplar_city: Kuiaba
    America/Campo_Grande:
      exemplar_city: Kampo Grande
    America/Belem:
      exemplar_city: Bɛlɛm
    America/Fortaleza:
      exemplar_city: Fɔɔtalɛsa
    America/Maceio:
      exemplar_city: Makeio
    America/Recife:
      exemplar_city: Rɛsifɛ
    Asia/Thimphu:
      exemplar_city: Timphu
    America/Belize:
      exemplar_city: Bɛlisi
    America/Dawson:
      exemplar_city: Dɔɔson
    America/Fort_Nelson:
      exemplar_city: Fɔt Nɛlson
    America/Dawson_Creek:
      exemplar_city: Dɔɔson Kreek
    America/Creston:
      exemplar_city: Krɛston
    America/Edmonton:
      exemplar_city: Edmɔnton
    America/Swift_Current:
      exemplar_city: Swift Kɛrɛnt
    America/Cambridge_Bay:
      exemplar_city: Kambrigyi Bay
    America/Regina:
      exemplar_city: Rɛgyina
    America/Winnipeg:
      exemplar_city: Winipɛg
    America/Resolute:
      exemplar_city: Rɛsɔlut
    America/Iqaluit:
      exemplar_city: Ikaluit
    America/Moncton:
      exemplar_city: Mɔnktin
    America/Goose_Bay:
      exemplar_city: Guus Bay
    America/Blanc-Sablon:
      exemplar_city: Blanc-Sablɔn
    Indian/Cocos:
      exemplar_city: Kokoso
    Africa/Kinshasa:
      exemplar_city: Kinhyaahya
    Europe/Zurich:
      exemplar_city: Zurekye
    Africa/Abidjan:
      exemplar_city: Abigyan
    Pacific/Easter:
      exemplar_city: Easta
    Asia/Urumqi:
      exemplar_city: Yurymki
    America/Costa_Rica:
      exemplar_city: Kɔsta Rika
    Atlantic/Cape_Verde:
      exemplar_city: Kepvɛde
    America/Curacao:
      exemplar_city: Kurukaw
    Indian/Christmas:
      exemplar_city: Buronya
    Asia/Nicosia:
      exemplar_city: Nikosia
    Europe/Busingen:
      exemplar_city: Busingye
    Europe/Berlin:
      exemplar_city: Bɛɛlin
    Africa/Djibouti:
      exemplar_city: Gyibuuti
    Europe/Copenhagen:
      exemplar_city: Kɔpɛhangɛne
    America/Dominica:
      exemplar_city: Dɔmeneka
    Africa/Algiers:
      exemplar_city: Ɔlgyese
    Pacific/Galapagos:
      exemplar_city: Galapagɔs
    America/Guayaquil:
      exemplar_city: Gayakwuil
    Africa/Cairo:
      exemplar_city: Kairo
    Atlantic/Canary:
      exemplar_city: Kanari
    Africa/Ceuta:
      exemplar_city: Kyuta
    Europe/Helsinki:
      exemplar_city: Hɛlsinki
    Pacific/Fiji:
      exemplar_city: Figyi
    Atlantic/Stanley:
      exemplar_city: Stanli
    Pacific/Truk:
      exemplar_city: Kyuuk
    Pacific/Ponape:
      exemplar_city: Pɔnpei
    Europe/London:
      exemplar_city: Lɔndɔn
      long:
        daylight: Ingresi Awia Berɛ
    America/Cayenne:
      exemplar_city: Kayiini
    Africa/Accra:
      exemplar_city: Akraa
    Europe/Gibraltar:
      exemplar_city: Gyebrota
    America/Scoresbysund:
      exemplar_city: Yitokɔtuɔmete
    Africa/Banjul:
      exemplar_city: Bandwuu
    Africa/Conakry:
      exemplar_city: Kɔnakri
    America/Guadeloupe:
      exemplar_city: Guwadelup
    Europe/Athens:
      exemplar_city: Atene
    Atlantic/South_Georgia:
      exemplar_city: Gyɔɔgyia Anaafoɔ
    America/Guatemala:
      exemplar_city: Guwatemala
    Africa/Bissau:
      exemplar_city: Bisaw
    America/Guyana:
      exemplar_city: Gayana
    America/Tegucigalpa:
      exemplar_city: Tegusigalpa
    Europe/Budapest:
      exemplar_city: Budapɛsh
    Asia/Jakarta:
      exemplar_city: Gyakaata
    Asia/Makassar:
      exemplar_city: Makasa
    Asia/Jayapura:
      exemplar_city: Gyayapura
    Europe/Dublin:
      exemplar_city: Dɔblin
      long:
        daylight: Irelandfoɔ Susudua Berɛ
    Asia/Jerusalem:
      exemplar_city: Yerusalem
    Asia/Calcutta:
      exemplar_city: Kɔɔkata
    Indian/Chagos:
      exemplar_city: Kyagɔs
    Asia/Tehran:
      exemplar_city: Tɛɛran
    Atlantic/Reykjavik:
      exemplar_city: Rɛɛkgyavik
    Europe/Rome:
      exemplar_city: Roma
    Europe/Jersey:
      exemplar_city: Jɛɛsi
    America/Jamaica:
      exemplar_city: Gyameka
    Asia/Amman:
      exemplar_city: Aman
    Indian/Comoro:
      exemplar_city: Kɔmɔrɔ
    America/Cayman:
      exemplar_city: Kemanfo
    Asia/Aqtau:
      exemplar_city: Aktau
    Asia/Aqtobe:
      exemplar_city: Aktopɛ
    Asia/Qostanay:
      exemplar_city: Kostanay
    Asia/Almaty:
      exemplar_city: Aamati
    Asia/Vientiane:
      exemplar_city: Vienhyiane
    Asia/Beirut:
      exemplar_city: Bɛɛrut
    Asia/Colombo:
      exemplar_city: Kolombo
    Europe/Luxembourg:
      exemplar_city: Lɛsembɛg
    Africa/Casablanca:
      exemplar_city: Kasablanka
    Europe/Monaco:
      exemplar_city: Monako
    Europe/Chisinau:
      exemplar_city: Kyisinau
    Europe/Podgorica:
      exemplar_city: Podgorika
    America/Marigot:
      exemplar_city: Marigɔt
    Pacific/Kwajalein:
      exemplar_city: Kwagyaleene
    Pacific/Majuro:
      exemplar_city: Magyuro
    Europe/Skopje:
      exemplar_city: Skɔpgye
    Asia/Ulaanbaatar:
      exemplar_city: Yulanbata
    America/Martinique:
      exemplar_city: Martinike
    America/Montserrat:
      exemplar_city: Mantserat
    Europe/Malta:
      exemplar_city: Mɔɔta
    Indian/Mauritius:
      exemplar_city: Mɔrihyiɔso
    Africa/Blantyre:
      exemplar_city: Blantai
    America/Tijuana:
      exemplar_city: Tidwuana
    America/Hermosillo:
      exemplar_city: Hɛmɔsilo
    America/Mazatlan:
      exemplar_city: Masatlan
    America/Chihuahua:
      exemplar_city: Kyihuahua
    America/Ojinaga:
      exemplar_city: Ogyinaga
    America/Monterrey:
      exemplar_city: Mɔntirii
    America/Mexico_City:
      exemplar_city: Mɛksiko Siti
    America/Matamoros:
      exemplar_city: Matamɔrɔso
    Asia/Kuching:
      exemplar_city: Kukyin
    Pacific/Norfolk:
      exemplar_city: Nɔɔfɔk
    Africa/Lagos:
      exemplar_city: Legɔs
    Europe/Amsterdam:
      exemplar_city: Amstadam
    Asia/Katmandu:
      exemplar_city: Katmandu
    Pacific/Chatham:
      exemplar_city: Kyatam
    Pacific/Auckland:
      exemplar_city: Aukland
    Asia/Muscat:
      exemplar_city: Muskat
    Pacific/Marquesas:
      exemplar_city: Maakesase
    Pacific/Port_Moresby:
      exemplar_city: Pɔt Morɛsbi
    Asia/Karachi:
      exemplar_city: Karakyi
    Europe/Warsaw:
      exemplar_city: Wɔɔsɔɔ
    Pacific/Pitcairn:
      exemplar_city: Pitkairne
    America/Puerto_Rico:
      exemplar_city: Puɛto Riko
    Asia/Hebron:
      exemplar_city: Hɛbrɔn
    Europe/Lisbon:
      exemplar_city: Lisbɔn
    Asia/Qatar:
      exemplar_city: Kata
    Europe/Bucharest:
      exemplar_city: Bukyarɛst
    Europe/Belgrade:
      exemplar_city: Bɛlgrade
    Europe/Moscow:
      exemplar_city: Mɔsko
    Asia/Yekaterinburg:
      exemplar_city: Yɛkatɛrinbɛg
    Asia/Chita:
      exemplar_city: Kyita
    Asia/Kamchatka:
      exemplar_city: Kamkyatka
    Pacific/Guadalcanal:
      exemplar_city: Guadaakanaa
    Europe/Stockholm:
      exemplar_city: Stɔkhɔm
    Asia/Singapore:
      exemplar_city: Singapɔ
    Europe/Ljubljana:
      exemplar_city: Ldwubdwana
    Africa/Dakar:
      exemplar_city: Dakaa
    America/Paramaribo:
      exemplar_city: Paramaribɔ
    Africa/Juba:
      exemplar_city: Dwuba
    America/El_Salvador:
      exemplar_city: El Salvadɔɔ
    America/Lower_Princes:
      exemplar_city: Lowa Prinse Kɔta
    Asia/Damascus:
      exemplar_city: Damaskɔso
    America/Grand_Turk:
      exemplar_city: Grand Tuk
    Africa/Ndjamena:
      exemplar_city: Ngyamena
    Indian/Kerguelen:
      exemplar_city: Kɛguelɛn
    Asia/Bangkok:
      exemplar_city: Bankɔk
    America/Port_of_Spain:
      exemplar_city: Spain Pɔɔto
    America/Anchorage:
      exemplar_city: Ankɔragyi
    America/Metlakatla:
      exemplar_city: Mɛtlakatla
    America/Los_Angeles:
      exemplar_city: Lɔs Angyɛlis
    America/Boise:
      exemplar_city: Bɔisi
    America/Phoenix:
      exemplar_city: Finisk
    America/Denver:
      exemplar_city: Dɛnva
    America/North_Dakota/Beulah:
      exemplar_city: Beula, Nɔf Dakota
    America/North_Dakota/New_Salem:
      exemplar_city: New Salɛm, Nɔf Dakota
    America/North_Dakota/Center:
      exemplar_city: Sɛnta, Nɔf Dakota
    America/Chicago:
      exemplar_city: Kyikago
    America/Menominee:
      exemplar_city: Mɛnɔminee
    America/Indiana/Petersburg:
      exemplar_city: Pitɛsbɛgye, Indiana
    America/Indiana/Tell_City:
      exemplar_city: Tell Siti, Indiana
    America/Indiana/Winamac:
      exemplar_city: Winamak, Indiana
    America/Indianapolis:
      exemplar_city: Indianapɔlis
    America/Kentucky/Monticello:
      exemplar_city: Mɔntisɛlo, Kɛntɛki
    America/Detroit:
      exemplar_city: Detrɔit
    America/New_York:
      exemplar_city: New Yɔk
    Europe/Vatican:
      exemplar_city: Vatikan
    America/Caracas:
      exemplar_city: Karakas
    America/Tortola:
      exemplar_city: Tɔɔtola
    Asia/Saigon:
      exemplar_city: Ho Kyi Min
    Indian/Mayotte:
      exemplar_city: Mayote
  metazones:
    Afghanistan:
      long:
        standard: Afganistan Berɛ
    Africa_Central:
      long:
        standard: Afrika Finimfin Berɛ
    Africa_Eastern:
      long:
        standard: Afrika Apueeɛ Berɛ
    Africa_Southern:
      long:
        standard: Afrika Anaafoɔ Susudua Berɛ
    Africa_Western:
      long:
        generic: Afrika Atɔeɛ Berɛ
        standard: Afrika Atɔeɛ Susudua Berɛ
        daylight: Afrika Atɔeɛ Awia Berɛ
    Alaska:
      long:
        generic: Alaska Berɛ
        standard: Alaska Susudua Berɛ
        daylight: Alaska Awia Berɛ
    Amazon:
      long:
        generic: Amazon Berɛ
        standard: Amazon Susudua Berɛ
        daylight: Amazon Awia Berɛ
    America_Central:
      long:
        generic: Mfinimfini Berɛ
        standard: Mfinimfini Susudua Berɛ
        daylight: Mfinimfini Awia Berɛ
    America_Eastern:
      long:
        generic: Apueeɛ Berɛ
        standard: Apueeɛ Susudua Berɛ
        daylight: Apueeɛ Awia Berɛ
    America_Mountain:
      long:
        generic: Bepɔ Berɛ
        standard: Bepɔ Susudua Berɛ
        daylight: Bepɔ Awia Berɛ
    America_Pacific:
      long:
        generic: Pasifik Berɛ
        standard: Pasifik Susudua Berɛ
        daylight: Pasifik Awia Berɛ
    Apia:
      long:
        generic: Apia Berɛ
        standard: Apia Susudua Berɛ
        daylight: Apia Awia Berɛ
    Arabian:
      long:
        generic: Arabia Berɛ
        standard: Arabia Susudua Berɛ
        daylight: Arabia Awia Berɛ
    Argentina:
      long:
        generic: Agyɛntina Berɛ
        standard: Agyɛntina Susudua Berɛ
        daylight: Agyɛntina Awia Berɛ
    Argentina_Western:
      long:
        generic: Agyɛntina Atɔeeɛ Berɛ
        standard: Agyɛntina Atɔeeɛ Susudua Berɛ
        daylight: Agyɛntina Atɔeeɛ Awia Berɛ
    Armenia:
      long:
        generic: Aamenia Berɛ
        standard: Aamenia Susudua Berɛ
        daylight: Aamenia Awia Berɛ
    Atlantic:
      long:
        generic: Atlantik Berɛ
        standard: Atlantik Susudua Berɛ
        daylight: Atlantik Awia Berɛ
    Australia_Central:
      long:
        generic: Ɔstrelia Mfinimfini Berɛ
        standard: Ɔstrelia Mfinimfini Susudua Berɛ
        daylight: Ɔstrelia Mfinimfini Awia Berɛ
    Australia_CentralWestern:
      long:
        generic: Ɔstrelia Mfinimfini Atɔeeɛ Berɛ
        standard: Ɔstrelia Mfinimfini Atɔeeɛ Susudua Berɛ
        daylight: Ɔstrelia Mfinimfini Atɔeeɛ Awia Berɛ
    Australia_Eastern:
      long:
        generic: Ɔstrelia Apueeɛ Berɛ
        standard: Ɔstrelia Apueeɛ Susudua Berɛ
        daylight: Ɔstrelia Apueeɛ Awia Berɛ
    Australia_Western:
      long:
        generic: Ɔstrelia Atɔeeɛ Berɛ
        standard: Ɔstrelia Atɔeeɛ Susudua Berɛ
        daylight: Ɔstrelia Atɔeeɛ Awia Berɛ
    Azerbaijan:
      long:
        generic: Asabegyan Berɛ
        standard: Asabegyan Susudua Berɛ
        daylight: Asabegyan Awia Berɛ
    Azores:
      long:
        generic: Azores Berɛ
        standard: Azores Susudua Berɛ
        daylight: Azores Awia Berɛ
    Bangladesh:
      long:
        generic: Bangladɛhye Berɛ
        standard: Bangladɛhye Susudua Berɛ
        daylight: Bangladɛhye Awia Berɛ
    Bhutan:
      long:
        standard: Butan Berɛ
    Bolivia:
      long:
        standard: Bolivia Berɛ
    Brasilia:
      long:
        generic: Brasilia Berɛ
        standard: Brasilia Susudua Berɛ
        daylight: Brasilia Awia Berɛ
    Brunei:
      long:
        standard: Brunei Darusalam Berɛ
    Cape_Verde:
      long:
        generic: Kepvɛde Berɛ
        standard: Kepvɛde Susudua Berɛ
        daylight: Kepvɛde Awia Berɛ
    Chamorro:
      long:
        standard: Kyamoro Susudua Berɛ
    Chatham:
      long:
        generic: Kyatam Berɛ
        standard: Kyatam Susudua Berɛ
        daylight: Kyatam Awia Berɛ
    Chile:
      long:
        generic: Kyili Berɛ
        standard: Kyili Susudua Berɛ
        daylight: Kyili Awia Berɛ
    China:
      long:
        generic: Kyaena Berɛ
        standard: Kyaena Susudua Berɛ
        daylight: Kyaena Awia Berɛ
    Christmas:
      long:
        standard: Buronya Aeland Berɛ
    Cocos:
      long:
        standard: Kokoso Aeland Berɛ
    Colombia:
      long:
        generic: Kolombia Berɛ
        standard: Kolombia Susudua Berɛ
        daylight: Kolombia Awia Berɛ
    Cook:
      long:
        generic: Kuk Aeland Berɛ
        standard: Kuk Aeland Susudua Berɛ
        daylight: Kuk Aeland Awia Fa Berɛ
    Cuba:
      long:
        generic: Kuba Berɛ
        standard: Kuba Susudua Berɛ
        daylight: Kuba Awia Berɛ
    Davis:
      long:
        standard: Davis Berɛ
    DumontDUrville:
      long:
        standard: Dumont-d’Urville Berɛ
    East_Timor:
      long:
        standard: Timɔɔ Apueeɛ Berɛ
    Easter:
      long:
        generic: Easta Aeland Berɛ
        standard: Easta Aeland Susudua Berɛ
        daylight: Easta Aeland Awia Berɛ
    Ecuador:
      long:
        standard: Yikuwedɔ Berɛ
    Europe_Central:
      long:
        generic: Yuropu Mfinimfini Berɛ
        standard: Yuropu Mfinimfini Susudua Berɛ
        daylight: Yuropu Mfinimfini Awia Berɛ
    Europe_Eastern:
      long:
        generic: Yuropu Apueeɛ Berɛ
        standard: Yuropu Apueeɛ Susudua Berɛ
        daylight: Yuropu Apueeɛ Awia Berɛ
    Europe_Further_Eastern:
      long:
        standard: Yuropu Apueeɛ Nohoa Berɛ
    Europe_Western:
      long:
        generic: Yuropu Atɔeeɛ Berɛ
        standard: Yuropu Atɔeeɛ Susudua Berɛ
        daylight: Yuropu Atɔeeɛ Awia Berɛ
    Falkland:
      long:
        generic: Fɔkman Aeland Berɛ
        standard: Fɔkman Aeland Susudua Berɛ
        daylight: Fɔkman Aeland Awia Berɛ
    Fiji:
      long:
        generic: Figyi Berɛ
        standard: Figyi Susudua Berɛ
        daylight: Figyi Awia Berɛ
    French_Guiana:
      long:
        standard: Frɛnkye Gayana Berɛ
    French_Southern:
      long:
        standard: Frɛnkye Anaafoɔ ne Antaatik Berɛ
    Galapagos:
      long:
        standard: Galapagɔs Berɛ
    Gambier:
      long:
        standard: Gambier Berɛ
    Georgia:
      long:
        generic: Gyɔgyea Berɛ
        standard: Gyɔgyea Susudua Berɛ
        daylight: Gyɔgyea Awia Berɛ
    Gilbert_Islands:
      long:
        standard: Geebɛt Aeland Berɛ
    GMT:
      long:
        standard: Greenwich Mean Berɛ
    Greenland_Eastern:
      long:
        generic: Greenland Apueeɛ Berɛ
        standard: Greenland Apueeɛ Susudua Berɛ
        daylight: Greenland Apueeɛ Awia Berɛ
    Greenland_Western:
      long:
        generic: Greenland Atɔeɛ Berɛ
        standard: Greenland Atɔeɛ Susudua Berɛ
        daylight: Greenland Atɔeɛ Awia Berɛ
    Gulf:
      long:
        standard: Gɔɔfo Susudua Berɛ
    Guyana:
      long:
        standard: Gayana Berɛ
    Hawaii_Aleutian:
      long:
        generic: Hawaii-Aleutian Berɛ
        standard: Hawaii-Aleutian Susudua Berɛ
        daylight: Hawaii-Aleutian Awia Berɛ
    Hong_Kong:
      long:
        generic: Hɔnkɔn Berɛ
        standard: Hɔnkɔn Susudua Berɛ
        daylight: Hɔnkɔn Awia Berɛ
    Hovd:
      long:
        generic: Hovd Berɛ
        standard: Hovd Susudua Berɛ
        daylight: Hovd Awia Berɛ
    India:
      long:
        standard: India Susudua Berɛ
    Indian_Ocean:
      long:
        standard: India Po Berɛ
    Indochina:
      long:
        standard: Indɔkyina Berɛ
    Indonesia_Central:
      long:
        standard: Indɔnehyia Mfinimfini Berɛ
    Indonesia_Eastern:
      long:
        standard: Indɔnehyia Apueeɛ Berɛ
    Indonesia_Western:
      long:
        standard: Indɔnehyia Atɔeeɛ Berɛ
    Iran:
      long:
        generic: Iran Berɛ
        standard: Iran Susudua Berɛ
        daylight: Iran Awia Berɛ
    Irkutsk:
      long:
        generic: Irkutsk Berɛ
        standard: Irkutsk Susudua Berɛ
        daylight: Irkutsk Awia Berɛ
    Israel:
      long:
        generic: Israel Berɛ
        standard: Israel Susudua Berɛ
        daylight: Israel Awia Berɛ
    Japan:
      long:
        generic: Gyapan Berɛ
        standard: Gyapan Susudua Berɛ
        daylight: Gyapan Awia Berɛ
    Kazakhstan:
      long:
        standard: Kazakstan Berɛ
    Kazakhstan_Eastern:
      long:
        standard: Kazakstan Apueeɛ Berɛ
    Kazakhstan_Western:
      long:
        standard: Kazakstan Atɔeɛ Berɛ
    Korea:
      long:
        generic: Korean Berɛ
        standard: Korean Susudua Berɛ
        daylight: Korean Awia Berɛ
    Kosrae:
      long:
        standard: Kosrae Berɛ
    Krasnoyarsk:
      long:
        generic: Krasnoyarsk Berɛ
        standard: Krasnoyarsk Susudua Berɛ
        daylight: Krasnoyarsk Awia Berɛ
    Kyrgystan:
      long:
        standard: Kɛɛgestan Berɛ
    Line_Islands:
      long:
        standard: Lai Aeland Berɛ
    Lord_Howe:
      long:
        generic: Lɔd Howe Berɛ
        standard: Lɔd Howe Susudua Berɛ
        daylight: Lɔd Howe Awia Berɛ
    Magadan:
      long:
        generic: Magadan Berɛ
        standard: Magadan Susudua Berɛ
        daylight: Magadan Awia Berɛ
    Malaysia:
      long:
        standard: Malehyia Berɛ
    Maldives:
      long:
        standard: Maldives Berɛ
    Marquesas:
      long:
        standard: Makesase Berɛ
    Marshall_Islands:
      long:
        standard: Mahyaa Aeland Berɛ
    Mauritius:
      long:
        generic: Mɔrihyiɔso Berɛ
        standard: Mɔrihyiɔso Susudua Berɛ
        daylight: Mɔrihyiɔso Awia Berɛ
    Mawson:
      long:
        standard: Mɔɔson Berɛ
    Mexico_Pacific:
      long:
        generic: Mɛksiko Pasifik Berɛ
        standard: Mɛksiko Pasifik Susudua Berɛ
        daylight: Mɛksiko Pasifik Awia Berɛ
    Mongolia:
      long:
        generic: Yulanbata Berɛ
        standard: Yulanbata Susudua Berɛ
        daylight: Yulanbata Awia Berɛ
    Moscow:
      long:
        generic: Mɔsko Berɛ
        standard: Mɔsko Susudua Berɛ
        daylight: Mɔsko Awia Berɛ
    Myanmar:
      long:
        standard: Mayaama Berɛ
    Nauru:
      long:
        standard: Nauru Berɛ
    Nepal:
      long:
        standard: Nɛpal Berɛ
    New_Caledonia:
      long:
        generic: Kaledonia Foforɔ Berɛ
        standard: Kaledonia Foforɔ Susudua Berɛ
        daylight: Kaledonia Foforɔ Awia Berɛ
    New_Zealand:
      long:
        generic: Ziland Foforɔ Berɛ
        standard: Ziland Foforɔ Susudua Berɛ
        daylight: Ziland Foforɔ Awia Berɛ
    Newfoundland:
      long:
        generic: Newfoundland Berɛ
        standard: Newfoundland Susudua Berɛ
        daylight: Newfoundland Awia Berɛ
    Niue:
      long:
        standard: Niue Berɛ
    Norfolk:
      long:
        generic: Nɔɔfɔk Aeland Berɛ
        standard: Nɔɔfɔk Aeland Susudua Berɛ
        daylight: Nɔɔfɔk Aeland Awia Berɛ
    Noronha:
      long:
        generic: Fernando de Noronha Berɛ
        standard: Fernando de Noronha Susudua Berɛ
        daylight: Fernando de Noronha Awia Berɛ
    Novosibirsk:
      long:
        generic: Novosibirsk Berɛ
        standard: Novosibirsk Susudua Berɛ
        daylight: Novosibirsk Awia Berɛ
    Omsk:
      long:
        generic: Omsk Berɛ
        standard: Omsk Susudua Berɛ
        daylight: Omsk Awia Berɛ
    Pakistan:
      long:
        generic: Pakistan Berɛ
        standard: Pakistan Susudua Berɛ
        daylight: Pakistan Awia Berɛ
    Palau:
      long:
        standard: Palau Berɛ
    Papua_New_Guinea:
      long:
        standard: Papua Gini Foforɔ Berɛ
    Paraguay:
      long:
        generic: Paraguae Berɛ
        standard: Paraguae Susudua Berɛ
        daylight: Paraguae Awia Berɛ
    Peru:
      long:
        generic: Peru Berɛ
        standard: Peru Susudua Berɛ
        daylight: Peru Awia Berɛ
    Philippines:
      long:
        generic: Filipin Berɛ
        standard: Filipin Susudua Berɛ
        daylight: Filipin Awia Berɛ
    Phoenix_Islands:
      long:
        standard: Finise Aeland Berɛ
    Pierre_Miquelon:
      long:
        generic: St. Pierre & Miquelon Berɛ
        standard: St. Pierre & Miquelon Susudua Berɛ
        daylight: St. Pierre & Miquelon Awia Berɛ
    Pitcairn:
      long:
        standard: Pitkairn Berɛ
    Ponape:
      long:
        standard: Ponape Berɛ
    Pyongyang:
      long:
        standard: Pyongyang Berɛ
    Reunion:
      long:
        standard: Réunion Berɛ
    Rothera:
      long:
        standard: Rotera Berɛ
    Sakhalin:
      long:
        generic: Sakhalin Berɛ
        standard: Sakhalin Susudua Berɛ
        daylight: Sakhalin Awia Berɛ
    Samoa:
      long:
        generic: Samoa Berɛ
        standard: Samoa Susudua Berɛ
        daylight: Samoa Awia Berɛ
    Seychelles:
      long:
        standard: Seyhyɛl Berɛ
    Singapore:
      long:
        standard: Singapɔ Susudua Berɛ
    Solomon:
      long:
        standard: Solomon Aeland Berɛ
    South_Georgia:
      long:
        standard: Gyɔɔgyia Anaafoɔ Berɛ
    Suriname:
      long:
        standard: Suriname Berɛ
    Syowa:
      long:
        standard: Syowa Berɛ
    Tahiti:
      long:
        standard: Tahiti Berɛ
    Taipei:
      long:
        generic: Taipei Berɛ
        standard: Taipei Susudua Berɛ
        daylight: Taipei Awia Berɛ
    Tajikistan:
      long:
        standard: Tagyikistan Berɛ
    Tokelau:
      long:
        standard: Tokelau Berɛ
    Tonga:
      long:
        generic: Tonga Berɛ
        standard: Tonga Susudua Berɛ
        daylight: Tonga Awia Berɛ
    Truk:
      long:
        standard: Kyuuk Berɛ
    Turkmenistan:
      long:
        generic: Tɛkmɛnistan Berɛ
        standard: Tɛkmɛnistan Susudua Berɛ
        daylight: Tɛkmɛnistan Awia Berɛ
    Tuvalu:
      long:
        standard: Tuvalu Berɛ
    Uruguay:
      long:
        generic: Yurugwae Berɛ
        standard: Yurugwae Susudua Berɛ
        daylight: Yurugwae Awia Berɛ
    Uzbekistan:
      long:
        generic: Usbɛkistan Berɛ
        standard: Usbɛkistan Susudua Berɛ
        daylight: Usbɛkistan Awia Berɛ
    Vanuatu:
      long:
        generic: Vanuatu Berɛ
        standard: Vanuatu Susudua Berɛ
        daylight: Vanuatu Awia Berɛ
    Venezuela:
      long:
        standard: Venezuela Berɛ
    Vladivostok:
      long:
        generic: Vladivostok Berɛ
        standard: Vladivostok Susudua Berɛ
        daylight: Vladivostok Awia Berɛ
    Volgograd:
      long:
        generic: Volgograd Berɛ
        standard: Volgograd Susudua Berɛ
        daylight: Volgograd Awia Berɛ
    Vostok:
      long:
        standard: Vostok Berɛ
    Wake:
      long:
        standard: Wake Aeland Berɛ
    Wallis:
      long:
        standard: Wallis ne Futuna Berɛ
    Yakutsk:
      long:
        generic: Yakutsk Berɛ
        standard: Yakutsk Susudua Berɛ
        daylight: Yakutsk Awia Berɛ
    Yekaterinburg:
      long:
        generic: Yɛkatɛrinbɛg Berɛ
        standard: Yɛkatɛrinbɛg Susudua Berɛ
        daylight: Yɛkatɛrinbɛg Awia Berɛ
    Yukon:
      long:
        standard: Yukɔn Berɛ
