---
locale: xnr
generated_at: '2025-09-15T06:26:56Z'
cldr_version: '46'
timezone_names:
  formats:
    gmt_format: ग्री॰ मै॰ टै॰{0}
    region_format: "{0} टैम"
    region_format_daylight: "{0} ध्याड़े दे उजाले दा टैम"
    region_format_standard: "{0} मानक टैम"
  zones:
    Etc/UTC:
      long:
        standard: समन्वित दुनिया दा टैम
    Etc/Unknown:
      exemplar_city: अणजाण शहर
    Europe/Andorra:
      exemplar_city: अंडोरा
    Asia/Dubai:
      exemplar_city: डबई
    Asia/Kabul:
      exemplar_city: काबल
    America/Antigua:
      exemplar_city: एंटीगुआ
    America/Anguilla:
      exemplar_city: एंग्विला
    Europe/Tirane:
      exemplar_city: टाइरेन
    Asia/Yerevan:
      exemplar_city: येरेवान
    Africa/Luanda:
      exemplar_city: लुआंडा
    Antarctica/Rothera:
      exemplar_city: रोथेरा
    Antarctica/Palmer:
      exemplar_city: पॉमर
    Antarctica/Troll:
      exemplar_city: ट्रोल
    Antarctica/Syowa:
      exemplar_city: स्योवा
    Antarctica/Mawson:
      exemplar_city: मॉसन
    Antarctica/Davis:
      exemplar_city: डेविस
    Antarctica/Vostok:
      exemplar_city: वोस्तोक
    Antarctica/Casey:
      exemplar_city: केसी
    Antarctica/DumontDUrville:
      exemplar_city: ड्यूमोंट डी अर्विले
    Antarctica/McMurdo:
      exemplar_city: मैकमुर्डो
    America/Argentina/Rio_Gallegos:
      exemplar_city: रियो गालेगोस
    America/Mendoza:
      exemplar_city: मेंडोज़ा
    America/Argentina/San_Juan:
      exemplar_city: सैन ह्वान
    America/Argentina/Ushuaia:
      exemplar_city: उशुआइया
    America/Argentina/La_Rioja:
      exemplar_city: ला रिओजा
    America/Argentina/San_Luis:
      exemplar_city: सैन लूई
    America/Catamarca:
      exemplar_city: काटामार्का
    America/Argentina/Salta:
      exemplar_city: साल्टा
    America/Jujuy:
      exemplar_city: जुजोए
    America/Argentina/Tucuman:
      exemplar_city: टोकूमन
    America/Cordoba:
      exemplar_city: कोर्डोबा
    America/Buenos_Aires:
      exemplar_city: ब्यूनस आयरस
    Pacific/Pago_Pago:
      exemplar_city: पागो गंगो
    Europe/Vienna:
      exemplar_city: विएना
    Australia/Perth:
      exemplar_city: पर्थ
    Australia/Eucla:
      exemplar_city: यूक्ला
    Australia/Darwin:
      exemplar_city: डार्विन
    Australia/Adelaide:
      exemplar_city: एडिलेड
    Australia/Broken_Hill:
      exemplar_city: ब्रोकन हिल
    Australia/Melbourne:
      exemplar_city: मेलबोर्न
    Australia/Hobart:
      exemplar_city: होबार्ट
    Australia/Lindeman:
      exemplar_city: लिंडेमान
    Australia/Sydney:
      exemplar_city: सिडनी
    Australia/Brisbane:
      exemplar_city: ब्रिस्बन
    Antarctica/Macquarie:
      exemplar_city: मक्वारी
    Australia/Lord_Howe:
      exemplar_city: लॉर्ड होवे
    America/Aruba:
      exemplar_city: अरूबा
    Europe/Mariehamn:
      exemplar_city: मारियाहैम
    Asia/Baku:
      exemplar_city: बाकु
    Europe/Sarajevo:
      exemplar_city: साराजेवो
    America/Barbados:
      exemplar_city: बारबाडोस
    Asia/Dhaka:
      exemplar_city: ढाका
    Europe/Brussels:
      exemplar_city: ब्रूसेल्स
    Africa/Ouagadougou:
      exemplar_city: औगाडोगू
    Europe/Sofia:
      exemplar_city: सोफ़िया
    Asia/Bahrain:
      exemplar_city: बहरीन
    Africa/Bujumbura:
      exemplar_city: बुजुंबूरा
    Africa/Porto-Novo:
      exemplar_city: पोर्टो-नोवो
    America/St_Barthelemy:
      exemplar_city: सेंट बार्थेलेमी
    Atlantic/Bermuda:
      exemplar_city: बरमूडा
    Asia/Brunei:
      exemplar_city: ब्रूनेई
    America/La_Paz:
      exemplar_city: ला पाज़
    America/Kralendijk:
      exemplar_city: क्रालैंडिजिक
    America/Eirunepe:
      exemplar_city: ईरुनेपे
    America/Rio_Branco:
      exemplar_city: रियो ब्रांको
    America/Porto_Velho:
      exemplar_city: पोर्टो वेल्हो
    America/Boa_Vista:
      exemplar_city: बोआ विस्ता
    America/Manaus:
      exemplar_city: मनौस
    America/Cuiaba:
      exemplar_city: क्यूआबा
    America/Santarem:
      exemplar_city: सैंटारेम
    America/Campo_Grande:
      exemplar_city: कैंपो ग्रांडे
    America/Belem:
      exemplar_city: बेलेम
    America/Araguaina:
      exemplar_city: आराग्वेना
    America/Sao_Paulo:
      exemplar_city: साओ पाउलो
    America/Bahia:
      exemplar_city: बहिया
    America/Fortaleza:
      exemplar_city: फ़ोर्टालेज़ा
    America/Maceio:
      exemplar_city: मेसीओ
    America/Recife:
      exemplar_city: रेसाइफ़
    America/Noronha:
      exemplar_city: नोरोन्हा
    America/Nassau:
      exemplar_city: नासाउ
    Asia/Thimphu:
      exemplar_city: थिंपू
    Africa/Gaborone:
      exemplar_city: गाबोरोन
    Europe/Minsk:
      exemplar_city: मिंस्क
    America/Belize:
      exemplar_city: बेलीज़
    America/Dawson:
      exemplar_city: डॉसन
    America/Whitehorse:
      exemplar_city: व्हाइटहोर्स
    America/Inuvik:
      exemplar_city: इनूविक
    America/Vancouver:
      exemplar_city: वैंकूवर
    America/Fort_Nelson:
      exemplar_city: फ़ोर्ट नेल्सन
    America/Dawson_Creek:
      exemplar_city: डॉसन क्रीक
    America/Creston:
      exemplar_city: क्रेस्टन
    America/Edmonton:
      exemplar_city: एडमंटन
    America/Swift_Current:
      exemplar_city: स्विफ़्ट करंट
    America/Cambridge_Bay:
      exemplar_city: कैम्ब्रिज खाड़ी
    America/Regina:
      exemplar_city: रेजिना
    America/Winnipeg:
      exemplar_city: विनीपेग
    America/Resolute:
      exemplar_city: रिसोल्यूट
    America/Rankin_Inlet:
      exemplar_city: रेंकिन इनलेट
    America/Coral_Harbour:
      exemplar_city: अटिकोकान
    America/Toronto:
      exemplar_city: टोरंटो
    America/Iqaluit:
      exemplar_city: इकालुईट
    America/Moncton:
      exemplar_city: मोंकटन
    America/Halifax:
      exemplar_city: हेलिफ़ैक्स
    America/Goose_Bay:
      exemplar_city: गूस खाड़ी
    America/Glace_Bay:
      exemplar_city: ग्लेस खाड़ी
    America/Blanc-Sablon:
      exemplar_city: ब्लांक-सेबलोन
    America/St_Johns:
      exemplar_city: सेंट जोंस
    Indian/Cocos:
      exemplar_city: कोकोस
    Africa/Kinshasa:
      exemplar_city: किंशासा
    Africa/Lubumbashi:
      exemplar_city: लुबुमबाशी
    Africa/Bangui:
      exemplar_city: बांगुइ
    Africa/Brazzaville:
      exemplar_city: ब्राज़ाविले
    Europe/Zurich:
      exemplar_city: ज़्यूरिख़
    Africa/Abidjan:
      exemplar_city: अबिदजान
    Pacific/Rarotonga:
      exemplar_city: रारोटोंगा
    Pacific/Easter:
      exemplar_city: ईस्टर
    America/Punta_Arenas:
      exemplar_city: पुंटा एरिनास
    America/Santiago:
      exemplar_city: सैंटियागो
    Africa/Douala:
      exemplar_city: डूआला
    Asia/Urumqi:
      exemplar_city: उरूम्की
    Asia/Shanghai:
      exemplar_city: शंघाई
    America/Bogota:
      exemplar_city: बोगोटा
    America/Costa_Rica:
      exemplar_city: कोस्टा रिका
    America/Havana:
      exemplar_city: हवाना
    Atlantic/Cape_Verde:
      exemplar_city: केप वर्ड
    America/Curacao:
      exemplar_city: कुराकाओ
    Indian/Christmas:
      exemplar_city: क्रिसमिस
    Asia/Nicosia:
      exemplar_city: निकोसिया
    Asia/Famagusta:
      exemplar_city: फ़ामागुस्ता
    Europe/Prague:
      exemplar_city: प्राग
    Europe/Busingen:
      exemplar_city: ब्यूसिनजेन
    Europe/Berlin:
      exemplar_city: बर्लिन
    Africa/Djibouti:
      exemplar_city: जिबूती
    Europe/Copenhagen:
      exemplar_city: कोपेनहेगन
    America/Dominica:
      exemplar_city: डोमिनिका
    America/Santo_Domingo:
      exemplar_city: सेंटो डोमिंगो
    Africa/Algiers:
      exemplar_city: अल्जीयर्स
    Pacific/Galapagos:
      exemplar_city: गेलापागोस
    America/Guayaquil:
      exemplar_city: ग्वायाकील
    Europe/Tallinn:
      exemplar_city: तेलिन
    Africa/Cairo:
      exemplar_city: कायरो
    Africa/El_Aaiun:
      exemplar_city: अल आइयून<
    Africa/Asmera:
      exemplar_city: अस्मारा
    Atlantic/Canary:
      exemplar_city: कैनेरी
    Africa/Ceuta:
      exemplar_city: सेउटा
    Europe/Madrid:
      exemplar_city: मैड्रिड
    Africa/Addis_Ababa:
      exemplar_city: अदीस अबाबा
    Europe/Helsinki:
      exemplar_city: हेलसिंकी
    Pacific/Fiji:
      exemplar_city: फ़िजी
    Atlantic/Stanley:
      exemplar_city: स्टैनली
    Pacific/Truk:
      exemplar_city: चक
    Pacific/Ponape:
      exemplar_city: पोनपेई
    Pacific/Kosrae:
      exemplar_city: कोसराए
    Atlantic/Faeroe:
      exemplar_city: फ़ैरो
    Europe/Paris:
      exemplar_city: पैरस
    Africa/Libreville:
      exemplar_city: लिब्रेविले
    Europe/London:
      exemplar_city: लंदन
      long:
        daylight: ब्रिटिश दी तोंदिया दा टैम
    America/Grenada:
      exemplar_city: ग्रेनाडा
    Asia/Tbilisi:
      exemplar_city: टबिलिसी
    America/Cayenne:
      exemplar_city: कायेन
    Europe/Guernsey:
      exemplar_city: गर्नसी
    Africa/Accra:
      exemplar_city: एक्रा
    Europe/Gibraltar:
      exemplar_city: जिब्राल्टर
    America/Thule:
      exemplar_city: थ्यूले
    America/Godthab:
      exemplar_city: नुक
    America/Scoresbysund:
      exemplar_city: इटोकोर्टोरमिट
    America/Danmarkshavn:
      exemplar_city: डेनमार्कशॉन
    Africa/Banjul:
      exemplar_city: बैंजुल
    Africa/Conakry:
      exemplar_city: कोनाक्री
    America/Guadeloupe:
      exemplar_city: ग्वाडेलोप
    Africa/Malabo:
      exemplar_city: मलाबो
    Europe/Athens:
      exemplar_city: एथेंस
    Atlantic/South_Georgia:
      exemplar_city: दखणी जॉर्जिया
    America/Guatemala:
      exemplar_city: ग्वाटेमाला
    Pacific/Guam:
      exemplar_city: गुआम
    Africa/Bissau:
      exemplar_city: बिसाऊ
    America/Guyana:
      exemplar_city: गुयाना
    Asia/Hong_Kong:
      exemplar_city: हाँग काँग
    America/Tegucigalpa:
      exemplar_city: टेगुसिगल्पा
    Europe/Zagreb:
      exemplar_city: ज़ाग्रेब
    America/Port-au-Prince:
      exemplar_city: पोर्ट-ऑ-प्रिंस
    Europe/Budapest:
      exemplar_city: बुडापेस्ट
    Asia/Jakarta:
      exemplar_city: जकार्ता
    Asia/Pontianak:
      exemplar_city: पोंटीयांक
    Asia/Makassar:
      exemplar_city: मकस्सर
    Asia/Jayapura:
      exemplar_city: जयापुरा
    Europe/Dublin:
      exemplar_city: डबलिन
      long:
        daylight: आइरिश दा मानक टैम
    Asia/Jerusalem:
      exemplar_city: यरूशलम
    Europe/Isle_of_Man:
      exemplar_city: आइल ऑफ़ मैन
    Asia/Calcutta:
      exemplar_city: कलकाता
    Indian/Chagos:
      exemplar_city: शागोस
    Asia/Baghdad:
      exemplar_city: बगदाद
    Asia/Tehran:
      exemplar_city: तेहरान
    Atlantic/Reykjavik:
      exemplar_city: रेक्याविक
    Europe/Rome:
      exemplar_city: रोम
    Europe/Jersey:
      exemplar_city: जर्सी
    America/Jamaica:
      exemplar_city: जमैका
    Asia/Amman:
      exemplar_city: अम्मान
    Asia/Tokyo:
      exemplar_city: टोक्यो
    Africa/Nairobi:
      exemplar_city: नैरोबी
    Asia/Bishkek:
      exemplar_city: बिश्केक
    Asia/Phnom_Penh:
      exemplar_city: नोम पेन्ह
    Pacific/Kanton:
      exemplar_city: कैंटन
    Pacific/Kiritimati:
      exemplar_city: किरीतिमाति
    Pacific/Tarawa:
      exemplar_city: टारावा
    Indian/Comoro:
      exemplar_city: कोमोरो
    America/St_Kitts:
      exemplar_city: सेंट किट्स
    Asia/Pyongyang:
      exemplar_city: प्योंगयांग
    Asia/Seoul:
      exemplar_city: सिओल
    Asia/Kuwait:
      exemplar_city: कुवैत
    America/Cayman:
      exemplar_city: कैमेन
    Asia/Aqtau:
      exemplar_city: अक्ताउ
    Asia/Oral:
      exemplar_city: ओरल
    Asia/Atyrau:
      exemplar_city: एतराउ
    Asia/Aqtobe:
      exemplar_city: अक्तोब
    Asia/Qostanay:
      exemplar_city: कोस्टाने
    Asia/Qyzylorda:
      exemplar_city: केज़ेलोर्डा
    Asia/Almaty:
      exemplar_city: अल्माटी
    Asia/Vientiane:
      exemplar_city: विएनतियान
    Asia/Beirut:
      exemplar_city: बेरुत
    America/St_Lucia:
      exemplar_city: सेंट लूसिया
    Europe/Vaduz:
      exemplar_city: वादुज़
    Asia/Colombo:
      exemplar_city: कोलंबो
    Africa/Monrovia:
      exemplar_city: मोनरोविया
    Africa/Maseru:
      exemplar_city: मासेरू
    Europe/Vilnius:
      exemplar_city: विल्नियस
    Europe/Luxembourg:
      exemplar_city: लक्ज़मबर्ग
    Europe/Riga:
      exemplar_city: रीगा
    Africa/Tripoli:
      exemplar_city: त्रिपोली
    Africa/Casablanca:
      exemplar_city: कासाब्लांका
    Europe/Monaco:
      exemplar_city: मोनाको
    Europe/Chisinau:
      exemplar_city: चिसीनाउ
    Europe/Podgorica:
      exemplar_city: पोड्गोरिका
    America/Marigot:
      exemplar_city: मैरीगोट
    Indian/Antananarivo:
      exemplar_city: एंटानानरीवो
    Pacific/Kwajalein:
      exemplar_city: क्वाज़ालीन
    Pacific/Majuro:
      exemplar_city: माजुरो
    Europe/Skopje:
      exemplar_city: स्कोप्जे
    Africa/Bamako:
      exemplar_city: बमाको
    Asia/Rangoon:
      exemplar_city: रंगून
    Asia/Hovd:
      exemplar_city: होव्ड
    Asia/Ulaanbaatar:
      exemplar_city: उलानबातर
    Asia/Macau:
      exemplar_city: मकाऊ
    Pacific/Saipan:
      exemplar_city: सायपान
    America/Martinique:
      exemplar_city: मार्टिनिक
    Africa/Nouakchott:
      exemplar_city: नौआकशॉट
    America/Montserrat:
      exemplar_city: मोंटसेरात
    Europe/Malta:
      exemplar_city: माल्टा
    Indian/Mauritius:
      exemplar_city: मॉरीशस
    Indian/Maldives:
      exemplar_city: मालदीव
    Africa/Blantyre:
      exemplar_city: ब्लांटायर
    America/Tijuana:
      exemplar_city: तिजुआना
    America/Hermosillo:
      exemplar_city: हर्मोसिल्लो
    America/Mazatlan:
      exemplar_city: मज़ाटलान
    America/Chihuahua:
      exemplar_city: चिहुआहुआ
    America/Bahia_Banderas:
      exemplar_city: बेहिया बांडेरास
    America/Ojinaga:
      exemplar_city: ओखाजीनागा
    America/Monterrey:
      exemplar_city: मोंटेरेरी
    America/Mexico_City:
      exemplar_city: मेक्सिको सिटी
    America/Matamoros:
      exemplar_city: माटामोरोस
    America/Merida:
      exemplar_city: मेरिडा
    America/Cancun:
      exemplar_city: कैनकुन
    Asia/Kuala_Lumpur:
      exemplar_city: कुआलालंपुर
    Asia/Kuching:
      exemplar_city: कूचिंग
    Africa/Maputo:
      exemplar_city: मापुटो
    Africa/Windhoek:
      exemplar_city: विंडहोक
    Pacific/Noumea:
      exemplar_city: नौमिया
    Africa/Niamey:
      exemplar_city: नियामी
    Pacific/Norfolk:
      exemplar_city: नॉरफ़ॉक
    Africa/Lagos:
      exemplar_city: लागोस
    America/Managua:
      exemplar_city: मानागुआ
    Europe/Amsterdam:
      exemplar_city: एम्स्टरडम
    Europe/Oslo:
      exemplar_city: ओस्लो
    Asia/Katmandu:
      exemplar_city: काठमांडू
    Pacific/Nauru:
      exemplar_city: नौरु
    Pacific/Niue:
      exemplar_city: नीयू
    Pacific/Chatham:
      exemplar_city: चैथम
    Pacific/Auckland:
      exemplar_city: ऑकलैंड
    Asia/Muscat:
      exemplar_city: मस्कट
    America/Panama:
      exemplar_city: पनामा
    America/Lima:
      exemplar_city: लीमा
    Pacific/Tahiti:
      exemplar_city: ताहिती
    Pacific/Marquesas:
      exemplar_city: मार्केसस
    Pacific/Gambier:
      exemplar_city: गैंबियर
    Pacific/Port_Moresby:
      exemplar_city: पोर्ट मोरेस्बी
    Pacific/Bougainville:
      exemplar_city: बोगनविले
    Asia/Manila:
      exemplar_city: मनीला
    Asia/Karachi:
      exemplar_city: कराची
    Europe/Warsaw:
      exemplar_city: वॉरसॉ
    America/Miquelon:
      exemplar_city: मिकेलॉन
    Pacific/Pitcairn:
      exemplar_city: पिटकैर्न
    America/Puerto_Rico:
      exemplar_city: पोर्टो रिको
    Asia/Gaza:
      exemplar_city: गाज़ा
    Asia/Hebron:
      exemplar_city: हेब्रोन
    Atlantic/Azores:
      exemplar_city: अज़ोरेस
    Atlantic/Madeira:
      exemplar_city: मडेरा
    Europe/Lisbon:
      exemplar_city: लिस्बन
    Pacific/Palau:
      exemplar_city: पलाऊ
    America/Asuncion:
      exemplar_city: एसनशियॉन
    Asia/Qatar:
      exemplar_city: कतर
    Indian/Reunion:
      exemplar_city: रीयूनियन
    Europe/Bucharest:
      exemplar_city: बुख़ारेस्ट
    Europe/Belgrade:
      exemplar_city: बेलग्रेड
    Europe/Kaliningrad:
      exemplar_city: कालीनिनग्राड
    Europe/Moscow:
      exemplar_city: मॉस्को
    Europe/Volgograd:
      exemplar_city: वोल्गोग्राड
    Europe/Saratov:
      exemplar_city: सारातोव
    Europe/Astrakhan:
      exemplar_city: आस्ट्राखान
    Europe/Ulyanovsk:
      exemplar_city: उल्यानोव्स्क
    Europe/Kirov:
      exemplar_city: किरोव
    Europe/Samara:
      exemplar_city: समारा
    Asia/Yekaterinburg:
      exemplar_city: येकातेरिनबर्ग
    Asia/Omsk:
      exemplar_city: ओम्स्क
    Asia/Novosibirsk:
      exemplar_city: नोवोसिबिर्स्क
    Asia/Barnaul:
      exemplar_city: बर्नोल
    Asia/Tomsk:
      exemplar_city: तोम्स्क
    Asia/Novokuznetsk:
      exemplar_city: नोवोकुज़्नेत्स्क
    Asia/Krasnoyarsk:
      exemplar_city: क्रास्नोयार्स्क
    Asia/Irkutsk:
      exemplar_city: इर्कुत्स्क
    Asia/Chita:
      exemplar_city: त्शिता
    Asia/Yakutsk:
      exemplar_city: याकूत्स्क
    Asia/Vladivostok:
      exemplar_city: व्लादिवोस्तोक
    Asia/Khandyga:
      exemplar_city: खांडिगा
    Asia/Sakhalin:
      exemplar_city: सखालिन
    Asia/Ust-Nera:
      exemplar_city: यूस्ट–नेरा
    Asia/Magadan:
      exemplar_city: मागादान
    Asia/Srednekolymsk:
      exemplar_city: स्रेद्निकोलिमस्क
    Asia/Kamchatka:
      exemplar_city: कमचत्का
    Asia/Anadyr:
      exemplar_city: अनाडिर
    Africa/Kigali:
      exemplar_city: किगाली
    Asia/Riyadh:
      exemplar_city: रियाद
    Pacific/Guadalcanal:
      exemplar_city: ग्वाडलकनाल
    Indian/Mahe:
      exemplar_city: माहे
    Africa/Khartoum:
      exemplar_city: खार्तूम
    Europe/Stockholm:
      exemplar_city: स्टॉकहोम
    Asia/Singapore:
      exemplar_city: सिंगापुर
    Atlantic/St_Helena:
      exemplar_city: सेंट हेलेना
    Europe/Ljubljana:
      exemplar_city: ल्यूबेलजाना
    Arctic/Longyearbyen:
      exemplar_city: लॉन्गईयरबायेन
    Europe/Bratislava:
      exemplar_city: ब्रातिस्लावा
    Africa/Freetown:
      exemplar_city: फ़्रीटाउन
    Europe/San_Marino:
      exemplar_city: सैन मारीनो
    Africa/Dakar:
      exemplar_city: डकार
    Africa/Mogadishu:
      exemplar_city: मोगादिशु
    America/Paramaribo:
      exemplar_city: पारामारिबो
    Africa/Juba:
      exemplar_city: जुबा
    Africa/Sao_Tome:
      exemplar_city: साओ टोम
    America/El_Salvador:
      exemplar_city: अल सल्वाडोर
    America/Lower_Princes:
      exemplar_city: लोअर प्रिंसेस क्वार्टर
    Asia/Damascus:
      exemplar_city: दमास्कस
    Africa/Mbabane:
      exemplar_city: एमबाबेन
    America/Grand_Turk:
      exemplar_city: ग्रांड टर्क
    Africa/Ndjamena:
      exemplar_city: नेद्जामीना
    Indian/Kerguelen:
      exemplar_city: करगुलेन
    Africa/Lome:
      exemplar_city: लोम
    Asia/Bangkok:
      exemplar_city: बैंकॉक
    Asia/Dushanbe:
      exemplar_city: दुशांबे
    Pacific/Fakaofo:
      exemplar_city: फ़ाकाओफ़ो
    Asia/Dili:
      exemplar_city: डिलि
    Asia/Ashgabat:
      exemplar_city: अश्गाबात
    Africa/Tunis:
      exemplar_city: ट्यूनिस
    Pacific/Tongatapu:
      exemplar_city: टोंगाटापू
    Europe/Istanbul:
      exemplar_city: इस्तांबुल
    America/Port_of_Spain:
      exemplar_city: पोर्ट ऑफ़ स्पेन
    Pacific/Funafuti:
      exemplar_city: फ़्यूनाफ़ुटी
    Asia/Taipei:
      exemplar_city: ताइपेई
    Africa/Dar_es_Salaam:
      exemplar_city: दार अस सलाम
    Europe/Kiev:
      exemplar_city: कीव
    Europe/Simferopol:
      exemplar_city: सिम्फ़ेरोपोल
    Africa/Kampala:
      exemplar_city: कंपाला
    Pacific/Midway:
      exemplar_city: मिडवे
    Pacific/Wake:
      exemplar_city: वेक
    America/Adak:
      exemplar_city: अडक
    America/Nome:
      exemplar_city: नोम
    America/Anchorage:
      exemplar_city: एंकरेज
    America/Yakutat:
      exemplar_city: याकूटाट
    America/Sitka:
      exemplar_city: सिट्का
    America/Juneau:
      exemplar_city: ज्यूनाउ
    America/Metlakatla:
      exemplar_city: मेट्लेकाट्ला
    America/Los_Angeles:
      exemplar_city: लॉस एंजिल्स
    America/Boise:
      exemplar_city: बॉइसी
    America/Phoenix:
      exemplar_city: फ़ीनिक्स
    America/Denver:
      exemplar_city: डेनवर
    America/North_Dakota/Beulah:
      exemplar_city: ब्यूला, उत्तरी डकोटा
    America/North_Dakota/New_Salem:
      exemplar_city: न्यू सालेम, उत्तरी डकोटा
    America/North_Dakota/Center:
      exemplar_city: मध्य, उत्तरी दाकोता
    America/Chicago:
      exemplar_city: शिकागो
    America/Menominee:
      exemplar_city: मेनोमिनी
    America/Indiana/Vincennes:
      exemplar_city: विंसेनेस, इंडियाना
    America/Indiana/Petersburg:
      exemplar_city: पीटर्सबर्ग, इंडियाना
    America/Indiana/Tell_City:
      exemplar_city: टेल सिटी, इंडियाना
    America/Indiana/Knox:
      exemplar_city: नौक्स, इंडियाना
    America/Indiana/Winamac:
      exemplar_city: विनामेक, इंडियाना
    America/Indiana/Marengo:
      exemplar_city: मारेंगो, इंडियाना
    America/Indianapolis:
      exemplar_city: इंडियानापोलिस
    America/Louisville:
      exemplar_city: लुइसविले
    America/Indiana/Vevay:
      exemplar_city: वेवे, इंडियाना
    America/Kentucky/Monticello:
      exemplar_city: मोंटीसेलो, केंटकी
    America/Detroit:
      exemplar_city: डेट्रॉयट
    America/New_York:
      exemplar_city: न्यूयॉर्क
    America/Montevideo:
      exemplar_city: मोंटेवीडियो
    Asia/Samarkand:
      exemplar_city: समरकंद
    Asia/Tashkent:
      exemplar_city: ताशकंद
    Europe/Vatican:
      exemplar_city: वेटिकन
    America/St_Vincent:
      exemplar_city: सेंट विंसेंट
    America/Caracas:
      exemplar_city: काराकस
    America/Tortola:
      exemplar_city: टोर्टोला
    America/St_Thomas:
      exemplar_city: सेंट थॉमस
    Asia/Saigon:
      exemplar_city: हो ची मिन्ह शहर
    Pacific/Efate:
      exemplar_city: एफ़ेट
    Pacific/Wallis:
      exemplar_city: वालिस
    Pacific/Apia:
      exemplar_city: एपिया
    Asia/Aden:
      exemplar_city: अदन
    Indian/Mayotte:
      exemplar_city: मायोत्ते
    Africa/Johannesburg:
      exemplar_city: जोहांसबर्ग
    Africa/Lusaka:
      exemplar_city: लुसाका
    Africa/Harare:
      exemplar_city: हरारे
  metazones:
    Afghanistan:
      long:
        standard: अफ़गानिस्ताने दा टैम
    Africa_Central:
      long:
        standard: मध्य अफ़्रीका दा टैम
    Africa_Eastern:
      long:
        standard: पैलेी अफ़्रीका दा टैम
    Africa_Southern:
      long:
        standard: दखण अफ़्रीका दा मानक टैम
    Africa_Western:
      long:
        generic: पश्चिम अफ़्रीका दा टैम
        standard: पश्चिम अफ़्रीका दा मानक टैम
        daylight: पश्चिम अफ़्रीका दी तोंदिया दा टैम
    Alaska:
      long:
        generic: अलास्का दा टैम
        standard: अलास्‍का दा मानक टैम
        daylight: अलास्‍का दे ध्याड़े दे उजाले दा टैम
    Amazon:
      long:
        generic: एमेज़ोन दा टैम
        standard: एमेज़ोन दा मानक टैम
        daylight: एमेज़ोन दी तोंदिया दा टैम
    America_Central:
      long:
        generic: उत्तरी अमरिकी केंद्रीय दा टैम
        standard: उत्तरी अमरिकी केंद्रीय दा मानक टैम
        daylight: उत्तरी अमरिकी केंद्रीय दे ध्याड़े दे उजाले दा टैम
    America_Eastern:
      long:
        generic: उत्तरी अमरिकी पैलेी टैम
        standard: उत्तरी अमरिकी पैलेी दा मानक टैम
        daylight: उत्तरी अमरिकी पैलेी दे ध्याड़े दे उजाले दा टैम
    America_Mountain:
      long:
        generic: उत्तरी अमरिकी पहाड़े दा टैम
        standard: उत्तरी अमेरिकी पहाड़े दा मानक टैम
        daylight: उत्तरी अमेरिकी पहाड़े दे ध्याड़े दे उजाले दा टैम
    America_Pacific:
      long:
        generic: उत्तरी अमेरिकी प्रशांते दा टैम
        standard: उत्तरी अमेरिकी प्रशांते दा मानक टैम
        daylight: उत्तरी अमेरिकी प्रशांते दे ध्याड़े दे उजाले दा टैम
    Apia:
      long:
        generic: एपिआ दा टैम
        standard: एपिआ दा मानक टैम
        daylight: एपिआ दे ध्याड़े दे उजाले दा टैम
    Arabian:
      long:
        generic: अरब दा टैम
        standard: अरब दा मानक टैम
        daylight: अरब दे ध्याड़े दे उजाले दा टैम
    Argentina:
      long:
        generic: अर्जेंटीना दा टैम
        standard: अर्जेंटीना दा मानक टैम
        daylight: अर्जेंटीना दी तोंदिया दा टैम
    Argentina_Western:
      long:
        generic: पश्चिमी अर्जेंटीना दा टैम
        standard: पश्चिमी अर्जेंटीना दा मानक टैम
        daylight: पश्चिमी अर्जेंटीना दी तोंदिया दा टैम
    Armenia:
      long:
        generic: आर्मेनिया दा टैम
        standard: आर्मेनिया दा मानक टैम
        daylight: आर्मेनिया दी तोंदिया दा टैम
    Atlantic:
      long:
        generic: अटलांटिक दा टैम
        standard: अटलांटिक दा मानक टैम
        daylight: अटलांटिक दे ध्याड़े दे उजाले दा टैम
    Australia_Central:
      long:
        generic: बिचले अस्ट्रेलिया दा टैम
        standard: अस्‍ट्रेलिया दे केंद्रीय दा मानक टैम
        daylight: अस्‍ट्रेलिया दे केंद्रीय दे ध्याड़े दे उजाले दा टैम
    Australia_CentralWestern:
      long:
        generic: अस्‍ट्रेलियाई केंद्रीय पश्चिमी दा टैम
        standard: अस्‍ट्रेलिया केंद्रीय पश्चिमी दा मानक टैम
        daylight: अस्‍ट्रेलियाई केंद्रीय पश्चिमी ध्याड़े दे उजाले दा टैम
    Australia_Eastern:
      long:
        generic: पैलेी अस्ट्रेलिया दा टैम
        standard: अस्‍ट्रेलियाई पैलेी दा मानक टैम
        daylight: अस्‍ट्रेलियाई पैलेी दे ध्याड़े दे उजाले दा टैम
    Australia_Western:
      long:
        generic: पश्चिमी अस्ट्रेलिया दा टैम
        standard: अस्ट्रेलिया पश्चिमी दा मानक टैम
        daylight: अस्ट्रेलिया पश्चिमी दे ध्याड़े दे उजाले दा टैम
    Azerbaijan:
      long:
        generic: अज़रबैजान दा टैम
        standard: अज़रबैजान दा मानक टैम
        daylight: अज़रबैजान दी तोंदिया दा टैम
    Azores:
      long:
        generic: अज़ोरेस दा टैम
        standard: अज़ोरेस दा मानक टैम
        daylight: अज़ोरेस दी तोंदिया दा टैम
    Bangladesh:
      long:
        generic: बांग्लादेशा दा टैम
        standard: बांग्लादेशे दा मानक टैम
        daylight: बांग्लादेशे दी तोंदिया दा टैम
    Bhutan:
      long:
        standard: भूटाने दा टैम
    Bolivia:
      long:
        standard: बोलीविया दा टैम
    Brasilia:
      long:
        generic: ब्राज़ीलिया दा टैम
        standard: ब्राज़ीलिया दा मानक टैम
        daylight: ब्राज़ीलिया दी तोंदिया दा टैम
    Brunei:
      long:
        standard: ब्रूनेई दारूस्सलम दा टैम
    Cape_Verde:
      long:
        generic: केप वर्ड दा टैम
        standard: केप वर्ड दा मानक टैम
        daylight: केप वर्ड दी तोंदिया दा टैम
    Chamorro:
      long:
        standard: चामोरो दा मानक टैम
    Chatham:
      long:
        generic: चैथम दा टैम
        standard: चैथम दा मानक टैम
        daylight: चैथम दे ध्याड़े दे उजाले दा टैम
    Chile:
      long:
        generic: चिली दा टैम
        standard: चिली दा मानक टैम
        daylight: चिली दी तोंदिया दा टैम
    China:
      long:
        generic: चीन दा टैम
        standard: चीन दा मानक टैम
        daylight: चीन दे ध्याड़े दे उजाले दा टैम
    Christmas:
      long:
        standard: क्रिसमस टापू दा टैम
    Cocos:
      long:
        standard: कोकोस टापुआं दे झुंडे दा टैम
    Colombia:
      long:
        generic: कोलंबिया दा टैम
        standard: कोलंबिया दा मानक टैम
        daylight: कोलंबिया दी तोंदिया दा टैम
    Cook:
      long:
        generic: कुक टापुआं दे झुंडे दा टैम
        standard: कुक टापुआं दे झुंडे दा मानक टैम
        daylight: कुक टापुआं दे झुंडे दा अद्धी तोंदिया दा टैम
    Cuba:
      long:
        generic: क्यूबा दा टैम
        standard: क्यूबा दा मानक टैम
        daylight: क्यूबा दे ध्याड़े दे उजाले दा टैम
    Davis:
      long:
        standard: डेविस दा टैम
    DumontDUrville:
      long:
        standard: ड्यूमोंट डी अर्विले दा टैम
    East_Timor:
      long:
        standard: पैलेी तिमोरे दा टैम
    Easter:
      long:
        generic: ईस्टर टापू दा टैम
        standard: ईस्टर टापू दा मानक टैम
        daylight: ईस्टर टापू दी तोंदिया दा टैम
    Ecuador:
      long:
        standard: इक्वाडोर दा टैम
    Europe_Central:
      long:
        generic: बिचले यूरोपे दा टैम
        standard: बिचले यूरोपे दा मानक टैम
        daylight: बिचले यूरोपे दी तोंदिया दा टैम
    Europe_Eastern:
      long:
        generic: पैलेी यूरोपे दा टैम
        standard: पैलेी यूरोपे दा मानक टैम
        daylight: पैलेी यूरोपे दी तोंदिया दा टैम
    Europe_Further_Eastern:
      long:
        standard: अग्र पैलेी यूरोपे दा टैम
    Europe_Western:
      long:
        generic: पश्चिमी यूरोपे दा टैम
        standard: पश्चिमी यूरोपे दा मानक टैम
        daylight: पश्चिमी यूरोपे दी तोंदिया दा टैम
    Falkland:
      long:
        generic: फ़ॉकलैंड टापुआं दे झुंडे दा टैम
        standard: फ़ॉकलैंड टापुआं दे झुंडे दा मानक टैम
        daylight: फ़ॉकलैंड टापुआं दे झुंडे दी तोंदिया दा टैम
    Fiji:
      long:
        generic: फ़िजी दा टैम
        standard: फ़िजी दा मानक टैम
        daylight: फ़िजी दी तोंदिया दा टैम
    French_Guiana:
      long:
        standard: फ़्रेंच गुयाना दा टैम
    French_Southern:
      long:
        standard: दखणे बखें फ़्रांस कने अंटार्कटिक दा टैम
    Galapagos:
      long:
        standard: गैलापेगोस दा टैम
    Gambier:
      long:
        standard: गैंबियर दा टैम
    Georgia:
      long:
        generic: जॉर्जिया दा टैम
        standard: जॉर्जिया दा मानक टैम
        daylight: जॉर्जिया दी तोंदिया दा टैम
    Gilbert_Islands:
      long:
        standard: गिल्बर्ट टापुआं दे झुंडे दा टैम
    GMT:
      long:
        standard: ग्रीनविच मीन टैम
    Greenland_Eastern:
      long:
        generic: पैलेी ग्रीनलैंड टैम
        standard: पैलेी ग्रीनलैंड दा मानक टैम
        daylight: पैलेी ग्रीनलैंड दी तोंदिया दा टैम
    Greenland_Western:
      long:
        generic: पश्चिमी ग्रीनलैंड टैम
        standard: पश्चिमी ग्रीनलैंड दा मानक टैम
        daylight: पश्चिमी ग्रीनलैंड दी तोंदिया दा टैम
    Gulf:
      long:
        standard: खाड़ी दा मानक टैम
    Guyana:
      long:
        standard: गुयाना दा टैम
    Hawaii_Aleutian:
      long:
        generic: हवाई–आल्यूशन दा टैम
        standard: हवाई–आल्यूशन दा मानक टैम
        daylight: हवाई–आल्यूशन दे ध्याड़े दे उजाले दा टैम
    Hong_Kong:
      long:
        generic: हाँग काँग दा टैम
        standard: हाँग काँग दा मानक टैम
        daylight: हाँग काँग दी तोंदिया दा टैम
    Hovd:
      long:
        generic: होव्ड दा टैम
        standard: होव्ड दा मानक टैम
        daylight: होव्ड दी तोंदिया दा टैम
    India:
      long:
        standard: भारते दा मानक टैम
    Indian_Ocean:
      long:
        standard: हिंद महासागर दा टैम
    Indochina:
      long:
        standard: इंडोचाइना दा टैम
    Indonesia_Central:
      long:
        standard: बिचले इंडोनेशिया दा टैम
    Indonesia_Eastern:
      long:
        standard: पैलेी इंडोनेशिया दा टैम
    Indonesia_Western:
      long:
        standard: पश्चिमी इंडोनेशिया दा टैम
    Iran:
      long:
        generic: ईरान दा टैम
        standard: ईरान दा मानक टैम
        daylight: ईरान दे ध्याड़े दे उजाले दा टैम
    Irkutsk:
      long:
        generic: इर्कुत्स्क दा टैम
        standard: इर्कुत्स्क दा मानक टैम
        daylight: इर्कुत्स्क दी तोंदिया दा टैम
    Israel:
      long:
        generic: इज़राइल दा टैम
        standard: इज़राइल दा मानक टैम
        daylight: इज़राइल दे ध्याड़े दे उजाले दा टैम
    Japan:
      long:
        generic: जापाने दा टैम
        standard: जापाने दा मानक टैम
        daylight: जापाने दे ध्याड़े दे उजाले दा टैम
    Kazakhstan_Eastern:
      long:
        standard: पैले कज़ाखस्तान दा टैम
    Kazakhstan_Western:
      long:
        standard: पश्चिम कज़ाखस्तान दा टैम
    Korea:
      long:
        generic: कोरियाई दा टैम
        standard: कोरियाई दा मानक टैम
        daylight: कोरियाई दे ध्याड़े दे उजाले दा टैम
    Kosrae:
      long:
        standard: कोसराए दा टैम
    Krasnoyarsk:
      long:
        generic: क्रास्नोयार्स्क दा टैम
        standard: क्रास्नोयार्स्क दा मानक टैम
        daylight: क्रास्नोयार्स्क दी तोंदिया दा टैम
    Kyrgystan:
      long:
        standard: किर्गिस्‍तान दा टैम
    Line_Islands:
      long:
        standard: लाइन टापुआं दे झुंडे दा टैम
    Lord_Howe:
      long:
        generic: लॉर्ड होवे दा टैम
        standard: लॉर्ड होवे दा मानक टैम
        daylight: लॉर्ड होवे दे ध्याड़े दे उजाले दा टैम
    Magadan:
      long:
        generic: मागादान दा टैम
        standard: मागादान दा मानक टैम
        daylight: मागादान दी तोंदिया दा टैम
    Malaysia:
      long:
        standard: मलेशिया दा टैम
    Maldives:
      long:
        standard: मालदीव दा टैम
    Marquesas:
      long:
        standard: मार्केसस दा टैम
    Marshall_Islands:
      long:
        standard: मार्शल टापुआं दे झुंडे दा टैम
    Mauritius:
      long:
        generic: मॉरीशस दा टैम
        standard: मॉरीशस दा मानक टैम
        daylight: मॉरीशस दी तोंदिया दा टैम
    Mawson:
      long:
        standard: माव्सन दा टैम
    Mexico_Pacific:
      long:
        generic: मेक्सिकन प्रशांत दा टैम
        standard: मेक्सिकन प्रशांत दा मानक टैम
        daylight: मेक्सिकन प्रशांत दे ध्याड़े दे उजाले दा टैम
    Mongolia:
      long:
        generic: उलान बटोर दा टैम
        standard: उलान बटोर दा मानक टैम
        daylight: उलान बटोर दी तोंदिया दा टैम
    Moscow:
      long:
        generic: मॉस्को दा टैम
        standard: मॉस्को दा मानक टैम
        daylight: मॉस्को दि तोंदिया दा टैम
    Myanmar:
      long:
        standard: म्यांमार दा टैम
    Nauru:
      long:
        standard: नौरू दा टैम
    Nepal:
      long:
        standard: नेपाल दा टैम
    New_Caledonia:
      long:
        generic: न्यू कैलेडोनिया दा टैम
        standard: न्यू कैलेडोनिया दा मानक टैम
        daylight: न्यू कैलेडोनिया दी तोंदिया दा टैम
    New_Zealand:
      long:
        generic: न्यूज़ीलैंड दा टैम
        standard: न्यूज़ीलैंड दा मानक टैम
        daylight: न्यूज़ीलैंड दे ध्याड़े दे उजाले दा टैम
    Newfoundland:
      long:
        generic: न्यूफ़ाउंडलैंड दा टैम
        standard: न्यूफ़ाउंडलैंड दा मानक टैम
        daylight: न्यूफ़ाउंडलैंड दे ध्याड़े दे उजाले दा टैम
    Niue:
      long:
        standard: नीयू दा टैम
    Norfolk:
      long:
        generic: नॉरफ़ॉक टापू दा टैम
        standard: नॉरफ़ॉक टापू दा मानक टैम
        daylight: नॉरफ़ॉक टापू दे ध्याड़े दे उजाले दा टैम
    Noronha:
      long:
        generic: फ़र्नांर्डो डे नोरोन्हा दा टैम
        standard: फ़र्नांर्डो डे नोरोन्हा मानक दा टैम
        daylight: फ़र्नांर्डो डे नोरोन्हा दे तोंदिया दा टैम
    Novosibirsk:
      long:
        generic: नोवोसिबिर्स्क दा टैम
        standard: नोवोसिबिर्स्क दा मानक टैम
        daylight: नोवोसिबिर्स्क दी तोंदिया दा टैम
    Omsk:
      long:
        generic: ओम्स्क दा टैम
        standard: ओम्स्क दा मानक टैम
        daylight: ओम्स्क दी तोंदिया दा टैम
    Pakistan:
      long:
        generic: पाकिस्ताने दा टैम
        standard: पाकिस्ताने दा मानक टैम
        daylight: पाकिस्ताने दी तोंदिया दा टैम
    Palau:
      long:
        standard: पलाउ दा टैम
    Papua_New_Guinea:
      long:
        standard: पापुआ न्यू गिनी दा टैम
    Paraguay:
      long:
        generic: पैराग्वे दा टैम
        standard: पैराग्वे दा मानक टैम
        daylight: पैराग्वे दी तोंदिया दा टैम
    Peru:
      long:
        generic: पेरू दा टैम
        standard: पेरू दा मानक टैम
        daylight: पेरू दी तोंदिया दा टैम
    Philippines:
      long:
        generic: फ़िलिपीन दा टैम
        standard: फ़िलिपीन दा मानक टैम
        daylight: फ़िलिपीन दी तोंदिया दा टैम
    Phoenix_Islands:
      long:
        standard: फ़ीनिक्स टापुआं दे झुंडे दा टैम
    Pierre_Miquelon:
      long:
        generic: सेंट पिएरे कने मिक्वेलान दा टैम
        standard: सेंट पिएरे कने मिक्वेलान दा मानक टैम
        daylight: सेंट पिएरे कने मिक्वेलान दे ध्याड़े दे उजाले दा टैम
    Pitcairn:
      long:
        standard: पिटकैर्न दा टैम
    Ponape:
      long:
        standard: पोनापे दा टैम
    Pyongyang:
      long:
        standard: प्योंगयांग दा टैम
    Reunion:
      long:
        standard: रीयूनियन दा टैम
    Rothera:
      long:
        standard: रोथेरा दा टैम
    Sakhalin:
      long:
        generic: सखालिन दा टैम
        standard: सखालिन दा मानक टैम
        daylight: सखालिन दी तोंदिया दा टैम
    Samoa:
      long:
        generic: समोआ दा टैम
        standard: समोआ दा मानक टैम
        daylight: समोआ दे ध्याड़े दे उजाले दा टैम
    Seychelles:
      long:
        standard: सेशेल्स दा टैम
    Singapore:
      long:
        standard: सिंगापुरे दा टैम
    Solomon:
      long:
        standard: सोलोमन टापुआं दे झुंडे दा टैम
    South_Georgia:
      long:
        standard: दखण जॉर्जिया दा टैम
    Suriname:
      long:
        standard: सूरीनामे दा टैम
    Syowa:
      long:
        standard: स्योवा दा टैम
    Tahiti:
      long:
        standard: ताहिती दा टैम
    Taipei:
      long:
        generic: ताइपे दा टैम
        standard: ताइपे दा मानक टैम
        daylight: ताइपे दे ध्याड़े दे उजाले दा टैम
    Tajikistan:
      long:
        standard: ताजिकिस्ताने दा टैम
    Tokelau:
      long:
        standard: टोकेलाऊ दा टैम
    Tonga:
      long:
        generic: टोंगा दा टैम
        standard: टोंगा दा मानक टैम
        daylight: टोंगा दी तोंदिया दा टैम
    Truk:
      long:
        standard: चुक दा टैम
    Turkmenistan:
      long:
        generic: तुर्कमेनिस्तान दा टैम
        standard: तुर्कमेनिस्ताने दा मानक टैम
        daylight: तुर्कमेनिस्ताने दी तोंदिया दा टैम
    Tuvalu:
      long:
        standard: तुवालू दा टैम
    Uruguay:
      long:
        generic: उरुग्वे दा टैम
        standard: उरुग्वे दा मानक टैम
        daylight: उरुग्वे दी तोंदिया दा टैम
    Uzbekistan:
      long:
        generic: उज़्बेकिस्तान दा टैम
        standard: उज़्बेकिस्तान दा मानक टैम
        daylight: उज़्बेकिस्तान दी तोंदिया दा टैम
    Vanuatu:
      long:
        generic: वनुआतू दा टैम
        standard: वनुआतू दा मानक टैम
        daylight: वनुआतू दी तोंदिया दा टैम
    Venezuela:
      long:
        standard: वेनेज़ुएला दा टैम
    Vladivostok:
      long:
        generic: व्लादिवोस्तोक दा टैम
        standard: व्लादिवोस्तोक दा मानक टैम
        daylight: व्लादिवोस्तोक दी तोंदिया दा टैम
    Volgograd:
      long:
        generic: वोल्गोग्राड दा टैम
        standard: वोल्गोग्राड दा मानक टैम
        daylight: वोल्गोग्राड दी तोंदिया दा टैम
    Vostok:
      long:
        standard: वोस्तोक दा टैम
    Wake:
      long:
        standard: वेक टापू दा टैम
    Wallis:
      long:
        standard: वालिस कने फ़्यूचूना दा टैम
    Yakutsk:
      long:
        generic: याकुत्स्क दा टैम
        standard: याकुत्स्क दा मानक टैम
        daylight: याकुत्स्क दी तोंदिया दा टैम
    Yekaterinburg:
      long:
        generic: येकातेरिनबर्ग दा टैम
        standard: येकातेरिनबर्ग दा मानक टैम
        daylight: येकातेरिनबर्ग दी तोंदिया दा टैम
    Yukon:
      long:
        standard: युकॉन टैम
