---
locale: el
generated_at: '2025-09-15T06:26:23Z'
cldr_version: '46'
timezone_names:
  formats:
    region_format: Ώρα ({0})
    region_format_daylight: Θερινή ώρα ({0})
    region_format_standard: Χειμερινή ώρα ({0})
    fallback_format: "[{1} ({0})]"
  zones:
    Pacific/Honolulu:
      exemplar_city: Χονολουλού
    Etc/UTC:
      long:
        standard: Συντονισμένη Παγκόσμια Ώρα
    Etc/Unknown:
      exemplar_city: Άγνωστη πόλη
    Europe/Andorra:
      exemplar_city: Ανδόρα
    Asia/Dubai:
      exemplar_city: Ντουμπάι
    Asia/Kabul:
      exemplar_city: Καμπούλ
    America/Antigua:
      exemplar_city: Αντίγκουα
    America/Anguilla:
      exemplar_city: Ανγκουίλα
    Europe/Tirane:
      exemplar_city: Τίρανα
    Asia/Yerevan:
      exemplar_city: Ερεβάν
    Africa/Luanda:
      exemplar_city: Λουάντα
    Antarctica/Rothera:
      exemplar_city: Ρόθερα
    Antarctica/Palmer:
      exemplar_city: Πάλμερ
    Antarctica/Troll:
      exemplar_city: Τρολ
    Antarctica/Syowa:
      exemplar_city: Σίοβα
    Antarctica/Mawson:
      exemplar_city: Μόσον
    Antarctica/Davis:
      exemplar_city: Ντέιβις
    Antarctica/Vostok:
      exemplar_city: Βόστοκ
    Antarctica/Casey:
      exemplar_city: Κάσεϊ
    Antarctica/DumontDUrville:
      exemplar_city: Ντιμόν ντ’ Ουρβίλ
    Antarctica/McMurdo:
      exemplar_city: Μακμέρντο
    America/Argentina/Rio_Gallegos:
      exemplar_city: Ρίο Γκαγιέγκος
    America/Mendoza:
      exemplar_city: Μεντόζα
    America/Argentina/San_Juan:
      exemplar_city: Σαν Χουάν
    America/Argentina/Ushuaia:
      exemplar_city: Ουσουάια
    America/Argentina/La_Rioja:
      exemplar_city: Λα Ριόχα
    America/Argentina/San_Luis:
      exemplar_city: Σαν Λούις
    America/Catamarca:
      exemplar_city: Καταμάρκα
    America/Argentina/Salta:
      exemplar_city: Σάλτα
    America/Jujuy:
      exemplar_city: Χουχούι
    America/Argentina/Tucuman:
      exemplar_city: Τουκουμάν
    America/Cordoba:
      exemplar_city: Κόρδοβα
    America/Buenos_Aires:
      exemplar_city: Μπουένος Άιρες
    Pacific/Pago_Pago:
      exemplar_city: Πάγκο Πάγκο
    Europe/Vienna:
      exemplar_city: Βιέννη
    Australia/Perth:
      exemplar_city: Περθ
    Australia/Eucla:
      exemplar_city: Γιούκλα
    Australia/Darwin:
      exemplar_city: Ντάργουιν
    Australia/Adelaide:
      exemplar_city: Αδελαΐδα
    Australia/Broken_Hill:
      exemplar_city: Μπρόκεν Χιλ
    Australia/Melbourne:
      exemplar_city: Μελβούρνη
    Australia/Hobart:
      exemplar_city: Χόμπαρτ
    Australia/Lindeman:
      exemplar_city: Λίντεμαν
    Australia/Sydney:
      exemplar_city: Σίδνεϊ
    Australia/Brisbane:
      exemplar_city: Μπρισμπέιν
    Antarctica/Macquarie:
      exemplar_city: Μακουάρι
    Australia/Lord_Howe:
      exemplar_city: Λορντ Χάου
    America/Aruba:
      exemplar_city: Αρούμπα
    Europe/Mariehamn:
      exemplar_city: Μάριεχαμν
    Asia/Baku:
      exemplar_city: Μπακού
    Europe/Sarajevo:
      exemplar_city: Σαράγεβο
    America/Barbados:
      exemplar_city: Μπαρμπέιντος
    Asia/Dhaka:
      exemplar_city: Ντάκα
    Europe/Brussels:
      exemplar_city: Βρυξέλλες
    Africa/Ouagadougou:
      exemplar_city: Ουαγκαντούγκου
    Europe/Sofia:
      exemplar_city: Σόφια
    Asia/Bahrain:
      exemplar_city: Μπαχρέιν
    Africa/Bujumbura:
      exemplar_city: Μπουζουμπούρα
    Africa/Porto-Novo:
      exemplar_city: Πόρτο-Νόβο
    America/St_Barthelemy:
      exemplar_city: Άγιος Βαρθολομαίος
    Atlantic/Bermuda:
      exemplar_city: Βερμούδες
    Asia/Brunei:
      exemplar_city: Μπρουνέι
    America/La_Paz:
      exemplar_city: Λα Παζ
    America/Kralendijk:
      exemplar_city: Κράλεντικ
    America/Eirunepe:
      exemplar_city: Εϊρουνεπέ
    America/Rio_Branco:
      exemplar_city: Ρίο Μπράνκο
    America/Porto_Velho:
      exemplar_city: Πόρτο Βέλιο
    America/Boa_Vista:
      exemplar_city: Μπόα Βίστα
    America/Manaus:
      exemplar_city: Μανάους
    America/Cuiaba:
      exemplar_city: Κουιαμπά
    America/Santarem:
      exemplar_city: Σανταρέμ
    America/Campo_Grande:
      exemplar_city: Κάμπο Γκράντε
    America/Belem:
      exemplar_city: Μπελέμ
    America/Araguaina:
      exemplar_city: Αραγκουάινα
    America/Sao_Paulo:
      exemplar_city: Σάο Πάολο
    America/Bahia:
      exemplar_city: Μπαΐα
    America/Fortaleza:
      exemplar_city: Φορταλέζα
    America/Maceio:
      exemplar_city: Μασεϊό
    America/Recife:
      exemplar_city: Ρεσίφε
    America/Noronha:
      exemplar_city: Νορόνια
    America/Nassau:
      exemplar_city: Νασάου
    Asia/Thimphu:
      exemplar_city: Θίμφου
    Africa/Gaborone:
      exemplar_city: Γκαμπορόνε
    Europe/Minsk:
      exemplar_city: Μινσκ
    America/Belize:
      exemplar_city: Μπελίζ
    America/Dawson:
      exemplar_city: Ντόσον
    America/Whitehorse:
      exemplar_city: Γουάιτχορς
    America/Inuvik:
      exemplar_city: Ινούβικ
    America/Vancouver:
      exemplar_city: Βανκούβερ
    America/Fort_Nelson:
      exemplar_city: Φορτ Νέλσον
    America/Dawson_Creek:
      exemplar_city: Ντόσον Κρικ
    America/Creston:
      exemplar_city: Κρέστον
    America/Edmonton:
      exemplar_city: Έντμοντον
    America/Swift_Current:
      exemplar_city: Σουίφτ Κάρεντ
    America/Cambridge_Bay:
      exemplar_city: Κέμπριτζ Μπέι
    America/Regina:
      exemplar_city: Ρετζάινα
    America/Winnipeg:
      exemplar_city: Γουίνιπεγκ
    America/Resolute:
      exemplar_city: Ρέζολουτ
    America/Rankin_Inlet:
      exemplar_city: Ράνκιν Ίνλετ
    America/Coral_Harbour:
      exemplar_city: Ατικόκαν
    America/Toronto:
      exemplar_city: Τορόντο
    America/Iqaluit:
      exemplar_city: Ικαλούιτ
    America/Moncton:
      exemplar_city: Μόνκτον
    America/Halifax:
      exemplar_city: Χάλιφαξ
    America/Goose_Bay:
      exemplar_city: Γκους Μπέι
    America/Glace_Bay:
      exemplar_city: Γκλέις Μπέι
    America/Blanc-Sablon:
      exemplar_city: Μπλαν Σαμπλόν
    America/St_Johns:
      exemplar_city: Σεν Τζονς
    Indian/Cocos:
      exemplar_city: Κόκος
    Africa/Kinshasa:
      exemplar_city: Κινσάσα
    Africa/Lubumbashi:
      exemplar_city: Λουμπουμπάσι
    Africa/Bangui:
      exemplar_city: Μπανγκί
    Africa/Brazzaville:
      exemplar_city: Μπραζαβίλ
    Europe/Zurich:
      exemplar_city: Ζυρίχη
    Africa/Abidjan:
      exemplar_city: Αμπιτζάν
    Pacific/Rarotonga:
      exemplar_city: Ραροτόνγκα
    Pacific/Easter:
      exemplar_city: Νήσος Πάσχα
    America/Punta_Arenas:
      exemplar_city: Πούντα Αρένας
    America/Santiago:
      exemplar_city: Σαντιάγκο
    Africa/Douala:
      exemplar_city: Ντουάλα
    Asia/Urumqi:
      exemplar_city: Ουρούμτσι
    Asia/Shanghai:
      exemplar_city: Σανγκάη
    America/Bogota:
      exemplar_city: Μπογκοτά
    America/Costa_Rica:
      exemplar_city: Κόστα Ρίκα
    America/Havana:
      exemplar_city: Αβάνα
    Atlantic/Cape_Verde:
      exemplar_city: Πράσινο Ακρωτήριο
    America/Curacao:
      exemplar_city: Κουρασάο
    Indian/Christmas:
      exemplar_city: Νήσος Χριστουγέννων
    Asia/Nicosia:
      exemplar_city: Λευκωσία
    Asia/Famagusta:
      exemplar_city: Αμμόχωστος
    Europe/Prague:
      exemplar_city: Πράγα
    Europe/Busingen:
      exemplar_city: Μπίσινγκεν
    Europe/Berlin:
      exemplar_city: Βερολίνο
    Africa/Djibouti:
      exemplar_city: Τζιμπουτί
    Europe/Copenhagen:
      exemplar_city: Κοπεγχάγη
    America/Dominica:
      exemplar_city: Ντομίνικα
    America/Santo_Domingo:
      exemplar_city: Άγιος Δομίνικος
    Africa/Algiers:
      exemplar_city: Αλγέρι
    Pacific/Galapagos:
      exemplar_city: Γκαλάπαγκος
    America/Guayaquil:
      exemplar_city: Γκουαγιακίλ
    Europe/Tallinn:
      exemplar_city: Ταλίν
    Africa/Cairo:
      exemplar_city: Κάιρο
    Africa/El_Aaiun:
      exemplar_city: Ελ Αγιούν
    Africa/Asmera:
      exemplar_city: Ασμάρα
    Atlantic/Canary:
      exemplar_city: Κανάρια
    Africa/Ceuta:
      exemplar_city: Θέουτα
    Europe/Madrid:
      exemplar_city: Μαδρίτη
    Africa/Addis_Ababa:
      exemplar_city: Αντίς Αμπέμπα
    Europe/Helsinki:
      exemplar_city: Ελσίνκι
    Pacific/Fiji:
      exemplar_city: Φίτζι
    Atlantic/Stanley:
      exemplar_city: Στάνλεϊ
    Pacific/Truk:
      exemplar_city: Τσουκ
    Pacific/Ponape:
      exemplar_city: Πονάπε
    Pacific/Kosrae:
      exemplar_city: Κόσραϊ
    Atlantic/Faeroe:
      exemplar_city: Φερόες
    Europe/Paris:
      exemplar_city: Παρίσι
    Africa/Libreville:
      exemplar_city: Λιμπρεβίλ
    Europe/London:
      exemplar_city: Λονδίνο
      long:
        daylight: Θερινή ώρα Βρετανίας
    America/Grenada:
      exemplar_city: Γρενάδα
    Asia/Tbilisi:
      exemplar_city: Τιφλίδα
    America/Cayenne:
      exemplar_city: Καγιέν
    Europe/Guernsey:
      exemplar_city: Γκέρνζι
    Africa/Accra:
      exemplar_city: Άκρα
    Europe/Gibraltar:
      exemplar_city: Γιβραλτάρ
    America/Thule:
      exemplar_city: Θούλη
    America/Godthab:
      exemplar_city: Νουούκ
    America/Scoresbysund:
      exemplar_city: Σκορεσμπίσουντ
    America/Danmarkshavn:
      exemplar_city: Ντανμαρκσάβν
    Africa/Banjul:
      exemplar_city: Μπανζούλ
    Africa/Conakry:
      exemplar_city: Κόνακρι
    America/Guadeloupe:
      exemplar_city: Γουαδελούπη
    Africa/Malabo:
      exemplar_city: Μαλάμπο
    Europe/Athens:
      exemplar_city: Αθήνα
    Atlantic/South_Georgia:
      exemplar_city: Νότια Γεωργία
    America/Guatemala:
      exemplar_city: Γουατεμάλα
    Pacific/Guam:
      exemplar_city: Γκουάμ
    Africa/Bissau:
      exemplar_city: Μπισάου
    America/Guyana:
      exemplar_city: Γουιάνα
    Asia/Hong_Kong:
      exemplar_city: Χονγκ Κονγκ
    America/Tegucigalpa:
      exemplar_city: Τεγκουσιγκάλπα
    Europe/Zagreb:
      exemplar_city: Ζάγκρεμπ
    America/Port-au-Prince:
      exemplar_city: Πορτ-ο-Πρενς
    Europe/Budapest:
      exemplar_city: Βουδαπέστη
    Asia/Jakarta:
      exemplar_city: Τζακάρτα
    Asia/Pontianak:
      exemplar_city: Πόντιανακ
    Asia/Makassar:
      exemplar_city: Μακασάρ
    Asia/Jayapura:
      exemplar_city: Τζαγιαπούρα
    Europe/Dublin:
      exemplar_city: Δουβλίνο
      long:
        daylight: Χειμερινή ώρα Ιρλανδίας
    Asia/Jerusalem:
      exemplar_city: Ιερουσαλήμ
    Europe/Isle_of_Man:
      exemplar_city: Νήσος του Μαν
    Asia/Calcutta:
      exemplar_city: Καλκούτα
    Indian/Chagos:
      exemplar_city: Τσάγκος
    Asia/Baghdad:
      exemplar_city: Βαγδάτη
    Asia/Tehran:
      exemplar_city: Τεχεράνη
    Atlantic/Reykjavik:
      exemplar_city: Ρέυκιαβικ
    Europe/Rome:
      exemplar_city: Ρώμη
    Europe/Jersey:
      exemplar_city: Τζέρσεϊ
    America/Jamaica:
      exemplar_city: Τζαμάικα
    Asia/Amman:
      exemplar_city: Αμμάν
    Asia/Tokyo:
      exemplar_city: Τόκιο
    Africa/Nairobi:
      exemplar_city: Ναϊρόμπι
    Asia/Bishkek:
      exemplar_city: Μπισκέκ
    Asia/Phnom_Penh:
      exemplar_city: Πνομ Πενχ
    Pacific/Enderbury:
      exemplar_city: Έντερμπερι
    Pacific/Kanton:
      exemplar_city: Καντών
    Pacific/Kiritimati:
      exemplar_city: Κιριτιμάτι
    Pacific/Tarawa:
      exemplar_city: Ταράουα
    Indian/Comoro:
      exemplar_city: Κομόρο
    America/St_Kitts:
      exemplar_city: Σεν Κιτς
    Asia/Pyongyang:
      exemplar_city: Πιονγκγιάνγκ
    Asia/Seoul:
      exemplar_city: Σεούλ
    Asia/Kuwait:
      exemplar_city: Κουβέιτ
    America/Cayman:
      exemplar_city: Κέιμαν
    Asia/Aqtau:
      exemplar_city: Ακτάου
    Asia/Oral:
      exemplar_city: Οράλ
    Asia/Atyrau:
      exemplar_city: Ατιράου
    Asia/Aqtobe:
      exemplar_city: Ακτόμπε
    Asia/Qostanay:
      exemplar_city: Κοστανάι
    Asia/Qyzylorda:
      exemplar_city: Κιζιλορντά
    Asia/Almaty:
      exemplar_city: Αλμάτι
    Asia/Vientiane:
      exemplar_city: Βιεντιάν
    Asia/Beirut:
      exemplar_city: Βυρητός
    America/St_Lucia:
      exemplar_city: Αγία Λουκία
    Europe/Vaduz:
      exemplar_city: Βαντούζ
    Asia/Colombo:
      exemplar_city: Κολόμπο
    Africa/Monrovia:
      exemplar_city: Μονρόβια
    Africa/Maseru:
      exemplar_city: Μασέρου
    Europe/Vilnius:
      exemplar_city: Βίλνιους
    Europe/Luxembourg:
      exemplar_city: Λουξεμβούργο
    Europe/Riga:
      exemplar_city: Ρίγα
    Africa/Tripoli:
      exemplar_city: Τρίπολη
    Africa/Casablanca:
      exemplar_city: Καζαμπλάνκα
    Europe/Monaco:
      exemplar_city: Μονακό
    Europe/Chisinau:
      exemplar_city: Κισινάου
    Europe/Podgorica:
      exemplar_city: Ποντγκόριτσα
    America/Marigot:
      exemplar_city: Μαριγκό
    Indian/Antananarivo:
      exemplar_city: Ανταναναρίβο
    Pacific/Kwajalein:
      exemplar_city: Κουατζαλέιν
    Pacific/Majuro:
      exemplar_city: Ματζούρο
    Europe/Skopje:
      exemplar_city: Σκόπια
    Africa/Bamako:
      exemplar_city: Μπαμάκο
    Asia/Rangoon:
      exemplar_city: Ρανγκούν
    Asia/Hovd:
      exemplar_city: Χοβντ
    Asia/Ulaanbaatar:
      exemplar_city: Ουλάν Μπατόρ
    Asia/Macau:
      exemplar_city: Μακάο
    Pacific/Saipan:
      exemplar_city: Σαϊπάν
    America/Martinique:
      exemplar_city: Μαρτινίκα
    Africa/Nouakchott:
      exemplar_city: Νουακσότ
    America/Montserrat:
      exemplar_city: Μονσεράτ
    Europe/Malta:
      exemplar_city: Μάλτα
    Indian/Mauritius:
      exemplar_city: Μαυρίκιος
    Indian/Maldives:
      exemplar_city: Μαλδίβες
    Africa/Blantyre:
      exemplar_city: Μπλαντάιρ
    America/Tijuana:
      exemplar_city: Τιχουάνα
    America/Hermosillo:
      exemplar_city: Ερμοσίγιο
    America/Ciudad_Juarez:
      exemplar_city: Σιουδάδ Χουάρες
    America/Mazatlan:
      exemplar_city: Μαζατλάν
    America/Chihuahua:
      exemplar_city: Τσιουάουα
    America/Bahia_Banderas:
      exemplar_city: Μπαΐα ντε Μπαντέρας
    America/Ojinaga:
      exemplar_city: Οχινάγκα
    America/Monterrey:
      exemplar_city: Μοντερέι
    America/Mexico_City:
      exemplar_city: Πόλη του Μεξικού
    America/Matamoros:
      exemplar_city: Ματαμόρος
    America/Merida:
      exemplar_city: Μέριδα
    America/Cancun:
      exemplar_city: Κανκούν
    Asia/Kuala_Lumpur:
      exemplar_city: Κουάλα Λουμπούρ
    Asia/Kuching:
      exemplar_city: Κουτσίνγκ
    Africa/Maputo:
      exemplar_city: Μαπούτο
    Africa/Windhoek:
      exemplar_city: Βίντχουκ
    Pacific/Noumea:
      exemplar_city: Νουμέα
    Africa/Niamey:
      exemplar_city: Νιαμέι
    Pacific/Norfolk:
      exemplar_city: Νόρφολκ
    Africa/Lagos:
      exemplar_city: Λάγκος
    America/Managua:
      exemplar_city: Μανάγκουα
    Europe/Amsterdam:
      exemplar_city: Άμστερνταμ
    Europe/Oslo:
      exemplar_city: Όσλο
    Asia/Katmandu:
      exemplar_city: Κατμαντού
    Pacific/Nauru:
      exemplar_city: Ναούρου
    Pacific/Niue:
      exemplar_city: Νιούε
    Pacific/Chatham:
      exemplar_city: Τσάταμ
    Pacific/Auckland:
      exemplar_city: Όκλαντ
    Asia/Muscat:
      exemplar_city: Μασκάτ
    America/Panama:
      exemplar_city: Παναμάς
    America/Lima:
      exemplar_city: Λίμα
    Pacific/Tahiti:
      exemplar_city: Ταϊτή
    Pacific/Marquesas:
      exemplar_city: Μαρκέζας
    Pacific/Gambier:
      exemplar_city: Γκάμπιερ
    Pacific/Port_Moresby:
      exemplar_city: Πορτ Μόρεσμπι
    Pacific/Bougainville:
      exemplar_city: Μπουγκενβίλ
    Asia/Manila:
      exemplar_city: Μανίλα
    Asia/Karachi:
      exemplar_city: Καράτσι
    Europe/Warsaw:
      exemplar_city: Βαρσοβία
    America/Miquelon:
      exemplar_city: Μικελόν
    Pacific/Pitcairn:
      exemplar_city: Πίτκερν
    America/Puerto_Rico:
      exemplar_city: Πουέρτο Ρίκο
    Asia/Gaza:
      exemplar_city: Γάζα
    Asia/Hebron:
      exemplar_city: Χεβρώνα
    Atlantic/Azores:
      exemplar_city: Αζόρες
    Atlantic/Madeira:
      exemplar_city: Μαδέρα
    Europe/Lisbon:
      exemplar_city: Λισαβόνα
    Pacific/Palau:
      exemplar_city: Παλάου
    America/Asuncion:
      exemplar_city: Ασουνσιόν
    Asia/Qatar:
      exemplar_city: Κατάρ
    Indian/Reunion:
      exemplar_city: Ρεϊνιόν
    Europe/Bucharest:
      exemplar_city: Βουκουρέστι
    Europe/Belgrade:
      exemplar_city: Βελιγράδι
    Europe/Kaliningrad:
      exemplar_city: Καλίνινγκραντ
    Europe/Moscow:
      exemplar_city: Μόσχα
    Europe/Volgograd:
      exemplar_city: Βόλγκοκραντ
    Europe/Saratov:
      exemplar_city: Σαράτοφ
    Europe/Astrakhan:
      exemplar_city: Αστραχάν
    Europe/Ulyanovsk:
      exemplar_city: Ουλιάνοφσκ
    Europe/Kirov:
      exemplar_city: Κίροφ
    Europe/Samara:
      exemplar_city: Σαμάρα
    Asia/Yekaterinburg:
      exemplar_city: Αικατερινούπολη
    Asia/Omsk:
      exemplar_city: Ομσκ
    Asia/Novosibirsk:
      exemplar_city: Νοβοσιμπίρσκ
    Asia/Barnaul:
      exemplar_city: Μπαρναούλ
    Asia/Tomsk:
      exemplar_city: Τομσκ
    Asia/Novokuznetsk:
      exemplar_city: Νοβοκουζνέτσκ
    Asia/Krasnoyarsk:
      exemplar_city: Κρασνογιάρσκ
    Asia/Irkutsk:
      exemplar_city: Ιρκούτσκ
    Asia/Chita:
      exemplar_city: Τσιτά
    Asia/Yakutsk:
      exemplar_city: Γιακούτσκ
    Asia/Vladivostok:
      exemplar_city: Βλαδιβοστόκ
    Asia/Khandyga:
      exemplar_city: Χαντίγκα
    Asia/Sakhalin:
      exemplar_city: Σαχαλίνη
    Asia/Ust-Nera:
      exemplar_city: Ουστ-Νερά
    Asia/Magadan:
      exemplar_city: Μαγκαντάν
    Asia/Srednekolymsk:
      exemplar_city: Σρεντνεκολίμσκ
    Asia/Kamchatka:
      exemplar_city: Καμτσάτκα
    Asia/Anadyr:
      exemplar_city: Αναντίρ
    Africa/Kigali:
      exemplar_city: Κιγκάλι
    Asia/Riyadh:
      exemplar_city: Ριάντ
    Pacific/Guadalcanal:
      exemplar_city: Γκουανταλκανάλ
    Indian/Mahe:
      exemplar_city: Μάχε
    Africa/Khartoum:
      exemplar_city: Χαρτούμ
    Europe/Stockholm:
      exemplar_city: Στοκχόλμη
    Asia/Singapore:
      exemplar_city: Σιγκαπούρη
    Atlantic/St_Helena:
      exemplar_city: Αγ. Ελένη
    Europe/Ljubljana:
      exemplar_city: Λιουμπλιάνα
    Arctic/Longyearbyen:
      exemplar_city: Λόνγκιεαρμπιεν
    Europe/Bratislava:
      exemplar_city: Μπρατισλάβα
    Africa/Freetown:
      exemplar_city: Φρίταουν
    Europe/San_Marino:
      exemplar_city: Άγιος Μαρίνος
    Africa/Dakar:
      exemplar_city: Ντακάρ
    Africa/Mogadishu:
      exemplar_city: Μογκαντίσου
    America/Paramaribo:
      exemplar_city: Παραμαρίμπο
    Africa/Juba:
      exemplar_city: Τζούμπα
    Africa/Sao_Tome:
      exemplar_city: Σάο Τομέ
    America/El_Salvador:
      exemplar_city: Ελ Σαλβαδόρ
    Asia/Damascus:
      exemplar_city: Δαμασκός
    Africa/Mbabane:
      exemplar_city: Μπαμπάνε
    America/Grand_Turk:
      exemplar_city: Γκραντ Τουρκ
    Africa/Ndjamena:
      exemplar_city: Ντζαμένα
    Indian/Kerguelen:
      exemplar_city: Κεργκελέν
    Africa/Lome:
      exemplar_city: Λομέ
    Asia/Bangkok:
      exemplar_city: Μπανγκόκ
    Asia/Dushanbe:
      exemplar_city: Ντουσάνμπε
    Pacific/Fakaofo:
      exemplar_city: Φακαόφο
    Asia/Dili:
      exemplar_city: Ντίλι
    Asia/Ashgabat:
      exemplar_city: Ασχαμπάτ
    Africa/Tunis:
      exemplar_city: Τύνιδα
    Pacific/Tongatapu:
      exemplar_city: Τονγκατάπου
    Europe/Istanbul:
      exemplar_city: Κωνσταντινούπολη
    America/Port_of_Spain:
      exemplar_city: Πορτ οφ Σπέιν
    Pacific/Funafuti:
      exemplar_city: Φουναφούτι
    Asia/Taipei:
      exemplar_city: Ταϊπέι
    Africa/Dar_es_Salaam:
      exemplar_city: Νταρ ες Σαλάμ
    Europe/Kiev:
      exemplar_city: Κίεβο
    Europe/Simferopol:
      exemplar_city: Συμφερόπολη
    Africa/Kampala:
      exemplar_city: Καμπάλα
    Pacific/Midway:
      exemplar_city: Μίντγουεϊ
    Pacific/Wake:
      exemplar_city: Γουέικ
    America/Adak:
      exemplar_city: Άντακ
    America/Nome:
      exemplar_city: Νόμε
    America/Anchorage:
      exemplar_city: Άνκορατζ
    America/Yakutat:
      exemplar_city: Γιάκουτατ
    America/Sitka:
      exemplar_city: Σίτκα
    America/Juneau:
      exemplar_city: Τζούνο
    America/Metlakatla:
      exemplar_city: Μετλακάτλα
    America/Los_Angeles:
      exemplar_city: Λος Άντζελες
    America/Boise:
      exemplar_city: Μπόιζι
    America/Phoenix:
      exemplar_city: Φοίνιξ
    America/Denver:
      exemplar_city: Ντένβερ
    America/North_Dakota/Beulah:
      exemplar_city: Μπέουλα, Βόρεια Ντακότα
    America/North_Dakota/New_Salem:
      exemplar_city: Νιου Σέιλεμ, Βόρεια Ντακότα
    America/North_Dakota/Center:
      exemplar_city: Σέντερ, Βόρεια Ντακότα
    America/Chicago:
      exemplar_city: Σικάγο
    America/Menominee:
      exemplar_city: Μενομίνε
    America/Indiana/Vincennes:
      exemplar_city: Βανσέν, Ιντιάνα
    America/Indiana/Petersburg:
      exemplar_city: Πίτερσμπεργκ, Ιντιάνα
    America/Indiana/Tell_City:
      exemplar_city: Τελ Σίτι, Ιντιάνα
    America/Indiana/Knox:
      exemplar_city: Νοξ, Ιντιάνα
    America/Indiana/Winamac:
      exemplar_city: Γουίναμακ, Ιντιάνα
    America/Indiana/Marengo:
      exemplar_city: Μαρένγκο, Ιντιάνα
    America/Indianapolis:
      exemplar_city: Ιντιανάπολις
    America/Louisville:
      exemplar_city: Λούιβιλ
    America/Indiana/Vevay:
      exemplar_city: Βιβέι, Ιντιάνα
    America/Kentucky/Monticello:
      exemplar_city: Μοντιτσέλο, Κεντάκι
    America/Detroit:
      exemplar_city: Ντιτρόιτ
    America/New_York:
      exemplar_city: Νέα Υόρκη
    America/Montevideo:
      exemplar_city: Μοντεβιδέο
    Asia/Samarkand:
      exemplar_city: Σαμαρκάνδη
    Asia/Tashkent:
      exemplar_city: Τασκένδη
    Europe/Vatican:
      exemplar_city: Βατικανό
    America/St_Vincent:
      exemplar_city: Άγιος Βικέντιος
    America/Caracas:
      exemplar_city: Καράκας
    America/Tortola:
      exemplar_city: Τορτόλα
    America/St_Thomas:
      exemplar_city: Άγιος Θωμάς
    Asia/Saigon:
      exemplar_city: Πόλη Χο Τσι Μινχ
    Pacific/Efate:
      exemplar_city: Εφάτε
    Pacific/Wallis:
      exemplar_city: Γουάλις
    Pacific/Apia:
      exemplar_city: Απία
    Asia/Aden:
      exemplar_city: Άντεν
    Indian/Mayotte:
      exemplar_city: Μαγιότ
    Africa/Johannesburg:
      exemplar_city: Γιοχάνεσμπουργκ
    Africa/Lusaka:
      exemplar_city: Λουζάκα
    Africa/Harare:
      exemplar_city: Χαράρε
  metazones:
    Afghanistan:
      long:
        standard: Ώρα Αφγανιστάν
    Africa_Central:
      long:
        standard: Ώρα Κεντρικής Αφρικής
    Africa_Eastern:
      long:
        standard: Ώρα Ανατολικής Αφρικής
    Africa_Southern:
      long:
        standard: Χειμερινή ώρα Νότιας Αφρικής
    Africa_Western:
      long:
        generic: Ώρα Δυτικής Αφρικής
        standard: Χειμερινή ώρα Δυτικής Αφρικής
        daylight: Θερινή ώρα Δυτικής Αφρικής
    Alaska:
      long:
        generic: Ώρα Αλάσκας
        standard: Χειμερινή ώρα Αλάσκας
        daylight: Θερινή ώρα Αλάσκας
    Amazon:
      long:
        generic: Ώρα Αμαζονίου
        standard: Χειμερινή ώρα Αμαζονίου
        daylight: Θερινή ώρα Αμαζονίου
    America_Central:
      long:
        generic: Κεντρική ώρα Βόρειας Αμερικής
        standard: Κεντρική χειμερινή ώρα Βόρειας Αμερικής
        daylight: Κεντρική θερινή ώρα Βόρειας Αμερικής
    America_Eastern:
      long:
        generic: Ανατολική ώρα Βόρειας Αμερικής
        standard: Ανατολική χειμερινή ώρα Βόρειας Αμερικής
        daylight: Ανατολική θερινή ώρα Βόρειας Αμερικής
    America_Mountain:
      long:
        generic: Ορεινή ώρα Βόρειας Αμερικής
        standard: Ορεινή χειμερινή ώρα Βόρειας Αμερικής
        daylight: Ορεινή θερινή ώρα Βόρειας Αμερικής
    America_Pacific:
      long:
        generic: Ώρα Ειρηνικού
        standard: Χειμερινή ώρα Ειρηνικού
        daylight: Θερινή ώρα Ειρηνικού
    Anadyr:
      long:
        generic: Ώρα Αναντίρ
        standard: Χειμερινή ώρα Αναντίρ
        daylight: Θερινή ώρα Αναντίρ
    Apia:
      long:
        generic: Ώρα Απία
        standard: Χειμερινή ώρα Απία
        daylight: Θερινή ώρα Απία
    Arabian:
      long:
        generic: Αραβική ώρα
        standard: Αραβική χειμερινή ώρα
        daylight: Αραβική θερινή ώρα
    Argentina:
      long:
        generic: Ώρα Αργεντινής
        standard: Χειμερινή ώρα Αργεντινής
        daylight: Θερινή ώρα Αργεντινής
    Argentina_Western:
      long:
        generic: Ώρα Δυτικής Αργεντινής
        standard: Χειμερινή ώρα Δυτικής Αργεντινής
        daylight: Θερινή ώρα Δυτικής Αργεντινής
    Armenia:
      long:
        generic: Ώρα Αρμενίας
        standard: Χειμερινή ώρα Αρμενίας
        daylight: Θερινή ώρα Αρμενίας
    Atlantic:
      long:
        generic: Ώρα Ατλαντικού
        standard: Χειμερινή ώρα Ατλαντικού
        daylight: Θερινή ώρα Ατλαντικού
    Australia_Central:
      long:
        generic: Ώρα Κεντρικής Αυστραλίας
        standard: Χειμερινή ώρα Κεντρικής Αυστραλίας
        daylight: Θερινή ώρα Κεντρικής Αυστραλίας
    Australia_CentralWestern:
      long:
        generic: Ώρα Κεντροδυτικής Αυστραλίας
        standard: Χειμερινή ώρα Κεντροδυτικής Αυστραλίας
        daylight: Θερινή ώρα Κεντροδυτικής Αυστραλίας
    Australia_Eastern:
      long:
        generic: Ώρα Ανατολικής Αυστραλίας
        standard: Χειμερινή ώρα Ανατολικής Αυστραλίας
        daylight: Θερινή ώρα Ανατολικής Αυστραλίας
    Australia_Western:
      long:
        generic: Ώρα Δυτικής Αυστραλίας
        standard: Χειμερινή ώρα Δυτικής Αυστραλίας
        daylight: Θερινή ώρα Δυτικής Αυστραλίας
    Azerbaijan:
      long:
        generic: Ώρα Αζερμπαϊτζάν
        standard: Χειμερινή ώρα Αζερμπαϊτζάν
        daylight: Θερινή ώρα Αζερμπαϊτζάν
    Azores:
      long:
        generic: Ώρα Αζορών
        standard: Χειμερινή ώρα Αζορών
        daylight: Θερινή ώρα Αζορών
    Bangladesh:
      long:
        generic: Ώρα Μπανγκλαντές
        standard: Χειμερινή ώρα Μπανγκλαντές
        daylight: Θερινή ώρα Μπανγκλαντές
    Bhutan:
      long:
        standard: Ώρα Μπουτάν
    Bolivia:
      long:
        standard: Ώρα Βολιβίας
    Brasilia:
      long:
        generic: Ώρα Μπραζίλιας
        standard: Χειμερινή ώρα Μπραζίλιας
        daylight: Θερινή ώρα Μπραζίλιας
    Brunei:
      long:
        standard: Ώρα Μπρουνέι Νταρουσαλάμ
    Cape_Verde:
      long:
        generic: Ώρα Πράσινου Ακρωτηρίου
        standard: Χειμερινή ώρα Πράσινου Ακρωτηρίου
        daylight: Θερινή ώρα Πράσινου Ακρωτηρίου
    Chamorro:
      long:
        standard: Ώρα Τσαμόρο
    Chatham:
      long:
        generic: Ώρα Τσάταμ
        standard: Χειμερινή ώρα Τσάταμ
        daylight: Θερινή ώρα Τσάταμ
    Chile:
      long:
        generic: Ώρα Χιλής
        standard: Χειμερινή ώρα Χιλής
        daylight: Θερινή ώρα Χιλής
    China:
      long:
        generic: Ώρα Κίνας
        standard: Χειμερινή ώρα Κίνας
        daylight: Θερινή ώρα Κίνας
    Christmas:
      long:
        standard: Ώρα Νήσου Χριστουγέννων
    Cocos:
      long:
        standard: Ώρα Νήσων Κόκος
    Colombia:
      long:
        generic: Ώρα Κολομβίας
        standard: Χειμερινή ώρα Κολομβίας
        daylight: Θερινή ώρα Κολομβίας
    Cook:
      long:
        generic: Ώρα Νήσων Κουκ
        standard: Χειμερινή ώρα Νήσων Κουκ
        daylight: Θερινή ώρα Νήσων Κουκ
    Cuba:
      long:
        generic: Ώρα Κούβας
        standard: Χειμερινή ώρα Κούβας
        daylight: Θερινή ώρα Κούβας
    Davis:
      long:
        standard: Ώρα Ντέιβις
    DumontDUrville:
      long:
        standard: Ώρα Ντιμόν ντ’ Ουρβίλ
    East_Timor:
      long:
        standard: Ώρα Ανατολικού Τιμόρ
    Easter:
      long:
        generic: Ώρα Νήσου Πάσχα
        standard: Χειμερινή ώρα Νήσου Πάσχα
        daylight: Θερινή ώρα Νήσου Πάσχα
    Ecuador:
      long:
        standard: Ώρα Ισημερινού
    Europe_Central:
      short:
        generic: CET
        standard: CET
        daylight: CEST
      long:
        generic: Ώρα Κεντρικής Ευρώπης
        standard: Χειμερινή ώρα Κεντρικής Ευρώπης
        daylight: Θερινή ώρα Κεντρικής Ευρώπης
    Europe_Eastern:
      short:
        generic: EET
        standard: EET
        daylight: EEST
      long:
        generic: Ώρα Ανατολικής Ευρώπης
        standard: Χειμερινή ώρα Ανατολικής Ευρώπης
        daylight: Θερινή ώρα Ανατολικής Ευρώπης
    Europe_Further_Eastern:
      long:
        standard: Ώρα περαιτέρω Ανατολικής Ευρώπης
    Europe_Western:
      short:
        generic: WET
        standard: WET
        daylight: WEST
      long:
        generic: Ώρα Δυτικής Ευρώπης
        standard: Χειμερινή ώρα Δυτικής Ευρώπης
        daylight: Θερινή ώρα Δυτικής Ευρώπης
    Falkland:
      long:
        generic: Ώρα Νήσων Φόκλαντ
        standard: Χειμερινή ώρα Νήσων Φόκλαντ
        daylight: Θερινή ώρα Νήσων Φόκλαντ
    Fiji:
      long:
        generic: Ώρα Φίτζι
        standard: Χειμερινή ώρα Φίτζι
        daylight: Θερινή ώρα Φίτζι
    French_Guiana:
      long:
        standard: Ώρα Γαλλικής Γουιάνας
    French_Southern:
      long:
        standard: Ώρα Γαλλικού Νότου και Ανταρκτικής
    Galapagos:
      long:
        standard: Ώρα Γκαλάπαγκος
    Gambier:
      long:
        standard: Ώρα Γκάμπιερ
    Georgia:
      long:
        generic: Ώρα Γεωργίας
        standard: Χειμερινή ώρα Γεωργίας
        daylight: Θερινή ώρα Γεωργίας
    Gilbert_Islands:
      long:
        standard: Ώρα Νήσων Γκίλμπερτ
    GMT:
      long:
        standard: Μέση ώρα Γκρίνουιτς
    Greenland_Eastern:
      long:
        generic: Ώρα Ανατολικής Γροιλανδίας
        standard: Χειμερινή ώρα Ανατολικής Γροιλανδίας
        daylight: Θερινή ώρα Ανατολικής Γροιλανδίας
    Greenland_Western:
      long:
        generic: Ώρα Δυτικής Γροιλανδίας
        standard: Χειμερινή ώρα Δυτικής Γροιλανδίας
        daylight: Θερινή ώρα Δυτικής Γροιλανδίας
    Guam:
      long:
        standard: Ώρα Γκουάμ
    Gulf:
      long:
        standard: Ώρα Κόλπου
    Guyana:
      long:
        standard: Ώρα Γουιάνας
    Hawaii_Aleutian:
      long:
        generic: Ώρα Χαβάης-Αλεούτιων Νήσων
        standard: Χειμερινή ώρα Χαβάης-Αλεούτιων Νήσων
        daylight: Θερινή ώρα Χαβάης-Αλεούτιων Νήσων
    Hong_Kong:
      long:
        generic: Ώρα Χονγκ Κονγκ
        standard: Χειμερινή ώρα Χονγκ Κονγκ
        daylight: Θερινή ώρα Χονγκ Κονγκ
    Hovd:
      long:
        generic: Ώρα Χοβντ
        standard: Χειμερινή ώρα Χοβντ
        daylight: Θερινή ώρα Χοβντ
    India:
      long:
        standard: Ώρα Ινδίας
    Indian_Ocean:
      long:
        standard: Ώρα Ινδικού Ωκεανού
    Indochina:
      long:
        standard: Ώρα Ινδοκίνας
    Indonesia_Central:
      long:
        standard: Ώρα Κεντρικής Ινδονησίας
    Indonesia_Eastern:
      long:
        standard: Ώρα Ανατολικής Ινδονησίας
    Indonesia_Western:
      long:
        standard: Ώρα Δυτικής Ινδονησίας
    Iran:
      long:
        generic: Ώρα Ιράν
        standard: Χειμερινή ώρα Ιράν
        daylight: Θερινή ώρα Ιράν
    Irkutsk:
      long:
        generic: Ώρα Ιρκούτσκ
        standard: Χειμερινή ώρα Ιρκούτσκ
        daylight: Θερινή ώρα Ιρκούτσκ
    Israel:
      long:
        generic: Ώρα Ισραήλ
        standard: Χειμερινή ώρα Ισραήλ
        daylight: Θερινή ώρα Ισραήλ
    Japan:
      long:
        generic: Ώρα Ιαπωνίας
        standard: Χειμερινή ώρα Ιαπωνίας
        daylight: Θερινή ώρα Ιαπωνίας
    Kamchatka:
      long:
        generic: Ώρα Καμτσάτκα
        standard: Χειμερινή ώρα Πετροπαβλόβσκ-Καμτσάτσκι
        daylight: Θερινή ώρα Πετροπαβλόβσκ-Καμτσάτσκι
    Kazakhstan:
      long:
        standard: Ώρα Καζακστάν
    Kazakhstan_Eastern:
      long:
        standard: Ώρα Ανατολικού Καζακστάν
    Kazakhstan_Western:
      long:
        standard: Ώρα Δυτικού Καζακστάν
    Korea:
      long:
        generic: Ώρα Κορέας
        standard: Χειμερινή ώρα Κορέας
        daylight: Θερινή ώρα Κορέας
    Kosrae:
      long:
        standard: Ώρα Κόσραϊ
    Krasnoyarsk:
      long:
        generic: Ώρα Κρασνογιάρσκ
        standard: Χειμερινή ώρα Κρασνογιάρσκ
        daylight: Θερινή ώρα Κρασνογιάρσκ
    Kyrgystan:
      long:
        standard: Ώρα Κιργιστάν
    Line_Islands:
      long:
        standard: Ώρα Νήσων Λάιν
    Lord_Howe:
      long:
        generic: Ώρα Λορντ Χάου
        standard: Χειμερινή ώρα Λορντ Χάου
        daylight: Θερινή ώρα Λορντ Χάου
    Macau:
      long:
        generic: Ώρα Μακάο
        standard: Χειμερινή ώρα Μακάο
        daylight: Θερινή ώρα Μακάο
    Magadan:
      long:
        generic: Ώρα Μαγκαντάν
        standard: Χειμερινή ώρα Μαγκαντάν
        daylight: Θερινή ώρα Μαγκαντάν
    Malaysia:
      long:
        standard: Ώρα Μαλαισίας
    Maldives:
      long:
        standard: Ώρα Μαλδίβων
    Marquesas:
      long:
        standard: Ώρα Μαρκέζας
    Marshall_Islands:
      long:
        standard: Ώρα Νήσων Μάρσαλ
    Mauritius:
      long:
        generic: Ώρα Μαυρίκιου
        standard: Χειμερινή ώρα Μαυρίκιου
        daylight: Θερινή ώρα Μαυρίκιου
    Mawson:
      long:
        standard: Ώρα Μόσον
    Mexico_Pacific:
      long:
        generic: Ώρα Ειρηνικού Μεξικού
        standard: Χειμερινή ώρα Ειρηνικού Μεξικού
        daylight: Θερινή ώρα Ειρηνικού Μεξικού
    Mongolia:
      long:
        generic: Ώρα Ουλάν Μπατόρ
        standard: Χειμερινή ώρα Ουλάν Μπατόρ
        daylight: Θερινή ώρα Ουλάν Μπατόρ
    Moscow:
      long:
        generic: Ώρα Μόσχας
        standard: Χειμερινή ώρα Μόσχας
        daylight: Θερινή ώρα Μόσχας
    Myanmar:
      long:
        standard: Ώρα Μιανμάρ
    Nauru:
      long:
        standard: Ώρα Ναούρου
    Nepal:
      long:
        standard: Ώρα Νεπάλ
    New_Caledonia:
      long:
        generic: Ώρα Νέας Καληδονίας
        standard: Χειμερινή ώρα Νέας Καληδονίας
        daylight: Θερινή ώρα Νέας Καληδονίας
    New_Zealand:
      long:
        generic: Ώρα Νέας Ζηλανδίας
        standard: Χειμερινή ώρα Νέας Ζηλανδίας
        daylight: Θερινή ώρα Νέας Ζηλανδίας
    Newfoundland:
      long:
        generic: Ώρα Νέας Γης
        standard: Χειμερινή ώρα Νέας Γης
        daylight: Θερινή ώρα Νέας Γης
    Niue:
      long:
        standard: Ώρα Νιούε
    Norfolk:
      long:
        generic: Ώρα Νήσου Νόρφολκ
        standard: Χειμερινή ώρα Νήσου Νόρφολκ
        daylight: Θερινή ώρα Νήσου Νόρφολκ
    Noronha:
      long:
        generic: Ώρα Φερνάρντο ντε Νορόνια
        standard: Χειμερινή ώρα Φερνάρντο ντε Νορόνια
        daylight: Θερινή ώρα Φερνάρντο ντε Νορόνια
    North_Mariana:
      long:
        standard: Ώρα Νησιών Βόρειες Μαριάνες
    Novosibirsk:
      long:
        generic: Ώρα Νοβοσιμπίρσκ
        standard: Χειμερινή ώρα Νοβοσιμπίρσκ
        daylight: Θερινή ώρα Νοβοσιμπίρσκ
    Omsk:
      long:
        generic: Ώρα Ομσκ
        standard: Χειμερινή ώρα Ομσκ
        daylight: Θερινή ώρα Ομσκ
    Pakistan:
      long:
        generic: Ώρα Πακιστάν
        standard: Χειμερινή ώρα Πακιστάν
        daylight: Θερινή ώρα Πακιστάν
    Palau:
      long:
        standard: Ώρα Παλάου
    Papua_New_Guinea:
      long:
        standard: Ώρα Παπούας Νέας Γουινέας
    Paraguay:
      long:
        generic: Ώρα Παραγουάης
        standard: Χειμερινή ώρα Παραγουάης
        daylight: Θερινή ώρα Παραγουάης
    Peru:
      long:
        generic: Ώρα Περού
        standard: Χειμερινή ώρα Περού
        daylight: Θερινή ώρα Περού
    Philippines:
      long:
        generic: Ώρα Φιλιππινών
        standard: Χειμερινή ώρα Φιλιππινών
        daylight: Θερινή ώρα Φιλιππινών
    Phoenix_Islands:
      long:
        standard: Ώρα Νήσων Φοίνιξ
    Pierre_Miquelon:
      long:
        generic: Ώρα Σεν Πιερ και Μικελόν
        standard: Χειμερινή ώρα Σεν Πιερ και Μικελόν
        daylight: Θερινή ώρα Σεν Πιερ και Μικελόν
    Pitcairn:
      long:
        standard: Ώρα Πίτκερν
    Ponape:
      long:
        standard: Ώρα Πονάπε
    Pyongyang:
      long:
        standard: Ώρα Πιονγιάνγκ
    Reunion:
      long:
        standard: Ώρα Ρεϊνιόν
    Rothera:
      long:
        standard: Ώρα Ρόθερα
    Sakhalin:
      long:
        generic: Ώρα Σαχαλίνης
        standard: Χειμερινή ώρα Σαχαλίνης
        daylight: Θερινή ώρα Σαχαλίνης
    Samara:
      long:
        generic: Ώρα Σάμαρας
        standard: Χειμερινή ώρα Σάμαρας
        daylight: Θερινή ώρα Σαμάρας
    Samoa:
      long:
        generic: Ώρα Σαμόα
        standard: Χειμερινή ώρα Σαμόα
        daylight: Θερινή ώρα Σαμόα
    Seychelles:
      long:
        standard: Ώρα Σεϋχελλών
    Singapore:
      long:
        standard: Ώρα Σιγκαπούρης
    Solomon:
      long:
        standard: Ώρα Νήσων Σολομώντος
    South_Georgia:
      long:
        standard: Ώρα Νότιας Γεωργίας
    Suriname:
      long:
        standard: Ώρα Σουρινάμ
    Syowa:
      long:
        standard: Ώρα Σίοβα
    Tahiti:
      long:
        standard: Ώρα Ταϊτής
    Taipei:
      long:
        generic: Ώρα Ταϊπέι
        standard: Χειμερινή ώρα Ταϊπέι
        daylight: Θερινή ώρα Ταϊπέι
    Tajikistan:
      long:
        standard: Ώρα Τατζικιστάν
    Tokelau:
      long:
        standard: Ώρα Τοκελάου
    Tonga:
      long:
        generic: Ώρα Τόνγκα
        standard: Χειμερινή ώρα Τόνγκα
        daylight: Θερινή ώρα Τόνγκα
    Truk:
      long:
        standard: Ώρα Τσουκ
    Turkmenistan:
      long:
        generic: Ώρα Τουρκμενιστάν
        standard: Χειμερινή ώρα Τουρκμενιστάν
        daylight: Θερινή ώρα Τουρκμενιστάν
    Tuvalu:
      long:
        standard: Ώρα Τουβαλού
    Uruguay:
      long:
        generic: Ώρα Ουρουγουάης
        standard: Χειμερινή ώρα Ουρουγουάης
        daylight: Θερινή ώρα Ουρουγουάης
    Uzbekistan:
      long:
        generic: Ώρα Ουζμπεκιστάν
        standard: Χειμερινή ώρα Ουζμπεκιστάν
        daylight: Θερινή ώρα Ουζμπεκιστάν
    Vanuatu:
      long:
        generic: Ώρα Βανουάτου
        standard: Χειμερινή ώρα Βανουάτου
        daylight: Θερινή ώρα Βανουάτου
    Venezuela:
      long:
        standard: Ώρα Βενεζουέλας
    Vladivostok:
      long:
        generic: Ώρα Βλαδιβοστόκ
        standard: Χειμερινή ώρα Βλαδιβοστόκ
        daylight: Θερινή ώρα Βλαδιβοστόκ
    Volgograd:
      long:
        generic: Ώρα Βόλγκογκραντ
        standard: Χειμερινή ώρα Βόλγκογκραντ
        daylight: Θερινή ώρα Βόλγκογκραντ
    Vostok:
      long:
        standard: Ώρα Βόστοκ
    Wake:
      long:
        standard: Ώρα Νήσου Γουέικ
    Wallis:
      long:
        standard: Ώρα Ουάλις και Φουτούνα
    Yakutsk:
      long:
        generic: Ώρα Γιακούτσκ
        standard: Χειμερινή ώρα Γιακούτσκ
        daylight: Θερινή ώρα Γιακούτσκ
    Yekaterinburg:
      long:
        generic: Ώρα Αικατερίνμπουργκ
        standard: Χειμερινή ώρα Αικατερίνμπουργκ
        daylight: Θερινή ώρα Αικατερίνμπουργκ
    Yukon:
      long:
        standard: Ώρα Γιούκον
