---
locale: rm
generated_at: '2025-09-15T06:26:45Z'
cldr_version: '46'
timezone_names:
  formats:
    region_format: 'temp: {0}'
    region_format_daylight: 'temp da stad: {0}'
    region_format_standard: 'temp normal: {0}'
  zones:
    Etc/UTC:
      long:
        standard: Temp universal coordinà
    Etc/Unknown:
      exemplar_city: citad nunenconuschenta
    America/Anguilla:
      exemplar_city: The Valley
    Europe/Tirane:
      exemplar_city: Tirana
    Asia/Yerevan:
      exemplar_city: Jerevan
    Antarctica/Syowa:
      exemplar_city: Showa
    Antarctica/McMurdo:
      exemplar_city: Mac Murdo
    America/Argentina/San_Juan:
      exemplar_city: San Juan, Argentinia
    America/Argentina/Ushuaia:
      exemplar_city: Ushuaïa
    America/Jujuy:
      exemplar_city: San Salvador de Jujuy
    America/Argentina/Tucuman:
      exemplar_city: Tucumán
    America/Cordoba:
      exemplar_city: Córdoba
    America/Aruba:
      exemplar_city: Oranjestad
    Europe/Brussels:
      exemplar_city: Bruxelles
    Atlantic/Bermuda:
      exemplar_city: Bermudas
    Asia/Brunei:
      exemplar_city: Bandar Seri Begawan
    America/Eirunepe:
      exemplar_city: Eirunepé
    America/Cuiaba:
      exemplar_city: Cuiabá
    America/Belem:
      exemplar_city: Belém
    America/Araguaina:
      exemplar_city: Araguaína
    America/Sao_Paulo:
      exemplar_city: São Paulo
    America/Noronha:
      exemplar_city: Fernando de Noronha
    America/Belize:
      exemplar_city: Belmopan
    America/St_Johns:
      exemplar_city: Saint John’s
    Indian/Cocos:
      exemplar_city: West Island
    Europe/Zurich:
      exemplar_city: Turitg
    Pacific/Easter:
      exemplar_city: Insla da Pasca
    Asia/Urumqi:
      exemplar_city: Ürümqi
    Atlantic/Cape_Verde:
      exemplar_city: Cap Verd
    Indian/Christmas:
      exemplar_city: Flying Fish Cove
    Africa/Djibouti:
      exemplar_city: Dschibuti
    Africa/Algiers:
      exemplar_city: Algier
    Pacific/Galapagos:
      exemplar_city: Galápagos
    Africa/El_Aaiun:
      exemplar_city: El Aaiún
    Atlantic/Canary:
      exemplar_city: Inslas Canarias
    Africa/Addis_Ababa:
      exemplar_city: Addis Abeba
    Pacific/Fiji:
      exemplar_city: Fidschi
    Atlantic/Stanley:
      exemplar_city: Port Stanley
    Pacific/Truk:
      exemplar_city: Weno
    Pacific/Ponape:
      exemplar_city: Palikir
    Pacific/Kosrae:
      exemplar_city: Tofol
    Atlantic/Faeroe:
      exemplar_city: Inslas Feroe
    Europe/London:
      exemplar_city: Londra
      long:
        daylight: temp da stad britannic
    Europe/Guernsey:
      exemplar_city: Saint Peter Port
    America/Godthab:
      exemplar_city: Godthåb
    America/Guadeloupe:
      exemplar_city: Basse-Terre
    Europe/Athens:
      exemplar_city: Athen
    Atlantic/South_Georgia:
      exemplar_city: Georgia dal Sid
    Pacific/Guam:
      exemplar_city: Hagåtña
    Asia/Hong_Kong:
      exemplar_city: Hongkong
    Asia/Makassar:
      exemplar_city: Macassar
    Europe/Isle_of_Man:
      exemplar_city: Douglas
    Asia/Baghdad:
      exemplar_city: Bagdad
    Asia/Tehran:
      exemplar_city: Teheran
    Europe/Rome:
      exemplar_city: Roma
    Europe/Jersey:
      exemplar_city: Saint Helier
    America/Jamaica:
      exemplar_city: Giamaica
    Asia/Tokyo:
      exemplar_city: Tokio
    Asia/Bishkek:
      exemplar_city: Bischkek
    Pacific/Tarawa:
      exemplar_city: South Tarawa
    Indian/Comoro:
      exemplar_city: Comoras
    America/St_Kitts:
      exemplar_city: Saint Kitts
    Asia/Seoul:
      exemplar_city: Seul
    America/Cayman:
      exemplar_city: Inslas Cayman
    Asia/Aqtobe:
      exemplar_city: Aqtöbe
    America/St_Lucia:
      exemplar_city: Santa Lucia
    Europe/Luxembourg:
      exemplar_city: Luxemburg
    America/Montserrat:
      exemplar_city: Brades
    Indian/Maldives:
      exemplar_city: Maldivas
    America/Mazatlan:
      exemplar_city: Mazatlán
    America/Mexico_City:
      exemplar_city: Citad da Mexico
    Pacific/Noumea:
      exemplar_city: Nouméa
    Pacific/Norfolk:
      exemplar_city: Kingston
    Pacific/Nauru:
      exemplar_city: Yaren
    Pacific/Niue:
      exemplar_city: Alofi
    Asia/Muscat:
      exemplar_city: Mascate
    Pacific/Gambier:
      exemplar_city: Rikitea
    Asia/Karachi:
      exemplar_city: Karatschi
    Europe/Warsaw:
      exemplar_city: Varsovia
    America/Miquelon:
      exemplar_city: Saint Pierre
    Atlantic/Azores:
      exemplar_city: Azoras
    Europe/Lisbon:
      exemplar_city: Lissabon
    Pacific/Palau:
      exemplar_city: Melekok
    Europe/Bucharest:
      exemplar_city: Bucarest
    Europe/Moscow:
      exemplar_city: Moscau
    Asia/Yekaterinburg:
      exemplar_city: Jekaterinburg
    Asia/Novosibirsk:
      exemplar_city: Nowosibirsk
    Asia/Krasnoyarsk:
      exemplar_city: Krasnojarsk
    Asia/Yakutsk:
      exemplar_city: Jakutsk
    Asia/Sakhalin:
      exemplar_city: Sachalin
    Asia/Kamchatka:
      exemplar_city: Kamtschatka
    Asia/Riyadh:
      exemplar_city: Riyad
    Pacific/Guadalcanal:
      exemplar_city: Honiara
    Africa/Khartoum:
      exemplar_city: Khartum
    Asia/Singapore:
      exemplar_city: Singapur
    Atlantic/St_Helena:
      exemplar_city: Sontg’elena
    Africa/Mogadishu:
      exemplar_city: Mogadischu
    America/El_Salvador:
      exemplar_city: Salvador
    America/Grand_Turk:
      exemplar_city: Cockburn Town
    Africa/Lome:
      exemplar_city: Lomé
    Asia/Dushanbe:
      exemplar_city: Duschanbe
    Asia/Ashgabat:
      exemplar_city: Aşgabat
    Pacific/Tongatapu:
      exemplar_city: Nukuʻalofa
    Africa/Dar_es_Salaam:
      exemplar_city: Daressalam
    America/Anchorage:
      exemplar_city: Alasca
    America/North_Dakota/New_Salem:
      exemplar_city: North Dakota (New Salem)
    America/North_Dakota/Center:
      exemplar_city: North Dakota (Central)
    America/Indiana/Vincennes:
      exemplar_city: Vincennes
    America/Indiana/Petersburg:
      exemplar_city: Petersburg
    America/Indiana/Tell_City:
      exemplar_city: Tell City
    America/Indiana/Knox:
      exemplar_city: Knox
    America/Indiana/Winamac:
      exemplar_city: Winamac
    America/Indiana/Marengo:
      exemplar_city: Marengo
    America/Indiana/Vevay:
      exemplar_city: Vevay
    America/Kentucky/Monticello:
      exemplar_city: Monticello
    Asia/Samarkand:
      exemplar_city: Samarcanda
    Asia/Tashkent:
      exemplar_city: Taschkent
    America/St_Vincent:
      exemplar_city: Saint Vincent
    America/Tortola:
      exemplar_city: Road Town
    America/St_Thomas:
      exemplar_city: Saint Thomas
    Asia/Saigon:
      exemplar_city: Citad da Ho Chi Minh
    Pacific/Wallis:
      exemplar_city: Matāʻutu
  metazones:
    America_Central:
      long:
        generic: Temp central
        standard: Temp da standard central
        daylight: Temp da stad central
    America_Eastern:
      long:
        generic: Temp oriental
        standard: Temp da standard oriental
        daylight: Temp da stad oriental
    America_Mountain:
      long:
        generic: Temp da muntogna
        standard: Temp da standard da muntogna
        daylight: Temp da stad da muntogna
    America_Pacific:
      long:
        generic: Temp pacific
        standard: Temp da standard pacific
        daylight: Temp da stad pacific
    Atlantic:
      long:
        generic: Temp atlantic
        standard: Temp da standard atlantic
        daylight: Temp da stad atlantic
    Europe_Central:
      long:
        generic: Temp da l’Europa Centrala
        standard: Temp da standard da l’Europa Centrala
        daylight: Temp da stad da l’Europa Centrala
    Europe_Eastern:
      long:
        generic: Temp da l’Europa Orientala
        standard: Temp da standard da l’Europa Orientala
        daylight: Temp da stad da l’Europa Orientala
    Europe_Western:
      long:
        generic: Temp da l’Europa dal Vest
        standard: Temp da standard da l’Europa dal Vest
        daylight: Temp da stad da l’Europa dal Vest
    GMT:
      long:
        standard: Temp Greenwich
