---
locale: si
generated_at: '2025-09-15T06:26:47Z'
cldr_version: '46'
timezone_names:
  formats:
    hour_format: "+HH.mm;-HH.mm"
    gmt_format: ග්‍රිමවේ{0}
    region_format: "{0} වේලාව"
    region_format_daylight: "{0} දිවාආලෝක වේලාව"
    region_format_standard: "{0} සම්මත වේලාව"
  zones:
    Pacific/Honolulu:
      exemplar_city: හොනොලුලු
    Etc/UTC:
      long:
        standard: සමකක්ෂ සාර්ව වේලාව
    Etc/Unknown:
      exemplar_city: හඳුනා නොගත් නගරය
    Europe/Andorra:
      exemplar_city: ඇන්ඩෝරාව
    Asia/Dubai:
      exemplar_city: ඩුබායි
    Asia/Kabul:
      exemplar_city: කාබුල්
    America/Antigua:
      exemplar_city: ඇන්ටිගුවා
    America/Anguilla:
      exemplar_city: ඇන්ගුයිලාව
    Europe/Tirane:
      exemplar_city: ටිරානේ
    Asia/Yerevan:
      exemplar_city: යෙරෙවන්
    Africa/Luanda:
      exemplar_city: ලුවන්ඩා
    Antarctica/Rothera:
      exemplar_city: රොතෙරා
    Antarctica/Palmer:
      exemplar_city: පැල්මර්
    Antarctica/Troll:
      exemplar_city: ට්‍රෝල්
    Antarctica/Syowa:
      exemplar_city: සියෝවා
    Antarctica/Mawson:
      exemplar_city: මව්සන්
    Antarctica/Davis:
      exemplar_city: ඩේවිස්
    Antarctica/Vostok:
      exemplar_city: වොස්ටොක්
    Antarctica/Casey:
      exemplar_city: කැසේ
    Antarctica/DumontDUrville:
      exemplar_city: ඩුමොන්ට් ඩු‘ර්විල්
    Antarctica/McMurdo:
      exemplar_city: මැක්මුර්ඩෝ
    America/Argentina/Rio_Gallegos:
      exemplar_city: රියෝ ගලෙගොස්
    America/Mendoza:
      exemplar_city: මෙන්ඩෝසා
    America/Argentina/San_Juan:
      exemplar_city: සැන් ජුවාන්
    America/Argentina/Ushuaia:
      exemplar_city: උෂුඅයියා
    America/Argentina/La_Rioja:
      exemplar_city: ලා රිජෝලා
    America/Argentina/San_Luis:
      exemplar_city: සැන් ලුවිස්
    America/Catamarca:
      exemplar_city: කටමර්කා
    America/Argentina/Salta:
      exemplar_city: සොල්ටා
    America/Jujuy:
      exemplar_city: ජුජුයි
    America/Argentina/Tucuman:
      exemplar_city: ටුකුමන්
    America/Cordoba:
      exemplar_city: කොර්දොබා
    America/Buenos_Aires:
      exemplar_city: බුවනෝස් අයර්ස්
    Pacific/Pago_Pago:
      exemplar_city: පගෝ පගෝ
    Europe/Vienna:
      exemplar_city: වියනා
    Australia/Perth:
      exemplar_city: පර්ත්
    Australia/Eucla:
      exemplar_city: ඉයුක්ලා
    Australia/Darwin:
      exemplar_city: ඩාවින්
    Australia/Adelaide:
      exemplar_city: ඇඩිලේඩ්
    Australia/Broken_Hill:
      exemplar_city: බ්‍රෝකන් හිල්
    Australia/Melbourne:
      exemplar_city: මෙල්බෝර්න්
    Australia/Hobart:
      exemplar_city: හෝබාර්ට්
    Australia/Lindeman:
      exemplar_city: ලින්ඩේමන්
    Australia/Sydney:
      exemplar_city: සිඩ්නි
    Australia/Brisbane:
      exemplar_city: බ්‍රිස්බේන්
    Antarctica/Macquarie:
      exemplar_city: මක්කුවරි
    Australia/Lord_Howe:
      exemplar_city: ලෝර්ඩ් හෝව්
    America/Aruba:
      exemplar_city: අරූබා
    Europe/Mariehamn:
      exemplar_city: මරියෙහම්න්
    Asia/Baku:
      exemplar_city: බාකු
    Europe/Sarajevo:
      exemplar_city: සරාජෙවෝ
    America/Barbados:
      exemplar_city: බාබඩෝස්
    Asia/Dhaka:
      exemplar_city: ඩකා
    Europe/Brussels:
      exemplar_city: බ්‍රසල්ස්
    Africa/Ouagadougou:
      exemplar_city: ඔආගඩොගො
    Europe/Sofia:
      exemplar_city: සොෆියා
    Asia/Bahrain:
      exemplar_city: බහරේන්
    Africa/Bujumbura:
      exemplar_city: බුජුම්බුරා
    Africa/Porto-Novo:
      exemplar_city: පොර්තෝ-නොවෝ
    America/St_Barthelemy:
      exemplar_city: ශාන්ත බර්තලෙමි
    Atlantic/Bermuda:
      exemplar_city: බර්මියුඩා
    Asia/Brunei:
      exemplar_city: බෲනායි
    America/La_Paz:
      exemplar_city: ලා පස්
    America/Kralendijk:
      exemplar_city: ක්‍රලෙන්දිජ්ක්
    America/Eirunepe:
      exemplar_city: එයිරුනේප්
    America/Rio_Branco:
      exemplar_city: රියෝ බ්‍රන්කෝ
    America/Porto_Velho:
      exemplar_city: පොර්තෝ වෙල්හෝ
    America/Boa_Vista:
      exemplar_city: බොආ විස්ටා
    America/Manaus:
      exemplar_city: මැනෝස්
    America/Cuiaba:
      exemplar_city: කුයිඅබා
    America/Santarem:
      exemplar_city: සන්ටරේම්
    America/Campo_Grande:
      exemplar_city: කම්පෝ ග්‍රෑන්ඩ්
    America/Belem:
      exemplar_city: බෙලෙම්
    America/Araguaina:
      exemplar_city: ඇරගුඅයිනා
    America/Sao_Paulo:
      exemplar_city: සාවෝ පෝලො
    America/Bahia:
      exemplar_city: බහියා
    America/Fortaleza:
      exemplar_city: ෆොර්ටලේසා
    America/Maceio:
      exemplar_city: මසේයියෝ
    America/Recife:
      exemplar_city: රෙසිෆ්
    America/Noronha:
      exemplar_city: නොරොන්හා
    America/Nassau:
      exemplar_city: නස්සෝ
    Asia/Thimphu:
      exemplar_city: තිම්පු
    Africa/Gaborone:
      exemplar_city: ගැබරෝන්
    Europe/Minsk:
      exemplar_city: මින්ස්ක්
    America/Belize:
      exemplar_city: බෙලීස්
    America/Dawson:
      exemplar_city: ඩෝසන්
    America/Whitehorse:
      exemplar_city: වයිට්හෝර්ස්
    America/Inuvik:
      exemplar_city: ඉනුවික්
    America/Vancouver:
      exemplar_city: වැන්කුවර්
    America/Fort_Nelson:
      exemplar_city: ෆෝට් නෙල්සන්
    America/Dawson_Creek:
      exemplar_city: ඩෝසන් ක්‍රීක්
    America/Creston:
      exemplar_city: ක්‍රෙස්ටන්
    America/Edmonton:
      exemplar_city: එඩ්මන්ටන්
    America/Swift_Current:
      exemplar_city: ස්විෆ්ට් කරන්ට්
    America/Cambridge_Bay:
      exemplar_city: කේම්බ්‍රිජ් බොක්ක
    America/Regina:
      exemplar_city: රෙජිනා
    America/Winnipeg:
      exemplar_city: විනිපෙග්
    America/Resolute:
      exemplar_city: රෙසොලුට්
    America/Rankin_Inlet:
      exemplar_city: රැන්කින් පිවිසුම
    America/Coral_Harbour:
      exemplar_city: ඇටිකොකන්
    America/Toronto:
      exemplar_city: ටොරන්ටෝ
    America/Iqaluit:
      exemplar_city: ඉකාලුයිට්
    America/Moncton:
      exemplar_city: මොන්ක්ටන්
    America/Halifax:
      exemplar_city: හලිෆැක්ස්
    America/Goose_Bay:
      exemplar_city: ගූස් බොක්ක
    America/Glace_Bay:
      exemplar_city: ග්ලේස් බොක්ක
    America/Blanc-Sablon:
      exemplar_city: බ්ලැන්ක්-සැබ්ලන්
    America/St_Johns:
      exemplar_city: ශාන්ත ජෝන්ගේ
    Indian/Cocos:
      exemplar_city: කොකොස්
    Africa/Kinshasa:
      exemplar_city: කින්ශාසා
    Africa/Lubumbashi:
      exemplar_city: ලුබුම්බාශි
    Africa/Bangui:
      exemplar_city: බන්ගුයි
    Africa/Brazzaville:
      exemplar_city: බ්‍රසාවිල්
    Europe/Zurich:
      exemplar_city: සූරිච්
    Africa/Abidjan:
      exemplar_city: අබිජාන්
    Pacific/Rarotonga:
      exemplar_city: රරෝටෝන්ගා
    Pacific/Easter:
      exemplar_city: ඊස්ටර්
    America/Punta_Arenas:
      exemplar_city: පුන්ටා ඇරිනාස්
    America/Santiago:
      exemplar_city: සන්තියාගෝ
    Africa/Douala:
      exemplar_city: දෞඅලා
    Asia/Urumqi:
      exemplar_city: උරුම්කි
    Asia/Shanghai:
      exemplar_city: ෂැන්හයි
    America/Bogota:
      exemplar_city: බොගොටා
    America/Costa_Rica:
      exemplar_city: කොස්ටරිකා
    America/Havana:
      exemplar_city: හවානා
    Atlantic/Cape_Verde:
      exemplar_city: කේප් වර්ඩ්
    America/Curacao:
      exemplar_city: කුරකාවෝ
    Indian/Christmas:
      exemplar_city: ක්‍රිස්මස්
    Asia/Nicosia:
      exemplar_city: නිකෝසියා
    Asia/Famagusta:
      exemplar_city: ෆැමගුස්ටා
    Europe/Prague:
      exemplar_city: ප්‍රෙග්
    Europe/Busingen:
      exemplar_city: බුසින්ජෙන්
    Europe/Berlin:
      exemplar_city: බර්ලින්
    Africa/Djibouti:
      exemplar_city: ජිබුටි
    Europe/Copenhagen:
      exemplar_city: කෝපන්හේගන්
    America/Dominica:
      exemplar_city: ඩොමිනිකා
    America/Santo_Domingo:
      exemplar_city: සැන්ටෝ ඩොමින්ගෝ
    Africa/Algiers:
      exemplar_city: ඇල්ජියර්ස්
    Pacific/Galapagos:
      exemplar_city: ගලපගෝස්
    America/Guayaquil:
      exemplar_city: ගුඅයාකුයිල්
    Europe/Tallinn:
      exemplar_city: ටලින්
    Africa/Cairo:
      exemplar_city: කයිරෝ
    Africa/El_Aaiun:
      exemplar_city: එල් ආයුන්
    Africa/Asmera:
      exemplar_city: අස්මාරා
    Atlantic/Canary:
      exemplar_city: කැනරි
    Africa/Ceuta:
      exemplar_city: සෙයුටා
    Europe/Madrid:
      exemplar_city: මැඩ්රිඩ්
    Africa/Addis_Ababa:
      exemplar_city: අඩිස් අබාබා
    Europe/Helsinki:
      exemplar_city: හෙල්සින්කි
    Pacific/Fiji:
      exemplar_city: ෆීජි
    Atlantic/Stanley:
      exemplar_city: ස්ටැන්ලි
    Pacific/Truk:
      exemplar_city: චූක්
    Pacific/Ponape:
      exemplar_city: පොන්පෙයි
    Pacific/Kosrae:
      exemplar_city: කොස්රේ
    Atlantic/Faeroe:
      exemplar_city: ෆාරෝ
    Europe/Paris:
      exemplar_city: පැරිස්
    Africa/Libreville:
      exemplar_city: ලිබ්රවිල්
    Europe/London:
      exemplar_city: ලන්ඩන්
      long:
        daylight: බ්‍රිතාන්‍ය ගිම්හාන වේලාව
    America/Grenada:
      exemplar_city: ග්‍රැනඩා
    Asia/Tbilisi:
      exemplar_city: ට්බිලිසි
    America/Cayenne:
      exemplar_city: කේයෙන්
    Europe/Guernsey:
      exemplar_city: ගුවන්සේ
    Africa/Accra:
      exemplar_city: අක්රා
    Europe/Gibraltar:
      exemplar_city: ජිබ්රෝල්ටා
    America/Thule:
      exemplar_city: තුලේ
    America/Godthab:
      exemplar_city: නූක්
    America/Scoresbysund:
      exemplar_city: ඉටොකොර්ටෝමිට්
    America/Danmarkshavn:
      exemplar_city: ඩෙන්මාර්ක්ශව්න්
    Africa/Banjul:
      exemplar_city: බන්ජුල්
    Africa/Conakry:
      exemplar_city: කොනක්‍රි
    America/Guadeloupe:
      exemplar_city: ග්වාඩ්ලෝප්
    Africa/Malabo:
      exemplar_city: මලබෝ
    Europe/Athens:
      exemplar_city: ඇතැන්ස්
    Atlantic/South_Georgia:
      exemplar_city: දකුණු ජෝර්ජියාව
    America/Guatemala:
      exemplar_city: ගෝතමාලාව
    Pacific/Guam:
      exemplar_city: ගුවාම්
    Africa/Bissau:
      exemplar_city: බිසෝ
    America/Guyana:
      exemplar_city: ගයනාව
    Asia/Hong_Kong:
      exemplar_city: හොංකොං
    America/Tegucigalpa:
      exemplar_city: ටෙගුසිගල්පා
    Europe/Zagreb:
      exemplar_city: සග්රෙබ්
    America/Port-au-Prince:
      exemplar_city: පොර්ට්-ඕ-ප්‍රින්ස්
    Europe/Budapest:
      exemplar_city: බුඩාපෙස්ට්
    Asia/Jakarta:
      exemplar_city: ජකර්තා
    Asia/Pontianak:
      exemplar_city: පොන්ටියනක්
    Asia/Makassar:
      exemplar_city: මක්ස්සාර්
    Asia/Jayapura:
      exemplar_city: ජයපුර
    Europe/Dublin:
      exemplar_city: ඩබ්ලින්
      long:
        daylight: අයර්ලන්ත සම්මත වේලාව
    Asia/Jerusalem:
      exemplar_city: ජෙරුසලම
    Europe/Isle_of_Man:
      exemplar_city: අයිල් ඔෆ් මෑන්
    Asia/Calcutta:
      exemplar_city: කල්කටා
    Indian/Chagos:
      exemplar_city: චාගොස්
    Asia/Baghdad:
      exemplar_city: බැග්ඩෑඩ්
    Asia/Tehran:
      exemplar_city: ටෙහෙරාන්
    Atlantic/Reykjavik:
      exemplar_city: රෙයික්ජාවික්
    Europe/Rome:
      exemplar_city: රෝමය
    Europe/Jersey:
      exemplar_city: ජර්සි
    America/Jamaica:
      exemplar_city: ජැමෙයිකා
    Asia/Amman:
      exemplar_city: අම්මාන්
    Asia/Tokyo:
      exemplar_city: ටෝකියෝ
    Africa/Nairobi:
      exemplar_city: නයිරෝබි
    Asia/Bishkek:
      exemplar_city: බිශ්කෙක්
    Asia/Phnom_Penh:
      exemplar_city: නොම් පෙන්
    Pacific/Enderbury:
      exemplar_city: එන්ඩර්බරි
    Pacific/Kanton:
      exemplar_city: කැන්ටන්
    Pacific/Kiritimati:
      exemplar_city: කිරිමටි
    Pacific/Tarawa:
      exemplar_city: ටරාවා
    Indian/Comoro:
      exemplar_city: කොමොරෝ
    America/St_Kitts:
      exemplar_city: ශාන්ත කිට්ස්
    Asia/Pyongyang:
      exemplar_city: ප්යෝන්ග්යැන්ග්
    Asia/Seoul:
      exemplar_city: සෝල්
    Asia/Kuwait:
      exemplar_city: කුවේට්
    America/Cayman:
      exemplar_city: කේමන්
    Asia/Aqtau:
      exemplar_city: අක්ටෝ
    Asia/Oral:
      exemplar_city: ඔරාල්
    Asia/Atyrau:
      exemplar_city: ඇටිරවු
    Asia/Aqtobe:
      exemplar_city: අක්ටෝබ්
    Asia/Qostanay:
      exemplar_city: කොස්තානේ
    Asia/Qyzylorda:
      exemplar_city: ක්යිසිලෝර්ඩා
    Asia/Almaty:
      exemplar_city: අල්මටි
    Asia/Vientiane:
      exemplar_city: වියැන්ටියන්
    Asia/Beirut:
      exemplar_city: බීරුට්
    America/St_Lucia:
      exemplar_city: ශාන්ත ලුසියා
    Europe/Vaduz:
      exemplar_city: වඩුස්
    Asia/Colombo:
      exemplar_city: කොළඹ
    Africa/Monrovia:
      exemplar_city: මොන්රොවියා
    Africa/Maseru:
      exemplar_city: මසේරු
    Europe/Vilnius:
      exemplar_city: විල්නියුස්
    Europe/Luxembourg:
      exemplar_city: ලක්සැම්බර්ග්
    Europe/Riga:
      exemplar_city: රිගා
    Africa/Tripoli:
      exemplar_city: ට්‍රිපොලි
    Africa/Casablanca:
      exemplar_city: කැසබ්ලන්කා
    Europe/Monaco:
      exemplar_city: මොනැකෝ
    Europe/Chisinau:
      exemplar_city: චිසිනෝ
    Europe/Podgorica:
      exemplar_city: පොඩ්ගොරිකා
    America/Marigot:
      exemplar_city: මැරිගොට්
    Indian/Antananarivo:
      exemplar_city: ඇන්ටනානරිවෝ
    Pacific/Kwajalein:
      exemplar_city: ක්වාජලෙයින්
    Pacific/Majuro:
      exemplar_city: මජුරෝ
    Europe/Skopje:
      exemplar_city: ස්කොප්ජේ
    Africa/Bamako:
      exemplar_city: බමකො
    Asia/Rangoon:
      exemplar_city: රැංගුන්
    Asia/Hovd:
      exemplar_city: හොව්ඩ්
    Asia/Ulaanbaatar:
      exemplar_city: උලාන්බාටර්
    Asia/Macau:
      exemplar_city: මැකාවු
    Pacific/Saipan:
      exemplar_city: සයිපාන්
    America/Martinique:
      exemplar_city: මාටිනික්
    Africa/Nouakchott:
      exemplar_city: නුආක්චොට්
    America/Montserrat:
      exemplar_city: මොන්ට්සේරාට්
    Europe/Malta:
      exemplar_city: මෝල්ටා
    Indian/Mauritius:
      exemplar_city: මුරුසිය
    Indian/Maldives:
      exemplar_city: මාල දිවයින
    Africa/Blantyre:
      exemplar_city: බ්ලන්ටයර්
    America/Tijuana:
      exemplar_city: ටිජුආනා
    America/Hermosillo:
      exemplar_city: හෙමොසිලෝ
    America/Ciudad_Juarez:
      exemplar_city: සියුඩාඩ් ජුවාරෙස්
    America/Mazatlan:
      exemplar_city: මසට්ලාන්
    America/Chihuahua:
      exemplar_city: චිහුආහුආ
    America/Bahia_Banderas:
      exemplar_city: බහියා බන්දෙරාස්
    America/Ojinaga:
      exemplar_city: ඔජිනගා
    America/Monterrey:
      exemplar_city: මොන්ටෙරේ
    America/Mexico_City:
      exemplar_city: මෙක්සිකෝ නගරය
    America/Matamoros:
      exemplar_city: මටමොරොස්
    America/Merida:
      exemplar_city: මෙරිඩා
    America/Cancun:
      exemplar_city: කැන්කුන්
    Asia/Kuala_Lumpur:
      exemplar_city: ක්වාලාලම්පූර්
    Asia/Kuching:
      exemplar_city: කුචිං
    Africa/Maputo:
      exemplar_city: මපුටෝ
    Africa/Windhoek:
      exemplar_city: වින්ඩ්හොඑක්
    Pacific/Noumea:
      exemplar_city: නෝමියා
    Africa/Niamey:
      exemplar_city: නියාමේ
    Pacific/Norfolk:
      exemplar_city: නෝෆෝක්
    Africa/Lagos:
      exemplar_city: ලාගෝස්
    America/Managua:
      exemplar_city: මනගුආ
    Europe/Amsterdam:
      exemplar_city: ඇම්ස්ටර්ඩෑම්
    Europe/Oslo:
      exemplar_city: ඔස්ලෝ
    Asia/Katmandu:
      exemplar_city: කත්මන්ඩු
    Pacific/Nauru:
      exemplar_city: නවුරු
    Pacific/Niue:
      exemplar_city: නියු
    Pacific/Chatham:
      exemplar_city: චැතම්
    Pacific/Auckland:
      exemplar_city: ඕක්ලන්ඩ්
    Asia/Muscat:
      exemplar_city: මස්කට්
    America/Panama:
      exemplar_city: පැනමා
    America/Lima:
      exemplar_city: ලීමා
    Pacific/Tahiti:
      exemplar_city: ටහිති
    Pacific/Marquesas:
      exemplar_city: මාකුවෙසාස්
    Pacific/Gambier:
      exemplar_city: ගම්බියෙර්
    Pacific/Port_Moresby:
      exemplar_city: පොර්ට් මොරෙස්බි
    Pacific/Bougainville:
      exemplar_city: බෝගන්විලා
    Asia/Manila:
      exemplar_city: මැනිලා
    Asia/Karachi:
      exemplar_city: කරච්චිචි
    Europe/Warsaw:
      exemplar_city: වර්සෝ
    America/Miquelon:
      exemplar_city: මිකියුලන්
    Pacific/Pitcairn:
      exemplar_city: පිට්කෙයාන්
    America/Puerto_Rico:
      exemplar_city: පුවටොරිකෝව
    Asia/Gaza:
      exemplar_city: ගාසා
    Asia/Hebron:
      exemplar_city: හෙබ්රෝන්
    Atlantic/Azores:
      exemplar_city: ඇසොරේ
    Atlantic/Madeira:
      exemplar_city: මඩෙයිරා
    Europe/Lisbon:
      exemplar_city: ලිස්බන්
    Pacific/Palau:
      exemplar_city: පලාවු
    America/Asuncion:
      exemplar_city: අසුන්සියොන්
    Asia/Qatar:
      exemplar_city: කටාර්
    Indian/Reunion:
      exemplar_city: රියුනියන්
    Europe/Bucharest:
      exemplar_city: බුකාරෙස්ට්
    Europe/Belgrade:
      exemplar_city: බෙල්ග්‍රේඩ්ඩ්
    Europe/Kaliningrad:
      exemplar_city: කලිනින්ග්‍රෑඩ්
    Europe/Moscow:
      exemplar_city: මොස්කව්
    Europe/Volgograd:
      exemplar_city: වොල්ගොග්‍රෑඩ්
    Europe/Saratov:
      exemplar_city: සරටොව්
    Europe/Astrakhan:
      exemplar_city: අස්ට්‍රඛාන්
    Europe/Ulyanovsk:
      exemplar_city: උල්යනොව්ස්ක්
    Europe/Kirov:
      exemplar_city: කිරොව්
    Europe/Samara:
      exemplar_city: සමරා
    Asia/Yekaterinburg:
      exemplar_city: යෙකටරින්බර්ග්
    Asia/Omsk:
      exemplar_city: ඔම්ස්ක්
    Asia/Novosibirsk:
      exemplar_city: නොවොසිබර්ස්ක්
    Asia/Barnaul:
      exemplar_city: බර්නෞල්
    Asia/Tomsk:
      exemplar_city: ටොම්ස්ක්
    Asia/Novokuznetsk:
      exemplar_city: නොවොකුස්නේට්ස්ක්
    Asia/Krasnoyarsk:
      exemplar_city: ක්‍රස්නෝයාර්ස්ක්
    Asia/Irkutsk:
      exemplar_city: ඉරකුට්ස්ක්
    Asia/Chita:
      exemplar_city: චිටා
    Asia/Yakutsk:
      exemplar_city: යකුට්ස්ක්
    Asia/Vladivostok:
      exemplar_city: ව්ලඩිවොස්ටොක්
    Asia/Khandyga:
      exemplar_city: ඛන්ඩිගා
    Asia/Sakhalin:
      exemplar_city: සක්හලින්
    Asia/Ust-Nera:
      exemplar_city: උස්ට්-නෙරා
    Asia/Magadan:
      exemplar_city: මගඩන්
    Asia/Srednekolymsk:
      exemplar_city: ශ්‍රෙඩ්නෙකෝලිම්සක්
    Asia/Kamchatka:
      exemplar_city: කම්චට්කා
    Asia/Anadyr:
      exemplar_city: ඇනාදිය්ර්
    Africa/Kigali:
      exemplar_city: කිගාලි
    Asia/Riyadh:
      exemplar_city: රියාද්
    Pacific/Guadalcanal:
      exemplar_city: ගුවාඩල්කැනල්
    Indian/Mahe:
      exemplar_city: මාහේ
    Africa/Khartoum:
      exemplar_city: කාර්ටොම්
    Europe/Stockholm:
      exemplar_city: ස්ටොක්හෝම්
    Asia/Singapore:
      exemplar_city: සිංගප්පූරුව
    Atlantic/St_Helena:
      exemplar_city: ශා. හෙලේනා
    Europe/Ljubljana:
      exemplar_city: ල්ජුබුල්ජනා
    Arctic/Longyearbyen:
      exemplar_city: ලෝන්ග්ඉයර්බියෙන්
    Europe/Bratislava:
      exemplar_city: බ්‍රටිස්ලවා
    Africa/Freetown:
      exemplar_city: ෆ්‍රීටවුන්
    Europe/San_Marino:
      exemplar_city: සැන් මැරිනෝ
    Africa/Dakar:
      exemplar_city: ඩකර්
    Africa/Mogadishu:
      exemplar_city: මොගඩිෂු
    America/Paramaribo:
      exemplar_city: පැරාමරිබෝ
    Africa/Juba:
      exemplar_city: ජුබා
    Africa/Sao_Tome:
      exemplar_city: සාඕ තෝම්
    America/El_Salvador:
      exemplar_city: එල්සැල්වදෝර්
    America/Lower_Princes:
      exemplar_city: ලෝවර් ප්‍රින්සස් ක්වාටර්
    Asia/Damascus:
      exemplar_city: ඩැමස්කස්
    Africa/Mbabane:
      exemplar_city: ම්බබානේ
    America/Grand_Turk:
      exemplar_city: ග්රෑන්ඩ් ටර්ක්
    Africa/Ndjamena:
      exemplar_city: ද්ජමෙනා
    Indian/Kerguelen:
      exemplar_city: කෙර්ගුඑලෙන්
    Africa/Lome:
      exemplar_city: ලෝම්
    Asia/Bangkok:
      exemplar_city: බැංකොක්
    Asia/Dushanbe:
      exemplar_city: ඩුශන්බේ
    Pacific/Fakaofo:
      exemplar_city: ෆාකාඕෆෝ
    Asia/Dili:
      exemplar_city: ඩිලි
    Asia/Ashgabat:
      exemplar_city: අශ්ගබැට්
    Africa/Tunis:
      exemplar_city: ටියුනිස්
    Pacific/Tongatapu:
      exemplar_city: ටොන්ගටාපු
    Europe/Istanbul:
      exemplar_city: ඉස්තාන්බුල්
    America/Port_of_Spain:
      exemplar_city: පොර්ට් ඔෆ් ස්පෙයින්
    Pacific/Funafuti:
      exemplar_city: ෆුනෆුටි
    Asia/Taipei:
      exemplar_city: තායිපෙ
    Africa/Dar_es_Salaam:
      exemplar_city: දාර් එස් සලාම්
    Europe/Kiev:
      exemplar_city: කිව්
    Europe/Simferopol:
      exemplar_city: සිම්ෆෙරෝපොල්
    Africa/Kampala:
      exemplar_city: කම්පාලා
    Pacific/Midway:
      exemplar_city: මිඩ්වේ
    Pacific/Wake:
      exemplar_city: වේක්
    America/Adak:
      exemplar_city: ඇඩක්
    America/Nome:
      exemplar_city: නෝම්
    America/Anchorage:
      exemplar_city: ඇනකොරාජ්
    America/Yakutat:
      exemplar_city: යකුටට්
    America/Sitka:
      exemplar_city: සිට්කා
    America/Juneau:
      exemplar_city: ජූනෝ
    America/Metlakatla:
      exemplar_city: මෙට්ලකට්ලා
    America/Los_Angeles:
      exemplar_city: ලොස් ඇන්ජලීස්
    America/Boise:
      exemplar_city: බොයිසි
    America/Phoenix:
      exemplar_city: ෆීනික්ස්
    America/Denver:
      exemplar_city: ඩෙන්වර්
    America/North_Dakota/Beulah:
      exemplar_city: බියුලා, උතුරු ඩකෝටා
    America/North_Dakota/New_Salem:
      exemplar_city: නව සලෙම්ම, උතුරු ඩකෝටා
    America/North_Dakota/Center:
      exemplar_city: මධ්‍යම, උතුරු ඩකෝටා
    America/Chicago:
      exemplar_city: චිකාගෝ
    America/Menominee:
      exemplar_city: මෙනොමිනී
    America/Indiana/Vincennes:
      exemplar_city: වින්සනස්, ඉන්දියානා
    America/Indiana/Petersburg:
      exemplar_city: පීටර්ස්බර්ග්, ඉන්දියානා
    America/Indiana/Tell_City:
      exemplar_city: ටෙල් නගරය, ඉන්දියානා
    America/Indiana/Knox:
      exemplar_city: නොක්ස්, ඉන්දියානා
    America/Indiana/Winamac:
      exemplar_city: විනමැක්, ඉන්දියානා
    America/Indiana/Marengo:
      exemplar_city: මරෙන්ගෝ, ඉන්දියානා
    America/Indianapolis:
      exemplar_city: ඉන්ඩියානපොලිස්
    America/Louisville:
      exemplar_city: ලුවිස්විල්
    America/Indiana/Vevay:
      exemplar_city: වෙවේ, ඉන්දියානා
    America/Kentucky/Monticello:
      exemplar_city: මොන්ටිසෙලෝ, කෙන්ටකි
    America/Detroit:
      exemplar_city: ඩෙත්රුවා
    America/New_York:
      exemplar_city: නිව්යෝක්
    America/Montevideo:
      exemplar_city: මොන්ටෙවිඩියෝ
    Asia/Samarkand:
      exemplar_city: සාමාර්කන්ඩ්
    Asia/Tashkent:
      exemplar_city: ටෂ්කෙන්ට්
    Europe/Vatican:
      exemplar_city: වතිකානුව
    America/St_Vincent:
      exemplar_city: ශාන්ත වින්ට්සන්
    America/Caracas:
      exemplar_city: කරකස්
    America/Tortola:
      exemplar_city: ටොර්ටෝලා
    America/St_Thomas:
      exemplar_city: ශාන්ත තෝමස්
    Asia/Saigon:
      exemplar_city: හෝචි මිං නගරය
    Pacific/Efate:
      exemplar_city: එෆාත්
    Pacific/Wallis:
      exemplar_city: වැලිස්
    Pacific/Apia:
      exemplar_city: ඇපියා
    Asia/Aden:
      exemplar_city: ඒඩ්න්
    Indian/Mayotte:
      exemplar_city: මයෝටි
    Africa/Johannesburg:
      exemplar_city: ජොහන්නස්බර්ග්
    Africa/Lusaka:
      exemplar_city: ලුසාකා
    Africa/Harare:
      exemplar_city: හරාරේ
  metazones:
    Afghanistan:
      long:
        standard: ඇෆ්ගනිස්ථාන වේලාව
    Africa_Central:
      long:
        standard: මධ්‍යම අප්‍රිකානු වේලාව
    Africa_Eastern:
      long:
        standard: නැගෙනහිර අප්‍රිකානු වේලාව
    Africa_Southern:
      long:
        standard: දකුණු අප්‍රිකානු වේලාව
    Africa_Western:
      long:
        generic: බටහිර අප්‍රිකානු වේලාව
        standard: බටහිර අප්‍රිකානු සම්මත වේලාව
        daylight: බටහිර අප්‍රිකානු ග්‍රීෂ්ම කාලය
    Alaska:
      long:
        generic: ඇලස්කා වේලාව
        standard: ඇලස්කා සම්මත වේලාව
        daylight: ඇලස්කා දිවාආලෝක වේලාව
    Amazon:
      long:
        generic: ඇමර්සන් වේලාව
        standard: ඇමර්සන් සම්මත වේලාව
        daylight: ඇමර්සන් ග්‍රීෂ්ම කාලය
    America_Central:
      long:
        generic: උතුරු ඇමරිකානු මධ්‍යම වේලාව
        standard: උතුරු ඇමරිකානු මධ්‍යම සම්මත වේලාව
        daylight: උතුරු ඇමරිකානු මධ්‍යම දිවාආලෝක වේලාව
    America_Eastern:
      long:
        generic: උතුරු ඇමරිකානු නැගෙනහිර වේලාව
        standard: උතුරු ඇමරිකානු නැගෙනහිර සම්මත වේලාව
        daylight: උතුරු ඇමරිකානු නැගෙනහිර දිවාආලෝක වේලාව
    America_Mountain:
      long:
        generic: උතුරු ඇමරිකානු කඳුකර වේලාව
        standard: උතුරු ඇමරිකානු කඳුකර සම්මත වේලාව
        daylight: උතුරු ඇමරිකානු කඳුකර දිවාආලෝක වේලාව
    America_Pacific:
      long:
        generic: උතුරු ඇමරිකානු පැසිෆික් වේලාව
        standard: උතුරු ඇමරිකානු පැසිෆික් සම්මත වේලාව
        daylight: උතුරු ඇමරිකානු පැසිෆික් දිවාආලෝක වේලාව
    Apia:
      long:
        generic: අපියා වේලාව
        standard: අපියා සම්මත වේලාව
        daylight: අපියා දිවා වේලාව
    Arabian:
      long:
        generic: අරාබි වේලාව
        standard: අරාබි සම්මත වේලාව
        daylight: අරාබි දහවල් වේලාව
    Argentina:
      long:
        generic: ආර්ජන්ටිනා වේලාව
        standard: ආර්ජන්ටිනා සම්මත වේලාව
        daylight: ආර්ජන්ටිනා ග්‍රීෂ්ම කාලය
    Argentina_Western:
      long:
        generic: බටහිර ආර්ජන්ටිනා වේලාව
        standard: බටහිර ආර්ජන්ටිනා සම්මත වේලාව
        daylight: බටහිර ආර්ජන්ටිනා ග්‍රීෂ්ම කාලය
    Armenia:
      long:
        generic: ආමේනියානු වේලාව
        standard: ආමේනියානු සම්මත වේලාව
        daylight: ආමේනියානු ග්‍රීෂ්ම වේලාව
    Atlantic:
      long:
        generic: අත්ලාන්තික් වේලාව
        standard: අත්ලාන්තික් සම්මත වේලාව
        daylight: අත්ලාන්තික් දිවාආලෝක වේලාව
    Australia_Central:
      long:
        generic: මධ්‍යම ඕස්ට්‍රේලියානු වේලාව
        standard: ඕස්ට්‍රේලියානු සම්මත වේලාව
        daylight: මධ්‍යම ඔස්ට්‍රේලියානු දහවල් වේලාව
    Australia_CentralWestern:
      long:
        generic: මධ්‍යම බටහිර ඔස්ට්‍රේලියානු වේලාව
        standard: මධ්‍යම බටහිර ඔස්ට්‍රේලියානු සම්මත වේලාව
        daylight: මධ්‍යම බටහිර ඔස්ට්‍රේලියානු දහවල් වේලාව
    Australia_Eastern:
      long:
        generic: නැගෙනහිර ඕස්ට්‍රේලියානු වේලාව
        standard: නැගෙනහිර ඕස්ට්‍රේලියානු සම්මත වේලාව
        daylight: නැඟෙනහිර ඕස්ට්‍රේලියානු දහවල් වේලාව
    Australia_Western:
      long:
        generic: බටහිර ඕස්ට්‍රේලියානු වේලාව
        standard: බටහිර ඕස්ට්‍රේලියානු සම්මත වේලාව
        daylight: බටහිර ඔස්ට්‍රේලියානු දහවල් වේලාව
    Azerbaijan:
      long:
        generic: අසර්බයිජාන් වේලාව
        standard: අසර්බයිජාන් සම්මත වේලාව
        daylight: අසර්බයිජාන් ග්‍රීෂ්ම වේලාව
    Azores:
      long:
        generic: ඇසොර්ස් වේලාව
        standard: ඇසොර්ස් සම්මත වේලාව
        daylight: ඇසොර්ස් ග්‍රීෂ්ම වේලාව
    Bangladesh:
      long:
        generic: බංගලාදේශ වේලාව
        standard: බංගලාදේශ සම්මත වේලාව
        daylight: බංගලාදේශ ග්‍රීෂ්ම කාලය
    Bhutan:
      long:
        standard: භුතාන වේලාව
    Bolivia:
      long:
        standard: බොලිවියා වේලාව
    Brasilia:
      long:
        generic: බ්‍රසීල වේලාව
        standard: බ්‍රසීල සම්මත වේලාව
        daylight: බ්‍රසීල ග්‍රීෂ්ම කාලය
    Brunei:
      long:
        standard: බෘනායි දරුස්සලාම් වේලාව
    Cape_Verde:
      long:
        generic: කේප්වේඩ් වේලාව
        standard: කේප්වේඩ් සම්මත වේලාව
        daylight: කේප්වේඩ් ග්‍රීෂ්ම කාලය
    Chamorro:
      long:
        standard: චමොරෝ වේලාව
    Chatham:
      long:
        generic: චැතම් වේලාව
        standard: චැතම් සම්මත වේලාව
        daylight: චැතම් දිවා වේලාව
    Chile:
      long:
        generic: චිලී වේලාව
        standard: චිලී සම්මත වේලාව
        daylight: චිලී ග්‍රීෂ්ම කාලය
    China:
      long:
        generic: චීන වේලාව
        standard: චීන සම්මත වේලාව
        daylight: චීන දහවල් වේලාව
    Christmas:
      long:
        standard: ක්‍රිස්මස් දුපත් වේලාව
    Cocos:
      long:
        standard: කොකෝස් දුපත් වේලාව
    Colombia:
      long:
        generic: කොලොම්බියා වේලාව
        standard: කොලොම්බියා සම්මත වේලාව
        daylight: කොලොම්බියා ග්‍රීෂ්ම කාලය
    Cook:
      long:
        generic: කුක් දුපත් වේලාව
        standard: කුක් දුපත් සම්මත වේලාව
        daylight: කුක් දුපත් භාග ග්‍රීෂ්ම වේලාව
    Cuba:
      long:
        generic: කියුබානු වේලාව
        standard: කියුබානු සම්මත වේලාව
        daylight: කියුබානු දිවාආලෝක වේලාව
    Davis:
      long:
        standard: ඩාවිස් වේලාව
    DumontDUrville:
      long:
        standard: දුමොන්ත්-ඩ්උර්විල් වේලාව
    East_Timor:
      long:
        standard: නැගෙනහිර ටිමෝර් වේලාව
    Easter:
      long:
        generic: ඊස්ටර් දූපත් වේලාව
        standard: ඊස්ටර් දූපත් සම්මත වේලාව
        daylight: ඊස්ටර් දූපත් ග්‍රීෂ්ම කාලය
    Ecuador:
      long:
        standard: ඉක්වදෝර් වේලාව
    Europe_Central:
      long:
        generic: මධ්‍යම යුරෝපීය වේලාව
        standard: මධ්‍යම යුරෝපීය සම්මත වේලාව
        daylight: මධ්‍යම යුරෝපීය ග්‍රීෂ්ම වේලාව
    Europe_Eastern:
      long:
        generic: නැගෙනහිර යුරෝපීය වේලාව
        standard: නැගෙනහිර යුරෝපීය සම්මත වේලාව
        daylight: නැගෙනහිර යුරෝපීය ග්‍රීෂ්ම වේලාව
    Europe_Further_Eastern:
      long:
        standard: තවත්-නැගෙනහිර යුරෝපීය වේලාව
    Europe_Western:
      long:
        generic: බටහිර යුරෝපීය වේලාව
        standard: බටහිර යුරෝපීය සම්මත වේලාව
        daylight: බටහිර යුරෝපීය ග්‍රීෂ්ම වේලාව
    Falkland:
      long:
        generic: ෆෝක්ලන්ඩ් දූපත් වේලාව
        standard: ෆෝක්ලන්ඩ් දූපත් සම්මත වේලාව
        daylight: ෆෝක්ලන්ඩ් දූපත් ග්‍රීෂ්ම කාලය
    Fiji:
      long:
        generic: ෆිජි වේලාව
        standard: ෆිජි සම්මත වේලාව
        daylight: ෆිජි ග්‍රීෂ්ම වේලාව
    French_Guiana:
      long:
        standard: ප්‍රංශ ගයනා වේලාව
    French_Southern:
      long:
        standard: ප්‍රංශ දකුණුදිග සහ ඇන්ටාර්ක්ටික් වේලාව
    Galapagos:
      long:
        standard: ගලපගොස් වේලාව
    Gambier:
      long:
        standard: ගැම්බියර් වේලාව
    Georgia:
      long:
        generic: ජෝර්ජියානු වේලාව
        standard: ජෝර්ජියානු සම්මත වේලාව
        daylight: ජෝර්ජියානු ග්‍රීෂ්ම වේලාව
    Gilbert_Islands:
      long:
        standard: ගිල්බර්ට් දුපත් වේලාව
    GMT:
      long:
        standard: ග්‍රිනිච් මධ්‍යම වේලාව
    Greenland_Eastern:
      long:
        generic: නැගෙනහිර ග්‍රීන්ලන්ත වේලාව
        standard: නැගෙනහිර ග්‍රීන්ලන්ත සම්මත වේලාව
        daylight: නැගෙනහිර ග්‍රීන්ලන්ත ග්‍රීෂ්ම කාලය
    Greenland_Western:
      long:
        generic: බටහිර ග්‍රීන්ලන්ත වේලාව
        standard: බටහිර ග්‍රීන්ලන්ත සම්මත වේලාව
        daylight: බටහිර ග්‍රීන්ලන්ත ග්‍රීෂ්ම කාලය
    Gulf:
      long:
        standard: ගල්ෆ් වේලාව
    Guyana:
      long:
        standard: ගයනා වේලාව
    Hawaii_Aleutian:
      long:
        generic: හවායි-අලෙයුතියාන් වේලාව
        standard: හවායි-අලෙයුතියාන් සම්මත වේලාව
        daylight: හවායි-අලෙයුතියාන් දිවාආලෝක වේලාව
    Hong_Kong:
      long:
        generic: හොංකොං වේලාව
        standard: හොංකොං සම්මත වේලාව
        daylight: හොංකොං ග්‍රීෂ්ම වේලාව
    Hovd:
      long:
        generic: හොව්ඩ් වේලාව
        standard: හොව්ඩ් සම්මත වේලාව
        daylight: හොව්ඩ් ග්‍රීෂ්ම වේලාව
    India:
      long:
        standard: ඉන්දියානු වේලාව
    Indian_Ocean:
      long:
        standard: ඉන්දියන් සාගර වේලාව
    Indochina:
      long:
        standard: ඉන්දුචීන වේලාව
    Indonesia_Central:
      long:
        standard: මධ්‍යම ඉන්දුනීසියානු වේලාව
    Indonesia_Eastern:
      long:
        standard: නැගෙනහිර ඉන්දුනීසියානු වේලාව
    Indonesia_Western:
      long:
        standard: බටහිර ඉන්දුනීසියානු වේලාව
    Iran:
      long:
        generic: ඉරාන වේලාව
        standard: ඉරාන සම්මත වේලාව
        daylight: ඉරාන දිවා කාලය
    Irkutsk:
      long:
        generic: ඉර්කුට්ස්ක් වේලාව
        standard: ඉර්කුට්ස්ක් සම්මත වේලාව
        daylight: ඉර්කුට්ස්ක් ග්‍රීෂ්ම වේලාව
    Israel:
      long:
        generic: ඊශ්‍රායල වේලාව
        standard: ඊශ්‍රායල සම්මත වේලාව
        daylight: ඊශ්‍රායල දහවල් වේලාව
    Japan:
      long:
        generic: ජපාන වේලාව
        standard: ජපාන සම්මත වේලාව
        daylight: ජපාන දහවල් වේලාව
    Kazakhstan:
      long:
        standard: කසකස්තාන වේලාව
    Kazakhstan_Eastern:
      long:
        standard: නැගෙනහිර කසකස්තාන වේලාව
    Kazakhstan_Western:
      long:
        standard: බටහිර කසකස්තාන වේලාව
    Korea:
      long:
        generic: කොරියානු වේලාව
        standard: කොරියානු සම්මත වේලාව
        daylight: කොරියානු දහවල් වේලාව
    Kosrae:
      long:
        standard: කොස්රේ වේලාව
    Krasnoyarsk:
      long:
        generic: ක්‍රස්නොයාර්ස්ක් වේලාව
        standard: ක්‍රස්නොයාර්ස්ක් සම්මත වේලාව
        daylight: ක්‍රස්නොයාර්ස්ක් ග්‍රීෂ්ම වේලාව
    Kyrgystan:
      long:
        standard: කිර්ගිස්තාන වේලාව
    Lanka:
      long:
        standard: ශ්‍රී ලංකා වේලාව
    Line_Islands:
      long:
        standard: ලයින් දුපත් වේලාව
    Lord_Howe:
      long:
        generic: ලෝර්ඩ් හෝව් වේලාව
        standard: ලෝර්ඩ් හෝව් සම්මත වේලාව
        daylight: ලෝර්ඩ් හෝව් දිවා වේලාව
    Magadan:
      long:
        generic: මෙගඩන් වේලාව
        standard: මෙගඩන් සම්මත වේලාව
        daylight: මෙගඩන් ග්‍රීෂ්ම වේලාව
    Malaysia:
      long:
        standard: මැලේසියානු වේලාව
    Maldives:
      long:
        standard: මාලදිවයින් වේලාව
    Marquesas:
      long:
        standard: මාර්කුඑසාස් වේලාව
    Marshall_Islands:
      long:
        standard: මාර්ෂල් දුපත් වේලාව
    Mauritius:
      long:
        generic: මුරුසි වේලාව
        standard: මුරුසි සම්මත වේලාව
        daylight: මුරුසි ග්‍රීෂ්ම කාලය
    Mawson:
      long:
        standard: මොව්සන් වේලාව
    Mexico_Pacific:
      long:
        generic: මෙක්සිකෝ පැසිෆික් වේලාව
        standard: මෙක්සිකෝ පැසිෆික් සම්මත වේලාව
        daylight: මෙක්සිකෝ පැසිෆික් දිවාආලෝක වේලාව
    Mongolia:
      long:
        generic: උලාන් බාටර් වේලාව
        standard: උලාන් බාටර් සම්මත වේලාව
        daylight: උලාන් බාටර් ග්‍රීෂ්ම වේලාව
    Moscow:
      long:
        generic: මොස්කව් වේලාව
        standard: මොස්කව් සම්මත වේලාව
        daylight: මොස්කව් ග්‍රීෂ්ම වේලාව
    Myanmar:
      long:
        standard: මියන්මාර් වේලාව
    Nauru:
      long:
        standard: නාවුරු වේලාව
    Nepal:
      long:
        standard: නේපාල වේලාව
    New_Caledonia:
      long:
        generic: නව සෙලඩොනියානු වේලාව
        standard: නව සෙලඩොනියානු සම්මත වේලාව
        daylight: නව සෙලඩොනියානු ග්‍රීෂ්ම වේලාව
    New_Zealand:
      long:
        generic: නවසීලන්ත වේලාව
        standard: නවසීලන්ත සම්මත වේලාව
        daylight: නවසීලන්ත දිවා වේලාව
    Newfoundland:
      long:
        generic: නිව්ෆවුන්ලන්ත වේලාව
        standard: නිව්ෆවුන්ලන්ත සම්මත වේලාව
        daylight: නිව්ෆවුන්ලන්ත දිවාආලෝක වේලාව
    Niue:
      long:
        standard: නියු වේලාව
    Norfolk:
      long:
        generic: නොෆොල්ක් දුපත් වේලාව
        standard: නොෆොල්ක් දුපත් සම්මත වේලාව
        daylight: නොෆොල්ක් දුපත් ග්‍රීෂ්ම වේලාව
    Noronha:
      long:
        generic: ෆර්නැන්ඩෝ ඩි නොරොන්හා වේලාව
        standard: ෆර්නැන්ඩෝ ඩි නොරොන්හා සම්මත වේලාව
        daylight: ෆර්නැන්ඩෝ ඩි නොරොන්හා ග්‍රීෂ්ම කාලය
    Novosibirsk:
      long:
        generic: නොවසිබිර්ස්ක් වේලාව
        standard: නොවසිබිර්ස්ක් සම්මත වේලාව
        daylight: නොවසිබිර්ස්ක් ග්‍රීෂ්ම වේලාව
    Omsk:
      long:
        generic: ඔම්ස්ක් වේලාව
        standard: ඔම්ස්ක් සම්මත වේලාව
        daylight: ඔම්ස්ක් ග්‍රීෂ්ම වේලාව
    Pakistan:
      long:
        generic: පාකිස්ථාන වේලාව
        standard: පාකිස්ථාන සම්මත වේලාව
        daylight: පාකිස්ථාන ග්‍රීෂ්ම කාලය
    Palau:
      long:
        standard: පලාවු වේලාව
    Papua_New_Guinea:
      long:
        standard: පැපුවා නිව් ගිනීයා වේලාව
    Paraguay:
      long:
        generic: පැරගුවේ වේලාව
        standard: පැරගුවේ සම්මත වේලාව
        daylight: පැරගුවේ ග්‍රීෂ්ම කාලය
    Peru:
      long:
        generic: පේරු වේලාව
        standard: පේරු සම්මත වේලාව
        daylight: පේරු ග්‍රීෂ්ම කාලය
    Philippines:
      long:
        generic: පිලිපීන වේලාව
        standard: පිලිපීන සම්මත වේලාව
        daylight: පිලිපීන ග්‍රීෂ්ම වේලාව
    Phoenix_Islands:
      long:
        standard: ෆීනික්ස් දුපත් වේලාව
    Pierre_Miquelon:
      long:
        generic: ශාන්ත පියරේ සහ මැකෝලන් වේලාව
        standard: ශාන්ත පියරේ සහ මැකෝලන් සම්මත වේලාව
        daylight: ශාන්ත පියරේ සහ මැකෝලන් දිවාආලෝක වේලාව
    Pitcairn:
      long:
        standard: පිට්කෙයාන් වේලාව
    Ponape:
      long:
        standard: පොනපේ වේලාව
    Pyongyang:
      long:
        standard: ප්යොන්ග්යන් වේලාව
    Reunion:
      long:
        standard: රියුනියන් වේලාව
    Rothera:
      long:
        standard: රොතෙරා වේලාව
    Sakhalin:
      long:
        generic: සඛලින් වේලාව
        standard: සඛලින් සම්මත වේලාව
        daylight: සඛලින් ග්‍රීෂ්ම වේලාව
    Samoa:
      long:
        generic: සැමෝවා වේලාව
        standard: සැමෝවා සම්මත වේලාව
        daylight: සැමෝවා ග්‍රීෂ්ම වේලාව
    Seychelles:
      long:
        standard: සීෂෙල්ස් වේලාව
    Singapore:
      long:
        standard: සිංගප්පුරු වේලාව
    Solomon:
      long:
        standard: සොලොමන් දූපත් වේලාව
    South_Georgia:
      long:
        standard: දකුණු ජෝජියා වේලාව
    Suriname:
      long:
        standard: සුරිනාම වේලාව
    Syowa:
      long:
        standard: ස්යෝවා වේලාව
    Tahiti:
      long:
        standard: ටාහිටි වේලාව
    Taipei:
      long:
        generic: තායිපේ වේලාව
        standard: තායිපේ සම්මත වේලාව
        daylight: තායිපේ දහවල් වේලාව
    Tajikistan:
      long:
        standard: ටජිකිස්තාන වේලාව
    Tokelau:
      long:
        standard: ටොකෙලාවු වේලාව
    Tonga:
      long:
        generic: ටොංගා වේලාව
        standard: ටොංගා සම්මත වේලාව
        daylight: ටොංගා ග්‍රීෂ්ම වේලාව
    Truk:
      long:
        standard: චුක් වේලාව
    Turkmenistan:
      long:
        generic: ටර්ක්මෙනිස්තාන වේලාව
        standard: ටර්ක්මෙනිස්තාන සම්මත වේලාව
        daylight: ටර්ක්මෙනිස්තාන ග්‍රීෂ්ම වේලාව
    Tuvalu:
      long:
        standard: ටුවාලු වේලාව
    Uruguay:
      long:
        generic: උරුගුවේ වේලාව
        standard: උරුගුවේ සම්මත වේලාව
        daylight: උරුගුවේ ග්‍රීෂ්ම කාලය
    Uzbekistan:
      long:
        generic: උස්බෙකිස්තාන වේලාව
        standard: උස්බෙකිස්තාන සම්මත වේලාව
        daylight: උස්බෙකිස්තාන ග්‍රීෂ්ම වේලාව
    Vanuatu:
      long:
        generic: වනුආටු වේලාව
        standard: වනුආටු සම්මත වේලාව
        daylight: වනුආටු ගිම්හාන වේලාව
    Venezuela:
      long:
        standard: වෙනිසියුලා වේලාව
    Vladivostok:
      long:
        generic: ව්ලදිවෝස්ටෝක් වේලාව
        standard: ව්ලදිවෝස්ටෝක් සම්මත වේලාව
        daylight: ව්ලදිවෝස්ටෝක් ග්‍රීෂ්ම වේලාව
    Volgograd:
      long:
        generic: වොල්ගොග්‍රාඩ් වේලාව
        standard: වොල්ගොග්‍රාඩ් සම්මත වේලාව
        daylight: වොල්ගොග්‍රාඩ් ග්‍රීෂ්ම වේලාව
    Vostok:
      long:
        standard: වොස්ටොක් වේලාව
    Wake:
      long:
        standard: වේක් දූපත් වේලාව
    Wallis:
      long:
        standard: වැලිස් සහ ෆුටුනා වේලාව
    Yakutsk:
      long:
        generic: යකුට්ස්ක් වේලාව
        standard: යකුට්ස්ක් සම්මත වේලාව
        daylight: යකුට්ස්ක් ග්‍රීෂ්ම වේලාව
    Yekaterinburg:
      long:
        generic: යෙකටෙරින්බර්ග් වේලාව
        standard: යෙකටෙරින්බර්ග් සම්මත වේලාව
        daylight: යෙකටෙරින්බර්ග් ග්‍රීෂ්ම වේලාව
    Yukon:
      long:
        standard: යුකොන් වේලාව
