---
locale: ky
generated_at: '2025-09-15T06:26:37Z'
cldr_version: '46'
timezone_names:
  formats:
    region_format: "{0} убактысы"
  zones:
    Pacific/Honolulu:
      exemplar_city: Гонолулу
    Etc/UTC:
      long:
        standard: Бирдиктүү дүйнөлүк убакыт
    Etc/Unknown:
      exemplar_city: Белгисиз шаар
    Europe/Andorra:
      exemplar_city: Андорра
    Asia/Dubai:
      exemplar_city: Дубай
    Asia/Kabul:
      exemplar_city: Кабул
    America/Antigua:
      exemplar_city: Антигуа
    America/Anguilla:
      exemplar_city: Ангуила
    Europe/Tirane:
      exemplar_city: Тирана
    Asia/Yerevan:
      exemplar_city: Ереван
    Africa/Luanda:
      exemplar_city: Луанда
    Antarctica/Rothera:
      exemplar_city: Ротера
    Antarctica/Palmer:
      exemplar_city: Палмер
    Antarctica/Troll:
      exemplar_city: Тролл
    Antarctica/Syowa:
      exemplar_city: Саоа
    Antarctica/Mawson:
      exemplar_city: Моусон
    Antarctica/Davis:
      exemplar_city: Дэвис
    Antarctica/Vostok:
      exemplar_city: Восток
    Antarctica/Casey:
      exemplar_city: Кейси
    Antarctica/DumontDUrville:
      exemplar_city: Дюмон д-Урвил
    Antarctica/McMurdo:
      exemplar_city: МакМёрдо
    America/Argentina/Rio_Gallegos:
      exemplar_city: Рио Галлегос
    America/Mendoza:
      exemplar_city: Мендоза
    America/Argentina/San_Juan:
      exemplar_city: Сан Хуан
    America/Argentina/Ushuaia:
      exemplar_city: Ушуайа
    America/Argentina/La_Rioja:
      exemplar_city: Ла-Риоха
    America/Argentina/San_Luis:
      exemplar_city: Сан Луи
    America/Catamarca:
      exemplar_city: Катамарка
    America/Argentina/Salta:
      exemplar_city: Салта
    America/Jujuy:
      exemplar_city: Жужуй
    America/Argentina/Tucuman:
      exemplar_city: Тукуман
    America/Cordoba:
      exemplar_city: Кордова
    America/Buenos_Aires:
      exemplar_city: Буэнос-Айрес
    Pacific/Pago_Pago:
      exemplar_city: Паго Паго
    Europe/Vienna:
      exemplar_city: Вена
    Australia/Perth:
      exemplar_city: Перт
    Australia/Eucla:
      exemplar_city: Юкла
    Australia/Darwin:
      exemplar_city: Дарвин
    Australia/Adelaide:
      exemplar_city: Аделаида
    Australia/Broken_Hill:
      exemplar_city: Броукен Хил
    Australia/Melbourne:
      exemplar_city: Мельбурн
    Australia/Hobart:
      exemplar_city: Хобарт
    Australia/Lindeman:
      exemplar_city: Линдеман
    Australia/Sydney:
      exemplar_city: Сидней
    Australia/Brisbane:
      exemplar_city: Брисбен
    Antarctica/Macquarie:
      exemplar_city: Маккуори
    Australia/Lord_Howe:
      exemplar_city: Лорд Хау
    America/Aruba:
      exemplar_city: Аруба
    Europe/Mariehamn:
      exemplar_city: Мариехамн
    Asia/Baku:
      exemplar_city: Баку
    Europe/Sarajevo:
      exemplar_city: Сараево
    America/Barbados:
      exemplar_city: Барбадос
    Asia/Dhaka:
      exemplar_city: Дакка
    Europe/Brussels:
      exemplar_city: Брюссель
    Africa/Ouagadougou:
      exemplar_city: Уагадугу
    Europe/Sofia:
      exemplar_city: София
    Asia/Bahrain:
      exemplar_city: Бахрейн
    Africa/Bujumbura:
      exemplar_city: Бужумбура
    Africa/Porto-Novo:
      exemplar_city: Порто-Ново
    America/St_Barthelemy:
      exemplar_city: Сент-Бартелеми
    Atlantic/Bermuda:
      exemplar_city: Бермуда
    Asia/Brunei:
      exemplar_city: Бруней
    America/La_Paz:
      exemplar_city: Ла Пас
    America/Kralendijk:
      exemplar_city: Кралендейк
    America/Eirunepe:
      exemplar_city: Эйрунепе
    America/Rio_Branco:
      exemplar_city: Рио Бранко
    America/Porto_Velho:
      exemplar_city: Порто Велио
    America/Boa_Vista:
      exemplar_city: Боа Виста
    America/Manaus:
      exemplar_city: Манаус
    America/Cuiaba:
      exemplar_city: Куйаба
    America/Santarem:
      exemplar_city: Сантарем
    America/Campo_Grande:
      exemplar_city: Кампо Гранде
    America/Belem:
      exemplar_city: Белем
    America/Araguaina:
      exemplar_city: Арагуаина
    America/Sao_Paulo:
      exemplar_city: Сао Пауло
    America/Bahia:
      exemplar_city: Байиа
    America/Fortaleza:
      exemplar_city: Форталеза
    America/Maceio:
      exemplar_city: Масейо
    America/Recife:
      exemplar_city: Ресифи
    America/Noronha:
      exemplar_city: Норониа
    America/Nassau:
      exemplar_city: Нассау
    Asia/Thimphu:
      exemplar_city: Тимпу
    Africa/Gaborone:
      exemplar_city: Габороне
    Europe/Minsk:
      exemplar_city: Минск
    America/Belize:
      exemplar_city: Белиз
    America/Dawson:
      exemplar_city: Доусон
    America/Whitehorse:
      exemplar_city: Уайтхорс
    America/Inuvik:
      exemplar_city: Инувик
    America/Vancouver:
      exemplar_city: Ванкувер
    America/Fort_Nelson:
      exemplar_city: Форт Нельсон
    America/Dawson_Creek:
      exemplar_city: Доусон Грек
    America/Creston:
      exemplar_city: Крестон
    America/Edmonton:
      exemplar_city: Эдмонтон
    America/Swift_Current:
      exemplar_city: Свифт Каррент
    America/Cambridge_Bay:
      exemplar_city: Кэмбриж Бей
    America/Regina:
      exemplar_city: Регина
    America/Winnipeg:
      exemplar_city: Уиннипег
    America/Resolute:
      exemplar_city: Резолут
    America/Rankin_Inlet:
      exemplar_city: Рэнкин Инлет
    America/Coral_Harbour:
      exemplar_city: Атикокан
    America/Toronto:
      exemplar_city: Торонто
    America/Iqaluit:
      exemplar_city: Икалуит
    America/Moncton:
      exemplar_city: Монктон
    America/Halifax:
      exemplar_city: Галифакс
    America/Goose_Bay:
      exemplar_city: Гус Бей
    America/Glace_Bay:
      exemplar_city: Глейс Бей
    America/Blanc-Sablon:
      exemplar_city: Бланк-Саблон
    America/St_Johns:
      exemplar_city: Сент Жонс
    Indian/Cocos:
      exemplar_city: Кокос
    Africa/Kinshasa:
      exemplar_city: Киншаса
    Africa/Lubumbashi:
      exemplar_city: Лубумбаши
    Africa/Bangui:
      exemplar_city: Баги
    Africa/Brazzaville:
      exemplar_city: Браззавилл
    Europe/Zurich:
      exemplar_city: Цюрих
    Africa/Abidjan:
      exemplar_city: Абиджан
    Pacific/Rarotonga:
      exemplar_city: Раготонга
    Pacific/Easter:
      exemplar_city: Истер
    America/Punta_Arenas:
      exemplar_city: Пунта-Аренас
    America/Santiago:
      exemplar_city: Сантиаго
    Africa/Douala:
      exemplar_city: Дуала
    Asia/Urumqi:
      exemplar_city: Үрүмчү
    Asia/Shanghai:
      exemplar_city: Шанхай
    America/Bogota:
      exemplar_city: Богота
    America/Costa_Rica:
      exemplar_city: Коста-Рика
    America/Havana:
      exemplar_city: Гавана
    Atlantic/Cape_Verde:
      exemplar_city: Капе Верде
    America/Curacao:
      exemplar_city: Кюрасао
    Indian/Christmas:
      exemplar_city: Крисмас
    Asia/Nicosia:
      exemplar_city: Никосия
    Asia/Famagusta:
      exemplar_city: Фамагуста
    Europe/Prague:
      exemplar_city: Прага
    Europe/Busingen:
      exemplar_city: Бузинген
    Europe/Berlin:
      exemplar_city: Берлин
    Africa/Djibouti:
      exemplar_city: Жибути
    Europe/Copenhagen:
      exemplar_city: Копенгаген
    America/Dominica:
      exemplar_city: Доминика
    America/Santo_Domingo:
      exemplar_city: Санто Доминго
    Africa/Algiers:
      exemplar_city: Алжир
    Pacific/Galapagos:
      exemplar_city: Галапагос
    America/Guayaquil:
      exemplar_city: Гуайакил
    Europe/Tallinn:
      exemplar_city: Таллин
    Africa/Cairo:
      exemplar_city: Каир
    Africa/El_Aaiun:
      exemplar_city: Эл Айун
    Africa/Asmera:
      exemplar_city: Асмара
    Atlantic/Canary:
      exemplar_city: Канари
    Africa/Ceuta:
      exemplar_city: Сеута
    Europe/Madrid:
      exemplar_city: Мадрид
    Africa/Addis_Ababa:
      exemplar_city: Аддис-Абеба
    Europe/Helsinki:
      exemplar_city: Хельсинки
    Pacific/Fiji:
      exemplar_city: Фижи
    Atlantic/Stanley:
      exemplar_city: Стэнли
    Pacific/Truk:
      exemplar_city: Чуук
    Pacific/Ponape:
      exemplar_city: Понпей
    Pacific/Kosrae:
      exemplar_city: Козрае
    Atlantic/Faeroe:
      exemplar_city: Фарер
    Europe/Paris:
      exemplar_city: Париж
    Africa/Libreville:
      exemplar_city: Либревилл
    Europe/London:
      exemplar_city: Лондон
      long:
        daylight: Британия жайкы убактысы
    America/Grenada:
      exemplar_city: Гренада
    Asia/Tbilisi:
      exemplar_city: Тбилиси
    America/Cayenne:
      exemplar_city: Кайен
    Europe/Guernsey:
      exemplar_city: Гернси
    Africa/Accra:
      exemplar_city: Аккра
    Europe/Gibraltar:
      exemplar_city: Гибралтар
    America/Thule:
      exemplar_city: Туле
    America/Godthab:
      exemplar_city: Нуук
    America/Scoresbysund:
      exemplar_city: Иттоккортоормиит
    America/Danmarkshavn:
      exemplar_city: Данмарксхавн
    Africa/Banjul:
      exemplar_city: Банжул
    Africa/Conakry:
      exemplar_city: Конакри
    America/Guadeloupe:
      exemplar_city: Гваделупе
    Africa/Malabo:
      exemplar_city: Малабо
    Europe/Athens:
      exemplar_city: Афины
    Atlantic/South_Georgia:
      exemplar_city: Түштүк Жоржия
    America/Guatemala:
      exemplar_city: Гватемала
    Pacific/Guam:
      exemplar_city: Гуам
    Africa/Bissau:
      exemplar_city: Бисау
    America/Guyana:
      exemplar_city: Гуйана
    Asia/Hong_Kong:
      exemplar_city: Гонконг
    America/Tegucigalpa:
      exemplar_city: Тегусигальпа
    Europe/Zagreb:
      exemplar_city: Загреб
    America/Port-au-Prince:
      exemplar_city: Порт-о-Пренс
    Europe/Budapest:
      exemplar_city: Будапешт
    Asia/Jakarta:
      exemplar_city: Жакарта
    Asia/Pontianak:
      exemplar_city: Понтианак
    Asia/Makassar:
      exemplar_city: Макассар
    Asia/Jayapura:
      exemplar_city: Жайапура
    Europe/Dublin:
      exemplar_city: Дублин
      long:
        daylight: Ирландия кышкы убакыты
    Asia/Jerusalem:
      exemplar_city: Иерусалим
    Europe/Isle_of_Man:
      exemplar_city: Мэн аралы
    Asia/Calcutta:
      exemplar_city: Калькутта
    Indian/Chagos:
      exemplar_city: Чагос
    Asia/Baghdad:
      exemplar_city: Багдад
    Asia/Tehran:
      exemplar_city: Тегеран
    Atlantic/Reykjavik:
      exemplar_city: Рейкьявик
    Europe/Rome:
      exemplar_city: Рим
    Europe/Jersey:
      exemplar_city: Жерси
    America/Jamaica:
      exemplar_city: Ямайка
    Asia/Amman:
      exemplar_city: Амман
    Asia/Tokyo:
      exemplar_city: Токио
    Africa/Nairobi:
      exemplar_city: Найроби
    Asia/Bishkek:
      exemplar_city: Бишкек
    Asia/Phnom_Penh:
      exemplar_city: Пномпень
    Pacific/Enderbury:
      exemplar_city: Эндербери
    Pacific/Kanton:
      exemplar_city: Кантон
    Pacific/Kiritimati:
      exemplar_city: Киритимати
    Pacific/Tarawa:
      exemplar_city: Тарава
    Indian/Comoro:
      exemplar_city: Коморо
    America/St_Kitts:
      exemplar_city: Сент-Китс
    Asia/Pyongyang:
      exemplar_city: Пхеньян
    Asia/Seoul:
      exemplar_city: Сеул
    Asia/Kuwait:
      exemplar_city: Кувейт
    America/Cayman:
      exemplar_city: Кайман
    Asia/Aqtau:
      exemplar_city: Актау
    Asia/Oral:
      exemplar_city: Орал
    Asia/Atyrau:
      exemplar_city: Атырау
    Asia/Aqtobe:
      exemplar_city: Актобе
    Asia/Qostanay:
      exemplar_city: Костанай
    Asia/Qyzylorda:
      exemplar_city: Кызылорда
    Asia/Almaty:
      exemplar_city: Алматы
    Asia/Vientiane:
      exemplar_city: Виентиан
    Asia/Beirut:
      exemplar_city: Бейрут
    America/St_Lucia:
      exemplar_city: Санта Лючия
    Europe/Vaduz:
      exemplar_city: Фадуц
    Asia/Colombo:
      exemplar_city: Коломбо
    Africa/Monrovia:
      exemplar_city: Монровиа
    Africa/Maseru:
      exemplar_city: Масеру
    Europe/Vilnius:
      exemplar_city: Вильнюс
    Europe/Luxembourg:
      exemplar_city: Люксембург
    Europe/Riga:
      exemplar_city: Рига
    Africa/Tripoli:
      exemplar_city: Триполи
    Africa/Casablanca:
      exemplar_city: Касабланка
    Europe/Monaco:
      exemplar_city: Монако
    Europe/Chisinau:
      exemplar_city: Кишинев
    Europe/Podgorica:
      exemplar_city: Подгорица
    America/Marigot:
      exemplar_city: Мариго
    Indian/Antananarivo:
      exemplar_city: Антананариво
    Pacific/Kwajalein:
      exemplar_city: Куажалейн
    Pacific/Majuro:
      exemplar_city: Мажуро
    Europe/Skopje:
      exemplar_city: Скопйе
    Africa/Bamako:
      exemplar_city: Бамако
    Asia/Rangoon:
      exemplar_city: Рангун
    Asia/Hovd:
      exemplar_city: Ховд
    Asia/Ulaanbaatar:
      exemplar_city: Улан-Батор
    Asia/Macau:
      exemplar_city: Макау
    Pacific/Saipan:
      exemplar_city: Сайпан
    America/Martinique:
      exemplar_city: Мартиник
    Africa/Nouakchott:
      exemplar_city: Нуакшот
    America/Montserrat:
      exemplar_city: Монсерат
    Europe/Malta:
      exemplar_city: Мальта
    Indian/Mauritius:
      exemplar_city: Маврикий
    Indian/Maldives:
      exemplar_city: Мальдив аралдары
    Africa/Blantyre:
      exemplar_city: Блантайр
    America/Tijuana:
      exemplar_city: Тихуана
    America/Hermosillo:
      exemplar_city: Эрмосилло
    America/Ciudad_Juarez:
      exemplar_city: Сьюдад-Хуарес
    America/Mazatlan:
      exemplar_city: Мазатлан
    America/Chihuahua:
      exemplar_city: Чихуахуа
    America/Bahia_Banderas:
      exemplar_city: Баийа Бандерас
    America/Ojinaga:
      exemplar_city: Охинага
    America/Monterrey:
      exemplar_city: Монтерей
    America/Mexico_City:
      exemplar_city: Мехико шаары
    America/Matamoros:
      exemplar_city: Матаморос
    America/Merida:
      exemplar_city: Мерида
    America/Cancun:
      exemplar_city: Канкун
    Asia/Kuala_Lumpur:
      exemplar_city: Куала Лумпур
    Asia/Kuching:
      exemplar_city: Кучиң
    Africa/Maputo:
      exemplar_city: Мапуто
    Africa/Windhoek:
      exemplar_city: Уиндхук
    Pacific/Noumea:
      exemplar_city: Нумеа
    Africa/Niamey:
      exemplar_city: Нйаме
    Pacific/Norfolk:
      exemplar_city: Норфолк
    Africa/Lagos:
      exemplar_city: Лагос
    America/Managua:
      exemplar_city: Манагуа
    Europe/Amsterdam:
      exemplar_city: Амстердам
    Europe/Oslo:
      exemplar_city: Осло
    Asia/Katmandu:
      exemplar_city: Катманду
    Pacific/Nauru:
      exemplar_city: Науру
    Pacific/Niue:
      exemplar_city: Ниуэ
    Pacific/Chatham:
      exemplar_city: Чатем
    Pacific/Auckland:
      exemplar_city: Оклэнд
    Asia/Muscat:
      exemplar_city: Мускат
    America/Panama:
      exemplar_city: Панама
    America/Lima:
      exemplar_city: Лима
    Pacific/Tahiti:
      exemplar_city: Таити
    Pacific/Marquesas:
      exemplar_city: Маркезас
    Pacific/Gambier:
      exemplar_city: Гамбие
    Pacific/Port_Moresby:
      exemplar_city: Порт Моэрсби
    Pacific/Bougainville:
      exemplar_city: Бугенвиль
    Asia/Manila:
      exemplar_city: Манила
    Asia/Karachi:
      exemplar_city: Карачи
    Europe/Warsaw:
      exemplar_city: Варшава
    America/Miquelon:
      exemplar_city: Микелон
    Pacific/Pitcairn:
      exemplar_city: Питкэрн
    America/Puerto_Rico:
      exemplar_city: Пуэрто-Рико
    Asia/Gaza:
      exemplar_city: Газа
    Asia/Hebron:
      exemplar_city: Хеброн
    Atlantic/Azores:
      exemplar_city: Азор
    Atlantic/Madeira:
      exemplar_city: Мадейра
    Europe/Lisbon:
      exemplar_city: Лиссабон
    Pacific/Palau:
      exemplar_city: Палау
    America/Asuncion:
      exemplar_city: Асунсион
    Asia/Qatar:
      exemplar_city: Катар
    Indian/Reunion:
      exemplar_city: Реюнион
    Europe/Bucharest:
      exemplar_city: Бухарест
    Europe/Belgrade:
      exemplar_city: Белград
    Europe/Kaliningrad:
      exemplar_city: Калининград
    Europe/Moscow:
      exemplar_city: Москва
    Europe/Volgograd:
      exemplar_city: Волгоград
    Europe/Saratov:
      exemplar_city: Саратов
    Europe/Astrakhan:
      exemplar_city: Астрахань
    Europe/Ulyanovsk:
      exemplar_city: Ульяновск
    Europe/Kirov:
      exemplar_city: Киров
    Europe/Samara:
      exemplar_city: Самара
    Asia/Yekaterinburg:
      exemplar_city: Екатеринбург
    Asia/Omsk:
      exemplar_city: Омск
    Asia/Novosibirsk:
      exemplar_city: Новосибирск
    Asia/Barnaul:
      exemplar_city: Барнаул
    Asia/Tomsk:
      exemplar_city: Томск
    Asia/Novokuznetsk:
      exemplar_city: Новокузнецк
    Asia/Krasnoyarsk:
      exemplar_city: Красноярск
    Asia/Irkutsk:
      exemplar_city: Иркутск
    Asia/Chita:
      exemplar_city: Чита
    Asia/Yakutsk:
      exemplar_city: Якутск
    Asia/Vladivostok:
      exemplar_city: Владивосток
    Asia/Khandyga:
      exemplar_city: Кандыга
    Asia/Sakhalin:
      exemplar_city: Сахалин
    Asia/Ust-Nera:
      exemplar_city: Усть-Нера
    Asia/Magadan:
      exemplar_city: Магадан
    Asia/Srednekolymsk:
      exemplar_city: Среднеколымск
    Asia/Kamchatka:
      exemplar_city: Камчатка
    Asia/Anadyr:
      exemplar_city: Анадыр
    Africa/Kigali:
      exemplar_city: Кигали
    Asia/Riyadh:
      exemplar_city: Рийад
    Pacific/Guadalcanal:
      exemplar_city: Гуадалканал
    Indian/Mahe:
      exemplar_city: Маэ
    Africa/Khartoum:
      exemplar_city: Картум
    Europe/Stockholm:
      exemplar_city: Стокгольм
    Asia/Singapore:
      exemplar_city: Сингапур
    Atlantic/St_Helena:
      exemplar_city: Сент Елена
    Europe/Ljubljana:
      exemplar_city: Любляна
    Arctic/Longyearbyen:
      exemplar_city: Лонгйербиен
    Europe/Bratislava:
      exemplar_city: Братислава
    Africa/Freetown:
      exemplar_city: Фритаун
    Europe/San_Marino:
      exemplar_city: Сан Марино
    Africa/Dakar:
      exemplar_city: Дакар
    Africa/Mogadishu:
      exemplar_city: Могадишу
    America/Paramaribo:
      exemplar_city: Парамарибо
    Africa/Juba:
      exemplar_city: Жуба
    Africa/Sao_Tome:
      exemplar_city: Сао Томе
    America/El_Salvador:
      exemplar_city: Эл Салвадор
    America/Lower_Princes:
      exemplar_city: Лоуэр Принсес Куате
    Asia/Damascus:
      exemplar_city: Дамаск
    Africa/Mbabane:
      exemplar_city: Мбабане
    America/Grand_Turk:
      exemplar_city: Гранд Түрк
    Africa/Ndjamena:
      exemplar_city: Нжамена
    Indian/Kerguelen:
      exemplar_city: Кергелен
    Africa/Lome:
      exemplar_city: Ломе
    Asia/Bangkok:
      exemplar_city: Бангкок
    Asia/Dushanbe:
      exemplar_city: Душанбе
    Pacific/Fakaofo:
      exemplar_city: Факаофо
    Asia/Dili:
      exemplar_city: Дили
    Asia/Ashgabat:
      exemplar_city: Ашхабад
    Africa/Tunis:
      exemplar_city: Тунис
    Pacific/Tongatapu:
      exemplar_city: Тонгатапу
    Europe/Istanbul:
      exemplar_city: Стамбул
    America/Port_of_Spain:
      exemplar_city: Порт оф Спейн
    Pacific/Funafuti:
      exemplar_city: Фунафути
    Asia/Taipei:
      exemplar_city: Тайпей
    Africa/Dar_es_Salaam:
      exemplar_city: Дар эс Салаам
    Europe/Kiev:
      exemplar_city: Киев
    Europe/Simferopol:
      exemplar_city: Симферополь
    Africa/Kampala:
      exemplar_city: Кампала
    Pacific/Midway:
      exemplar_city: Мидуэй
    Pacific/Wake:
      exemplar_city: Уейк
    America/Adak:
      exemplar_city: Адак
    America/Nome:
      exemplar_city: Ном
    America/Anchorage:
      exemplar_city: Анкориж
    America/Yakutat:
      exemplar_city: Якутат
    America/Sitka:
      exemplar_city: Ситка
    America/Juneau:
      exemplar_city: Жуно
    America/Metlakatla:
      exemplar_city: Метлакатла
    America/Los_Angeles:
      exemplar_city: Лос-Анжелес
    America/Boise:
      exemplar_city: Бойсе
    America/Phoenix:
      exemplar_city: Феникс
    America/Denver:
      exemplar_city: Денвер
    America/North_Dakota/Beulah:
      exemplar_city: Беула, Түндүк Дакота
    America/North_Dakota/New_Salem:
      exemplar_city: Нью-Салем, Түндүк Дакота
    America/North_Dakota/Center:
      exemplar_city: Түндүк Дакотанын борбору
    America/Chicago:
      exemplar_city: Чикаго
    America/Menominee:
      exemplar_city: Меномини
    America/Indiana/Vincennes:
      exemplar_city: Винсен, Индиана
    America/Indiana/Petersburg:
      exemplar_city: Питерсбург, Индиана
    America/Indiana/Tell_City:
      exemplar_city: Телл Сити, Индиана
    America/Indiana/Knox:
      exemplar_city: Нокс, Индиана
    America/Indiana/Winamac:
      exemplar_city: Уинамак, Индиана
    America/Indiana/Marengo:
      exemplar_city: Маренго, Индиана
    America/Indianapolis:
      exemplar_city: Индианаполис
    America/Louisville:
      exemplar_city: Луизвилл
    America/Indiana/Vevay:
      exemplar_city: Вивей, Индиана
    America/Kentucky/Monticello:
      exemplar_city: Монтичелло, Кентукки
    America/Detroit:
      exemplar_city: Детройт
    America/New_York:
      exemplar_city: Нью-Йорк
    America/Montevideo:
      exemplar_city: Монтевидео
    Asia/Samarkand:
      exemplar_city: Самарканд
    Asia/Tashkent:
      exemplar_city: Ташкент
    Europe/Vatican:
      exemplar_city: Ватикан
    America/St_Vincent:
      exemplar_city: Сент-Винсент
    America/Caracas:
      exemplar_city: Каракас
    America/Tortola:
      exemplar_city: Тортола
    America/St_Thomas:
      exemplar_city: Сент-Томас
    Asia/Saigon:
      exemplar_city: Хо Ши Мин
    Pacific/Efate:
      exemplar_city: Эфат
    Pacific/Wallis:
      exemplar_city: Уолис
    Pacific/Apia:
      exemplar_city: Апиа
    Asia/Aden:
      exemplar_city: Аден
    Indian/Mayotte:
      exemplar_city: Майотт
    Africa/Johannesburg:
      exemplar_city: Йоханнесбург
    Africa/Lusaka:
      exemplar_city: Лусака
    Africa/Harare:
      exemplar_city: Хараре
  metazones:
    Afghanistan:
      long:
        standard: Афганистан убактысы
    Africa_Central:
      long:
        standard: Борбордук Африка убактысы
    Africa_Eastern:
      long:
        standard: Чыгыш Африка убактысы
    Africa_Southern:
      long:
        standard: Түштүк Африка убактысы
    Africa_Western:
      long:
        generic: Батыш Африка убактысы
        standard: Батыш Африка кышкы убакыты
        daylight: Батыш Африка жайкы убактысы
    Alaska:
      long:
        generic: Аляска убактысы
        standard: Аляска кышкы убактысы
        daylight: Аляска жайкы убактысы
    Amazon:
      long:
        generic: Амазон убактысы
        standard: Амазон кышкы убактысы
        daylight: Амазон жайкы убактысы
    America_Central:
      long:
        generic: Түндүк Америка, борбордук убакыт
        standard: Түндүк Америка, борбордук кышкы убактысы
        daylight: Түндүк Америка, борбордук жайкы убактысы
    America_Eastern:
      long:
        generic: Түндүк Америка, чыгыш убактысы
        standard: Түндүк Америка, чыгыш кышкы убактысы
        daylight: Түндүк Америка, чыгыш жайкы убактысы
    America_Mountain:
      long:
        generic: Түндүк Америка, тоо убактысы
        standard: Түндүк Америка, тоо кышкы убактысы
        daylight: Түндүк Америка, тоо жайкы убактысы
    America_Pacific:
      long:
        generic: Түндүк Америка, Тынч океан убактысы
        standard: Түндүк Америка, Тынч океан кышкы убактысы
        daylight: Түндүк Америка, Тынч океан жайкы убактысы
    Apia:
      long:
        generic: Апиа убактысы
        standard: Апиа кышкы убактысы
        daylight: Апиа жайкы убактысы
    Arabian:
      long:
        generic: Арабия убактысы
        standard: Арабия кышкы убакыты
        daylight: Арабия жайкы убакыты
    Argentina:
      long:
        generic: Аргентина убактысы
        standard: Аргентина кышкы убактысы
        daylight: Аргентина жайкы убактысы
    Argentina_Western:
      long:
        generic: Батыш Аргентина убактысы
        standard: Батыш Аргентина кышкы убактысы
        daylight: Батыш Аргентина жайкы убактысы
    Armenia:
      long:
        generic: Армения убактысы
        standard: Армения кышкы убакыты
        daylight: Армения жайкы убактысы
    Atlantic:
      long:
        generic: Атлантика убактысы
        standard: Атлантика кышкы убактысы
        daylight: Атлантика жайкы убактысы
    Australia_Central:
      long:
        generic: Австралия борбордук убактысы
        standard: Австралия борбордук кышкы убакыты
        daylight: Австралия борбордук жайкы убактысы
    Australia_CentralWestern:
      long:
        generic: Австралия борбордук батыш убактысы
        standard: Австралия борбордук батыш кышкы убакыты
        daylight: Австралия борбордук чыгыш жайкы убактысы
    Australia_Eastern:
      long:
        generic: Австралия чыгыш убактысы
        standard: Австралия чыгыш кышкы убакыты
        daylight: Австралия чыгыш жайкы убактысы
    Australia_Western:
      long:
        generic: Австралия батыш убактысы
        standard: Австралия батыш кышкы убакыты
        daylight: Австралия батыш жайкы убактысы
    Azerbaijan:
      long:
        generic: Азербайжан убактысы
        standard: Азербайжан кышкы убакыты
        daylight: Азербайжан жайкы убактысы
    Azores:
      long:
        generic: Азор убактысы
        standard: Азор кышкы убакыты
        daylight: Азорс жайкы убактысы
    Bangladesh:
      long:
        generic: Бангладеш убактысы
        standard: Бангладеш кышкы убакыты
        daylight: Бангладеш жайкы убактысы
    Bhutan:
      long:
        standard: Бутан убактысы
    Bolivia:
      long:
        standard: Боливия убактысы
    Brasilia:
      long:
        generic: Бразилия убактысы
        standard: Бразилия кышкы убактысы
        daylight: Бразилия жайкы убактысы
    Brunei:
      long:
        standard: Бруней Даруссалам убактысы
    Cape_Verde:
      long:
        generic: Капе Верде убактысы
        standard: Капе Верде кышкы убакыты
        daylight: Капе Верде жайкы убактысы
    Chamorro:
      long:
        standard: Чаморро убактысы
    Chatham:
      long:
        generic: Чатам убактысы
        standard: Чатам кышкы убакыт
        daylight: Чатам жайкы убактысы
    Chile:
      long:
        generic: Чили убактысы
        standard: Чили кышкы убактысы
        daylight: Чили жайкы убактысы
    China:
      long:
        generic: Кытай убактысы
        standard: Кытай кышкы убакыты
        daylight: Кытай жайкы убакыты
    Christmas:
      long:
        standard: Крисмас аралынын убактысы
    Cocos:
      long:
        standard: Кокос аралдарынын убактысы
    Colombia:
      long:
        generic: Колумбия убактысы
        standard: Колумбия кышкы убактысы
        daylight: Колумбия жайкы убактысы
    Cook:
      long:
        generic: Кук аралдарынын убактысы
        standard: Кук аралдарынын кышкы убактысы
        daylight: Кук аралдарынын жарым жайкы убактысы
    Cuba:
      long:
        generic: Куба убактысы
        standard: Куба кышкы убактысы
        daylight: Куба жайкы убактысы
    Davis:
      long:
        standard: Дэвис убактысы
    DumontDUrville:
      long:
        standard: Дюмон-д-Урвил убактысы
    East_Timor:
      long:
        standard: Чыгыш Тимор убактысы
    Easter:
      long:
        generic: Истер аралынын убактысы
        standard: Истер аралынын кышкы убакыты
        daylight: Истер аралынын жайкы убакыты
    Ecuador:
      long:
        standard: Экуадор убактысы
    Europe_Central:
      long:
        generic: Борбордук Европа убактысы
        standard: Борбордук Европа кышкы убакыты
        daylight: Борбордук Европа жайкы убактысы
    Europe_Eastern:
      long:
        generic: Чыгыш Европа убактысы
        standard: Чыгыш Европа кышкы убакыты
        daylight: Чыгыш Европа жайкы убактысы
    Europe_Further_Eastern:
      long:
        standard: Калининград жана Минск убактысы
    Europe_Western:
      long:
        generic: Батыш Европа убактысы
        standard: Батыш Европа кышкы убакыты
        daylight: Батыш Европа жайкы убактысы
    Falkland:
      long:
        generic: Фолкленд аралдарынын убактысы
        standard: Фолкленд аралдарынын кышкы убакыты
        daylight: Фолкленд аралдарынын жайкы убактысы
    Fiji:
      long:
        generic: Фижи убактысы
        standard: Фижи кышкы убакыты
        daylight: Фижи жайкы убактысы
    French_Guiana:
      long:
        standard: Француз Гвиана убактысы
    French_Southern:
      long:
        standard: Француз Түштүгү жана Антарктика убактысы
    Galapagos:
      long:
        standard: Галапагос убактысы
    Gambier:
      long:
        standard: Гамбие убактысы
    Georgia:
      long:
        generic: Грузия убактысы
        standard: Грузия кышкы убакыты
        daylight: Грузия жайкы убактысы
    Gilbert_Islands:
      long:
        standard: Гилберт убактысы
    GMT:
      long:
        standard: Гринвич боюнча орточо убакыт
    Greenland_Eastern:
      long:
        generic: Чыгыш Гренландия убактысы
        standard: Чыгыш Гренландия кышкы убактысы
        daylight: Чыгыш Гренландия жайкы убактысы
    Greenland_Western:
      long:
        generic: Батыш Гренландия убактысы
        standard: Батыш Гренландия кышкы убактысы
        daylight: Батыш Гренландия жайкы убактысы
    Gulf:
      long:
        standard: Булуңдун стандарттык убакыты
    Guyana:
      long:
        standard: Гвиана убактысы
    Hawaii_Aleutian:
      long:
        generic: Гавайи-Алеут убактысы
        standard: Гавайи-Алеут кышкы убактысы
        daylight: Гавайи-Алеут жайкы убактысы
    Hong_Kong:
      long:
        generic: Гонконг убактысы
        standard: Гонконг кышкы убакыты
        daylight: Гонконг жайкы убактысы
    Hovd:
      long:
        generic: Ховд убактысы
        standard: Ховд кышкы убакыты
        daylight: Ховд жайкы убактысы
    India:
      long:
        standard: Индия убактысы
    Indian_Ocean:
      long:
        standard: Инди океан убактысы
    Indochina:
      long:
        standard: Индокытай убактысы
    Indonesia_Central:
      long:
        standard: Борбордук Индонезия убактысы
    Indonesia_Eastern:
      long:
        standard: Чыгыш Индонезия убактысы
    Indonesia_Western:
      long:
        standard: Батыш Индонезия убактысы
    Iran:
      long:
        generic: Иран убактысы
        standard: Иран кышкы убакыты
        daylight: Иран күндүзгү убактысы
    Irkutsk:
      long:
        generic: Иркутск убактысы
        standard: Иркутск кышкы убакыты
        daylight: Иркутск жайкы убакыты
    Israel:
      long:
        generic: Израиль убакыты
        standard: Израиль кышкы убакыты
        daylight: Израиль жайкы убакыты
    Japan:
      long:
        generic: Жапон убактысы
        standard: Жапон кышкы убакыты
        daylight: Жапон жайкы убактысы
    Kazakhstan:
      long:
        standard: Казакстан убактысы
    Kazakhstan_Eastern:
      long:
        standard: Чыгыш Казакстан убактысы
    Kazakhstan_Western:
      long:
        standard: Батыш Казакстан убактысы
    Korea:
      long:
        generic: Корея убактысы
        standard: Корея кышкы убакыты
        daylight: Корея жайкы убактысы
    Kosrae:
      long:
        standard: Косрае убактысы
    Krasnoyarsk:
      long:
        generic: Красноярск убактысы
        standard: Красноярск кышкы убакыты
        daylight: Красноярск жайкы убактысы
    Kyrgystan:
      long:
        standard: Кыргызстан убактысы
    Line_Islands:
      long:
        standard: Лайн аралдарынын убактысы
    Lord_Howe:
      long:
        generic: Лорд Хау убактысы
        standard: Лорд Хау кышкы убакыты
        daylight: Лорд Хау жайкы убактысы
    Magadan:
      long:
        generic: Магадан убактысы
        standard: Магадан кышкы убакыты
        daylight: Магадан жайкы убактысы
    Malaysia:
      long:
        standard: Малайзия убактысы
    Maldives:
      long:
        standard: Мальдив убактысы
    Marquesas:
      long:
        standard: Маркезас убактысы
    Marshall_Islands:
      long:
        standard: Маршалл аралдарынын убактысы
    Mauritius:
      long:
        generic: Маврикий убактысы
        standard: Маврикий кышкы убакыты
        daylight: Маврикий жайкы убактысы
    Mawson:
      long:
        standard: Моусон убактысы
    Mexico_Pacific:
      long:
        generic: Мексика, Тынч океан убактысы
        standard: Мексика, Тынч океан кышкы убактысы
        daylight: Мексика, Тынч океан жайкы убактысы
    Mongolia:
      long:
        generic: Улан Батор убактысы
        standard: Улан Батор кышкы убакыты
        daylight: Улан Батор жайкы убактысы
    Moscow:
      long:
        generic: Москва убактысы
        standard: Москва кышкы убакыты
        daylight: Москва жайкы убактысы
    Myanmar:
      long:
        standard: Мйанмар убактысы
    Nauru:
      long:
        standard: Науру убактысы
    Nepal:
      long:
        standard: Непал убактысы
    New_Caledonia:
      long:
        generic: Жаңы Каледония убактысы
        standard: Жаңы Каледония кышкы убактысы
        daylight: Жаңы Каледония жайкы убактысы
    New_Zealand:
      long:
        generic: Жаңы Зеландия убактысы
        standard: Жаңы Зеландия кышкы убакыты
        daylight: Жаңы Зеландия жайкы убакыты
    Newfoundland:
      long:
        generic: Нюфаундлэнд убактысы
        standard: Нюфаундлэнд кышкы убактысы
        daylight: Нюфаундлэнд жайкы убактысы
    Niue:
      long:
        standard: Ниуэ убактысы
    Norfolk:
      long:
        generic: Норфолк убактысы
        standard: Норфолк кышкы убактысы
        daylight: Норфолк жайкы убактысы
    Noronha:
      long:
        generic: Фернандо де Норонья убактысы
        standard: Фернандо де Норонья кышкы убактысы
        daylight: Фернандо де Норонья жайкы убактысы
    Novosibirsk:
      long:
        generic: Новосибирск убактысы
        standard: Новосибирск кышкы убакыты
        daylight: Новосибирск жайкы убактысы
    Omsk:
      long:
        generic: Омск убактысы
        standard: Омск кышкы убакыты
        daylight: Омск жайкы убактысы
    Pakistan:
      long:
        generic: Пакистан убактысы
        standard: Пакистан кышкы убакыты
        daylight: Пакистан жайкы убактысы
    Palau:
      long:
        standard: Палау убактысы
    Papua_New_Guinea:
      long:
        standard: Папуа-Жаңы Гвинея убакыты
    Paraguay:
      long:
        generic: Парагвай убактысы
        standard: Парагвай кышкы убактысы
        daylight: Парагвай жайкы убактысы
    Peru:
      long:
        generic: Перу убактысы
        standard: Перу кышкы убактысы
        daylight: Перу жайкы убактысы
    Philippines:
      long:
        generic: Филиппин аралдарынын убактысы
        standard: Филиппин аралдарынын кышкы убактысы
        daylight: Филиппин аралдарынын жайкы убактысы
    Phoenix_Islands:
      long:
        standard: Феникс аралдарынын убактысы
    Pierre_Miquelon:
      long:
        generic: Сен Пьер жана Микелон убактысы
        standard: Сен Пьер жана Микелон кышкы убактысы
        daylight: Сен Пьер жана Микелон жайкы убактысы
    Pitcairn:
      long:
        standard: Питкэрнг убактысы
    Ponape:
      long:
        standard: Понапе убактысы
    Pyongyang:
      long:
        standard: Пхеньян убакыты
    Reunion:
      long:
        standard: Реюнион убактысы
    Rothera:
      long:
        standard: Ротера убактысы
    Sakhalin:
      long:
        generic: Сахалин убактысы
        standard: Сахалин кышкы убакыты
        daylight: Сахалин жайкы убактысы
    Samoa:
      long:
        generic: Самоа убактысы
        standard: Самоа кышкы убактысы
        daylight: Самоа жайкы убактысы
    Seychelles:
      long:
        standard: Сейшел убактысы
    Singapore:
      long:
        standard: Сингапур убактысы
    Solomon:
      long:
        standard: Соломон аралдарынын убактысы
    South_Georgia:
      long:
        standard: Түштүк Жоржия убактысы
    Suriname:
      long:
        standard: Суринаме убактысы
    Syowa:
      long:
        standard: Саоа убактысы
    Tahiti:
      long:
        standard: Таити убактысы
    Taipei:
      long:
        generic: Тайпей убактысы
        standard: Тайпей кышкы убакыты
        daylight: Тайпей жайкы убакыты
    Tajikistan:
      long:
        standard: Тажикстан убактысы
    Tokelau:
      long:
        standard: Токелау убактысы
    Tonga:
      long:
        generic: Тонга убактысы
        standard: Тонга кышкы убактысы
        daylight: Тонга жайкы убактысы
    Truk:
      long:
        standard: Чуук убактысы
    Turkmenistan:
      long:
        generic: Түркмөнстан убактысы
        standard: Түркмөнстан кышкы убакыты
        daylight: Түркмөнстан жайкы убактысы
    Tuvalu:
      long:
        standard: Тувалу убактысы
    Uruguay:
      long:
        generic: Уругвай убактысы
        standard: Уругвай кышкы убактысы
        daylight: Уругвай жайкы убактысы
    Uzbekistan:
      long:
        generic: Өзбекстан убактысы
        standard: Өзбекстан кышкы убакыты
        daylight: Өзбекстан жайкы убактысы
    Vanuatu:
      long:
        generic: Вануату убактысы
        standard: Вануату кышкы убакыты
        daylight: Вануату жайкы убактысы
    Venezuela:
      long:
        standard: Венесуэла убактысы
    Vladivostok:
      long:
        generic: Владивосток убактысы
        standard: Владивосток кышкы убакыты
        daylight: Владивосток жайкы убактысы
    Volgograd:
      long:
        generic: Волгоград убактысы
        standard: Волгоград кышкы убакыты
        daylight: Волгоград жайкы убактысы
    Vostok:
      long:
        standard: Восток убактысы
    Wake:
      long:
        standard: Уейк аралдарынын убактысы
    Wallis:
      long:
        standard: Уолис жана Футуна убактысы
    Yakutsk:
      long:
        generic: Якутск убактысы
        standard: Якутск кышкы убакыты
        daylight: Якутск жайкы убактысы
    Yekaterinburg:
      long:
        generic: Екатеринбург убактысы
        standard: Екатеринбург кышкы убакыты
        daylight: Екатеринбург жайкы убактысы
    Yukon:
      long:
        standard: Юкон убактысы
