---
locale: ja
generated_at: '2025-09-15T06:26:32Z'
cldr_version: '46'
timezone_names:
  formats:
    region_format: "{0}時間"
    region_format_daylight: "{0}夏時間"
    region_format_standard: "{0}標準時"
    fallback_format: "{1}（{0}）"
  zones:
    Pacific/Honolulu:
      exemplar_city: ホノルル
    Etc/UTC:
      long:
        standard: 協定世界時
    Etc/Unknown:
      exemplar_city: 地域不明
    Europe/Andorra:
      exemplar_city: アンドラ
    Asia/Dubai:
      exemplar_city: ドバイ
    Asia/Kabul:
      exemplar_city: カブール
    America/Antigua:
      exemplar_city: アンティグア
    America/Anguilla:
      exemplar_city: アンギラ
    Europe/Tirane:
      exemplar_city: ティラナ
    Asia/Yerevan:
      exemplar_city: エレバン
    Africa/Luanda:
      exemplar_city: ルアンダ
    Antarctica/Rothera:
      exemplar_city: ロゼラ基地
    Antarctica/Palmer:
      exemplar_city: パーマー基地
    Antarctica/Troll:
      exemplar_city: トロル基地
    Antarctica/Syowa:
      exemplar_city: 昭和基地
    Antarctica/Mawson:
      exemplar_city: モーソン基地
    Antarctica/Davis:
      exemplar_city: デービス基地
    Antarctica/Vostok:
      exemplar_city: ボストーク基地
    Antarctica/Casey:
      exemplar_city: ケーシー基地
    Antarctica/DumontDUrville:
      exemplar_city: デュモン・デュルヴィル基地
    Antarctica/McMurdo:
      exemplar_city: マクマード基地
    America/Argentina/Rio_Gallegos:
      exemplar_city: リオガジェゴス
    America/Mendoza:
      exemplar_city: メンドーサ
    America/Argentina/San_Juan:
      exemplar_city: サンファン
    America/Argentina/Ushuaia:
      exemplar_city: ウシュアイア
    America/Argentina/La_Rioja:
      exemplar_city: ラリオハ
    America/Argentina/San_Luis:
      exemplar_city: サンルイス
    America/Catamarca:
      exemplar_city: カタマルカ
    America/Argentina/Salta:
      exemplar_city: サルタ
    America/Jujuy:
      exemplar_city: フフイ
    America/Argentina/Tucuman:
      exemplar_city: トゥクマン
    America/Cordoba:
      exemplar_city: コルドバ
    America/Buenos_Aires:
      exemplar_city: ブエノスアイレス
    Pacific/Pago_Pago:
      exemplar_city: パゴパゴ
    Europe/Vienna:
      exemplar_city: ウィーン
    Australia/Perth:
      exemplar_city: パース
    Australia/Eucla:
      exemplar_city: ユークラ
    Australia/Darwin:
      exemplar_city: ダーウィン
    Australia/Adelaide:
      exemplar_city: アデレード
    Australia/Broken_Hill:
      exemplar_city: ブロークンヒル
    Australia/Melbourne:
      exemplar_city: メルボルン
    Australia/Hobart:
      exemplar_city: ホバート
    Australia/Lindeman:
      exemplar_city: リンデマン
    Australia/Sydney:
      exemplar_city: シドニー
    Australia/Brisbane:
      exemplar_city: ブリスベン
    Antarctica/Macquarie:
      exemplar_city: マッコリー
    Australia/Lord_Howe:
      exemplar_city: ロードハウ
    America/Aruba:
      exemplar_city: アルバ
    Europe/Mariehamn:
      exemplar_city: マリエハムン
    Asia/Baku:
      exemplar_city: バクー
    Europe/Sarajevo:
      exemplar_city: サラエボ
    America/Barbados:
      exemplar_city: バルバドス
    Asia/Dhaka:
      exemplar_city: ダッカ
    Europe/Brussels:
      exemplar_city: ブリュッセル
    Africa/Ouagadougou:
      exemplar_city: ワガドゥグー
    Europe/Sofia:
      exemplar_city: ソフィア
    Asia/Bahrain:
      exemplar_city: バーレーン
    Africa/Bujumbura:
      exemplar_city: ブジュンブラ
    Africa/Porto-Novo:
      exemplar_city: ポルトノボ
    America/St_Barthelemy:
      exemplar_city: サン・バルテルミー
    Atlantic/Bermuda:
      exemplar_city: バミューダ
    Asia/Brunei:
      exemplar_city: ブルネイ
    America/La_Paz:
      exemplar_city: ラパス
    America/Kralendijk:
      exemplar_city: クラレンダイク
    America/Eirunepe:
      exemplar_city: エイルネペ
    America/Rio_Branco:
      exemplar_city: リオブランコ
    America/Porto_Velho:
      exemplar_city: ポルトベーリョ
    America/Boa_Vista:
      exemplar_city: ボアビスタ
    America/Manaus:
      exemplar_city: マナウス
    America/Cuiaba:
      exemplar_city: クイアバ
    America/Santarem:
      exemplar_city: サンタレム
    America/Campo_Grande:
      exemplar_city: カンポグランデ
    America/Belem:
      exemplar_city: ベレン
    America/Araguaina:
      exemplar_city: アラグァイナ
    America/Sao_Paulo:
      exemplar_city: サンパウロ
    America/Bahia:
      exemplar_city: バイーア
    America/Fortaleza:
      exemplar_city: フォルタレザ
    America/Maceio:
      exemplar_city: マセイオ
    America/Recife:
      exemplar_city: レシフェ
    America/Noronha:
      exemplar_city: ノローニャ
    America/Nassau:
      exemplar_city: ナッソー
    Asia/Thimphu:
      exemplar_city: ティンプー
    Africa/Gaborone:
      exemplar_city: ハボローネ
    Europe/Minsk:
      exemplar_city: ミンスク
    America/Belize:
      exemplar_city: ベリーズ
    America/Dawson:
      exemplar_city: ドーソン
    America/Whitehorse:
      exemplar_city: ホワイトホース
    America/Inuvik:
      exemplar_city: イヌヴィク
    America/Vancouver:
      exemplar_city: バンクーバー
    America/Fort_Nelson:
      exemplar_city: フォートネルソン
    America/Dawson_Creek:
      exemplar_city: ドーソンクリーク
    America/Creston:
      exemplar_city: クレストン
    America/Edmonton:
      exemplar_city: エドモントン
    America/Swift_Current:
      exemplar_city: スウィフトカレント
    America/Cambridge_Bay:
      exemplar_city: ケンブリッジベイ
    America/Regina:
      exemplar_city: レジャイナ
    America/Winnipeg:
      exemplar_city: ウィニペグ
    America/Resolute:
      exemplar_city: レゾリュート
    America/Rankin_Inlet:
      exemplar_city: ランキンインレット
    America/Coral_Harbour:
      exemplar_city: アティコカン
    America/Toronto:
      exemplar_city: トロント
    America/Iqaluit:
      exemplar_city: イカルイット
    America/Moncton:
      exemplar_city: モンクトン
    America/Halifax:
      exemplar_city: ハリファクス
    America/Goose_Bay:
      exemplar_city: グースベイ
    America/Glace_Bay:
      exemplar_city: グレースベイ
    America/Blanc-Sablon:
      exemplar_city: ブラン・サブロン
    America/St_Johns:
      exemplar_city: セントジョンズ
    Indian/Cocos:
      exemplar_city: ココス諸島
    Africa/Kinshasa:
      exemplar_city: キンシャサ
    Africa/Lubumbashi:
      exemplar_city: ルブンバシ
    Africa/Bangui:
      exemplar_city: バンギ
    Africa/Brazzaville:
      exemplar_city: ブラザビル
    Europe/Zurich:
      exemplar_city: チューリッヒ
    Africa/Abidjan:
      exemplar_city: アビジャン
    Pacific/Rarotonga:
      exemplar_city: ラロトンガ
    Pacific/Easter:
      exemplar_city: イースター島
    America/Punta_Arenas:
      exemplar_city: プンタアレナス
    America/Santiago:
      exemplar_city: サンチアゴ
    Africa/Douala:
      exemplar_city: ドゥアラ
    Asia/Urumqi:
      exemplar_city: ウルムチ
    Asia/Shanghai:
      exemplar_city: 上海
    America/Bogota:
      exemplar_city: ボゴタ
    America/Costa_Rica:
      exemplar_city: コスタリカ
    America/Havana:
      exemplar_city: ハバナ
    Atlantic/Cape_Verde:
      exemplar_city: カーボベルデ
    America/Curacao:
      exemplar_city: キュラソー
    Indian/Christmas:
      exemplar_city: クリスマス島
    Asia/Nicosia:
      exemplar_city: ニコシア
    Asia/Famagusta:
      exemplar_city: ファマグスタ
    Europe/Prague:
      exemplar_city: プラハ
    Europe/Busingen:
      exemplar_city: ビュージンゲン
    Europe/Berlin:
      exemplar_city: ベルリン
    Africa/Djibouti:
      exemplar_city: ジブチ
    Europe/Copenhagen:
      exemplar_city: コペンハーゲン
    America/Dominica:
      exemplar_city: ドミニカ
    America/Santo_Domingo:
      exemplar_city: サントドミンゴ
    Africa/Algiers:
      exemplar_city: アルジェ
    Pacific/Galapagos:
      exemplar_city: ガラパゴス
    America/Guayaquil:
      exemplar_city: グアヤキル
    Europe/Tallinn:
      exemplar_city: タリン
    Africa/Cairo:
      exemplar_city: カイロ
    Africa/El_Aaiun:
      exemplar_city: アイウン
    Africa/Asmera:
      exemplar_city: アスマラ
    Atlantic/Canary:
      exemplar_city: カナリア
    Africa/Ceuta:
      exemplar_city: セウタ
    Europe/Madrid:
      exemplar_city: マドリード
    Africa/Addis_Ababa:
      exemplar_city: アジスアベバ
    Europe/Helsinki:
      exemplar_city: ヘルシンキ
    Pacific/Fiji:
      exemplar_city: フィジー
    Atlantic/Stanley:
      exemplar_city: スタンレー
    Pacific/Truk:
      exemplar_city: チューク
    Pacific/Ponape:
      exemplar_city: ポンペイ島
    Pacific/Kosrae:
      exemplar_city: コスラエ
    Atlantic/Faeroe:
      exemplar_city: フェロー
    Europe/Paris:
      exemplar_city: パリ
    Africa/Libreville:
      exemplar_city: リーブルヴィル
    Europe/London:
      exemplar_city: ロンドン
      long:
        daylight: 英国夏時間
    America/Grenada:
      exemplar_city: グレナダ
    Asia/Tbilisi:
      exemplar_city: トビリシ
    America/Cayenne:
      exemplar_city: カイエンヌ
    Europe/Guernsey:
      exemplar_city: ガーンジー
    Africa/Accra:
      exemplar_city: アクラ
    Europe/Gibraltar:
      exemplar_city: ジブラルタル
    America/Thule:
      exemplar_city: チューレ
    America/Godthab:
      exemplar_city: ヌーク
    America/Scoresbysund:
      exemplar_city: イトコルトルミット
    America/Danmarkshavn:
      exemplar_city: デンマークシャウン
    Africa/Banjul:
      exemplar_city: バンジュール
    Africa/Conakry:
      exemplar_city: コナクリ
    America/Guadeloupe:
      exemplar_city: グアドループ
    Africa/Malabo:
      exemplar_city: マラボ
    Europe/Athens:
      exemplar_city: アテネ
    Atlantic/South_Georgia:
      exemplar_city: サウスジョージア
    America/Guatemala:
      exemplar_city: グアテマラ
    Pacific/Guam:
      exemplar_city: グアム
    Africa/Bissau:
      exemplar_city: ビサウ
    America/Guyana:
      exemplar_city: ガイアナ
    Asia/Hong_Kong:
      exemplar_city: 香港
    America/Tegucigalpa:
      exemplar_city: テグシガルパ
    Europe/Zagreb:
      exemplar_city: ザグレブ
    America/Port-au-Prince:
      exemplar_city: ポルトープランス
    Europe/Budapest:
      exemplar_city: ブダペスト
    Asia/Jakarta:
      exemplar_city: ジャカルタ
    Asia/Pontianak:
      exemplar_city: ポンティアナック
    Asia/Makassar:
      exemplar_city: マカッサル
    Asia/Jayapura:
      exemplar_city: ジャヤプラ
    Europe/Dublin:
      exemplar_city: ダブリン
      long:
        daylight: アイルランド標準時
    Asia/Jerusalem:
      exemplar_city: エルサレム
    Europe/Isle_of_Man:
      exemplar_city: マン島
    Asia/Calcutta:
      exemplar_city: コルカタ
    Indian/Chagos:
      exemplar_city: チャゴス
    Asia/Baghdad:
      exemplar_city: バグダッド
    Asia/Tehran:
      exemplar_city: テヘラン
    Atlantic/Reykjavik:
      exemplar_city: レイキャビク
    Europe/Rome:
      exemplar_city: ローマ
    Europe/Jersey:
      exemplar_city: ジャージー
    America/Jamaica:
      exemplar_city: ジャマイカ
    Asia/Amman:
      exemplar_city: アンマン
    Asia/Tokyo:
      exemplar_city: 東京
    Africa/Nairobi:
      exemplar_city: ナイロビ
    Asia/Bishkek:
      exemplar_city: ビシュケク
    Asia/Phnom_Penh:
      exemplar_city: プノンペン
    Pacific/Enderbury:
      exemplar_city: エンダーベリー島
    Pacific/Kanton:
      exemplar_city: カントン島
    Pacific/Kiritimati:
      exemplar_city: キリスィマスィ島
    Pacific/Tarawa:
      exemplar_city: タラワ
    Indian/Comoro:
      exemplar_city: コモロ
    America/St_Kitts:
      exemplar_city: セントクリストファー
    Asia/Pyongyang:
      exemplar_city: 平壌
    Asia/Seoul:
      exemplar_city: ソウル
    Asia/Kuwait:
      exemplar_city: クウェート
    America/Cayman:
      exemplar_city: ケイマン
    Asia/Aqtau:
      exemplar_city: アクタウ
    Asia/Oral:
      exemplar_city: オラル
    Asia/Atyrau:
      exemplar_city: アティラウ
    Asia/Aqtobe:
      exemplar_city: アクトベ
    Asia/Qostanay:
      exemplar_city: コスタナイ
    Asia/Qyzylorda:
      exemplar_city: クズロルダ
    Asia/Almaty:
      exemplar_city: アルマトイ
    Asia/Vientiane:
      exemplar_city: ビエンチャン
    Asia/Beirut:
      exemplar_city: ベイルート
    America/St_Lucia:
      exemplar_city: セントルシア
    Europe/Vaduz:
      exemplar_city: ファドゥーツ
    Asia/Colombo:
      exemplar_city: コロンボ
    Africa/Monrovia:
      exemplar_city: モンロビア
    Africa/Maseru:
      exemplar_city: マセル
    Europe/Vilnius:
      exemplar_city: ヴィリニュス
    Europe/Luxembourg:
      exemplar_city: ルクセンブルク
    Europe/Riga:
      exemplar_city: リガ
    Africa/Tripoli:
      exemplar_city: トリポリ
    Africa/Casablanca:
      exemplar_city: カサブランカ
    Europe/Monaco:
      exemplar_city: モナコ
    Europe/Chisinau:
      exemplar_city: キシナウ
    Europe/Podgorica:
      exemplar_city: ポドゴリツァ
    America/Marigot:
      exemplar_city: マリゴ
    Indian/Antananarivo:
      exemplar_city: アンタナナリボ
    Pacific/Kwajalein:
      exemplar_city: クェゼリン
    Pacific/Majuro:
      exemplar_city: マジュロ
    Europe/Skopje:
      exemplar_city: スコピエ
    Africa/Bamako:
      exemplar_city: バマコ
    Asia/Rangoon:
      exemplar_city: ヤンゴン
    Asia/Hovd:
      exemplar_city: ホブド
    Asia/Ulaanbaatar:
      exemplar_city: ウランバートル
    Asia/Macau:
      exemplar_city: マカオ
    Pacific/Saipan:
      exemplar_city: サイパン
    America/Martinique:
      exemplar_city: マルティニーク
    Africa/Nouakchott:
      exemplar_city: ヌアクショット
    America/Montserrat:
      exemplar_city: モントセラト
    Europe/Malta:
      exemplar_city: マルタ
    Indian/Mauritius:
      exemplar_city: モーリシャス
    Indian/Maldives:
      exemplar_city: モルディブ
    Africa/Blantyre:
      exemplar_city: ブランタイヤ
    America/Tijuana:
      exemplar_city: ティフアナ
    America/Hermosillo:
      exemplar_city: エルモシヨ
    America/Ciudad_Juarez:
      exemplar_city: シウダー・フアレス
    America/Mazatlan:
      exemplar_city: マサトラン
    America/Chihuahua:
      exemplar_city: チワワ
    America/Bahia_Banderas:
      exemplar_city: バイアバンデラ
    America/Ojinaga:
      exemplar_city: オヒナガ
    America/Monterrey:
      exemplar_city: モンテレイ
    America/Mexico_City:
      exemplar_city: メキシコシティー
    America/Matamoros:
      exemplar_city: マタモロス
    America/Merida:
      exemplar_city: メリダ
    America/Cancun:
      exemplar_city: カンクン
    Asia/Kuala_Lumpur:
      exemplar_city: クアラルンプール
    Asia/Kuching:
      exemplar_city: クチン
    Africa/Maputo:
      exemplar_city: マプト
    Africa/Windhoek:
      exemplar_city: ウィントフック
    Pacific/Noumea:
      exemplar_city: ヌメア
    Africa/Niamey:
      exemplar_city: ニアメ
    Pacific/Norfolk:
      exemplar_city: ノーフォーク島
    Africa/Lagos:
      exemplar_city: ラゴス
    America/Managua:
      exemplar_city: マナグア
    Europe/Amsterdam:
      exemplar_city: アムステルダム
    Europe/Oslo:
      exemplar_city: オスロ
    Asia/Katmandu:
      exemplar_city: カトマンズ
    Pacific/Nauru:
      exemplar_city: ナウル
    Pacific/Niue:
      exemplar_city: ニウエ
    Pacific/Chatham:
      exemplar_city: チャタム
    Pacific/Auckland:
      exemplar_city: オークランド
    Asia/Muscat:
      exemplar_city: マスカット
    America/Panama:
      exemplar_city: パナマ
    America/Lima:
      exemplar_city: リマ
    Pacific/Tahiti:
      exemplar_city: タヒチ
    Pacific/Marquesas:
      exemplar_city: マルキーズ
    Pacific/Gambier:
      exemplar_city: ガンビエ諸島
    Pacific/Port_Moresby:
      exemplar_city: ポートモレスビー
    Pacific/Bougainville:
      exemplar_city: ブーゲンビル
    Asia/Manila:
      exemplar_city: マニラ
    Asia/Karachi:
      exemplar_city: カラチ
    Europe/Warsaw:
      exemplar_city: ワルシャワ
    America/Miquelon:
      exemplar_city: ミクロン島
    Pacific/Pitcairn:
      exemplar_city: ピトケアン諸島
    America/Puerto_Rico:
      exemplar_city: プエルトリコ
    Asia/Gaza:
      exemplar_city: ガザ
    Asia/Hebron:
      exemplar_city: ヘブロン
    Atlantic/Azores:
      exemplar_city: アゾレス
    Atlantic/Madeira:
      exemplar_city: マデイラ
    Europe/Lisbon:
      exemplar_city: リスボン
    Pacific/Palau:
      exemplar_city: パラオ
    America/Asuncion:
      exemplar_city: アスンシオン
    Asia/Qatar:
      exemplar_city: カタール
    Indian/Reunion:
      exemplar_city: レユニオン
    Europe/Bucharest:
      exemplar_city: ブカレスト
    Europe/Belgrade:
      exemplar_city: ベオグラード
    Europe/Kaliningrad:
      exemplar_city: カリーニングラード
    Europe/Moscow:
      exemplar_city: モスクワ
    Europe/Volgograd:
      exemplar_city: ボルゴグラード
    Europe/Saratov:
      exemplar_city: サラトフ
    Europe/Astrakhan:
      exemplar_city: アストラハン
    Europe/Ulyanovsk:
      exemplar_city: ウリヤノフスク
    Europe/Kirov:
      exemplar_city: キーロフ
    Europe/Samara:
      exemplar_city: サマラ
    Asia/Yekaterinburg:
      exemplar_city: エカテリンブルグ
    Asia/Omsk:
      exemplar_city: オムスク
    Asia/Novosibirsk:
      exemplar_city: ノヴォシビルスク
    Asia/Barnaul:
      exemplar_city: バルナウル
    Asia/Tomsk:
      exemplar_city: トムスク
    Asia/Novokuznetsk:
      exemplar_city: ノヴォクズネツク
    Asia/Krasnoyarsk:
      exemplar_city: クラスノヤルスク
    Asia/Irkutsk:
      exemplar_city: イルクーツク
    Asia/Chita:
      exemplar_city: チタ
    Asia/Yakutsk:
      exemplar_city: ヤクーツク
    Asia/Vladivostok:
      exemplar_city: ウラジオストク
    Asia/Khandyga:
      exemplar_city: ハンドゥイガ
    Asia/Sakhalin:
      exemplar_city: サハリン
    Asia/Ust-Nera:
      exemplar_city: ウスチネラ
    Asia/Magadan:
      exemplar_city: マガダン
    Asia/Srednekolymsk:
      exemplar_city: スレドネコリムスク
    Asia/Kamchatka:
      exemplar_city: カムチャッカ
    Asia/Anadyr:
      exemplar_city: アナディリ
    Africa/Kigali:
      exemplar_city: キガリ
    Asia/Riyadh:
      exemplar_city: リヤド
    Pacific/Guadalcanal:
      exemplar_city: ガダルカナル
    Indian/Mahe:
      exemplar_city: マヘ
    Africa/Khartoum:
      exemplar_city: ハルツーム
    Europe/Stockholm:
      exemplar_city: ストックホルム
    Asia/Singapore:
      exemplar_city: シンガポール
    Atlantic/St_Helena:
      exemplar_city: セントヘレナ
    Europe/Ljubljana:
      exemplar_city: リュブリャナ
    Arctic/Longyearbyen:
      exemplar_city: ロングイェールビーン
    Europe/Bratislava:
      exemplar_city: ブラチスラバ
    Africa/Freetown:
      exemplar_city: フリータウン
    Europe/San_Marino:
      exemplar_city: サンマリノ
    Africa/Dakar:
      exemplar_city: ダカール
    Africa/Mogadishu:
      exemplar_city: モガディシオ
    America/Paramaribo:
      exemplar_city: パラマリボ
    Africa/Juba:
      exemplar_city: ジュバ
    Africa/Sao_Tome:
      exemplar_city: サントメ
    America/El_Salvador:
      exemplar_city: エルサルバドル
    America/Lower_Princes:
      exemplar_city: ローワー・プリンセズ・クウォーター
    Asia/Damascus:
      exemplar_city: ダマスカス
    Africa/Mbabane:
      exemplar_city: ムババーネ
    America/Grand_Turk:
      exemplar_city: グランドターク
    Africa/Ndjamena:
      exemplar_city: ンジャメナ
    Indian/Kerguelen:
      exemplar_city: ケルゲレン諸島
    Africa/Lome:
      exemplar_city: ロメ
    Asia/Bangkok:
      exemplar_city: バンコク
    Asia/Dushanbe:
      exemplar_city: ドゥシャンベ
    Pacific/Fakaofo:
      exemplar_city: ファカオフォ
    Asia/Dili:
      exemplar_city: ディリ
    Asia/Ashgabat:
      exemplar_city: アシガバード
    Africa/Tunis:
      exemplar_city: チュニス
    Pacific/Tongatapu:
      exemplar_city: トンガタプ
    Europe/Istanbul:
      exemplar_city: イスタンブール
    America/Port_of_Spain:
      exemplar_city: ポートオブスペイン
    Pacific/Funafuti:
      exemplar_city: フナフティ
    Asia/Taipei:
      exemplar_city: 台北
    Africa/Dar_es_Salaam:
      exemplar_city: ダルエスサラーム
    Europe/Kiev:
      exemplar_city: キーウ
    Europe/Simferopol:
      exemplar_city: シンフェロポリ
    Africa/Kampala:
      exemplar_city: カンパラ
    Pacific/Midway:
      exemplar_city: ミッドウェー島
    Pacific/Wake:
      exemplar_city: ウェーク島
    America/Adak:
      exemplar_city: アダック
    America/Nome:
      exemplar_city: ノーム
    America/Anchorage:
      exemplar_city: アンカレッジ
    America/Yakutat:
      exemplar_city: ヤクタット
    America/Sitka:
      exemplar_city: シトカ
    America/Juneau:
      exemplar_city: ジュノー
    America/Metlakatla:
      exemplar_city: メトラカトラ
    America/Los_Angeles:
      exemplar_city: ロサンゼルス
    America/Boise:
      exemplar_city: ボイシ
    America/Phoenix:
      exemplar_city: フェニックス
    America/Denver:
      exemplar_city: デンバー
    America/North_Dakota/Beulah:
      exemplar_city: ノースダコタ州ビューラー
    America/North_Dakota/New_Salem:
      exemplar_city: ノースダコタ州ニューセーラム
    America/North_Dakota/Center:
      exemplar_city: ノースダコタ州センター
    America/Chicago:
      exemplar_city: シカゴ
    America/Menominee:
      exemplar_city: メノミニー
    America/Indiana/Vincennes:
      exemplar_city: インディアナ州ビンセンス
    America/Indiana/Petersburg:
      exemplar_city: インディアナ州ピーターズバーグ
    America/Indiana/Tell_City:
      exemplar_city: インディアナ州テルシティ
    America/Indiana/Knox:
      exemplar_city: インディアナ州ノックス
    America/Indiana/Winamac:
      exemplar_city: インディアナ州ウィナマック
    America/Indiana/Marengo:
      exemplar_city: インディアナ州マレンゴ
    America/Indianapolis:
      exemplar_city: インディアナポリス
    America/Louisville:
      exemplar_city: ルイビル
    America/Indiana/Vevay:
      exemplar_city: インディアナ州ビベー
    America/Kentucky/Monticello:
      exemplar_city: ケンタッキー州モンティチェロ
    America/Detroit:
      exemplar_city: デトロイト
    America/New_York:
      exemplar_city: ニューヨーク
    America/Montevideo:
      exemplar_city: モンテビデオ
    Asia/Samarkand:
      exemplar_city: サマルカンド
    Asia/Tashkent:
      exemplar_city: タシケント
    Europe/Vatican:
      exemplar_city: バチカン
    America/St_Vincent:
      exemplar_city: セントビンセント
    America/Caracas:
      exemplar_city: カラカス
    America/Tortola:
      exemplar_city: トルトーラ
    America/St_Thomas:
      exemplar_city: セントトーマス
    Asia/Saigon:
      exemplar_city: ホーチミン
    Pacific/Efate:
      exemplar_city: エフェテ島
    Pacific/Wallis:
      exemplar_city: ウォリス諸島
    Pacific/Apia:
      exemplar_city: アピア
    Asia/Aden:
      exemplar_city: アデン
    Indian/Mayotte:
      exemplar_city: マヨット
    Africa/Johannesburg:
      exemplar_city: ヨハネスブルグ
    Africa/Lusaka:
      exemplar_city: ルサカ
    Africa/Harare:
      exemplar_city: ハラレ
  metazones:
    Acre:
      long:
        generic: アクレ時間
        standard: アクレ標準時
        daylight: アクレ夏時間
    Afghanistan:
      long:
        standard: アフガニスタン時間
    Africa_Central:
      long:
        standard: 中央アフリカ時間
    Africa_Eastern:
      long:
        standard: 東アフリカ時間
    Africa_Southern:
      long:
        standard: 南アフリカ標準時
    Africa_Western:
      long:
        generic: 西アフリカ時間
        standard: 西アフリカ標準時
        daylight: 西アフリカ夏時間
    Alaska:
      long:
        generic: アラスカ時間
        standard: アラスカ標準時
        daylight: アラスカ夏時間
    Almaty:
      long:
        generic: アルトマイ時間
        standard: アルトマイ標準時
        daylight: アルマトイ夏時間
    Amazon:
      long:
        generic: アマゾン時間
        standard: アマゾン標準時
        daylight: アマゾン夏時間
    America_Central:
      long:
        generic: アメリカ中部時間
        standard: アメリカ中部標準時
        daylight: アメリカ中部夏時間
    America_Eastern:
      long:
        generic: アメリカ東部時間
        standard: アメリカ東部標準時
        daylight: アメリカ東部夏時間
    America_Mountain:
      long:
        generic: アメリカ山地時間
        standard: アメリカ山地標準時
        daylight: アメリカ山地夏時間
    America_Pacific:
      long:
        generic: アメリカ太平洋時間
        standard: アメリカ太平洋標準時
        daylight: アメリカ太平洋夏時間
    Anadyr:
      long:
        generic: アナディリ時間
        standard: アナディリ標準時
        daylight: アナディリ夏時間
    Apia:
      long:
        generic: アピア時間
        standard: アピア標準時
        daylight: アピア夏時間
    Aqtau:
      long:
        generic: アクタウ時間
        standard: アクタウ標準時
        daylight: アクタウ夏時間
    Aqtobe:
      long:
        generic: アクトベ時間
        standard: アクトベ標準時
        daylight: アクトベ夏時間
    Arabian:
      long:
        generic: アラビア時間
        standard: アラビア標準時
        daylight: アラビア夏時間
    Argentina:
      long:
        generic: アルゼンチン時間
        standard: アルゼンチン標準時
        daylight: アルゼンチン夏時間
    Argentina_Western:
      long:
        generic: 西部アルゼンチン時間
        standard: 西部アルゼンチン標準時
        daylight: 西部アルゼンチン夏時間
    Armenia:
      long:
        generic: アルメニア時間
        standard: アルメニア標準時
        daylight: アルメニア夏時間
    Atlantic:
      long:
        generic: 大西洋時間
        standard: 大西洋標準時
        daylight: 大西洋夏時間
    Australia_Central:
      long:
        generic: オーストラリア中部時間
        standard: オーストラリア中部標準時
        daylight: オーストラリア中部夏時間
    Australia_CentralWestern:
      long:
        generic: オーストラリア中西部時間
        standard: オーストラリア中西部標準時
        daylight: オーストラリア中西部夏時間
    Australia_Eastern:
      long:
        generic: オーストラリア東部時間
        standard: オーストラリア東部標準時
        daylight: オーストラリア東部夏時間
    Australia_Western:
      long:
        generic: オーストラリア西部時間
        standard: オーストラリア西部標準時
        daylight: オーストラリア西部夏時間
    Azerbaijan:
      long:
        generic: アゼルバイジャン時間
        standard: アゼルバイジャン標準時
        daylight: アゼルバイジャン夏時間
    Azores:
      long:
        generic: アゾレス時間
        standard: アゾレス標準時
        daylight: アゾレス夏時間
    Bangladesh:
      long:
        generic: バングラデシュ時間
        standard: バングラデシュ標準時
        daylight: バングラデシュ夏時間
    Bhutan:
      long:
        standard: ブータン時間
    Bolivia:
      long:
        standard: ボリビア時間
    Brasilia:
      long:
        generic: ブラジリア時間
        standard: ブラジリア標準時
        daylight: ブラジリア夏時間
    Brunei:
      long:
        standard: ブルネイ・ダルサラーム時間
    Cape_Verde:
      long:
        generic: カーボベルデ時間
        standard: カーボベルデ標準時
        daylight: カーボベルデ夏時間
    Casey:
      long:
        standard: ケイシー基地時間
    Chamorro:
      long:
        standard: チャモロ時間
    Chatham:
      long:
        generic: チャタム時間
        standard: チャタム標準時
        daylight: チャタム夏時間
    Chile:
      long:
        generic: チリ時間
        standard: チリ標準時
        daylight: チリ夏時間
    China:
      long:
        generic: 中国時間
        standard: 中国標準時
        daylight: 中国夏時間
    Christmas:
      long:
        standard: クリスマス島時間
    Cocos:
      long:
        standard: ココス諸島時間
    Colombia:
      long:
        generic: コロンビア時間
        standard: コロンビア標準時
        daylight: コロンビア夏時間
    Cook:
      long:
        generic: クック諸島時間
        standard: クック諸島標準時
        daylight: クック諸島夏時間
    Cuba:
      long:
        generic: キューバ時間
        standard: キューバ標準時
        daylight: キューバ夏時間
    Davis:
      long:
        standard: デービス基地時間
    DumontDUrville:
      long:
        standard: デュモン・デュルヴィル基地時間
    East_Timor:
      long:
        standard: 東ティモール時間
    Easter:
      long:
        generic: イースター島時間
        standard: イースター島標準時
        daylight: イースター島夏時間
    Ecuador:
      long:
        standard: エクアドル時間
    Europe_Central:
      long:
        generic: 中央ヨーロッパ時間
        standard: 中央ヨーロッパ標準時
        daylight: 中央ヨーロッパ夏時間
    Europe_Eastern:
      long:
        generic: 東ヨーロッパ時間
        standard: 東ヨーロッパ標準時
        daylight: 東ヨーロッパ夏時間
    Europe_Further_Eastern:
      long:
        standard: 極東ヨーロッパ時間
    Europe_Western:
      long:
        generic: 西ヨーロッパ時間
        standard: 西ヨーロッパ標準時
        daylight: 西ヨーロッパ夏時間
    Falkland:
      long:
        generic: フォークランド諸島時間
        standard: フォークランド諸島標準時
        daylight: フォークランド諸島夏時間
    Fiji:
      long:
        generic: フィジー時間
        standard: フィジー標準時
        daylight: フィジー夏時間
    French_Guiana:
      long:
        standard: 仏領ギアナ時間
    French_Southern:
      long:
        standard: 仏領南方南極時間
    Galapagos:
      long:
        standard: ガラパゴス時間
    Gambier:
      long:
        standard: ガンビエ諸島時間
    Georgia:
      long:
        generic: ジョージア時間
        standard: ジョージア標準時
        daylight: ジョージア夏時間
    Gilbert_Islands:
      long:
        standard: ギルバート諸島時間
    GMT:
      long:
        standard: グリニッジ標準時
    Greenland_Eastern:
      long:
        generic: グリーンランド東部時間
        standard: グリーンランド東部標準時
        daylight: グリーンランド東部夏時間
    Greenland_Western:
      long:
        generic: グリーンランド西部時間
        standard: グリーンランド西部標準時
        daylight: グリーンランド西部夏時間
    Guam:
      long:
        standard: グアム時間
    Gulf:
      long:
        standard: 湾岸標準時
    Guyana:
      long:
        standard: ガイアナ時間
    Hawaii_Aleutian:
      long:
        generic: ハワイ・アリューシャン時間
        standard: ハワイ・アリューシャン標準時
        daylight: ハワイ・アリューシャン夏時間
    Hong_Kong:
      long:
        generic: 香港時間
        standard: 香港標準時
        daylight: 香港夏時間
    Hovd:
      long:
        generic: ホブド時間
        standard: ホブド標準時
        daylight: ホブド夏時間
    India:
      long:
        standard: インド標準時
    Indian_Ocean:
      long:
        standard: インド洋時間
    Indochina:
      long:
        standard: インドシナ時間
    Indonesia_Central:
      long:
        standard: インドネシア中部時間
    Indonesia_Eastern:
      long:
        standard: インドネシア東部時間
    Indonesia_Western:
      long:
        standard: インドネシア西部時間
    Iran:
      long:
        generic: イラン時間
        standard: イラン標準時
        daylight: イラン夏時間
    Irkutsk:
      long:
        generic: イルクーツク時間
        standard: イルクーツク標準時
        daylight: イルクーツク夏時間
    Israel:
      long:
        generic: イスラエル時間
        standard: イスラエル標準時
        daylight: イスラエル夏時間
    Japan:
      short:
        generic: "∅∅∅"
        standard: JST
        daylight: JDT
      long:
        generic: 日本時間
        standard: 日本標準時
        daylight: 日本夏時間
    Kamchatka:
      long:
        generic: ペトロパブロフスク・カムチャツキー時間
        standard: ペトロパブロフスク・カムチャツキー標準時
        daylight: ペトロパブロフスク・カムチャツキー夏時間
    Kazakhstan:
      long:
        standard: カザフスタン時間
    Kazakhstan_Eastern:
      long:
        standard: 東カザフスタン時間
    Kazakhstan_Western:
      long:
        standard: 西カザフスタン時間
    Korea:
      long:
        generic: 韓国時間
        standard: 韓国標準時
        daylight: 韓国夏時間
    Kosrae:
      long:
        standard: コスラエ時間
    Krasnoyarsk:
      long:
        generic: クラスノヤルスク時間
        standard: クラスノヤルスク標準時
        daylight: クラスノヤルスク夏時間
    Kyrgystan:
      long:
        standard: キルギス時間
    Lanka:
      long:
        standard: ランカ時間
    Line_Islands:
      long:
        standard: ライン諸島時間
    Lord_Howe:
      long:
        generic: ロードハウ時間
        standard: ロードハウ標準時
        daylight: ロードハウ夏時間
    Macau:
      long:
        generic: マカオ時間
        standard: マカオ標準時
        daylight: マカオ夏時間
    Magadan:
      long:
        generic: マガダン時間
        standard: マガダン標準時
        daylight: マガダン夏時間
    Malaysia:
      long:
        standard: マレーシア時間
    Maldives:
      long:
        standard: モルディブ時間
    Marquesas:
      long:
        standard: マルキーズ時間
    Marshall_Islands:
      long:
        standard: マーシャル諸島時間
    Mauritius:
      long:
        generic: モーリシャス時間
        standard: モーリシャス標準時
        daylight: モーリシャス夏時間
    Mawson:
      long:
        standard: モーソン基地時間
    Mexico_Pacific:
      long:
        generic: メキシコ太平洋時間
        standard: メキシコ太平洋標準時
        daylight: メキシコ太平洋夏時間
    Mongolia:
      long:
        generic: ウランバートル時間
        standard: ウランバートル標準時
        daylight: ウランバートル夏時間
    Moscow:
      long:
        generic: モスクワ時間
        standard: モスクワ標準時
        daylight: モスクワ夏時間
    Myanmar:
      long:
        standard: ミャンマー時間
    Nauru:
      long:
        standard: ナウル時間
    Nepal:
      long:
        standard: ネパール時間
    New_Caledonia:
      long:
        generic: ニューカレドニア時間
        standard: ニューカレドニア標準時
        daylight: ニューカレドニア夏時間
    New_Zealand:
      long:
        generic: ニュージーランド時間
        standard: ニュージーランド標準時
        daylight: ニュージーランド夏時間
    Newfoundland:
      long:
        generic: ニューファンドランド時間
        standard: ニューファンドランド標準時
        daylight: ニューファンドランド夏時間
    Niue:
      long:
        standard: ニウエ時間
    Norfolk:
      long:
        generic: ノーフォーク島時間
        standard: ノーフォーク島標準時
        daylight: ノーフォーク島夏時間
    Noronha:
      long:
        generic: フェルナンド・デ・ノローニャ時間
        standard: フェルナンド・デ・ノローニャ標準時
        daylight: フェルナンド・デ・ノローニャ夏時間
    North_Mariana:
      long:
        standard: 北マリアナ諸島時間
    Novosibirsk:
      long:
        generic: ノヴォシビルスク時間
        standard: ノヴォシビルスク標準時
        daylight: ノヴォシビルスク夏時間
    Omsk:
      long:
        generic: オムスク時間
        standard: オムスク標準時
        daylight: オムスク夏時間
    Pakistan:
      long:
        generic: パキスタン時間
        standard: パキスタン標準時
        daylight: パキスタン夏時間
    Palau:
      long:
        standard: パラオ時間
    Papua_New_Guinea:
      long:
        standard: パプアニューギニア時間
    Paraguay:
      long:
        generic: パラグアイ時間
        standard: パラグアイ標準時
        daylight: パラグアイ夏時間
    Peru:
      long:
        generic: ペルー時間
        standard: ペルー標準時
        daylight: ペルー夏時間
    Philippines:
      long:
        generic: フィリピン時間
        standard: フィリピン標準時
        daylight: フィリピン夏時間
    Phoenix_Islands:
      long:
        standard: フェニックス諸島時間
    Pierre_Miquelon:
      long:
        generic: サンピエール島・ミクロン島時間
        standard: サンピエール島・ミクロン島標準時
        daylight: サンピエール島・ミクロン島夏時間
    Pitcairn:
      long:
        standard: ピトケアン時間
    Ponape:
      long:
        standard: ポナペ時間
    Pyongyang:
      long:
        standard: 平壌時間
    Qyzylorda:
      long:
        generic: クズロルダ時間
        standard: クズロルダ標準時
        daylight: クズロルダ夏時間
    Reunion:
      long:
        standard: レユニオン時間
    Rothera:
      long:
        standard: ロゼラ基地時間
    Sakhalin:
      long:
        generic: サハリン時間
        standard: サハリン標準時
        daylight: サハリン夏時間
    Samara:
      long:
        generic: サマラ時間
        standard: サマラ標準時
        daylight: サマラ夏時間
    Samoa:
      long:
        generic: サモア時間
        standard: サモア標準時
        daylight: サモア夏時間
    Seychelles:
      long:
        standard: セーシェル時間
    Singapore:
      long:
        standard: シンガポール標準時
    Solomon:
      long:
        standard: ソロモン諸島時間
    South_Georgia:
      long:
        standard: サウスジョージア時間
    Suriname:
      long:
        standard: スリナム時間
    Syowa:
      long:
        standard: 昭和基地時間
    Tahiti:
      long:
        standard: タヒチ時間
    Taipei:
      long:
        generic: 台北時間
        standard: 台北標準時
        daylight: 台北夏時間
    Tajikistan:
      long:
        standard: タジキスタン時間
    Tokelau:
      long:
        standard: トケラウ時間
    Tonga:
      long:
        generic: トンガ時間
        standard: トンガ標準時
        daylight: トンガ夏時間
    Truk:
      long:
        standard: チューク時間
    Turkmenistan:
      long:
        generic: トルクメニスタン時間
        standard: トルクメニスタン標準時
        daylight: トルクメニスタン夏時間
    Tuvalu:
      long:
        standard: ツバル時間
    Uruguay:
      long:
        generic: ウルグアイ時間
        standard: ウルグアイ標準時
        daylight: ウルグアイ夏時間
    Uzbekistan:
      long:
        generic: ウズベキスタン時間
        standard: ウズベキスタン標準時
        daylight: ウズベキスタン夏時間
    Vanuatu:
      long:
        generic: バヌアツ時間
        standard: バヌアツ標準時
        daylight: バヌアツ夏時間
    Venezuela:
      long:
        standard: ベネズエラ時間
    Vladivostok:
      long:
        generic: ウラジオストク時間
        standard: ウラジオストク標準時
        daylight: ウラジオストク夏時間
    Volgograd:
      long:
        generic: ボルゴグラード時間
        standard: ボルゴグラード標準時
        daylight: ボルゴグラード夏時間
    Vostok:
      long:
        standard: ボストーク基地時間
    Wake:
      long:
        standard: ウェーク島時間
    Wallis:
      long:
        standard: ウォリス・フツナ時間
    Yakutsk:
      long:
        generic: ヤクーツク時間
        standard: ヤクーツク標準時
        daylight: ヤクーツク夏時間
    Yekaterinburg:
      long:
        generic: エカテリンブルグ時間
        standard: エカテリンブルグ標準時
        daylight: エカテリンブルグ夏時間
    Yukon:
      long:
        standard: ユーコン時間
