---
locale: frr
generated_at: '2025-09-19T10:42:47Z'
cldr_version: '46'
timezone_names:
  formats:
    region_format: "{0} Tidj"
    region_format_daylight: "{0} Somertidj"
    region_format_standard: "{0} Standard Tidj"
  zones:
    Etc/Unknown:
      exemplar_city: Ünbekäänd steed
    Europe/Andorra:
      exemplar_city: Andora
    America/Antigua:
      exemplar_city: Antiigua
    Europe/Tirane:
      exemplar_city: Tirana
    Asia/Yerevan:
      exemplar_city: Jerewan
    Antarctica/Vostok:
      exemplar_city: Wostok
    Europe/Vienna:
      exemplar_city: Wiin
    America/Aruba:
      exemplar_city: Aruuba
    America/Barbados:
      exemplar_city: Barbaados
    Europe/Brussels:
      exemplar_city: Brüssel
    Asia/Bahrain:
      exemplar_city: Bachrain
    Atlantic/Bermuda:
      exemplar_city: Bermuuda
    Indian/Cocos:
      exemplar_city: Cocos Eilunen
    Europe/Zurich:
      exemplar_city: Zürich
    Pacific/Easter:
      exemplar_city: Puask Eilunen
    Asia/Urumqi:
      exemplar_city: Urumtschi
    Asia/Shanghai:
      exemplar_city: Schanghai
    Atlantic/Cape_Verde:
      exemplar_city: Kapwerden
    Indian/Christmas:
      exemplar_city: Jul Eilun
    Asia/Nicosia:
      exemplar_city: Nikosia
    Europe/Prague:
      exemplar_city: Praag
    Europe/Copenhagen:
      exemplar_city: Kopenhuuwen
    America/Dominica:
      exemplar_city: Domiinika
    Africa/Algiers:
      exemplar_city: Algier
    Africa/Cairo:
      exemplar_city: Kairo
    Atlantic/Canary:
      exemplar_city: Kanaaren
    Pacific/Fiji:
      exemplar_city: Fidschi
    Atlantic/Faeroe:
      exemplar_city: Färöern
    Europe/Paris:
      exemplar_city: Pariis
    America/Grenada:
      exemplar_city: Grenaada
    Asia/Tbilisi:
      exemplar_city: Tiflis
    Europe/Gibraltar:
      exemplar_city: Gibraltaar
    Europe/Athens:
      exemplar_city: Atheen
    Atlantic/South_Georgia:
      exemplar_city: Süüdgeorgien
    America/Guatemala:
      exemplar_city: Guatemaala
    America/Guyana:
      exemplar_city: Guyaana
    Asia/Hong_Kong:
      exemplar_city: Hongkong
    Europe/Isle_of_Man:
      exemplar_city: Eilun Man
    Asia/Calcutta:
      exemplar_city: Kalkuta
    Asia/Baghdad:
      exemplar_city: Bagdad
    Asia/Tehran:
      exemplar_city: Teheran
    Europe/Rome:
      exemplar_city: Room
    Asia/Tokyo:
      exemplar_city: Tokio
    Asia/Bishkek:
      exemplar_city: Bischkek
    Asia/Pyongyang:
      exemplar_city: Pjöngjang
    Asia/Vientiane:
      exemplar_city: Wjentiane
    Europe/Luxembourg:
      exemplar_city: Luksemborig
    Europe/Riga:
      exemplar_city: Riiga
    Africa/Tripoli:
      exemplar_city: Tripolis
    Europe/Monaco:
      exemplar_city: Monako
    Asia/Rangoon:
      exemplar_city: Ranguun
    Asia/Hovd:
      exemplar_city: Chowd
    Indian/Maldives:
      exemplar_city: Malediiwen
    America/Bahia_Banderas:
      exemplar_city: Bahia de Banderas
    America/Mexico_City:
      exemplar_city: Meksiko Steed
    Asia/Kuching:
      exemplar_city: Kutsching
    Pacific/Norfolk:
      exemplar_city: Norfolk Eilun
    Asia/Muscat:
      exemplar_city: Maskat
    Asia/Karachi:
      exemplar_city: Karatschi
    Europe/Warsaw:
      exemplar_city: Warschau
    America/Puerto_Rico:
      exemplar_city: Puerto Riko
    Atlantic/Azores:
      exemplar_city: Atsooren
    Europe/Lisbon:
      exemplar_city: Lisabon
    Asia/Qatar:
      exemplar_city: Kataar
    Europe/Bucharest:
      exemplar_city: Bukarest
    Europe/Belgrade:
      exemplar_city: Belgrad
    Europe/Moscow:
      exemplar_city: Moskau
    Europe/Volgograd:
      exemplar_city: Wolgograd
    Europe/Saratov:
      exemplar_city: Saratow
    Europe/Astrakhan:
      exemplar_city: Astrachan
    Europe/Ulyanovsk:
      exemplar_city: Uljanowsk
    Asia/Yekaterinburg:
      exemplar_city: Jekaterinburg
    Asia/Novosibirsk:
      exemplar_city: Nowosibirsk
    Asia/Novokuznetsk:
      exemplar_city: Nowokusnetsk
    Asia/Krasnoyarsk:
      exemplar_city: Krasnojarsk
    Asia/Yakutsk:
      exemplar_city: Jakutsk
    Asia/Vladivostok:
      exemplar_city: Wladiwostok
    Asia/Sakhalin:
      exemplar_city: Sachalin
    Asia/Kamchatka:
      exemplar_city: Kamtschatka
    Asia/Riyadh:
      exemplar_city: Riad
    Asia/Singapore:
      exemplar_city: Singapuur
    Asia/Damascus:
      exemplar_city: Damaskus
    Asia/Dushanbe:
      exemplar_city: Duschanbe
    Asia/Ashgabat:
      exemplar_city: Aschgabat
    Asia/Taipei:
      exemplar_city: Taipee
    Europe/Kiev:
      exemplar_city: Kiew
    America/North_Dakota/Beulah:
      exemplar_city: Beulah, Nuurd Dakota
    America/North_Dakota/New_Salem:
      exemplar_city: New Salem, Nuurd Dakota
    America/North_Dakota/Center:
      exemplar_city: Center, Nuurd Dakota
    Asia/Tashkent:
      exemplar_city: Taschkent
    Europe/Vatican:
      exemplar_city: Watikaanstääd
    Asia/Saigon:
      exemplar_city: Ho Chi Minh Steed
