---
locale: bn
generated_at: '2025-09-15T06:26:18Z'
cldr_version: '46'
timezone_names:
  formats:
    gmt_format: GMT {0}
    region_format: "{0} সময়"
    region_format_daylight: "{0} দিবালোক সময়"
    region_format_standard: "{0} মানক সময়"
  zones:
    Pacific/Honolulu:
      exemplar_city: হনোলুলু
    Etc/UTC:
      long:
        standard: স্থানাংকিত আন্তর্জাতিক সময়
    Etc/Unknown:
      exemplar_city: অজানা শহর
    Europe/Andorra:
      exemplar_city: অ্যান্ডোরা
    Asia/Dubai:
      exemplar_city: দুবাই
    Asia/Kabul:
      exemplar_city: কাবুল
    America/Antigua:
      exemplar_city: অ্যান্টিগুয়া
    America/Anguilla:
      exemplar_city: অ্যাঙ্গুইলা
    Europe/Tirane:
      exemplar_city: তিরানা
    Asia/Yerevan:
      exemplar_city: ইয়েরাভান
    Africa/Luanda:
      exemplar_city: লোয়ান্ডা
    Antarctica/Rothera:
      exemplar_city: রথেরা
    Antarctica/Palmer:
      exemplar_city: পালমার
    Antarctica/Troll:
      exemplar_city: ট্রল
    Antarctica/Syowa:
      exemplar_city: সিওয়া
    Antarctica/Mawson:
      exemplar_city: মসোন
    Antarctica/Davis:
      exemplar_city: ডেভিস
    Antarctica/Vostok:
      exemplar_city: ভস্টোক
    Antarctica/Casey:
      exemplar_city: কেইসি
    Antarctica/DumontDUrville:
      exemplar_city: ডুমন্ট ডি’উরভিল
    Antarctica/McMurdo:
      exemplar_city: ম্যাকমুর্ডো
    America/Argentina/Rio_Gallegos:
      exemplar_city: রিও গায়েগোস
    America/Mendoza:
      exemplar_city: মেন্ডোজা
    America/Argentina/San_Juan:
      exemplar_city: সান জুয়ান
    America/Argentina/Ushuaia:
      exemplar_city: উশুয়াইয়া
    America/Argentina/La_Rioja:
      exemplar_city: লা রিওহা
    America/Argentina/San_Luis:
      exemplar_city: সান লুইস
    America/Catamarca:
      exemplar_city: ক্যাটামার্কা
    America/Argentina/Salta:
      exemplar_city: স্যালটা
    America/Jujuy:
      exemplar_city: জুজুই
    America/Argentina/Tucuman:
      exemplar_city: টুকুমান
    America/Cordoba:
      exemplar_city: কর্ডোবা
    America/Buenos_Aires:
      exemplar_city: বুয়েনোস আয়েরেস
    Pacific/Pago_Pago:
      exemplar_city: প্যাগো প্যাগো
    Europe/Vienna:
      exemplar_city: ভিয়েনা
    Australia/Perth:
      exemplar_city: পার্থ
    Australia/Eucla:
      exemplar_city: ইউক্লা
    Australia/Darwin:
      exemplar_city: ডারউইন
    Australia/Adelaide:
      exemplar_city: এ্যাডেলেইড
    Australia/Broken_Hill:
      exemplar_city: ব্রোকেন হিল
    Australia/Melbourne:
      exemplar_city: মেলবোর্ন
    Australia/Hobart:
      exemplar_city: হোবার্ট
    Australia/Lindeman:
      exemplar_city: লিনডেম্যান
    Australia/Sydney:
      exemplar_city: সিডনি
    Australia/Brisbane:
      exemplar_city: ব্রিসবেন
    Antarctica/Macquarie:
      exemplar_city: ম্যাককুয়্যারি
    Australia/Lord_Howe:
      exemplar_city: লর্ড হাও
    America/Aruba:
      exemplar_city: এরুবা
    Europe/Mariehamn:
      exemplar_city: মরিয়েহামেন
    Asia/Baku:
      exemplar_city: বাকু
    Europe/Sarajevo:
      exemplar_city: সারাজিভো
    America/Barbados:
      exemplar_city: বার্বাডোজ
    Asia/Dhaka:
      exemplar_city: ঢাকা
    Europe/Brussels:
      exemplar_city: ব্রাসেলস
    Africa/Ouagadougou:
      exemplar_city: ওয়াহগুডোগু
    Europe/Sofia:
      exemplar_city: সোফিয়া
    Asia/Bahrain:
      exemplar_city: বাহারিন
    Africa/Bujumbura:
      exemplar_city: বুজুমবুরহু
    Africa/Porto-Novo:
      exemplar_city: পোর্টো-নোভো
    America/St_Barthelemy:
      exemplar_city: সেন্ট.বার্থেলেমি
    Atlantic/Bermuda:
      exemplar_city: বারমুডা
    Asia/Brunei:
      exemplar_city: ব্রুনেই
    America/La_Paz:
      exemplar_city: লা পাজ
    America/Kralendijk:
      exemplar_city: ক্রেলেন্ডাজিক
    America/Eirunepe:
      exemplar_city: আইরুনেপে
    America/Rio_Branco:
      exemplar_city: রিও ব্রাঙ্কো
    America/Porto_Velho:
      exemplar_city: পোর্তো ভেল্‌হো
    America/Boa_Vista:
      exemplar_city: বোয়া ভিস্তা
    America/Manaus:
      exemplar_city: মানাউস
    America/Cuiaba:
      exemplar_city: কুইয়াবা
    America/Santarem:
      exemplar_city: সেনটুরেম
    America/Campo_Grande:
      exemplar_city: কাম্পো গ্রান্ডে
    America/Belem:
      exemplar_city: বেলেম
    America/Araguaina:
      exemplar_city: আরাগুয়াইনা
    America/Sao_Paulo:
      exemplar_city: সাও পাউলো
    America/Bahia:
      exemplar_city: বাহিয়া
    America/Fortaleza:
      exemplar_city: ফোর্টালেজা
    America/Maceio:
      exemplar_city: মাসেয়ো
    America/Recife:
      exemplar_city: রেসিফে
    America/Noronha:
      exemplar_city: নরোন্‌হা
    America/Nassau:
      exemplar_city: নাসাউ
    Asia/Thimphu:
      exemplar_city: থিম্ফু
    Africa/Gaborone:
      exemplar_city: গ্যাবুরনি
    Europe/Minsk:
      exemplar_city: মিন্সক
    America/Belize:
      exemplar_city: বেলিজ
    America/Dawson:
      exemplar_city: ডসোন
    America/Whitehorse:
      exemplar_city: হোয়াইটহর্স
    America/Inuvik:
      exemplar_city: ইনুভ্যাক
    America/Vancouver:
      exemplar_city: ভ্যাঙ্কুভার
    America/Fort_Nelson:
      exemplar_city: ফোর্ট নেলসন
    America/Dawson_Creek:
      exemplar_city: ডসোন ক্রিক
    America/Creston:
      exemplar_city: ক্রিস্টান
    America/Edmonton:
      exemplar_city: এডমন্টোন
    America/Swift_Current:
      exemplar_city: সুইফ্ট কারেন্ট
    America/Cambridge_Bay:
      exemplar_city: কেমব্রিজ বে
    America/Regina:
      exemplar_city: রেজিনা
    America/Winnipeg:
      exemplar_city: উইনিপেগ
    America/Resolute:
      exemplar_city: রেসোলুট
    America/Rankin_Inlet:
      exemplar_city: র‍্যাঙ্কিন ইনলেট
    America/Coral_Harbour:
      exemplar_city: আটিকোকান
    America/Toronto:
      exemplar_city: টোরন্টো
    America/Iqaluit:
      exemplar_city: ইকুয়ালুইট
    America/Moncton:
      exemplar_city: মঙ্কটোন
    America/Halifax:
      exemplar_city: হ্যালিফ্যাক্স
    America/Goose_Bay:
      exemplar_city: গুস বে
    America/Glace_Bay:
      exemplar_city: গ্লাস বে
    America/Blanc-Sablon:
      exemplar_city: ব্লাঙ্ক-সাব্লোন
    America/St_Johns:
      exemplar_city: সেন্ট জন্স
    Indian/Cocos:
      exemplar_city: কোকোস
    Africa/Kinshasa:
      exemplar_city: কিনশাসা
    Africa/Lubumbashi:
      exemplar_city: লুবুম্বাশি
    Africa/Bangui:
      exemplar_city: বাঙ্গুই
    Africa/Brazzaville:
      exemplar_city: ব্রাজাভিলি
    Europe/Zurich:
      exemplar_city: জুরিখ
    Africa/Abidjan:
      exemplar_city: আবিদজান
    Pacific/Rarotonga:
      exemplar_city: রারউহতুঙ্গা
    Pacific/Easter:
      exemplar_city: ইস্টার
    America/Punta_Arenas:
      exemplar_city: পুন্টা আরেনাস
    America/Santiago:
      exemplar_city: সান্টিয়াগো
    Africa/Douala:
      exemplar_city: ডোয়ালা
    Asia/Urumqi:
      exemplar_city: উরুমকি
    Asia/Shanghai:
      exemplar_city: সাংহাই
    America/Bogota:
      exemplar_city: বোগোটা
    America/Costa_Rica:
      exemplar_city: কোস্টারিকা
    America/Havana:
      exemplar_city: হাভানা
    Atlantic/Cape_Verde:
      exemplar_city: কেপ ভার্দ
    America/Curacao:
      exemplar_city: কুরাসাও
    Indian/Christmas:
      exemplar_city: ক্রিসমাস
    Asia/Nicosia:
      exemplar_city: নিকোসিয়া
    Asia/Famagusta:
      exemplar_city: ফামাগাস্তা
    Europe/Prague:
      exemplar_city: প্রাগ
    Europe/Busingen:
      exemplar_city: বুসিনগেন
    Europe/Berlin:
      exemplar_city: বার্লিন
    Africa/Djibouti:
      exemplar_city: জিবুটি
    Europe/Copenhagen:
      exemplar_city: কোপেনহেগেন
    America/Dominica:
      exemplar_city: ডোমিনিকা
    America/Santo_Domingo:
      exemplar_city: স্যান্টো ডোমিংগো
    Africa/Algiers:
      exemplar_city: আলজিয়ার্স
    Pacific/Galapagos:
      exemplar_city: গ্যালাপ্যাগোস
    America/Guayaquil:
      exemplar_city: গোয়াইয়াকিল
    Europe/Tallinn:
      exemplar_city: তাহলিন
    Africa/Cairo:
      exemplar_city: কায়রো
    Africa/El_Aaiun:
      exemplar_city: এল আহইউন
    Africa/Asmera:
      exemplar_city: অ্যাসমারাহু
    Atlantic/Canary:
      exemplar_city: কানেরি
    Africa/Ceuta:
      exemplar_city: সেউটা
    Europe/Madrid:
      exemplar_city: মাদ্রিদ
    Africa/Addis_Ababa:
      exemplar_city: আদ্দিস আবাবা
    Europe/Helsinki:
      exemplar_city: হেলসিঙ্কি
    Pacific/Fiji:
      exemplar_city: ফিজি
    Atlantic/Stanley:
      exemplar_city: স্টানলী
    Pacific/Truk:
      exemplar_city: চুক
    Pacific/Ponape:
      exemplar_city: পোনাপে
    Pacific/Kosrae:
      exemplar_city: কোসরায়
    Atlantic/Faeroe:
      exemplar_city: ফ্যারো
    Europe/Paris:
      exemplar_city: প্যারিস
    Africa/Libreville:
      exemplar_city: লিব্রুভিল
    Europe/London:
      exemplar_city: লন্ডন
      long:
        daylight: ব্রিটিশ গ্রীষ্মকালীন সময়
    America/Grenada:
      exemplar_city: গ্রেনাডা
    Asia/Tbilisi:
      exemplar_city: সিবিলিশি
    America/Cayenne:
      exemplar_city: কাহেন
    Europe/Guernsey:
      exemplar_city: গুয়ার্নসি
    Africa/Accra:
      exemplar_city: আক্রা
    Europe/Gibraltar:
      exemplar_city: জিব্রাল্টার
    America/Thule:
      exemplar_city: থুলি
    America/Godthab:
      exemplar_city: নুক
    America/Scoresbysund:
      exemplar_city: ইট্টকুয়োরটুরমিট
    America/Danmarkshavn:
      exemplar_city: ডানমার্কশ্যাভন
    Africa/Banjul:
      exemplar_city: বাঞ্জুল
    Africa/Conakry:
      exemplar_city: কনাক্রি
    America/Guadeloupe:
      exemplar_city: গুয়াদেলোপ
    Africa/Malabo:
      exemplar_city: মালাবো
    Europe/Athens:
      exemplar_city: এথেন্স
    Atlantic/South_Georgia:
      exemplar_city: দক্ষিণ জর্জিয়া
    America/Guatemala:
      exemplar_city: গুয়াতেমালা
    Pacific/Guam:
      exemplar_city: গুয়াম
    Africa/Bissau:
      exemplar_city: বিসোউ
    America/Guyana:
      exemplar_city: গায়ানা
    Asia/Hong_Kong:
      exemplar_city: হং কং
    America/Tegucigalpa:
      exemplar_city: তেগুসিগালপা
    Europe/Zagreb:
      exemplar_city: জাগ্রেব
    America/Port-au-Prince:
      exemplar_city: পোর্ট-অহ-প্রিন্স
    Europe/Budapest:
      exemplar_city: বুডাপেস্ট
    Asia/Jakarta:
      exemplar_city: জাকার্তা
    Asia/Pontianak:
      exemplar_city: পন্টিয়ান্যাক
    Asia/Makassar:
      exemplar_city: মাকাসসার
    Asia/Jayapura:
      exemplar_city: জয়াপুরা
    Europe/Dublin:
      exemplar_city: ডাবলিন
      long:
        daylight: আইরিশ মানক সময়
    Asia/Jerusalem:
      exemplar_city: জেরুজালেম
    Europe/Isle_of_Man:
      exemplar_city: আইল অফ ম্যান
    Asia/Calcutta:
      exemplar_city: কোলকাতা
    Indian/Chagos:
      exemplar_city: ছাগোস
    Asia/Baghdad:
      exemplar_city: বাগদাদ
    Asia/Tehran:
      exemplar_city: তেহেরান
    Atlantic/Reykjavik:
      exemplar_city: রিকজাভিক
    Europe/Rome:
      exemplar_city: রোম
    Europe/Jersey:
      exemplar_city: জার্সি
    America/Jamaica:
      exemplar_city: জামাইকা
    Asia/Amman:
      exemplar_city: আম্মান
    Asia/Tokyo:
      exemplar_city: টোকিও
    Africa/Nairobi:
      exemplar_city: নাইরোবি
    Asia/Bishkek:
      exemplar_city: বিশকেক
    Asia/Phnom_Penh:
      exemplar_city: নম পেন
    Pacific/Enderbury:
      exemplar_city: এন্ডারবারি
    Pacific/Kanton:
      exemplar_city: ক্যান্টন
    Pacific/Kiritimati:
      exemplar_city: কিরিতিমাতি
    Pacific/Tarawa:
      exemplar_city: টারাওয়া
    Indian/Comoro:
      exemplar_city: কোমোরো
    America/St_Kitts:
      exemplar_city: সেন্ট. কিটস
    Asia/Pyongyang:
      exemplar_city: পিয়ংইয়ং
    Asia/Seoul:
      exemplar_city: সিওল
    Asia/Kuwait:
      exemplar_city: কুয়েত
    America/Cayman:
      exemplar_city: কামেন
    Asia/Aqtau:
      exemplar_city: আকটাউ
    Asia/Oral:
      exemplar_city: ওরাল
    Asia/Atyrau:
      exemplar_city: অতিরাউ
    Asia/Aqtobe:
      exemplar_city: আকটোবে
    Asia/Qostanay:
      exemplar_city: কোস্টানয়
    Asia/Qyzylorda:
      exemplar_city: কিজিলর্ডা
    Asia/Almaty:
      exemplar_city: আলমাটি
    Asia/Vientiane:
      exemplar_city: ভিয়েনতায়েন
    Asia/Beirut:
      exemplar_city: বেইরুট
    America/St_Lucia:
      exemplar_city: সেন্ট. লুসিয়া
    Europe/Vaduz:
      exemplar_city: ভাদুজ
    Asia/Colombo:
      exemplar_city: কলম্বো
    Africa/Monrovia:
      exemplar_city: মনরোভিয়া
    Africa/Maseru:
      exemplar_city: মাহসুরু
    Europe/Vilnius:
      exemplar_city: ভিলনিওস
    Europe/Luxembourg:
      exemplar_city: লুক্সেমবার্গ
    Europe/Riga:
      exemplar_city: রিগা
    Africa/Tripoli:
      exemplar_city: ত্রিপোলি
    Africa/Casablanca:
      exemplar_city: কাসাব্লাঙ্কা
    Europe/Monaco:
      exemplar_city: মোনাকো
    Europe/Chisinau:
      exemplar_city: কিসিনাহু
    Europe/Podgorica:
      exemplar_city: পডগরিত্সা
    America/Marigot:
      exemplar_city: মারিগো
    Indian/Antananarivo:
      exemplar_city: আন্তুনানারিভো
    Pacific/Kwajalein:
      exemplar_city: কোয়াজালেইন
    Pacific/Majuro:
      exemplar_city: মাজুরো
    Europe/Skopje:
      exemplar_city: স্কপয়ে
    Africa/Bamako:
      exemplar_city: বাম্যাকো
    Asia/Rangoon:
      exemplar_city: রেঙ্গুন
    Asia/Hovd:
      exemplar_city: হোভ্ড
    Asia/Ulaanbaatar:
      exemplar_city: উলানবাতার
    Asia/Macau:
      exemplar_city: ম্যাকাও
    Pacific/Saipan:
      exemplar_city: সাইপান
    America/Martinique:
      exemplar_city: মারটিনিক
    Africa/Nouakchott:
      exemplar_city: নোয়াকশট
    America/Montserrat:
      exemplar_city: মন্তসেরাত
    Europe/Malta:
      exemplar_city: মাল্টা
    Indian/Mauritius:
      exemplar_city: মরিশাস
    Indian/Maldives:
      exemplar_city: মালদ্বীপ
    Africa/Blantyre:
      exemplar_city: ব্ল্যানটায়ের
    America/Tijuana:
      exemplar_city: তিজুয়ানা
    America/Hermosillo:
      exemplar_city: হারমোসিল্লো
    America/Ciudad_Juarez:
      exemplar_city: সিউদাদ জুয়ারেজ
    America/Mazatlan:
      exemplar_city: মাজাটলান
    America/Chihuahua:
      exemplar_city: চিহুয়াহুয়া
    America/Bahia_Banderas:
      exemplar_city: বাহিয়া বান্দেরাস
    America/Ojinaga:
      exemplar_city: ওজিনাগা
    America/Monterrey:
      exemplar_city: মন্টেরি
    America/Mexico_City:
      exemplar_city: মেক্সিকো সিটি
    America/Matamoros:
      exemplar_city: মাতামোরস
    America/Merida:
      exemplar_city: মেরিডা
    America/Cancun:
      exemplar_city: ক্যানকুন
    Asia/Kuala_Lumpur:
      exemplar_city: কুয়ালালামপুর
    Asia/Kuching:
      exemplar_city: কুচিং
    Africa/Maputo:
      exemplar_city: মাপুতো
    Africa/Windhoek:
      exemplar_city: উইনধোক
    Pacific/Noumea:
      exemplar_city: নুমিয়া
    Africa/Niamey:
      exemplar_city: নিয়ামে
    Pacific/Norfolk:
      exemplar_city: নরফক
    Africa/Lagos:
      exemplar_city: লাগোস
    America/Managua:
      exemplar_city: মানাগুয়া
    Europe/Amsterdam:
      exemplar_city: আমস্টারডাম
    Europe/Oslo:
      exemplar_city: অসলো
    Asia/Katmandu:
      exemplar_city: কাঠমান্ডু
    Pacific/Nauru:
      exemplar_city: নাউরু
    Pacific/Niue:
      exemplar_city: নিউয়ি
    Pacific/Chatham:
      exemplar_city: চ্যাঠাম
    Pacific/Auckland:
      exemplar_city: অকল্যান্ড
    Asia/Muscat:
      exemplar_city: মাসকট
    America/Panama:
      exemplar_city: পানামা
    America/Lima:
      exemplar_city: লিমা
    Pacific/Tahiti:
      exemplar_city: তাহিতি
    Pacific/Marquesas:
      exemplar_city: মার্কেসাস
    Pacific/Gambier:
      exemplar_city: গাম্বিয়ের
    Pacific/Port_Moresby:
      exemplar_city: পোর্ট মৌরজবি
    Pacific/Bougainville:
      exemplar_city: বুগেনভিলে
    Asia/Manila:
      exemplar_city: ম্যানিলা
    Asia/Karachi:
      exemplar_city: করাচি
    Europe/Warsaw:
      exemplar_city: ওয়ারশ
    America/Miquelon:
      exemplar_city: মিকুলন
    Pacific/Pitcairn:
      exemplar_city: পিটকেয়ার্ন
    America/Puerto_Rico:
      exemplar_city: পুয়ের্তো রিকো
    Asia/Gaza:
      exemplar_city: গাজা
    Asia/Hebron:
      exemplar_city: হেব্রোন
    Atlantic/Azores:
      exemplar_city: আজোরেস
    Atlantic/Madeira:
      exemplar_city: মাডেইরা
    Europe/Lisbon:
      exemplar_city: লিসবন
    Pacific/Palau:
      exemplar_city: পালাউ
    America/Asuncion:
      exemplar_city: আসুনসিয়ন
    Asia/Qatar:
      exemplar_city: কাতার
    Indian/Reunion:
      exemplar_city: রিইউনিয়ন
    Europe/Bucharest:
      exemplar_city: বুখারেস্ট
    Europe/Belgrade:
      exemplar_city: বেলগ্রেড
    Europe/Kaliningrad:
      exemplar_city: কালিনিঙগ্রাড
    Europe/Moscow:
      exemplar_city: মস্কো
    Europe/Volgograd:
      exemplar_city: ভোল্গোগ্রাদ
    Europe/Saratov:
      exemplar_city: সারাটোভ
    Europe/Astrakhan:
      exemplar_city: আসট্রাখান
    Europe/Ulyanovsk:
      exemplar_city: উলিয়ানোভস্ক
    Europe/Kirov:
      exemplar_city: কিরোভ
    Europe/Samara:
      exemplar_city: সামারা
    Asia/Yekaterinburg:
      exemplar_city: ইয়েকাটেরিনবার্গ
    Asia/Omsk:
      exemplar_city: ওম্স্ক
    Asia/Novosibirsk:
      exemplar_city: নভোসিবির্স্ক
    Asia/Barnaul:
      exemplar_city: বার্নৌল
    Asia/Tomsk:
      exemplar_city: তোমস্ক
    Asia/Novokuznetsk:
      exemplar_city: নভকুয়েতস্নক
    Asia/Krasnoyarsk:
      exemplar_city: ক্রাসনোইয়ার্স্ক
    Asia/Irkutsk:
      exemplar_city: ইরকুটস্ক
    Asia/Chita:
      exemplar_city: চিতা
    Asia/Yakutsk:
      exemplar_city: ইয়াকুটস্ক
    Asia/Vladivostok:
      exemplar_city: ভ্লাদিভস্তোক
    Asia/Khandyga:
      exemplar_city: খানডিয়াগা
    Asia/Sakhalin:
      exemplar_city: সাখালিন
    Asia/Ust-Nera:
      exemplar_city: উস্ত- নেরা
    Asia/Magadan:
      exemplar_city: ম্যাগাডান
    Asia/Srednekolymsk:
      exemplar_city: স্রেদনেকোলয়মস্ক
    Asia/Kamchatka:
      exemplar_city: কামচাটকা
    Asia/Anadyr:
      exemplar_city: অ্যানাডির
    Africa/Kigali:
      exemplar_city: কিগালি
    Asia/Riyadh:
      exemplar_city: রিয়াধ
    Pacific/Guadalcanal:
      exemplar_city: গোয়াদালকুনাল
    Indian/Mahe:
      exemplar_city: মাহে
    Africa/Khartoum:
      exemplar_city: খার্তুম
    Europe/Stockholm:
      exemplar_city: স্টকহোম
    Asia/Singapore:
      exemplar_city: সিঙ্গাপুর
    Atlantic/St_Helena:
      exemplar_city: সেন্ট. হেলেনা
    Europe/Ljubljana:
      exemplar_city: লুবলিয়ানা
    Arctic/Longyearbyen:
      exemplar_city: লঞ্জিয়বিয়েঁন
    Europe/Bratislava:
      exemplar_city: ব্রাতিস্লাভা
    Africa/Freetown:
      exemplar_city: ফ্রীটাউন
    Europe/San_Marino:
      exemplar_city: সান মেরিনো
    Africa/Dakar:
      exemplar_city: ডাকার
    Africa/Mogadishu:
      exemplar_city: মাওগাদিসু
    America/Paramaribo:
      exemplar_city: প্যারামেরিবো
    Africa/Juba:
      exemplar_city: জুবা
    Africa/Sao_Tome:
      exemplar_city: সাও টোম
    America/El_Salvador:
      exemplar_city: এল সালভাদোর
    America/Lower_Princes:
      exemplar_city: লোয়ার প্রিন্সেস কোয়ার্টার
    Asia/Damascus:
      exemplar_city: দামাস্কাস
    Africa/Mbabane:
      exemplar_city: অমবাবান
    America/Grand_Turk:
      exemplar_city: গ্র্যান্ড তুর্ক
    Africa/Ndjamena:
      exemplar_city: এনজমেনা
    Indian/Kerguelen:
      exemplar_city: কার্গুলেন
    Africa/Lome:
      exemplar_city: লোমে
    Asia/Bangkok:
      exemplar_city: ব্যাংকক
    Asia/Dushanbe:
      exemplar_city: দুশানবে
    Pacific/Fakaofo:
      exemplar_city: ফ্যাকাওফো
    Asia/Dili:
      exemplar_city: দিলি
    Asia/Ashgabat:
      exemplar_city: আশগাবাত
    Africa/Tunis:
      exemplar_city: টিউনিস
    Pacific/Tongatapu:
      exemplar_city: টোঙ্গাটাপু
    Europe/Istanbul:
      exemplar_city: ইস্তানবুল
    America/Port_of_Spain:
      exemplar_city: পোর্ট অফ স্পেন
    Pacific/Funafuti:
      exemplar_city: ফুনাফুটি
    Asia/Taipei:
      exemplar_city: তাইপেই
    Africa/Dar_es_Salaam:
      exemplar_city: দার এস সালাম
    Europe/Kiev:
      exemplar_city: কিয়েভ
    Europe/Simferopol:
      exemplar_city: সিমফেরোপোল
    Africa/Kampala:
      exemplar_city: কামপালা
    Pacific/Midway:
      exemplar_city: মিডওয়ে
    Pacific/Wake:
      exemplar_city: ওয়েক
    America/Adak:
      exemplar_city: আডক
    America/Nome:
      exemplar_city: নোম
    America/Anchorage:
      exemplar_city: এনকোরেজ
    America/Yakutat:
      exemplar_city: ইয়াকুটাট
    America/Sitka:
      exemplar_city: শিটকা
    America/Juneau:
      exemplar_city: জুনো
    America/Metlakatla:
      exemplar_city: মেটলাকাটলা
    America/Los_Angeles:
      exemplar_city: লস অ্যাঞ্জেলেস
    America/Boise:
      exemplar_city: বয়জি
    America/Phoenix:
      exemplar_city: ফিনিক্স
    America/Denver:
      exemplar_city: ডেনভার
    America/North_Dakota/Beulah:
      exemplar_city: বেউলা, উত্তর ডাকোটা
    America/North_Dakota/New_Salem:
      exemplar_city: নিউ সালেম, উত্তর ডাকোটা
    America/North_Dakota/Center:
      exemplar_city: মধ্য, উত্তর ডাকোটা
    America/Chicago:
      exemplar_city: শিকাগো
    America/Menominee:
      exemplar_city: মেনোমিনি
    America/Indiana/Vincennes:
      exemplar_city: ভিনসেন্নেস, ইন্ডিয়ানা
    America/Indiana/Petersburg:
      exemplar_city: পিটারর্সবার্গ, ইন্ডিয়ানা
    America/Indiana/Tell_City:
      exemplar_city: টেলসিটি, ইন্ডিয়ানা
    America/Indiana/Knox:
      exemplar_city: নক্স, ইন্ডিয়ানা
    America/Indiana/Winamac:
      exemplar_city: উইনাম্যাক, ইন্ডিয়ানা
    America/Indiana/Marengo:
      exemplar_city: মারেঙ্গো, ইন্ডিয়ানা
    America/Indianapolis:
      exemplar_city: ইন্ডিয়ানাপোলিস
    America/Louisville:
      exemplar_city: লুইসভিল
    America/Indiana/Vevay:
      exemplar_city: ভেভেয়, ইন্ডিয়ানা
    America/Kentucky/Monticello:
      exemplar_city: মন্টিচেলো, কেন্টাকি
    America/Detroit:
      exemplar_city: ডেট্রোইট
    America/New_York:
      exemplar_city: নিউইয়র্ক
    America/Montevideo:
      exemplar_city: মন্টেভিডিও
    Asia/Samarkand:
      exemplar_city: সমরখন্দ
    Asia/Tashkent:
      exemplar_city: তাসখন্দ
    Europe/Vatican:
      exemplar_city: ভাটিকান
    America/St_Vincent:
      exemplar_city: সেন্ট. ভিনসেন্ট
    America/Caracas:
      exemplar_city: ক্যারাকাস
    America/Tortola:
      exemplar_city: টরটোলা
    America/St_Thomas:
      exemplar_city: সেন্ট. থমাস
    Asia/Saigon:
      exemplar_city: হো চি মিন শহর
    Pacific/Efate:
      exemplar_city: ইফাতে
    Pacific/Wallis:
      exemplar_city: ওলিস
    Pacific/Apia:
      exemplar_city: আপিয়া
    Asia/Aden:
      exemplar_city: আহদেন
    Indian/Mayotte:
      exemplar_city: মায়োতো
    Africa/Johannesburg:
      exemplar_city: জোহানেসবার্গ
    Africa/Lusaka:
      exemplar_city: লুসাকা
    Africa/Harare:
      exemplar_city: হারারে
  metazones:
    Acre:
      long:
        generic: একর সময়
        standard: একর মানক সময়
        daylight: একর গ্রীষ্মকাল সময়
    Afghanistan:
      long:
        standard: আফগানিস্তান সময়
    Africa_Central:
      long:
        standard: মধ্য আফ্রিকা সময়
    Africa_Eastern:
      long:
        standard: পূর্ব আফ্রিকা সময়
    Africa_Southern:
      long:
        standard: দক্ষিণ আফ্রিকা মানক সময়
    Africa_Western:
      long:
        generic: পশ্চিম আফ্রিকা সময়
        standard: পশ্চিম আফ্রিকা মানক সময়
        daylight: পশ্চিম আফ্রিকা গ্রীষ্মকালীন সময়
    Alaska:
      long:
        generic: আলাস্কা সময়
        standard: আলাস্কা মানক সময়
        daylight: আলাস্কা দিবালোক সময়
    Almaty:
      long:
        generic: আল্মাটি সময়
        standard: আল্মাটি মানক সময়
        daylight: আল্মাটি গ্রীষ্মকাল সময়
    Amazon:
      long:
        generic: আমাজন সময়
        standard: আমাজন মানক সময়
        daylight: আমাজন গ্রীষ্মকালীন সময়
    America_Central:
      long:
        generic: কেন্দ্রীয় সময়
        standard: কেন্দ্রীয় মানক সময়
        daylight: কেন্দ্রীয় দিবালোক সময়
    America_Eastern:
      long:
        generic: পূর্বাঞ্চলীয় সময়
        standard: পূর্বাঞ্চলের মানক সময়
        daylight: পূর্বাঞ্চলের দিবালোক সময়
    America_Mountain:
      long:
        generic: পার্বত্য অঞ্চলের সময়
        standard: পার্বত্য অঞ্চলের মানক সময়
        daylight: পার্বত্য অঞ্চলের দিনের সময়
    America_Pacific:
      long:
        generic: প্রশান্ত মহাসাগরীয় অঞ্চলের সময়
        standard: প্রশান্ত মহাসাগরীয় অঞ্চলের মানক সময়
        daylight: প্রশান্ত মহাসাগরীয় অঞ্চলের দিনের সময়
    Anadyr:
      long:
        generic: অনদ্য্র্ সময়
        standard: অনদ্য্র্ মানক সময়
        daylight: অনদ্য্র্ গ্রীষ্মকালীন সময়
    Apia:
      long:
        generic: অপিয়া সময়
        standard: অপিয়া মানক সময়
        daylight: অপিয়া দিনের সময়
    Aqtau:
      long:
        generic: আকটাও সময়
        standard: আকটাও মানক সময়
        daylight: আকটাও গ্রীষ্মকাল সময়
    Aqtobe:
      long:
        generic: আকটোব সময়
        standard: আকটোব মানক সময়
        daylight: আকটোব গ্রীষ্মকাল সময়
    Arabian:
      long:
        generic: আরবি সময়
        standard: আরবি মানক সময়
        daylight: আরবি দিবালোক সময়
    Argentina:
      long:
        generic: আর্জেন্টিনা সময়
        standard: আর্জেন্টিনা মানক সময়
        daylight: আর্জেন্টিনা গ্রীষ্মকালীন সময়
    Argentina_Western:
      long:
        generic: পশ্চিমি আর্জেন্টিনা সময়
        standard: পশ্চিমি আর্জেনটিনার প্রমাণ সময়
        daylight: পশ্চিমি আর্জেনটিনা গ্রীষ্মকালীন সময়
    Armenia:
      long:
        generic: আর্মেনিয়া সময়
        standard: আর্মেনিয়া মানক সময়
        daylight: আর্মেনিয়া গ্রীষ্মকালীন সময়
    Atlantic:
      long:
        generic: অতলান্তিকের সময়
        standard: অতলান্তিক মানক সময়
        daylight: অতলান্তিক দিবালোক সময়
    Australia_Central:
      long:
        generic: কেন্দ্রীয় অস্ট্রেলীয় সময়
        standard: অস্ট্রেলীয় কেন্দ্রীয় মানক সময়
        daylight: অস্ট্রেলীয় কেন্দ্রীয় দিবালোক সময়
    Australia_CentralWestern:
      long:
        generic: অস্ট্রেলীয় কেন্দ্রীয় পশ্চিমি সময়
        standard: অস্ট্রেলীয় কেন্দ্রীয় পশ্চিমি মানক সময়
        daylight: অস্ট্রেলীয় কেন্দ্রীয় পশ্চিমি দিবালোক সময়
    Australia_Eastern:
      long:
        generic: পূর্ব অস্ট্রেলীয় সময়
        standard: অস্ট্রেলীয় পূর্ব মানক সময়
        daylight: অস্ট্রেলীয় পূর্ব দিবালোক সময়
    Australia_Western:
      long:
        generic: পশ্চিমি অস্ট্রেলীয় সময়
        standard: অস্ট্রেলীয় পশ্চিমি মানক সময়
        daylight: অস্ট্রেলীয় পশ্চিমি দিবালোক সময়
    Azerbaijan:
      long:
        generic: আজারবাইজান সময়
        standard: আজারবাইজান মানক সময়
        daylight: আজারবাইজান গ্রীষ্মকালীন সময়
    Azores:
      long:
        generic: এজোরেস সময়
        standard: এজোরেস মানক সময়
        daylight: এজোরেস গ্রীষ্মকালীন সময়
    Bangladesh:
      long:
        generic: বাংলাদেশ সময়
        standard: বাংলাদেশ মানক সময়
        daylight: বাংলাদেশ গ্রীষ্মকালীন সময়
    Bhutan:
      long:
        standard: ভুটান সময়
    Bolivia:
      long:
        standard: বোলিভিয়া সময়
    Brasilia:
      long:
        generic: ব্রাসিলিয়া সময়
        standard: ব্রাসিলিয়া মানক সময়
        daylight: ব্রাসিলিয়া গ্রীষ্মকালীন সময়
    Brunei:
      long:
        standard: ব্রুনেই দারুসসালাম সময়
    Cape_Verde:
      long:
        generic: কেপ ভার্দ সময়
        standard: কেপ ভার্দ মানক সময়
        daylight: কেপ ভার্দ গ্রীষ্মকালীন সময়
    Chamorro:
      long:
        standard: চামেরো মানক সময়
    Chatham:
      long:
        generic: চ্যাথাম সময়
        standard: চ্যাথাম মানক সময়
        daylight: চ্যাথাম দিবালোক সময়
    Chile:
      long:
        generic: চিলি সময়
        standard: চিলি মানক সময়
        daylight: চিলি গ্রীষ্মকালীন সময়
    China:
      long:
        generic: চীন সময়
        standard: চীন মানক সময়
        daylight: চীন দিবালোক সময়
    Christmas:
      long:
        standard: ক্রিসমাস দ্বীপ সময়
    Cocos:
      long:
        standard: কোকোস দ্বীপপুঞ্জ সময়
    Colombia:
      long:
        generic: কোলোম্বিয়া সময়
        standard: কোলোম্বিয়া মানক সময়
        daylight: কোলোম্বিয়া গ্রীষ্মকালীন সময়
    Cook:
      long:
        generic: কুক দ্বীপপুঞ্জ সময়
        standard: কুক দ্বীপপুঞ্জ মানক সময়
        daylight: কুক দ্বীপপুঞ্জ অর্ধেক গ্রীষ্মকালীন সময়
    Cuba:
      long:
        generic: কিউবার সময়
        standard: কিউবা মানক সময়
        daylight: কিউবা দিবালোক সময়
    Davis:
      long:
        standard: ডেভিস সময়
    DumontDUrville:
      long:
        standard: ডুমন্ট-দ্য’উরভিলে সময়
    East_Timor:
      long:
        standard: পূর্ব টিমর সময়
    Easter:
      long:
        generic: ইস্টার দ্বীপ সময়
        standard: ইস্টার দ্বীপ মানক সময়
        daylight: ইস্টার দ্বীপ গ্রীষ্মকালীন সময়
    Ecuador:
      long:
        standard: ইকুয়েডর সময়
    Europe_Central:
      long:
        generic: মধ্য ইউরোপীয় সময়
        standard: মধ্য ইউরোপীয় মানক সময়
        daylight: মধ্য ইউরোপীয় গ্রীষ্মকালীন সময়
    Europe_Eastern:
      long:
        generic: পূর্ব ইউরোপীয় সময়
        standard: পূর্ব ইউরোপীয় মানক সময়
        daylight: পূর্ব ইউরোপীয় গ্রীষ্মকালীন সময়
    Europe_Further_Eastern:
      long:
        standard: প্রান্তীয় পূর্ব ইউরোপীয় সময়
    Europe_Western:
      long:
        generic: পশ্চিম ইউরোপীয় সময়
        standard: পশ্চিম ইউরোপীয় মানক সময়
        daylight: পশ্চিম ইউরোপীয় গ্রীষ্মকালীন সময়
    Falkland:
      long:
        generic: ফকল্যান্ড দ্বীপপুঞ্জ সময়
        standard: ফকল্যান্ড দ্বীপপুঞ্জ মানক সময়
        daylight: ফকল্যান্ড দ্বীপপুঞ্জ গ্রীষ্মকালীন সময়
    Fiji:
      long:
        generic: ফিজি সময়
        standard: ফিজি মানক সময়
        daylight: ফিজি গ্রীষ্মকালীন সময়
    French_Guiana:
      long:
        standard: ফরাসি গায়ানা সময়
    French_Southern:
      long:
        standard: ফরাসি দক্ষিণ এবং আন্টার্কটিক সময়
    Galapagos:
      long:
        standard: গালাপাগোস সময়
    Gambier:
      long:
        standard: গ্যাম্বিয়ার সময়
    Georgia:
      long:
        generic: জর্জিয়া সময়
        standard: জর্জিয়া মানক সময়
        daylight: জর্জিয়া গ্রীষ্মকালীন সময়
    Gilbert_Islands:
      long:
        standard: গিলবার্ট দ্বীপপুঞ্জ সময়
    GMT:
      long:
        standard: গ্রীনিচ মিন টাইম
    Greenland_Eastern:
      long:
        generic: পূর্ব গ্রীনল্যান্ড সময়
        standard: পূর্ব গ্রীনল্যান্ড মানক সময়
        daylight: পূর্ব গ্রীনল্যান্ড গ্রীষ্মকালীন সময়
    Greenland_Western:
      long:
        generic: পশ্চিম গ্রীনল্যান্ড সময়
        standard: পশ্চিম গ্রীনল্যান্ড মানক সময়
        daylight: পশ্চিম গ্রীনল্যান্ড গ্রীষ্মকালীন সময়
    Guam:
      long:
        standard: গুয়াম মান সময়
    Gulf:
      long:
        standard: উপসাগরীয় মানক সময়
    Guyana:
      long:
        standard: গুয়ানা সময়
    Hawaii_Aleutian:
      long:
        generic: হাওয়াই-আলেউত সময়
        standard: হাওয়াই-আলেউত মানক সময়
        daylight: হাওয়াই-আলেউত দিবালোক সময়
    Hong_Kong:
      long:
        generic: হং কং সময়
        standard: হং কং মানক সময়
        daylight: হং কং গ্রীষ্মকালীন সময়
    Hovd:
      long:
        generic: হোভড সময়
        standard: হোভড মানক সময়
        daylight: হোভড গ্রীষ্মকালীন সময়
    India:
      short:
        standard: IST
      long:
        standard: ভারতীয় মানক সময়
    Indian_Ocean:
      long:
        standard: ভারত মহাসাগরীয় সময়
    Indochina:
      long:
        standard: ইন্দোচীন সময়
    Indonesia_Central:
      long:
        standard: কেন্দ্রীয় ইন্দোনেশিয়া সময়
    Indonesia_Eastern:
      long:
        standard: পূর্ব ইন্দোনেশিয়া সময়
    Indonesia_Western:
      long:
        standard: পশ্চিমী ইন্দোনেশিয়া সময়
    Iran:
      long:
        generic: ইরান সময়
        standard: ইরান মানক সময়
        daylight: ইরান দিবালোক সময়
    Irkutsk:
      long:
        generic: ইরকুটস্ক সময়
        standard: ইরকুটস্ক মানক সময়
        daylight: ইরকুটস্ক গ্রীষ্মকালীন সময়
    Israel:
      long:
        generic: ইজরায়েল সময়
        standard: ইজরায়েল মানক সময়
        daylight: ইজরায়েল দিবালোক সময়
    Japan:
      long:
        generic: জাপান সময়
        standard: জাপান মানক সময়
        daylight: জাপান দিবালোক সময়
    Kamchatka:
      long:
        generic: পিত্রেপ্যাভলস্ক- ক্যামচ্যাটস্কি সময়
        standard: পিত্রেপ্যাভলস্ক- ক্যামচ্যাটস্কি মান সময়
        daylight: পিত্রেপ্যাভলস্ক- ক্যামচ্যাটস্কি গৃষ্মকালীন সময়
    Kazakhstan:
      long:
        standard: কাজাখাস্তান সময়
    Kazakhstan_Eastern:
      long:
        standard: পূর্ব কাজাখাস্তান সময়
    Kazakhstan_Western:
      long:
        standard: পশ্চিম কাজাখাস্তান সময়
    Korea:
      long:
        generic: কোরিয়ান সময়
        standard: কোরিয়ান মানক সময়
        daylight: কোরিয়ান দিবালোক সময়
    Kosrae:
      long:
        standard: কোসরেই সময়
    Krasnoyarsk:
      long:
        generic: ক্রাসনোয়ার্স্কি সময়
        standard: ক্রাসনোয়ার্স্কি মানক সময়
        daylight: ক্রাসনোয়ার্স্কি গ্রীষ্মকালীন সময়
    Kyrgystan:
      long:
        standard: কিরগিস্তান সময়
    Lanka:
      long:
        standard: লঙ্কা সময়
    Line_Islands:
      long:
        standard: লাইন দ্বীপপুঞ্জ সময়
    Lord_Howe:
      long:
        generic: লর্ড হাওয়ে সময়
        standard: লর্ড হাওয়ে মানক মসয়
        daylight: লর্ড হাওয়ে দিবালোক মসয়
    Macau:
      long:
        generic: মাকাও সময়
        standard: মাকাও মান সময়
        daylight: মাকাও গ্রীষ্মকাল সময়
    Magadan:
      long:
        generic: ম্যাগাডান সময়
        standard: ম্যাগাডান মানক সময়
        daylight: ম্যাগাডান গ্রীষ্মকালীন সময়
    Malaysia:
      long:
        standard: মালয়েশিয়া সময়
    Maldives:
      long:
        standard: মালদ্বীপ সময়
    Marquesas:
      long:
        standard: মার্কেসাস সময়
    Marshall_Islands:
      long:
        standard: মার্শাল দ্বীপপুঞ্জ সময়
    Mauritius:
      long:
        generic: মরিশাস সময়
        standard: মরিশাস মানক সময়
        daylight: মরিশাস গ্রীষ্মকালীন সময়
    Mawson:
      long:
        standard: মসন সময়
    Mexico_Pacific:
      long:
        generic: মেক্সিকান প্রশান্ত মহাসাগরীয় সময়
        standard: মেক্সিকান প্রশান্ত মহসাগরীয় মানক সময়
        daylight: মেক্সিকান প্রশান্ত মহাসাগরীয় দিবালোক সময়
    Mongolia:
      long:
        generic: উলান বাতোর সময়
        standard: উলান বাতোর মানক সময়
        daylight: উলান বাতোর গ্রীষ্মকালীন সময়
    Moscow:
      long:
        generic: মস্কো সময়
        standard: মস্কো মানক সময়
        daylight: মস্কো গ্রীষ্মকালীন সময়
    Myanmar:
      long:
        standard: মায়ানমার সময়
    Nauru:
      long:
        standard: নাউরু সময়
    Nepal:
      long:
        standard: নেপাল সময়
    New_Caledonia:
      long:
        generic: নিউ ক্যালেডোনিয়া সময়
        standard: নিউ ক্যালেডোনিয়া মানক সময়
        daylight: নিউ ক্যালেডোনিয়া গ্রীষ্মকালীন সময়
    New_Zealand:
      long:
        generic: নিউজিল্যান্ড সময়
        standard: নিউজিল্যান্ড মানক সময়
        daylight: নিউজিল্যান্ড দিবালোক সময়
    Newfoundland:
      long:
        generic: নিউফাউন্ডল্যান্ড সময়
        standard: নিউফাউন্ডল্যান্ড মানক সময়
        daylight: নিউফাউন্ডল্যান্ড দিবালোক সময়
    Niue:
      long:
        standard: নিউই সময়
    Norfolk:
      long:
        generic: নরফোক দ্বীপ সময়
        standard: নরফোক দ্বীপ মানক সময়
        daylight: নরফোক দ্বীপ দিবালোক সময়
    Noronha:
      long:
        generic: ফার্নান্দো ডি নোরোনহা সময়
        standard: ফার্নান্দো ডি নোরোনহা মানক সময়
        daylight: ফার্নান্দো ডি নোরোনহা গ্রীষ্মকালীন সময়
    North_Mariana:
      long:
        standard: উত্তর মেরিন দ্বীপপুঞ্জ সময়
    Novosibirsk:
      long:
        generic: নোভোসিবির্স্ক সময়
        standard: নোভোসিবির্স্ক মানক সময়
        daylight: নোভোসিবির্স্ক গ্রীষ্মকালীন সময়
    Omsk:
      long:
        generic: ওমস্ক সময়
        standard: ওমস্ক মানক সময়
        daylight: ওমস্ক গ্রীষ্মকালীন সময়
    Pakistan:
      long:
        generic: পাকিস্তান সময়
        standard: পাকিস্তান মানক সময়
        daylight: পাকিস্তান গ্রীষ্মকালীন সময়
    Palau:
      long:
        standard: পালাউ সময়
    Papua_New_Guinea:
      long:
        standard: পাপুয়া নিউ গিনি সময়
    Paraguay:
      long:
        generic: প্যারাগুয়ে সময়
        standard: প্যারাগুয়ে মানক সময়
        daylight: প্যারাগুয়ে গ্রীষ্মকালীন সময়
    Peru:
      long:
        generic: পেরু সময়
        standard: পেরু মানক সময়
        daylight: পেরু গ্রীষ্মকালীন সময়
    Philippines:
      long:
        generic: ফিলিপাইন সময়
        standard: ফিলিপাইন মানক সময়
        daylight: ফিলিপাইন গ্রীষ্মকালীন সময়
    Phoenix_Islands:
      long:
        standard: ফোনিক্স দ্বীপপুঞ্জ সময়
    Pierre_Miquelon:
      long:
        generic: সেন্ট পিয়ের ও মিকেলন সময়
        standard: সেন্ট পিয়ের ও মিকেলন মানক সময়
        daylight: সেন্ট পিয়ের ও মিকেলন দিবালোক সময়
    Pitcairn:
      long:
        standard: পিটকেয়ার্ন সময়
    Ponape:
      long:
        standard: পোনাপে সময়
    Pyongyang:
      long:
        standard: পিয়ংইয়াং সময়
    Qyzylorda:
      long:
        generic: কিজিলোর্ডা সময়
        standard: কিজিলোর্ডা মান সময়
        daylight: কিজিলোর্ডা গ্রীষ্মকাল সময়
    Reunion:
      long:
        standard: রিইউনিয়ন সময়
    Rothera:
      long:
        standard: রথেরা সময়
    Sakhalin:
      long:
        generic: সাখালিন সময়
        standard: সাখালিন মানক সময়
        daylight: সাখালিন গ্রীষ্মকালীন সময়
    Samara:
      long:
        generic: সামারা সময়
        standard: সামারা মান সময়
        daylight: সামারা গৃষ্মকালীন সময়
    Samoa:
      long:
        generic: সামোয়া সময়
        standard: সামোয়া মানক সময়
        daylight: সামোয়া দিবালোক সময়
    Seychelles:
      long:
        standard: সেশেলস সময়
    Singapore:
      long:
        standard: সিঙ্গাপুর মানক সময়
    Solomon:
      long:
        standard: সলোমন দ্বীপপুঞ্জ সময়
    South_Georgia:
      long:
        standard: দক্ষিণ জর্জিয়া সময়
    Suriname:
      long:
        standard: সুরিনাম সময়
    Syowa:
      long:
        standard: সায়োওয়া সময়
    Tahiti:
      long:
        standard: তাহিতি সময়
    Taipei:
      long:
        generic: তাইপেই সময়
        standard: তাইপেই মানক সময়
        daylight: তাইপেই দিবালোক সময়
    Tajikistan:
      long:
        standard: তাজাখাস্তান সময়
    Tokelau:
      long:
        standard: টোকেলাউ সময়
    Tonga:
      long:
        generic: টোঙ্গা সময়
        standard: টোঙ্গা মানক সময়
        daylight: টোঙ্গা গ্রীষ্মকালীন সময়
    Truk:
      long:
        standard: চুক সময়
    Turkmenistan:
      long:
        generic: তুর্কমেনিস্তান সময়
        standard: তুর্কমেনিস্তান মানক সময়
        daylight: তুর্কমেনিস্তান গ্রীষ্মকালীন সময়
    Tuvalu:
      long:
        standard: টুভালু সময়
    Uruguay:
      long:
        generic: উরুগুয়ে সময়
        standard: উরুগুয়ে মানক সময়
        daylight: উরুগুয়ে গ্রীষ্মকালীন সময়
    Uzbekistan:
      long:
        generic: উজবেকিস্তান সময়
        standard: উজবেকিস্তান মানক সময়
        daylight: উজবেকিস্তান গ্রীষ্মকালীন সময়
    Vanuatu:
      long:
        generic: ভানুয়াতু সময়
        standard: ভানুয়াতু মানক সময়
        daylight: ভানুয়াতু গ্রীষ্মকালীন সময়
    Venezuela:
      long:
        standard: ভেনেজুয়েলা সময়
    Vladivostok:
      long:
        generic: ভ্লাদিভস্তক সময়
        standard: ভ্লাদিভস্তক মানক সময়
        daylight: ভ্লাদিভস্তক গ্রীষ্মকালীন সময়
    Volgograd:
      long:
        generic: ভলগোগ্রাড সময়
        standard: ভলগোগ্রাড মানক সময়
        daylight: ভলগোগ্রাড গ্রীষ্মকালীন সময়
    Vostok:
      long:
        standard: ভসটক সময়
    Wake:
      long:
        standard: ওয়েক দ্বীপ সময়
    Wallis:
      long:
        standard: ওয়ালিস এবং ফুটুনা সময়
    Yakutsk:
      long:
        generic: ইয়াকুটাস্ক সময়
        standard: ইয়াকুটাস্ক মানক সময়
        daylight: ইয়াকুটাস্ক গ্রীষ্মকালীন সময়
    Yekaterinburg:
      long:
        generic: ইয়েকাতেরিনবুর্গ সময়
        standard: ইয়েকাতেরিনবুর্গ মানক সময়
        daylight: ইয়েকাতেরিনবুর্গ গ্রীষ্মকালীন সময়
    Yukon:
      long:
        standard: ইউকোন সময়
