---
locale: rif
generated_at: '2025-09-19T10:42:57Z'
cldr_version: '46'
timezone_names:
  formats:
    region_format: akud n {0}
    region_format_daylight: akud unebdu n {0}
    region_format_standard: akud anaway n {0}
  zones:
    Europe/Andorra:
      exemplar_city: andura
    Asia/Dubai:
      exemplar_city: dubay
    America/Antigua:
      exemplar_city: antigwa
    America/Anguilla:
      exemplar_city: angwiya
    Europe/Tirane:
      exemplar_city: tiran
    Asia/Yerevan:
      exemplar_city: yiriban
    Africa/Luanda:
      exemplar_city: lwanda
    America/Argentina/Rio_Gallegos:
      exemplar_city: riyugayyigus
    America/Mendoza:
      exemplar_city: minduza
    America/Argentina/San_Juan:
      exemplar_city: sanxwan
    America/Argentina/Ushuaia:
      exemplar_city: ucwaya
    America/Argentina/La_Rioja:
      exemplar_city: lariyuxa
    America/Argentina/San_Luis:
      exemplar_city: sanluwis
    America/Catamarca:
      exemplar_city: katamarka
    America/Argentina/Salta:
      exemplar_city: salṭa
    America/Jujuy:
      exemplar_city: jujuy
    America/Argentina/Tucuman:
      exemplar_city: tutcuman
    America/Cordoba:
      exemplar_city: qurṭuba
    America/Buenos_Aires:
      exemplar_city: bwinusayris
    Europe/Vienna:
      exemplar_city: byinna
    America/Aruba:
      exemplar_city: aruba
    Europe/Mariehamn:
      exemplar_city: maryaham
    Asia/Baku:
      exemplar_city: batci
    Europe/Sarajevo:
      exemplar_city: sarayubu
    America/Barbados:
      exemplar_city: barbadus
    Europe/Brussels:
      exemplar_city: bruksil
    Africa/Ouagadougou:
      exemplar_city: wagadugu
    Europe/Sofia:
      exemplar_city: sufya
    Asia/Bahrain:
      exemplar_city: baḥrin
    Africa/Bujumbura:
      exemplar_city: bujumbura
    Africa/Porto-Novo:
      exemplar_city: purtunubu
    America/St_Barthelemy:
      exemplar_city: sanbartilimi
    Atlantic/Bermuda:
      exemplar_city: birmuda
    America/La_Paz:
      exemplar_city: lappaz
    America/Kralendijk:
      exemplar_city: kralendik
    America/Eirunepe:
      exemplar_city: irunippi
    America/Rio_Branco:
      exemplar_city: riyubranku
    America/Porto_Velho:
      exemplar_city: purtubilhu
    America/Boa_Vista:
      exemplar_city: buwabista
    America/Manaus:
      exemplar_city: manaws
    America/Cuiaba:
      exemplar_city: kiyaba
    America/Santarem:
      exemplar_city: santarim
    America/Campo_Grande:
      exemplar_city: campugrandi
    America/Belem:
      exemplar_city: bilim
    America/Araguaina:
      exemplar_city: aragwayna
    America/Sao_Paulo:
      exemplar_city: sawpawlu
    America/Bahia:
      exemplar_city: bahiya
    America/Fortaleza:
      exemplar_city: furṭaliza
    America/Maceio:
      exemplar_city: masiyu
    America/Recife:
      exemplar_city: risifi
    America/Noronha:
      exemplar_city: nurunha
    America/Nassau:
      exemplar_city: nassaw
    Africa/Gaborone:
      exemplar_city: gaburun
    Europe/Minsk:
      exemplar_city: minsk
    America/Belize:
      exemplar_city: biliz
    America/Dawson:
      exemplar_city: dawsun
    America/Whitehorse:
      exemplar_city: waythurs
    America/Inuvik:
      exemplar_city: inuvik
    America/Vancouver:
      exemplar_city: fankufer
    America/Fort_Nelson:
      exemplar_city: furt nilsun
    America/Dawson_Creek:
      exemplar_city: dawsun krik
    America/Creston:
      exemplar_city: kristun
    America/Edmonton:
      exemplar_city: idmunṭun
    America/Swift_Current:
      exemplar_city: swiftkurrent
    America/Cambridge_Bay:
      exemplar_city: kambridj bay
    America/Regina:
      exemplar_city: rigina
    America/Winnipeg:
      exemplar_city: winippig
    America/Resolute:
      exemplar_city: rizulṭ
    America/Rankin_Inlet:
      exemplar_city: rankinilit
    America/Coral_Harbour:
      exemplar_city: atikukan
    America/Toronto:
      exemplar_city: ṭurunṭu
    America/Iqaluit:
      exemplar_city: ikaluwit
    America/Moncton:
      exemplar_city: muktun
    America/Halifax:
      exemplar_city: halifax
    America/Goose_Bay:
      exemplar_city: guzbay
    America/Glace_Bay:
      exemplar_city: glasbay
    America/Blanc-Sablon:
      exemplar_city: blank-sablun
    America/St_Johns:
      exemplar_city: sanjuns
    Africa/Kinshasa:
      exemplar_city: kincasa
    Africa/Lubumbashi:
      exemplar_city: lubumbaci
    Africa/Bangui:
      exemplar_city: bangi
    Africa/Brazzaville:
      exemplar_city: brazabil
    Europe/Zurich:
      exemplar_city: zyurix
    Africa/Abidjan:
      exemplar_city: abidjan
    Pacific/Easter:
      exemplar_city: ister
    America/Punta_Arenas:
      exemplar_city: puntarinas
    America/Santiago:
      exemplar_city: santyagu
    Africa/Douala:
      exemplar_city: diwala
    America/Bogota:
      exemplar_city: buguṭa
    America/Costa_Rica:
      exemplar_city: kustarika
    America/Havana:
      exemplar_city: havana
    Atlantic/Cape_Verde:
      exemplar_city: qabubirdi
    America/Curacao:
      exemplar_city: kuracaw
    Asia/Nicosia:
      exemplar_city: nikuzya
    Asia/Famagusta:
      exemplar_city: famagusṭa
    Europe/Prague:
      exemplar_city: pprag
    Europe/Busingen:
      exemplar_city: buzingen
    Europe/Berlin:
      exemplar_city: birlin
    Africa/Djibouti:
      exemplar_city: djibuti
    Europe/Copenhagen:
      exemplar_city: kuppenhagen
    America/Dominica:
      exemplar_city: duminika
    America/Santo_Domingo:
      exemplar_city: santudumingu
    Africa/Algiers:
      exemplar_city: ddzayer
    Pacific/Galapagos:
      exemplar_city: galapagus
    America/Guayaquil:
      exemplar_city: gwayakil
    Europe/Tallinn:
      exemplar_city: talin
    Africa/Cairo:
      exemplar_city: lqahira
    Africa/El_Aaiun:
      exemplar_city: leɛyun
    Africa/Asmera:
      exemplar_city: asmara
    Atlantic/Canary:
      exemplar_city: kanari
    Africa/Ceuta:
      exemplar_city: sebta
    Europe/Madrid:
      exemplar_city: madri
    Africa/Addis_Ababa:
      exemplar_city: adisababa
    Europe/Helsinki:
      exemplar_city: hilsinki
    Atlantic/Stanley:
      exemplar_city: sṭanli
    Atlantic/Faeroe:
      exemplar_city: faraw
    Europe/Paris:
      exemplar_city: pari
    Africa/Libreville:
      exemplar_city: liberbil
    Europe/London:
      exemplar_city: lundun
    America/Grenada:
      exemplar_city: grinada
    Asia/Tbilisi:
      exemplar_city: tbilisi
    America/Cayenne:
      exemplar_city: kayen
    Europe/Guernsey:
      exemplar_city: girensiy
    Africa/Accra:
      exemplar_city: akra
    Europe/Gibraltar:
      exemplar_city: jabalṭariq
    America/Thule:
      exemplar_city: tula
    America/Godthab:
      exemplar_city: nuk
    America/Scoresbysund:
      exemplar_city: iṭukurturmit
    America/Danmarkshavn:
      exemplar_city: danmarkshaven
    Africa/Banjul:
      exemplar_city: banjul
    Africa/Conakry:
      exemplar_city: kunakri
    America/Guadeloupe:
      exemplar_city: gwadlup
    Africa/Malabo:
      exemplar_city: malabu
    Europe/Athens:
      exemplar_city: atina
    Atlantic/South_Georgia:
      exemplar_city: sawtgyurgya
    America/Guatemala:
      exemplar_city: gwatimala
    Africa/Bissau:
      exemplar_city: bisaw
    America/Guyana:
      exemplar_city: guyana
    America/Tegucigalpa:
      exemplar_city: tigicigalpa
    Europe/Zagreb:
      exemplar_city: zagreb
    America/Port-au-Prince:
      exemplar_city: ppurtuprins
    Europe/Budapest:
      exemplar_city: budabist
    Europe/Dublin:
      exemplar_city: dablin
    Asia/Jerusalem:
      exemplar_city: lquds
    Europe/Isle_of_Man:
      exemplar_city: tagzirt n man
    Indian/Chagos:
      exemplar_city: ttcagus
    Asia/Baghdad:
      exemplar_city: baɣdad
    Atlantic/Reykjavik:
      exemplar_city: reykjavik
    Europe/Rome:
      exemplar_city: ruma
    Europe/Jersey:
      exemplar_city: jirsiy
    America/Jamaica:
      exemplar_city: jamayka
    Asia/Amman:
      exemplar_city: ɛamman
    Africa/Nairobi:
      exemplar_city: nayrubi
    Indian/Comoro:
      exemplar_city: kumuru
    America/St_Kitts:
      exemplar_city: sankits
    Asia/Kuwait:
      exemplar_city: kuwit
    America/Cayman:
      exemplar_city: sayman
    Asia/Beirut:
      exemplar_city: bayrut
    America/St_Lucia:
      exemplar_city: sanlucya
    Europe/Vaduz:
      exemplar_city: vaduts
    Africa/Monrovia:
      exemplar_city: munrubya
    Africa/Maseru:
      exemplar_city: maziru
    Europe/Vilnius:
      exemplar_city: filinyus
    Europe/Luxembourg:
      exemplar_city: lluksemburg
    Europe/Riga:
      exemplar_city: riga
    Africa/Tripoli:
      exemplar_city: ṭarablus
    Africa/Casablanca:
      exemplar_city: ddarbida
    Europe/Monaco:
      exemplar_city: munaku
    Europe/Chisinau:
      exemplar_city: cisinaw
    Europe/Podgorica:
      exemplar_city: pudgurisa
    America/Marigot:
      exemplar_city: mariguṭ
    Indian/Antananarivo:
      exemplar_city: antananaribu
    Europe/Skopje:
      exemplar_city: skupya
    Africa/Bamako:
      exemplar_city: bamaku
    America/Martinique:
      exemplar_city: martinik
    Africa/Nouakchott:
      exemplar_city: nwakcuṭ
    America/Montserrat:
      exemplar_city: muntsirat
    Europe/Malta:
      exemplar_city: malta
    Indian/Mauritius:
      exemplar_city: muriṭanya
    Africa/Blantyre:
      exemplar_city: blanṭayr
    America/Tijuana:
      exemplar_city: tiywana
    America/Hermosillo:
      exemplar_city: hirmusiyyu
    America/Ciudad_Juarez:
      exemplar_city: tidad xwaris
    America/Mazatlan:
      exemplar_city: mazatlan
    America/Chihuahua:
      exemplar_city: ciwawa
    America/Bahia_Banderas:
      exemplar_city: bayya di bandiras
    America/Ojinaga:
      exemplar_city: ujinaga
    America/Monterrey:
      exemplar_city: muntiri
    America/Mexico_City:
      exemplar_city: miksiku siti
    America/Matamoros:
      exemplar_city: matamurus
    America/Merida:
      exemplar_city: mirida
    America/Cancun:
      exemplar_city: kankun
    Africa/Maputo:
      exemplar_city: maputu
    Africa/Windhoek:
      exemplar_city: binhuwk
    Africa/Niamey:
      exemplar_city: nyamiy
    Africa/Lagos:
      exemplar_city: lagus
    America/Managua:
      exemplar_city: mangwa
    Europe/Amsterdam:
      exemplar_city: amesterdem
    Europe/Oslo:
      exemplar_city: uslu
    Asia/Muscat:
      exemplar_city: masqaṭ
    America/Panama:
      exemplar_city: panama
    America/Lima:
      exemplar_city: lima
    Europe/Warsaw:
      exemplar_city: warsaw
    America/Miquelon:
      exemplar_city: mikilon
    America/Puerto_Rico:
      exemplar_city: ppurturiku
    Asia/Gaza:
      exemplar_city: ɣezza
    Asia/Hebron:
      exemplar_city: lxalil
    Atlantic/Azores:
      exemplar_city: azures
    Atlantic/Madeira:
      exemplar_city: madiyra
    Europe/Lisbon:
      exemplar_city: licbuna
    America/Asuncion:
      exemplar_city: asuntyun
    Asia/Qatar:
      exemplar_city: qaṭar
    Indian/Reunion:
      exemplar_city: riyunyun
    Europe/Bucharest:
      exemplar_city: buxarist
    Europe/Belgrade:
      exemplar_city: bilgrad
    Europe/Kaliningrad:
      exemplar_city: kaliningrad
    Europe/Moscow:
      exemplar_city: musku
    Europe/Volgograd:
      exemplar_city: bulgugrad
    Europe/Saratov:
      exemplar_city: saratub
    Europe/Astrakhan:
      exemplar_city: astraxan
    Europe/Ulyanovsk:
      exemplar_city: ulyanubesk
    Europe/Kirov:
      exemplar_city: kirub
    Europe/Samara:
      exemplar_city: samara
    Asia/Yekaterinburg:
      exemplar_city: yekaterinburg
    Asia/Omsk:
      exemplar_city: omsek
    Asia/Novosibirsk:
      exemplar_city: nubusibiresk
    Asia/Barnaul:
      exemplar_city: barnul
    Asia/Tomsk:
      exemplar_city: tumsek
    Asia/Novokuznetsk:
      exemplar_city: nubukuznitesk
    Asia/Krasnoyarsk:
      exemplar_city: krasnuyarsk
    Asia/Irkutsk:
      exemplar_city: irkutsek
    Asia/Chita:
      exemplar_city: cita
    Asia/Yakutsk:
      exemplar_city: yatutsek
    Asia/Vladivostok:
      exemplar_city: bladibustuk
    Asia/Khandyga:
      exemplar_city: xandiga
    Asia/Sakhalin:
      exemplar_city: saxalin
    Asia/Ust-Nera:
      exemplar_city: ustnira
    Asia/Magadan:
      exemplar_city: magadan
    Asia/Srednekolymsk:
      exemplar_city: sridnikulimsek
    Asia/Kamchatka:
      exemplar_city: kamcatka
    Asia/Anadyr:
      exemplar_city: anadic
    Africa/Kigali:
      exemplar_city: kigali
    Asia/Riyadh:
      exemplar_city: riyad
    Indian/Mahe:
      exemplar_city: mahi
    Africa/Khartoum:
      exemplar_city: xarṭum
    Europe/Stockholm:
      exemplar_city: sṭukhulm
    Atlantic/St_Helena:
      exemplar_city: santhilina
    Europe/Ljubljana:
      exemplar_city: lyubliyana
    Arctic/Longyearbyen:
      exemplar_city: lunyabyan
    Europe/Bratislava:
      exemplar_city: bratislaba
    Africa/Freetown:
      exemplar_city: fritawn
    Europe/San_Marino:
      exemplar_city: sanmarinu
    Africa/Dakar:
      exemplar_city: dakar
    Africa/Mogadishu:
      exemplar_city: mugadicu
    America/Paramaribo:
      exemplar_city: paramaribu
    Africa/Juba:
      exemplar_city: juba
    Africa/Sao_Tome:
      exemplar_city: sawtumi
    America/El_Salvador:
      exemplar_city: ssalbadur
    America/Lower_Princes:
      exemplar_city: bariyyu n luwerprans
    Asia/Damascus:
      exemplar_city: dimacq
    Africa/Mbabane:
      exemplar_city: mbaban
    America/Grand_Turk:
      exemplar_city: grandṭurk
    Africa/Ndjamena:
      exemplar_city: njamina
    Indian/Kerguelen:
      exemplar_city: kergilan
    Africa/Lome:
      exemplar_city: lumi
    Africa/Tunis:
      exemplar_city: tunes
    Europe/Istanbul:
      exemplar_city: sṭanbul
    America/Port_of_Spain:
      exemplar_city: ppurtufspin
    Africa/Dar_es_Salaam:
      exemplar_city: daressalam
    Europe/Kiev:
      exemplar_city: kyib
    Europe/Simferopol:
      exemplar_city: simfarupul
    Africa/Kampala:
      exemplar_city: kampala
    America/Adak:
      exemplar_city: adak
    America/Nome:
      exemplar_city: num
    America/Anchorage:
      exemplar_city: ancuraj
    America/Yakutat:
      exemplar_city: yakutat
    America/Sitka:
      exemplar_city: sitka
    America/Juneau:
      exemplar_city: junaw
    America/Metlakatla:
      exemplar_city: mitlakatla
    America/Los_Angeles:
      exemplar_city: lusanjlus
    America/Boise:
      exemplar_city: boysi
    America/Phoenix:
      exemplar_city: finiks
    America/Denver:
      exemplar_city: dinver
    America/North_Dakota/Beulah:
      exemplar_city: bulah, nurtdakuṭa
    America/North_Dakota/New_Salem:
      exemplar_city: nyusalem, nurtdakuṭa
    America/North_Dakota/Center:
      exemplar_city: santer, nurtdakuṭa
    America/Chicago:
      exemplar_city: cikagu
    America/Menominee:
      exemplar_city: minumini
    America/Indiana/Vincennes:
      exemplar_city: vinsanz, indyana
    America/Indiana/Petersburg:
      exemplar_city: pitersburg, indyana
    America/Indiana/Tell_City:
      exemplar_city: tilsiti, indyana
    America/Indiana/Knox:
      exemplar_city: nux, indyana
    America/Indiana/Winamac:
      exemplar_city: winamak, indyana
    America/Indiana/Marengo:
      exemplar_city: maringu, indyana
    America/Indianapolis:
      exemplar_city: indyanapulis
    America/Louisville:
      exemplar_city: lwisvil
    America/Indiana/Vevay:
      exemplar_city: vivi, indyana
    America/Kentucky/Monticello:
      exemplar_city: muntitcilu, kinṭaki
    America/Detroit:
      exemplar_city: ditruyd
    America/New_York:
      exemplar_city: nyuyurk
    America/Montevideo:
      exemplar_city: muntibidyu
    Europe/Vatican:
      exemplar_city: lbatikan
    America/St_Vincent:
      exemplar_city: sanvinsint
    America/Caracas:
      exemplar_city: karakas
    America/Tortola:
      exemplar_city: ṭurṭula
    America/St_Thomas:
      exemplar_city: sanṭumas
    Asia/Aden:
      exemplar_city: ɛadan
    Indian/Mayotte:
      exemplar_city: mayuṭ
    Africa/Johannesburg:
      exemplar_city: djuhanasburg
    Africa/Lusaka:
      exemplar_city: lusaka
    Africa/Harare:
      exemplar_city: harari
