---
locale: az
generated_at: '2025-09-15T06:26:16Z'
cldr_version: '46'
timezone_names:
  formats:
    region_format: "{0} Vaxtı"
    region_format_daylight: "{0} Yay Vaxtı"
    region_format_standard: "{0} Standart Vaxtı"
  zones:
    Pacific/Honolulu:
      exemplar_city: Honolulu
    Etc/UTC:
      long:
        standard: Koordinasiya edilmiş ümumdünya vaxtı
    Etc/Unknown:
      exemplar_city: Naməlum Şəhər
    Asia/Dubai:
      exemplar_city: Dubay
    Asia/Kabul:
      exemplar_city: Kabil
    America/Antigua:
      exemplar_city: Antiqua
    America/Anguilla:
      exemplar_city: Angilya
    Europe/Tirane:
      exemplar_city: Tirana
    Antarctica/Syowa:
      exemplar_city: Syova
    Antarctica/Mawson:
      exemplar_city: Mouson
    Antarctica/Davis:
      exemplar_city: Deyvis
    Antarctica/Casey:
      exemplar_city: Keysi
    Antarctica/DumontDUrville:
      exemplar_city: Dumont d’Urvil
    Antarctica/McMurdo:
      exemplar_city: Mak Murdo
    America/Argentina/Rio_Gallegos:
      exemplar_city: Rio Qalyeqos
    America/Argentina/San_Juan:
      exemplar_city: San Xuan
    America/Argentina/Ushuaia:
      exemplar_city: Uşuaya
    America/Argentina/La_Rioja:
      exemplar_city: Rioxa
    America/Catamarca:
      exemplar_city: Katamarka
    America/Argentina/Tucuman:
      exemplar_city: Tukuman
    America/Cordoba:
      exemplar_city: Kordoba
    America/Buenos_Aires:
      exemplar_city: Buenos Ayres
    Pacific/Pago_Pago:
      exemplar_city: Paqo Paqo
    Europe/Vienna:
      exemplar_city: Vyana
    Australia/Perth:
      exemplar_city: Pert
    Australia/Eucla:
      exemplar_city: Yukla
    Australia/Darwin:
      exemplar_city: Darvin
    Australia/Adelaide:
      exemplar_city: Adelaida
    Australia/Melbourne:
      exemplar_city: Melburn
    Australia/Sydney:
      exemplar_city: Sidney
    Australia/Brisbane:
      exemplar_city: Brisbeyn
    Antarctica/Macquarie:
      exemplar_city: Makuari
    Australia/Lord_Howe:
      exemplar_city: Lord Hau
    Europe/Mariehamn:
      exemplar_city: Mariham
    Asia/Baku:
      exemplar_city: Bakı
    Europe/Sarajevo:
      exemplar_city: Sarayevo
    Asia/Dhaka:
      exemplar_city: Dəkkə
    Europe/Brussels:
      exemplar_city: Brüssel
    Africa/Ouagadougou:
      exemplar_city: Uqaduqu
    Europe/Sofia:
      exemplar_city: Sofiya
    Asia/Bahrain:
      exemplar_city: Bəhreyn
    America/St_Barthelemy:
      exemplar_city: Sent-Bartelemi
    Atlantic/Bermuda:
      exemplar_city: Bermud adaları
    Asia/Brunei:
      exemplar_city: Bruney
    America/La_Paz:
      exemplar_city: La Pas
    America/Kralendijk:
      exemplar_city: Kralendik
    America/Eirunepe:
      exemplar_city: İrunepe
    America/Rio_Branco:
      exemplar_city: Rio Branko
    America/Porto_Velho:
      exemplar_city: Porto Velyo
    America/Cuiaba:
      exemplar_city: Kuyaba
    America/Campo_Grande:
      exemplar_city: Kampo Qrande
    America/Araguaina:
      exemplar_city: Araguayna
    America/Sao_Paulo:
      exemplar_city: San Paulo
    America/Bahia:
      exemplar_city: Bahiya
    America/Maceio:
      exemplar_city: Maseyo
    America/Recife:
      exemplar_city: Resif
    America/Noronha:
      exemplar_city: Noronya
    Africa/Gaborone:
      exemplar_city: Qaboron
    America/Belize:
      exemplar_city: Beliz
    America/Dawson:
      exemplar_city: Douson
    America/Whitehorse:
      exemplar_city: Uaythors
    America/Inuvik:
      exemplar_city: İnuvik
    America/Vancouver:
      exemplar_city: Vankuver
    America/Dawson_Creek:
      exemplar_city: Douson Krik
    America/Creston:
      exemplar_city: Kreston
    America/Edmonton:
      exemplar_city: Edmondton
    America/Swift_Current:
      exemplar_city: Svift Kurent
    America/Cambridge_Bay:
      exemplar_city: Kembric Körfəzi
    America/Regina:
      exemplar_city: Recina
    America/Winnipeg:
      exemplar_city: Vinnipeq
    America/Resolute:
      exemplar_city: Rezolyut
    America/Rankin_Inlet:
      exemplar_city: Rankin Girişi
    America/Iqaluit:
      exemplar_city: İqaluit
    America/Moncton:
      exemplar_city: Monkton
    America/Halifax:
      exemplar_city: Halifaks
    America/Goose_Bay:
      exemplar_city: Quz Körfəzi
    America/Glace_Bay:
      exemplar_city: Qleys Körfəzi
    America/Blanc-Sablon:
      exemplar_city: Blank-Sablon
    America/St_Johns:
      exemplar_city: Sent Cons
    Indian/Cocos:
      exemplar_city: Kokos
    Africa/Kinshasa:
      exemplar_city: Kinşasa
    Africa/Lubumbashi:
      exemplar_city: Lubumbaşi
    Africa/Bangui:
      exemplar_city: Banqui
    Africa/Brazzaville:
      exemplar_city: Brazzavil
    Europe/Zurich:
      exemplar_city: Sürix
    Africa/Abidjan:
      exemplar_city: Abican
    Pacific/Rarotonga:
      exemplar_city: Rarotonqa
    Pacific/Easter:
      exemplar_city: Pasxa
    America/Santiago:
      exemplar_city: Santyaqo
    Africa/Douala:
      exemplar_city: Duala
    Asia/Urumqi:
      exemplar_city: Urumçi
    Asia/Shanghai:
      exemplar_city: Şanxay
    America/Bogota:
      exemplar_city: Boqota
    America/Costa_Rica:
      exemplar_city: Kosta Rika
    Atlantic/Cape_Verde:
      exemplar_city: Kape Verde
    America/Curacao:
      exemplar_city: Kurasao
    Indian/Christmas:
      exemplar_city: Milad
    Asia/Nicosia:
      exemplar_city: Nikosiya
    Asia/Famagusta:
      exemplar_city: Famaqusta
    Europe/Prague:
      exemplar_city: Praqa
    Africa/Djibouti:
      exemplar_city: Cibuti
    Europe/Copenhagen:
      exemplar_city: Kopenhagen
    America/Dominica:
      exemplar_city: Dominika
    America/Santo_Domingo:
      exemplar_city: Santo Dominqo
    Africa/Algiers:
      exemplar_city: Əlcəzair
    Pacific/Galapagos:
      exemplar_city: Qalapaqos
    America/Guayaquil:
      exemplar_city: Quayakil
    Europe/Tallinn:
      exemplar_city: Tallin
    Africa/Cairo:
      exemplar_city: Qahirə
    Africa/El_Aaiun:
      exemplar_city: Əl Əyun
    Africa/Asmera:
      exemplar_city: Əsmərə
    Atlantic/Canary:
      exemplar_city: Kanar
    Africa/Ceuta:
      exemplar_city: Seuta
    Africa/Addis_Ababa:
      exemplar_city: Əddis Əbəbə
    Pacific/Fiji:
      exemplar_city: Fici
    Atlantic/Stanley:
      exemplar_city: Stenli
    Pacific/Truk:
      exemplar_city: Çuuk
    Pacific/Kosrae:
      exemplar_city: Kosraye
    Atlantic/Faeroe:
      exemplar_city: Farer
    Africa/Libreville:
      exemplar_city: Librevil
    Europe/London:
      long:
        daylight: Britaniya Yay Vaxtı
    America/Grenada:
      exemplar_city: Qrenada
    America/Cayenne:
      exemplar_city: Kayen
    Europe/Guernsey:
      exemplar_city: Gernzey
    Africa/Accra:
      exemplar_city: Akkra
    Europe/Gibraltar:
      exemplar_city: Cəbəli-Tariq
    America/Thule:
      exemplar_city: Tul
    America/Scoresbysund:
      exemplar_city: Skoresbisund
    America/Danmarkshavn:
      exemplar_city: Danmarkşavn
    Africa/Banjul:
      exemplar_city: Bancul
    Africa/Conakry:
      exemplar_city: Konakri
    America/Guadeloupe:
      exemplar_city: Qvadelupa
    Europe/Athens:
      exemplar_city: Afina
    Atlantic/South_Georgia:
      exemplar_city: Cənubi Corciya
    America/Guatemala:
      exemplar_city: Qvatemala
    Pacific/Guam:
      exemplar_city: Quam
    America/Guyana:
      exemplar_city: Qayana
    Asia/Hong_Kong:
      exemplar_city: Honq Konq
    America/Tegucigalpa:
      exemplar_city: Tequsiqalpa
    Europe/Zagreb:
      exemplar_city: Zaqreb
    America/Port-au-Prince:
      exemplar_city: Port-o-Prins
    Europe/Budapest:
      exemplar_city: Budapeşt
    Asia/Jakarta:
      exemplar_city: Cakarta
    Asia/Makassar:
      exemplar_city: Makasar
    Asia/Jayapura:
      exemplar_city: Cayapura
    Europe/Dublin:
      long:
        daylight: İrlandiya Yay Vaxtı
    Asia/Jerusalem:
      exemplar_city: Yerusəlim
    Europe/Isle_of_Man:
      exemplar_city: Men Adası
    Asia/Calcutta:
      exemplar_city: Kəlkətə
    Indian/Chagos:
      exemplar_city: Çaqos
    Asia/Baghdad:
      exemplar_city: Bağdad
    Atlantic/Reykjavik:
      exemplar_city: Reykyavik
    Europe/Rome:
      exemplar_city: Roma
    Europe/Jersey:
      exemplar_city: Cersi
    America/Jamaica:
      exemplar_city: Yamayka
    Asia/Bishkek:
      exemplar_city: Bişkek
    Asia/Phnom_Penh:
      exemplar_city: Pnom Pen
    Pacific/Enderbury:
      exemplar_city: Enderböri
    Pacific/Kiritimati:
      exemplar_city: Kirimati
    Pacific/Tarawa:
      exemplar_city: Tarava
    Indian/Comoro:
      exemplar_city: Komoro
    America/St_Kitts:
      exemplar_city: San Kits
    Asia/Pyongyang:
      exemplar_city: Pxenyan
    Asia/Seoul:
      exemplar_city: Seul
    Asia/Kuwait:
      exemplar_city: Küveyt
    America/Cayman:
      exemplar_city: Kayman
    Asia/Aqtau:
      exemplar_city: Aktau
    Asia/Atyrau:
      exemplar_city: Atırau
    Asia/Qyzylorda:
      exemplar_city: Qızılorda
    Asia/Almaty:
      exemplar_city: Almatı
    Asia/Vientiane:
      exemplar_city: Vyentyan
    Asia/Beirut:
      exemplar_city: Beyrut
    America/St_Lucia:
      exemplar_city: San Lüsiya
    Europe/Vaduz:
      exemplar_city: Vaduts
    Asia/Colombo:
      exemplar_city: Kolombo
    Europe/Vilnius:
      exemplar_city: Vilnüs
    Europe/Luxembourg:
      exemplar_city: Lüksemburq
    Europe/Riga:
      exemplar_city: Riqa
    Africa/Casablanca:
      exemplar_city: Kasablanka
    Europe/Monaco:
      exemplar_city: Monako
    Europe/Chisinau:
      exemplar_city: Kişinyov
    Europe/Podgorica:
      exemplar_city: Podqoritsa
    America/Marigot:
      exemplar_city: Mariqot
    Pacific/Kwajalein:
      exemplar_city: Kvajaleyn
    Pacific/Majuro:
      exemplar_city: Macuro
    Europe/Skopje:
      exemplar_city: Skopye
    Asia/Rangoon:
      exemplar_city: Ranqun
    Asia/Ulaanbaatar:
      exemplar_city: Ulanbator
    Asia/Macau:
      exemplar_city: Makao
    Pacific/Saipan:
      exemplar_city: Saypan
    America/Martinique:
      exemplar_city: Martinik
    Africa/Nouakchott:
      exemplar_city: Nouakşot
    America/Montserrat:
      exemplar_city: Monserat
    Indian/Mauritius:
      exemplar_city: Mavriki
    Indian/Maldives:
      exemplar_city: Maldiv
    Africa/Blantyre:
      exemplar_city: Blantir
    America/Tijuana:
      exemplar_city: Tixuana
    America/Hermosillo:
      exemplar_city: Hermosilo
    America/Mazatlan:
      exemplar_city: Mazaltan
    America/Chihuahua:
      exemplar_city: Çihuahua
    America/Bahia_Banderas:
      exemplar_city: Bahia Banderas
    America/Ojinaga:
      exemplar_city: Ocinaqa
    America/Monterrey:
      exemplar_city: Monterey
    America/Mexico_City:
      exemplar_city: Mexiko
    America/Merida:
      exemplar_city: Merida
    America/Cancun:
      exemplar_city: Kankun
    Asia/Kuching:
      exemplar_city: Kuçinq
    Africa/Windhoek:
      exemplar_city: Vindhuk
    Africa/Lagos:
      exemplar_city: Laqos
    America/Managua:
      exemplar_city: Manaqua
    Asia/Katmandu:
      exemplar_city: Katmandu
    Pacific/Chatham:
      exemplar_city: Çatam
    Pacific/Auckland:
      exemplar_city: Oklənd
    Asia/Muscat:
      exemplar_city: Muskat
    Pacific/Marquesas:
      exemplar_city: Markesas
    Pacific/Gambier:
      exemplar_city: Qambiyer
    Pacific/Port_Moresby:
      exemplar_city: Port Moresbi
    Pacific/Bougainville:
      exemplar_city: Buqanvil
    Asia/Karachi:
      exemplar_city: Karaçi
    Europe/Warsaw:
      exemplar_city: Varşava
    America/Miquelon:
      exemplar_city: Mikelon
    Pacific/Pitcairn:
      exemplar_city: Pitkern
    America/Puerto_Rico:
      exemplar_city: Puerto Riko
    Asia/Gaza:
      exemplar_city: Qəza
    Atlantic/Azores:
      exemplar_city: Azor
    Atlantic/Madeira:
      exemplar_city: Madeyra
    Europe/Lisbon:
      exemplar_city: Lissabon
    America/Asuncion:
      exemplar_city: Asunsion
    Europe/Bucharest:
      exemplar_city: Buxarest
    Europe/Belgrade:
      exemplar_city: Belqrad
    Europe/Kaliningrad:
      exemplar_city: Kalininqrad
    Europe/Moscow:
      exemplar_city: Moskva
    Europe/Volgograd:
      exemplar_city: Volqoqrad
    Europe/Astrakhan:
      exemplar_city: Həştərxan
    Asia/Yekaterinburg:
      exemplar_city: Yekaterinburq
    Asia/Irkutsk:
      exemplar_city: İrkutsk
    Asia/Chita:
      exemplar_city: Çita
    Asia/Khandyga:
      exemplar_city: Xandıqa
    Asia/Sakhalin:
      exemplar_city: Saxalin
    Asia/Magadan:
      exemplar_city: Maqadan
    Asia/Srednekolymsk:
      exemplar_city: Srednekolımsk
    Asia/Kamchatka:
      exemplar_city: Kamçatka
    Asia/Anadyr:
      exemplar_city: Anadır
    Africa/Kigali:
      exemplar_city: Kiqali
    Asia/Riyadh:
      exemplar_city: Riyad
    Pacific/Guadalcanal:
      exemplar_city: Quadalkanal
    Africa/Khartoum:
      exemplar_city: Xartum
    Europe/Stockholm:
      exemplar_city: Stokholm
    Asia/Singapore:
      exemplar_city: Sinqapur
    Atlantic/St_Helena:
      exemplar_city: Müqəddəs Yelena
    Europe/Ljubljana:
      exemplar_city: Lyublyana
    Arctic/Longyearbyen:
      exemplar_city: Lonqyir
    Africa/Freetown:
      exemplar_city: Fritaun
    Africa/Mogadishu:
      exemplar_city: Moqadişu
    Africa/Sao_Tome:
      exemplar_city: San Tom
    America/El_Salvador:
      exemplar_city: Salvador
    America/Lower_Princes:
      exemplar_city: Aşağı Prins Kvartalı
    Asia/Damascus:
      exemplar_city: Dəməşq
    America/Grand_Turk:
      exemplar_city: Qrand Turk
    Africa/Ndjamena:
      exemplar_city: Ncamena
    Indian/Kerguelen:
      exemplar_city: Kergelen
    Asia/Bangkok:
      exemplar_city: Banqkok
    Asia/Dushanbe:
      exemplar_city: Düşənbə
    Asia/Ashgabat:
      exemplar_city: Aşqabat
    Pacific/Tongatapu:
      exemplar_city: Tonqapatu
    Europe/Istanbul:
      exemplar_city: İstanbul
    America/Port_of_Spain:
      exemplar_city: İspan Limanı
    Asia/Taipei:
      exemplar_city: Taybey
    Africa/Dar_es_Salaam:
      exemplar_city: Dar es Salam
    Europe/Kiev:
      exemplar_city: Kiyev
    Pacific/Midway:
      exemplar_city: Midvey
    Pacific/Wake:
      exemplar_city: Veyk
    America/Nome:
      exemplar_city: Nom
    America/Anchorage:
      exemplar_city: Ankorac
    America/Juneau:
      exemplar_city: Cuno
    America/Los_Angeles:
      exemplar_city: Los Anceles
    America/Boise:
      exemplar_city: Boyse
    America/Phoenix:
      exemplar_city: Feniks
    America/North_Dakota/Beulah:
      exemplar_city: Beulah, Şimali Dakota
    America/North_Dakota/New_Salem:
      exemplar_city: Nyu Salem
    America/North_Dakota/Center:
      exemplar_city: Mərkəz, Şimal Dakota
    America/Chicago:
      exemplar_city: Çikaqo
    America/Menominee:
      exemplar_city: Menomini
    America/Indiana/Vincennes:
      exemplar_city: Vinsen
    America/Indiana/Petersburg:
      exemplar_city: Pitersburq
    America/Indiana/Tell_City:
      exemplar_city: Tell
    America/Indiana/Knox:
      exemplar_city: Noks
    America/Indiana/Winamac:
      exemplar_city: Vinamak
    America/Indiana/Marengo:
      exemplar_city: Marenqo
    America/Indianapolis:
      exemplar_city: İndianapolis
    America/Louisville:
      exemplar_city: Luisvil
    America/Indiana/Vevay:
      exemplar_city: Vivey
    America/Kentucky/Monticello:
      exemplar_city: Montiçello
    America/Detroit:
      exemplar_city: Detroyt
    America/New_York:
      exemplar_city: Nyu York
    Asia/Samarkand:
      exemplar_city: Səmərqənd
    Asia/Tashkent:
      exemplar_city: Daşkənd
    Europe/Vatican:
      exemplar_city: Vatikan
    America/St_Vincent:
      exemplar_city: San Vinsent
    America/Caracas:
      exemplar_city: Karakas
    America/St_Thomas:
      exemplar_city: San Tomas
    Asia/Saigon:
      exemplar_city: Ho Şi Min
    Pacific/Wallis:
      exemplar_city: Uollis
    Indian/Mayotte:
      exemplar_city: Mayot
    Africa/Johannesburg:
      exemplar_city: Yohanesburq
  metazones:
    Afghanistan:
      long:
        standard: Əfqanıstan Vaxtı
    Africa_Central:
      long:
        standard: Mərkəzi Afrika Vaxtı
    Africa_Eastern:
      long:
        standard: Şərqi Afrika Vaxtı
    Africa_Southern:
      long:
        standard: Cənubi Afrika Vaxtı
    Africa_Western:
      long:
        generic: Qərbi Afrika Vaxtı
        standard: Qərbi Afrika Standart Vaxtı
        daylight: Qərbi Afrika Yay Vaxtı
    Alaska:
      long:
        generic: Alyaska Vaxtı
        standard: Alyaska Standart Vaxtı
        daylight: Alyaska Yay Vaxtı
    Amazon:
      long:
        generic: Amazon Vaxtı
        standard: Amazon Standart Vaxtı
        daylight: Amazon Yay Vaxtı
    America_Central:
      long:
        generic: Şimali Mərkəzi Amerika Vaxtı
        standard: Şimali Mərkəzi Amerika Standart Vaxtı
        daylight: Şimali Mərkəzi Amerika Yay Vaxtı
    America_Eastern:
      long:
        generic: Şimali Şərqi Amerika Vaxtı
        standard: Şimali Şərqi Amerika Standart Vaxtı
        daylight: Şimali Şərqi Amerika Yay Vaxtı
    America_Mountain:
      long:
        generic: Şimali Dağlıq Amerika Vaxtı
        standard: Şimali Dağlıq Amerika Standart Vaxtı
        daylight: Şimali Dağlıq Amerika Yay Vaxtı
    America_Pacific:
      long:
        generic: Şimali Amerika Sakit Okean Vaxtı
        standard: Şimali Amerika Sakit Okean Standart Vaxtı
        daylight: Şimali Amerika Sakit Okean Yay Vaxtı
    Apia:
      long:
        generic: Apia Vaxtı
        standard: Apia Standart Vaxtı
        daylight: Apia Yay Vaxtı
    Arabian:
      long:
        generic: Ərəbistan Vaxtı
        standard: Ərəbistan Standart Vaxtı
        daylight: Ərəbistan Yay Vaxtı
    Argentina:
      long:
        generic: Argentina Vaxtı
        standard: Argentina Standart Vaxtı
        daylight: Argentina Yay Vaxtı
    Argentina_Western:
      long:
        generic: Qərbi Argentina Vaxtı
        standard: Qərbi Argentina Standart Vaxtı
        daylight: Qərbi Argentina Yay Vaxtı
    Armenia:
      long:
        generic: Ermənistan Vaxtı
        standard: Ermənistan Standart Vaxtı
        daylight: Ermənistan Yay Vaxtı
    Atlantic:
      long:
        generic: Atlantik Vaxt
        standard: Atlantik Standart Vaxt
        daylight: Atlantik Yay Vaxtı
    Australia_Central:
      long:
        generic: Mərkəzi Avstraliya Vaxtı
        standard: Mərkəzi Avstraliya Standart Vaxtı
        daylight: Mərkəzi Avstraliya Yay Vaxtı
    Australia_CentralWestern:
      long:
        generic: Mərkəzi Qərbi Avstraliya Vaxtı
        standard: Mərkəzi Qərbi Avstraliya Standart Vaxtı
        daylight: Mərkəzi Qərbi Avstraliya Yay Vaxtı
    Australia_Eastern:
      long:
        generic: Şərqi Avstraliya Vaxtı
        standard: Şərqi Avstraliya Standart Vaxtı
        daylight: Şərqi Avstraliya Yay Vaxtı
    Australia_Western:
      long:
        generic: Qərbi Avstraliya Vaxtı
        standard: Qərbi Avstraliya Standart Vaxtı
        daylight: Qərbi Avstraliya Yay Vaxtı
    Azerbaijan:
      long:
        generic: Azərbaycan Vaxtı
        standard: Azərbaycan Standart Vaxtı
        daylight: Azərbaycan Yay Vaxtı
    Azores:
      long:
        generic: Azor Vaxtı
        standard: Azor Standart Vaxtı
        daylight: Azor Yay Vaxtı
    Bangladesh:
      long:
        generic: Banqladeş Vaxtı
        standard: Banqladeş Standart Vaxtı
        daylight: Banqladeş Yay Vaxtı
    Bhutan:
      long:
        standard: Butan Vaxtı
    Bolivia:
      long:
        standard: Boliviya Vaxtı
    Brasilia:
      long:
        generic: Braziliya Vaxtı
        standard: Braziliya Standart Vaxtı
        daylight: Braziliya Yay Vaxtı
    Brunei:
      long:
        standard: Brunei Darussalam vaxtı
    Cape_Verde:
      long:
        generic: Kape Verde Vaxtı
        standard: Kape Verde Standart Vaxtı
        daylight: Kape Verde Yay Vaxtı
    Chamorro:
      long:
        standard: Çamorro Vaxtı
    Chatham:
      long:
        generic: Çatham Vaxtı
        standard: Çatham Standart Vaxtı
        daylight: Çatham Yay Vaxtı
    Chile:
      long:
        generic: Çili Vaxtı
        standard: Çili Standart Vaxtı
        daylight: Çili Yay Vaxtı
    China:
      long:
        generic: Çin Vaxtı
        standard: Çin Standart Vaxtı
        daylight: Çin Yay Vaxtı
    Christmas:
      long:
        standard: Milad Adası Vaxtı
    Cocos:
      long:
        standard: Kokos Adaları Vaxtı
    Colombia:
      long:
        generic: Kolumbiya Vaxtı
        standard: Kolumbiya Standart Vaxtı
        daylight: Kolumbiya Yay Vaxtı
    Cook:
      long:
        generic: Kuk Adaları Vaxtı
        standard: Kuk Adaları Standart Vaxtı
        daylight: Kuk Adaları Yarım Yay Vaxtı
    Cuba:
      long:
        generic: Kuba Vaxtı
        standard: Kuba Standart Vaxtı
        daylight: Kuba Yay Vaxtı
    Davis:
      long:
        standard: Devis Vaxtı
    DumontDUrville:
      long:
        standard: Dümon-d’Ürvil Vaxtı
    East_Timor:
      long:
        standard: Şərqi Timor Vaxtı
    Easter:
      long:
        generic: Pasxa Adası Vaxtı
        standard: Pasxa Adası Standart Vaxtı
        daylight: Pasxa Adası Yay Vaxtı
    Ecuador:
      long:
        standard: Ekvador Vaxtı
    Europe_Central:
      long:
        generic: Mərkəzi Avropa Vaxtı
        standard: Mərkəzi Avropa Standart Vaxtı
        daylight: Mərkəzi Avropa Yay Vaxtı
    Europe_Eastern:
      long:
        generic: Şərqi Avropa Vaxtı
        standard: Şərqi Avropa Standart Vaxtı
        daylight: Şərqi Avropa Yay Vaxtı
    Europe_Further_Eastern:
      long:
        standard: Kənar Şərqi Avropa Vaxtı
    Europe_Western:
      long:
        generic: Qərbi Avropa Vaxtı
        standard: Qərbi Avropa Standart Vaxtı
        daylight: Qərbi Avropa Yay Vaxtı
    Falkland:
      long:
        generic: Folklend Adaları Vaxtı
        standard: Folklend Adaları Standart Vaxtı
        daylight: Folklend Adaları Yay Vaxtı
    Fiji:
      long:
        generic: Fici Vaxtı
        standard: Fici Standart Vaxtı
        daylight: Fici Yay Vaxtı
    French_Guiana:
      long:
        standard: Fransız Qvianası Vaxtı
    French_Southern:
      long:
        standard: Fransız Cənubi və Antarktik Vaxtı
    Galapagos:
      long:
        standard: Qalapaqos Vaxtı
    Gambier:
      long:
        standard: Qambier Vaxtı
    Georgia:
      long:
        generic: Gurcüstan Vaxtı
        standard: Gurcüstan Standart Vaxtı
        daylight: Gurcüstan Yay Vaxtı
    Gilbert_Islands:
      long:
        standard: Gilbert Adaları Vaxtı
    GMT:
      long:
        standard: Qrinviç Orta Vaxtı
    Greenland_Eastern:
      long:
        generic: Şərqi Qrenlandiya Vaxtı
        standard: Şərqi Qrenlandiya Standart Vaxtı
        daylight: Şərqi Qrenlandiya Yay Vaxtı
    Greenland_Western:
      long:
        generic: Qərbi Qrenlandiya Vaxtı
        standard: Qərbi Qrenlandiya Standart Vaxtı
        daylight: Qərbi Qrenlandiya Yay Vaxtı
    Gulf:
      long:
        standard: Körfəz Vaxtı
    Guyana:
      long:
        standard: Qayana Vaxtı
    Hawaii_Aleutian:
      long:
        generic: Havay-Aleut Vaxtı
        standard: Havay-Aleut Standart Vaxtı
        daylight: Havay-Aleut Yay Vaxtı
    Hong_Kong:
      long:
        generic: Honq Konq Vaxtı
        standard: Honq Konq Standart Vaxtı
        daylight: Honq Konq Yay Vaxtı
    Hovd:
      long:
        generic: Hovd Vaxtı
        standard: Hovd Standart Vaxtı
        daylight: Hovd Yay Vaxtı
    India:
      long:
        standard: Hindistan Vaxtı
    Indian_Ocean:
      long:
        standard: Hind Okeanı Vaxtı
    Indochina:
      long:
        standard: Hindçin Vaxtı
    Indonesia_Central:
      long:
        standard: Mərkəzi İndoneziya Vaxtı
    Indonesia_Eastern:
      long:
        standard: Şərqi İndoneziya Vaxtı
    Indonesia_Western:
      long:
        standard: Qərbi İndoneziya Vaxtı
    Iran:
      long:
        generic: İran Vaxtı
        standard: İran Standart Vaxtı
        daylight: İran Yay Vaxtı
    Irkutsk:
      long:
        generic: İrkutsk Vaxtı
        standard: İrkutsk Standart Vaxtı
        daylight: İrkutsk Yay Vaxtı
    Israel:
      long:
        generic: İsrail Vaxtı
        standard: İsrail Standart Vaxtı
        daylight: İsrail Yay Vaxtı
    Japan:
      long:
        generic: Yaponiya Vaxtı
        standard: Yaponiya Standart Vaxtı
        daylight: Yaponiya Yay Vaxtı
    Kazakhstan:
      long:
        standard: Qazaxıstan vaxtı
    Kazakhstan_Eastern:
      long:
        standard: Şərqi Qazaxıstan Vaxtı
    Kazakhstan_Western:
      long:
        standard: Qərbi Qazaxıstan Vaxtı
    Korea:
      long:
        generic: Koreya Vaxtı
        standard: Koreya Standart Vaxtı
        daylight: Koreya Yay Vaxtı
    Kosrae:
      long:
        standard: Korse Vaxtı
    Krasnoyarsk:
      long:
        generic: Krasnoyarsk Vaxtı
        standard: Krasnoyarsk Standart Vaxtı
        daylight: Krasnoyarsk Yay Vaxtı
    Kyrgystan:
      long:
        standard: Qırğızıstan Vaxtı
    Line_Islands:
      long:
        standard: Layn Adaları Vaxtı
    Lord_Howe:
      long:
        generic: Lord Hau Vaxtı
        standard: Lord Hau Standart Vaxtı
        daylight: Lord Hau Yay vaxtı
    Magadan:
      long:
        generic: Maqadan Vaxtı
        standard: Maqadan Standart Vaxtı
        daylight: Maqadan Yay Vaxtı
    Malaysia:
      long:
        standard: Malayziya Vaxtı
    Maldives:
      long:
        standard: Maldiv Vaxtı
    Marquesas:
      long:
        standard: Markesas Vaxtı
    Marshall_Islands:
      long:
        standard: Marşal Adaları Vaxtı
    Mauritius:
      long:
        generic: Mavriki Vaxtı
        standard: Mavriki Standart Vaxtı
        daylight: Mavriki Yay Vaxtı
    Mawson:
      long:
        standard: Mouson Vaxtı
    Mexico_Pacific:
      long:
        generic: Meksika Sakit Okean Vaxtı
        standard: Meksika Sakit Okean Standart Vaxtı
        daylight: Meksika Sakit Okean Yay Vaxtı
    Mongolia:
      long:
        generic: Ulanbator Vaxtı
        standard: Ulanbator Standart Vaxtı
        daylight: Ulanbator Yay Vaxtı
    Moscow:
      long:
        generic: Moskva Vaxtı
        standard: Moskva Standart Vaxtı
        daylight: Moskva Yay vaxtı
    Myanmar:
      long:
        standard: Myanma Vaxtı
    Nauru:
      long:
        standard: Nauru Vaxtı
    Nepal:
      long:
        standard: Nepal vaxtı
    New_Caledonia:
      long:
        generic: Yeni Kaledoniya Vaxtı
        standard: Yeni Kaledoniya Standart Vaxtı
        daylight: Yeni Kaledoniya Yay Vaxtı
    New_Zealand:
      long:
        generic: Yeni Zelandiya Vaxtı
        standard: Yeni Zelandiya Standart Vaxtı
        daylight: Yeni Zelandiya Yay Vaxtı
    Newfoundland:
      long:
        generic: Nyufaundlend Vaxtı
        standard: Nyufaundlend Standart Vaxtı
        daylight: Nyufaundlend Yay Vaxtı
    Niue:
      long:
        standard: Niue Vaxtı
    Norfolk:
      long:
        generic: Norfolk Adası Vaxtı
        standard: Norfolk Adası Standart Vaxtı
        daylight: Norfolk Adası Yay Vaxtı
    Noronha:
      long:
        generic: Fernando de Noronya Vaxtı
        standard: Fernando de Noronya Standart Vaxtı
        daylight: Fernando de Noronya Yay Vaxtı
    Novosibirsk:
      long:
        generic: Novosibirsk Vaxtı
        standard: Novosibirsk Standart Vaxtı
        daylight: Novosibirsk Yay Vaxtı
    Omsk:
      long:
        generic: Omsk Vaxtı
        standard: Omsk Standart Vaxtı
        daylight: Omsk Yay Vaxtı
    Pakistan:
      long:
        generic: Pakistan Vaxtı
        standard: Pakistan Standart vaxtı
        daylight: Pakistan Yay Vaxtı
    Palau:
      long:
        standard: Palau Vaxtı
    Papua_New_Guinea:
      long:
        standard: Papua Yeni Qvineya Vaxtı
    Paraguay:
      long:
        generic: Paraqvay Vaxtı
        standard: Paraqvay Standart Vaxtı
        daylight: Paraqvay Yay Vaxtı
    Peru:
      long:
        generic: Peru Vaxtı
        standard: Peru Standart Vaxtı
        daylight: Peru Yay Vaxtı
    Philippines:
      long:
        generic: Filippin Vaxtı
        standard: Filippin Standart Vaxtı
        daylight: Filippin Yay Vaxtı
    Phoenix_Islands:
      long:
        standard: Feniks Adaları Vaxtı
    Pierre_Miquelon:
      long:
        generic: Müqəddəs Pyer və Mikelon Vaxtı
        standard: Müqəddəs Pyer və Mikelon Standart Vaxtı
        daylight: Müqəddəs Pyer və Mikelon Yay Vaxtı
    Pitcairn:
      long:
        standard: Pitkern Vaxtı
    Ponape:
      long:
        standard: Ponape Vaxtı
    Pyongyang:
      long:
        standard: Pxenyan Vaxtı
    Reunion:
      long:
        standard: Reyunyon
    Rothera:
      long:
        standard: Rotera Vaxtı
    Sakhalin:
      long:
        generic: Saxalin Vaxtı
        standard: Saxalin Standart Vaxtı
        daylight: Saxalin Yay Vaxtı
    Samara:
      long:
        generic: Samara vaxtı
        standard: Samara standart vaxtı
        daylight: Samara yay vaxtı
    Samoa:
      long:
        generic: Samoa Vaxtı
        standard: Samoa Standart Vaxtı
        daylight: Samoa Yay Vaxtı
    Seychelles:
      long:
        standard: Seyşel Adaları Vaxtı
    Singapore:
      long:
        standard: Sinqapur Vaxtı
    Solomon:
      long:
        standard: Solomon Adaları Vaxtı
    South_Georgia:
      long:
        standard: Cənubi Corciya Vaxtı
    Suriname:
      long:
        standard: Surinam Vaxtı
    Syowa:
      long:
        standard: Syova Vaxtı
    Tahiti:
      long:
        standard: Tahiti Vaxtı
    Taipei:
      long:
        generic: Taybey Vaxtı
        standard: Taybey Standart Vaxtı
        daylight: Taybey Yay Vaxtı
    Tajikistan:
      long:
        standard: Tacikistan Vaxtı
    Tokelau:
      long:
        standard: Tokelau Vaxtı
    Tonga:
      long:
        generic: Tonqa Vaxtı
        standard: Tonqa Standart Vaxtı
        daylight: Tonqa Yay Vaxtı
    Truk:
      long:
        standard: Çuuk Vaxtı
    Turkmenistan:
      long:
        generic: Türkmənistan Vaxtı
        standard: Türkmənistan Standart Vaxtı
        daylight: Türkmənistan Yay Vaxtı
    Tuvalu:
      long:
        standard: Tuvalu Vaxtı
    Uruguay:
      long:
        generic: Uruqvay Vaxtı
        standard: Uruqvay Standart Vaxtı
        daylight: Uruqvay Yay Vaxtı
    Uzbekistan:
      long:
        generic: Özbəkistan Vaxtı
        standard: Özbəkistan Standart Vaxtı
        daylight: Özbəkistan Yay Vaxtı
    Vanuatu:
      long:
        generic: Vanuatu Vaxtı
        standard: Vanuatu Standart Vaxtı
        daylight: Vaunatu Yay Vaxtı
    Venezuela:
      long:
        standard: Venesuela Vaxtı
    Vladivostok:
      long:
        generic: Vladivostok Vaxtı
        standard: Vladivostok Standart Vaxtı
        daylight: Vladivostok Yay Vaxtı
    Volgograd:
      long:
        generic: Volqoqrad Vaxtı
        standard: Volqoqrad Standart Vaxtı
        daylight: Volqoqrad Yay Vaxtı
    Vostok:
      long:
        standard: Vostok Vaxtı
    Wake:
      long:
        standard: Ueyk Vaxtı
    Wallis:
      long:
        standard: Uollis və Futuna Vaxtı
    Yakutsk:
      long:
        generic: Yakutsk Vaxtı
        standard: Yakutsk Standart Vaxtı
        daylight: Yakutsk Yay Vaxtı
    Yekaterinburg:
      long:
        generic: Yekaterinburq Vaxtı
        standard: Yekaterinburq Standart Vaxtı
        daylight: Yekaterinburq Yay Vaxtı
    Yukon:
      long:
        standard: Yukon Vaxtı
