---
locale: gaa
generated_at: '2025-09-19T10:42:47Z'
cldr_version: '46'
timezone_names:
  formats:
    region_format: "{0} Be"
    region_format_daylight: "{0} Be Yɛ Latsa Beiaŋ"
    region_format_standard: "{0} Be Yɛ Fɛi Beiaŋ"
  zones:
    Etc/Unknown:
      exemplar_city: Maŋtiase Ko Ni Gbɛ́i Bɛ Mli
    Antarctica/Casey:
      exemplar_city: Kasey
    Antarctica/McMurdo:
      exemplar_city: MakMurdo
    Australia/Eucla:
      exemplar_city: Yukla
    Australia/Broken_Hill:
      exemplar_city: Ŋmeŋme Ni Ekumɔ
    Antarctica/Macquarie:
      exemplar_city: Makwarie
    Australia/Lord_Howe:
      exemplar_city: Nuŋtsɔ Howe
    America/Whitehorse:
      exemplar_city: Okpɔŋɔ Yɛŋ
    America/Vancouver:
      exemplar_city: Vankouver
    America/Fort_Nelson:
      exemplar_city: Nelson Mɔɔ
    America/Dawson_Creek:
      exemplar_city: Dawson Kpaakpo Bibioo
    America/Creston:
      exemplar_city: Kreston
    America/Swift_Current:
      exemplar_city: Swift Karɛnt
    America/Cambridge_Bay:
      exemplar_city: Kambridge Ŋshɔnine Bibioo
    America/Rankin_Inlet:
      exemplar_city: Rankin Ŋshɔnine
    America/Iqaluit:
      exemplar_city: Ikaluit
    America/Moncton:
      exemplar_city: Monkton
    America/Halifax:
      exemplar_city: Halifas
    America/Goose_Bay:
      exemplar_city: Goose Ŋshɔnine Bibioo
    America/Glace_Bay:
      exemplar_city: Glase Ŋshɔnine Bibioo
    America/Blanc-Sablon:
      exemplar_city: Blank-Sablon
    Indian/Cocos:
      exemplar_city: Kokos
    Asia/Urumqi:
      exemplar_city: Urumki
    America/Costa_Rica:
      exemplar_city: Kosta Rika
    Atlantic/Cape_Verde:
      exemplar_city: Kape Verde
    America/Curacao:
      exemplar_city: Kurasao
    Indian/Christmas:
      exemplar_city: Krismas
    Asia/Nicosia:
      exemplar_city: Nikosia
    America/Dominica:
      exemplar_city: Dominika
    Africa/Cairo:
      exemplar_city: Kairo
    Pacific/Truk:
      exemplar_city: Tsuuk
    Africa/Accra:
      exemplar_city: Ga
    America/Scoresbysund:
      exemplar_city: Ittokortoormiit
    Africa/Conakry:
      exemplar_city: Konakry
    America/Tegucigalpa:
      exemplar_city: Tegusigalpa
    America/Port-au-Prince:
      exemplar_city: Abladei Alɛjiadaamɔhe
    Asia/Jerusalem:
      exemplar_city: Yerusalem
    Indian/Chagos:
      exemplar_city: Tsagos
    America/Jamaica:
      exemplar_city: Jamaika
    Indian/Comoro:
      exemplar_city: Komoro
    America/Cayman:
      exemplar_city: Kayman
    Asia/Aqtau:
      exemplar_city: Aktau
    Asia/Aqtobe:
      exemplar_city: Aktobe
    Asia/Qostanay:
      exemplar_city: Kostanay
    Asia/Qyzylorda:
      exemplar_city: Kyzylorda
    America/St_Lucia:
      exemplar_city: St. Lusia
    Asia/Colombo:
      exemplar_city: Kolombo
    Africa/Casablanca:
      exemplar_city: Kasablanka
    Asia/Macau:
      exemplar_city: Makao
    America/Martinique:
      exemplar_city: Martinik
    Africa/Nouakchott:
      exemplar_city: Nouakshott
    America/Chihuahua:
      exemplar_city: Tsihuahua
    America/Mexico_City:
      exemplar_city: Meziko Maŋ
    America/Cancun:
      exemplar_city: Kankun
    Asia/Kuching:
      exemplar_city: Kutsing
    Pacific/Chatham:
      exemplar_city: Tsatham
    Pacific/Auckland:
      exemplar_city: Ɔkland
    Asia/Muscat:
      exemplar_city: Muskat
    Pacific/Marquesas:
      exemplar_city: Markwesas
    Asia/Karachi:
      exemplar_city: Karatsi
    America/Miquelon:
      exemplar_city: Mikelon
    Pacific/Pitcairn:
      exemplar_city: Pitkairn
    America/Puerto_Rico:
      exemplar_city: Puerto Riko
    Asia/Qatar:
      exemplar_city: Kata
    Pacific/Guadalcanal:
      exemplar_city: Guadalkanal
    America/Lower_Princes:
      exemplar_city: Ablade Shĩa Ni Yɔɔ Jɔɔ Mli
    Asia/Damascus:
      exemplar_city: Damasko
    America/Grand_Turk:
      exemplar_city: Turke Wulu
    America/Port_of_Spain:
      exemplar_city: Spain Lɛjiadaamɔhe
    America/Anchorage:
      exemplar_city: Ankorage
    America/North_Dakota/New_Salem:
      exemplar_city: New Salem, Dakota Kooyigbɛ
    America/North_Dakota/Center:
      exemplar_city: Maŋteŋ, Dakota Kooyigbɛ
    America/Chicago:
      exemplar_city: Tsikago
    America/Indiana/Vincennes:
      exemplar_city: Vinsennes, Indiana
    America/Indiana/Tell_City:
      exemplar_city: Osheku Maŋ, Indiana
    America/Indiana/Knox:
      exemplar_city: Knos, Indiana
    America/Indiana/Winamac:
      exemplar_city: Winamak, Indiana
    America/Kentucky/Monticello:
      exemplar_city: Montisello, Kentuky
    America/St_Vincent:
      exemplar_city: St. Vinsent
    Asia/Saigon:
      exemplar_city: Ho Tsi Minh Maŋtiase
  metazones:
    GMT:
      long:
        standard: Betsɔɔmɔ ni ka ŋɛlɛ kome nɔ
