---
locale: bew
generated_at: '2025-09-19T10:42:41Z'
cldr_version: '46'
timezone_names:
  formats:
    hour_format: "+HH.mm;-HH.mm"
    region_format: Waktu {0}
    region_format_daylight: Waktu Musim Pentèr {0}
    region_format_standard: Waktu Pakem {0}
  zones:
    Etc/Unknown:
      exemplar_city: Kota Kaga’ Ditauin
    Europe/Andorra:
      exemplar_city: Andora
    Asia/Dubai:
      exemplar_city: Dubé
    America/Anguilla:
      exemplar_city: Angguila
    Europe/Tirane:
      exemplar_city: Tirana
    Asia/Yerevan:
      exemplar_city: Yéréwan
    Antarctica/Vostok:
      exemplar_city: Wostok
    Antarctica/DumontDUrville:
      exemplar_city: Dumont-d’Urville
    America/Catamarca:
      exemplar_city: Katamarka
    America/Cordoba:
      exemplar_city: Kordoba
    America/Buenos_Aires:
      exemplar_city: Buénos Airès
    Europe/Vienna:
      exemplar_city: Wènen
    Australia/Perth:
      exemplar_city: Pert
    Australia/Adelaide:
      exemplar_city: Adeléd
    Australia/Sydney:
      exemplar_city: Sidni
    Australia/Brisbane:
      exemplar_city: Brisbèn
    Europe/Mariehamn:
      exemplar_city: Marihamen
    Europe/Sarajevo:
      exemplar_city: Sarayéwo
    Asia/Dhaka:
      exemplar_city: Daka
    Europe/Brussels:
      exemplar_city: Bresèl
    Africa/Ouagadougou:
      exemplar_city: Wagadugu
    Europe/Sofia:
      exemplar_city: Sopia
    Asia/Bahrain:
      exemplar_city: Bahrén
    America/St_Barthelemy:
      exemplar_city: Sint-Bartoloméus
    Asia/Brunei:
      exemplar_city: Bruné
    America/La_Paz:
      exemplar_city: La Pas
    America/Porto_Velho:
      exemplar_city: Portu Béliu
    America/Sao_Paulo:
      exemplar_city: Sang Paulu
    America/Nassau:
      exemplar_city: Naso
    Asia/Thimphu:
      exemplar_city: Timpu
    Africa/Gaborone:
      exemplar_city: Gaboroné
    Europe/Minsk:
      exemplar_city: Min
    America/Belize:
      exemplar_city: Bélis
    America/Vancouver:
      exemplar_city: Wangkuber
    America/Cambridge_Bay:
      exemplar_city: Telok Kèmbrit
    America/Halifax:
      exemplar_city: Halipak
    Indian/Cocos:
      exemplar_city: Pulo Kokos
    Africa/Kinshasa:
      exemplar_city: Kinsasa
    Africa/Brazzaville:
      exemplar_city: Brasawil
    Europe/Zurich:
      exemplar_city: Sirik
    Africa/Abidjan:
      exemplar_city: Abijan
    Pacific/Easter:
      exemplar_city: Paskah
    Africa/Douala:
      exemplar_city: Duala
    Asia/Urumqi:
      exemplar_city: Urumci
    Asia/Shanghai:
      exemplar_city: Sanghay
    America/Costa_Rica:
      exemplar_city: Kosta Rika
    America/Havana:
      exemplar_city: Hawana
    Atlantic/Cape_Verde:
      exemplar_city: Tanjung Ijo
    America/Curacao:
      exemplar_city: Kurasao
    Indian/Christmas:
      exemplar_city: Pulo Natal
    Asia/Nicosia:
      exemplar_city: Nikosia
    Asia/Famagusta:
      exemplar_city: Pamagusta
    Europe/Prague:
      exemplar_city: Prah
    Europe/Berlin:
      exemplar_city: Berlèn
    Africa/Djibouti:
      exemplar_city: Jibuti
    Europe/Copenhagen:
      exemplar_city: Kopenhagen
    America/Dominica:
      exemplar_city: Dominika
    Africa/Algiers:
      exemplar_city: Aljajaèr
    Europe/Tallinn:
      exemplar_city: Talin
    Africa/Cairo:
      exemplar_city: Kairo
    Africa/El_Aaiun:
      exemplar_city: Aluyun
    Atlantic/Canary:
      exemplar_city: Kenari
    Africa/Ceuta:
      exemplar_city: Sabtah
    Europe/Madrid:
      exemplar_city: Madrit
    Africa/Addis_Ababa:
      exemplar_city: Adis Ababa
    Europe/Helsinki:
      exemplar_city: Hèlsingki
    Pacific/Fiji:
      exemplar_city: Piji
    Atlantic/Stanley:
      exemplar_city: Stènli
    Pacific/Truk:
      exemplar_city: Cuk
    Pacific/Ponape:
      exemplar_city: Pompé
    Pacific/Kosrae:
      exemplar_city: Kosaé
    Atlantic/Faeroe:
      exemplar_city: Perower
    Europe/Paris:
      exemplar_city: Parès
    Europe/London:
      exemplar_city: Londen
    America/Grenada:
      exemplar_city: Grénada
    Asia/Tbilisi:
      exemplar_city: Tiplis
    America/Cayenne:
      exemplar_city: Kéyèn
    Europe/Guernsey:
      exemplar_city: Gèrensi
    Africa/Accra:
      exemplar_city: Akra
    Europe/Gibraltar:
      exemplar_city: Jabal Tarik
    America/Godthab:
      exemplar_city: Nuk
    Africa/Conakry:
      exemplar_city: Konakri
    America/Guadeloupe:
      exemplar_city: Guadelup
    Europe/Athens:
      exemplar_city: Atène
    Atlantic/South_Georgia:
      exemplar_city: Géorgi Kidul
    America/Guatemala:
      exemplar_city: Guatémala
    Africa/Bissau:
      exemplar_city: Biso
    Asia/Hong_Kong:
      exemplar_city: Hongkong
    Europe/Zagreb:
      exemplar_city: Sagrèp
    Europe/Budapest:
      exemplar_city: Budapès
    Asia/Makassar:
      exemplar_city: Makasar
    Asia/Jerusalem:
      exemplar_city: Bétulmegedis
    Europe/Isle_of_Man:
      exemplar_city: Pulo Man
    Asia/Calcutta:
      exemplar_city: Kalkuta
    Indian/Chagos:
      exemplar_city: Cagos
    Asia/Baghdad:
      exemplar_city: Bagdad
    Asia/Tehran:
      exemplar_city: Tèhèran
    Atlantic/Reykjavik:
      exemplar_city: Rékiawik
    Europe/Rome:
      exemplar_city: Roma
    Europe/Jersey:
      exemplar_city: Jèrsi
    America/Jamaica:
      exemplar_city: Jamaika
    Asia/Amman:
      exemplar_city: Aman
    Asia/Bishkek:
      exemplar_city: Biskèk
    Asia/Phnom_Penh:
      exemplar_city: Penom Pèn
    Indian/Comoro:
      exemplar_city: Komoro
    America/St_Kitts:
      exemplar_city: Sint-Kristoper
    Asia/Pyongyang:
      exemplar_city: Piongyang
    Asia/Seoul:
      exemplar_city: Séul
    Asia/Kuwait:
      exemplar_city: Kuwét
    America/Cayman:
      exemplar_city: Kaèman
    Asia/Aqtau:
      exemplar_city: Akto
    Asia/Atyrau:
      exemplar_city: Atiro
    Asia/Aqtobe:
      exemplar_city: Aktobé
    Asia/Qostanay:
      exemplar_city: Kostané
    Asia/Qyzylorda:
      exemplar_city: Kisilorda
    Asia/Almaty:
      exemplar_city: Almati
    Asia/Vientiane:
      exemplar_city: Wiang Cendana
    Asia/Beirut:
      exemplar_city: Bérut
    America/St_Lucia:
      exemplar_city: Sint-Lusia
    Europe/Vaduz:
      exemplar_city: Padus
    Asia/Colombo:
      exemplar_city: Kolombo
    Africa/Monrovia:
      exemplar_city: Monrowia
    Africa/Maseru:
      exemplar_city: Maséru
    Europe/Vilnius:
      exemplar_city: Wilnius
    Europe/Luxembourg:
      exemplar_city: Leksembereh Kota
    Africa/Casablanca:
      exemplar_city: Kasablangka
    Europe/Monaco:
      exemplar_city: Monako
    Europe/Chisinau:
      exemplar_city: Kisinèp
    Europe/Podgorica:
      exemplar_city: Podgoritsa
    Indian/Antananarivo:
      exemplar_city: Antananariwo
    Pacific/Kwajalein:
      exemplar_city: Kuajelin
    Pacific/Majuro:
      exemplar_city: Majero
    Europe/Skopje:
      exemplar_city: Skopi
    Asia/Rangoon:
      exemplar_city: Yanggon
    Asia/Hovd:
      exemplar_city: Houd
    Asia/Ulaanbaatar:
      exemplar_city: Ulanbator
    Asia/Macau:
      exemplar_city: Makao
    America/Martinique:
      exemplar_city: Martinik
    Africa/Nouakchott:
      exemplar_city: Nuaksot
    America/Montserrat:
      exemplar_city: Monsérat
    Indian/Mauritius:
      exemplar_city: Moritius
    Indian/Maldives:
      exemplar_city: Maladéwa
    America/Chihuahua:
      exemplar_city: Cihuahua
    America/Mexico_City:
      exemplar_city: Kota Mèksiko
    Asia/Kuching:
      exemplar_city: Kucing
    Africa/Windhoek:
      exemplar_city: Winhuk
    Pacific/Noumea:
      exemplar_city: Numéa
    Africa/Niamey:
      exemplar_city: Niamé
    Pacific/Norfolk:
      exemplar_city: Norpok
    Europe/Amsterdam:
      exemplar_city: Amsteredam
    Asia/Katmandu:
      exemplar_city: Katmandu
    Pacific/Niue:
      exemplar_city: Niué
    Pacific/Chatham:
      exemplar_city: Catham
    Pacific/Auckland:
      exemplar_city: Oklan
    Asia/Muscat:
      exemplar_city: Muskat
    Pacific/Marquesas:
      exemplar_city: Markésas
    Pacific/Port_Moresby:
      exemplar_city: Pot Morèsbi
    Pacific/Bougainville:
      exemplar_city: Bugènpil
    Asia/Karachi:
      exemplar_city: Karaci
    Europe/Warsaw:
      exemplar_city: Warso
    America/Miquelon:
      exemplar_city: Mikélon
    Pacific/Pitcairn:
      exemplar_city: Pitkèren
    America/Puerto_Rico:
      exemplar_city: Porto Riko
    Asia/Gaza:
      exemplar_city: Gaja
    Asia/Hebron:
      exemplar_city: Hèbron/Halil
    Atlantic/Azores:
      exemplar_city: Asoren
    Atlantic/Madeira:
      exemplar_city: Madéra
    Europe/Lisbon:
      exemplar_city: Lisabon
    America/Asuncion:
      exemplar_city: Asunsion
    Asia/Qatar:
      exemplar_city: Katar
    Europe/Bucharest:
      exemplar_city: Bukarès
    Europe/Belgrade:
      exemplar_city: Bèlgrado
    Europe/Moscow:
      exemplar_city: Mosko
    Europe/Volgograd:
      exemplar_city: Wolgograd
    Europe/Saratov:
      exemplar_city: Saratop
    Europe/Astrakhan:
      exemplar_city: Astrahan
    Europe/Ulyanovsk:
      exemplar_city: Ulyanop
    Europe/Kirov:
      exemplar_city: Kirop
    Asia/Yekaterinburg:
      exemplar_city: Yékatèrinbereh
    Asia/Omsk:
      exemplar_city: Om
    Asia/Novosibirsk:
      exemplar_city: Nowosibir
    Asia/Tomsk:
      exemplar_city: Tom
    Asia/Novokuznetsk:
      exemplar_city: Nowokusnèt
    Asia/Krasnoyarsk:
      exemplar_city: Krasnoyar
    Asia/Irkutsk:
      exemplar_city: Irkut
    Asia/Chita:
      exemplar_city: Cita
    Asia/Yakutsk:
      exemplar_city: Yakut
    Asia/Vladivostok:
      exemplar_city: Weladiwostok
    Asia/Khandyga:
      exemplar_city: Handiga
    Asia/Sakhalin:
      exemplar_city: Sahalin
    Asia/Ust-Nera:
      exemplar_city: Ust-Néra
    Asia/Srednekolymsk:
      exemplar_city: Srèdnèkolim
    Asia/Kamchatka:
      exemplar_city: Kamcatka
    Asia/Anadyr:
      exemplar_city: Anadir
    Asia/Riyadh:
      exemplar_city: Riad
    Pacific/Guadalcanal:
      exemplar_city: Guadalkanal
    Indian/Mahe:
      exemplar_city: Mahé
    Africa/Khartoum:
      exemplar_city: Hartum
    Europe/Stockholm:
      exemplar_city: Stokholem
    Asia/Singapore:
      exemplar_city: Singapur
    Atlantic/St_Helena:
      exemplar_city: Sint-Héléna
    Europe/Ljubljana:
      exemplar_city: Lubliana
    Arctic/Longyearbyen:
      exemplar_city: Longyear Kota
    Europe/Bratislava:
      exemplar_city: Bratislawa
    Africa/Freetown:
      exemplar_city: Priton
    Africa/Mogadishu:
      exemplar_city: Mogadisu
    Africa/Sao_Tome:
      exemplar_city: Sint-Tomas
    America/El_Salvador:
      exemplar_city: Salbador
    Asia/Damascus:
      exemplar_city: Damsik
    Africa/Ndjamena:
      exemplar_city: Njamèna
    Indian/Kerguelen:
      exemplar_city: Kèrgélèn
    Asia/Dushanbe:
      exemplar_city: Dusambé
    Pacific/Fakaofo:
      exemplar_city: Pakaopo
    Asia/Ashgabat:
      exemplar_city: Askabat
    Europe/Istanbul:
      exemplar_city: Stambul
    Pacific/Funafuti:
      exemplar_city: Punaputi
    Asia/Taipei:
      exemplar_city: Taipé
    Africa/Dar_es_Salaam:
      exemplar_city: Darussalam
    Europe/Kiev:
      exemplar_city: Kiip
    Europe/Simferopol:
      exemplar_city: Akmesjid
    Pacific/Midway:
      exemplar_city: Midwé
    Pacific/Wake:
      exemplar_city: Wék
    America/Anchorage:
      exemplar_city: Angkorèt
    America/Los_Angeles:
      exemplar_city: Losènjeles
    America/Phoenix:
      exemplar_city: Pènik
    America/Chicago:
      exemplar_city: Cikago
    America/Indiana/Petersburg:
      exemplar_city: Piterbereh, Indiana
    America/New_York:
      exemplar_city: Niu-Yorek
    America/Montevideo:
      exemplar_city: Montébidéo
    Asia/Samarkand:
      exemplar_city: Samarkan
    Asia/Tashkent:
      exemplar_city: Taskèn
    Europe/Vatican:
      exemplar_city: Watikan
    America/St_Vincent:
      exemplar_city: Sint-Winsèn
    America/Caracas:
      exemplar_city: Karakas
    America/St_Thomas:
      exemplar_city: Sint-Tomas (Karaiben)
    Asia/Saigon:
      exemplar_city: Hociming
    Pacific/Efate:
      exemplar_city: Épaté
    Pacific/Wallis:
      exemplar_city: Walis
    Indian/Mayotte:
      exemplar_city: Méot
    Africa/Johannesburg:
      exemplar_city: Yohanesbereh
    Africa/Harare:
      exemplar_city: Hararé
