---
locale: ta
generated_at: '2025-09-15T06:26:51Z'
cldr_version: '46'
timezone_names:
  formats:
    region_format: "{0} நேரம்"
    region_format_daylight: "{0} பகலொளி நேரம்"
    region_format_standard: "{0} நிலையான நேரம்"
  zones:
    Pacific/Honolulu:
      exemplar_city: ஹோனோலூலூ
    Etc/UTC:
      long:
        standard: ஒருங்கிணைந்த சர்வதேச நேரம்
    Etc/Unknown:
      exemplar_city: தெரியாத நகரம்
    Europe/Andorra:
      exemplar_city: அண்டோரா
    Asia/Dubai:
      exemplar_city: துபாய்
    Asia/Kabul:
      exemplar_city: காபூல்
    America/Antigua:
      exemplar_city: ஆன்டிகுவா
    America/Anguilla:
      exemplar_city: அங்குயுலா
    Europe/Tirane:
      exemplar_city: திரானே
    Asia/Yerevan:
      exemplar_city: ஏரேவன்
    Africa/Luanda:
      exemplar_city: லுவான்டா
    Antarctica/Rothera:
      exemplar_city: ரோதேரா
    Antarctica/Palmer:
      exemplar_city: பால்மர்
    Antarctica/Troll:
      exemplar_city: ட்ரோல்
    Antarctica/Syowa:
      exemplar_city: ஸ்யோவா
    Antarctica/Mawson:
      exemplar_city: மாசன்
    Antarctica/Davis:
      exemplar_city: டேவிஸ்
    Antarctica/Vostok:
      exemplar_city: வோஸ்டோக்
    Antarctica/Casey:
      exemplar_city: கேஸி
    Antarctica/DumontDUrville:
      exemplar_city: டுமோண்ட்-டி உர்வில்லே
    Antarctica/McMurdo:
      exemplar_city: மெக்மர்டோ
    America/Argentina/Rio_Gallegos:
      exemplar_city: ரியோ கேலெகோஸ்
    America/Mendoza:
      exemplar_city: மென்டோஸா
    America/Argentina/San_Juan:
      exemplar_city: சான் ஜுவான்
    America/Argentina/Ushuaia:
      exemplar_city: உஷுவாயா
    America/Argentina/La_Rioja:
      exemplar_city: லா ரியோஜா
    America/Argentina/San_Luis:
      exemplar_city: சான் லூயிஸ்
    America/Catamarca:
      exemplar_city: கடமார்கா
    America/Argentina/Salta:
      exemplar_city: சால்டா
    America/Jujuy:
      exemplar_city: ஜூஜுய்
    America/Argentina/Tucuman:
      exemplar_city: டுகுமன்
    America/Cordoba:
      exemplar_city: கார்டோபா
    America/Buenos_Aires:
      exemplar_city: ப்யூனோஸ் ஏர்ஸ்
    Pacific/Pago_Pago:
      exemplar_city: பேகோ பேகோ
    Europe/Vienna:
      exemplar_city: வியன்னா
    Australia/Perth:
      exemplar_city: பெர்த்
    Australia/Eucla:
      exemplar_city: யூக்லா
    Australia/Darwin:
      exemplar_city: டார்வின்
    Australia/Adelaide:
      exemplar_city: அடிலெய்ட்
    Australia/Broken_Hill:
      exemplar_city: புரோக்கன் ஹில்
    Australia/Melbourne:
      exemplar_city: மெல்போர்ன்
    Australia/Hobart:
      exemplar_city: ஹோபர்ட்
    Australia/Lindeman:
      exemplar_city: லின்டெமன்
    Australia/Sydney:
      exemplar_city: சிட்னி
    Australia/Brisbane:
      exemplar_city: பிரிஸ்பேன்
    Antarctica/Macquarie:
      exemplar_city: மாக்கியூரி
    Australia/Lord_Howe:
      exemplar_city: லார்ட் ஹோவே
    America/Aruba:
      exemplar_city: அரூபா
    Europe/Mariehamn:
      exemplar_city: மரிஹம்
    Asia/Baku:
      exemplar_city: பாக்கூ
    Europe/Sarajevo:
      exemplar_city: சரயேவோ
    America/Barbados:
      exemplar_city: பார்படாஸ்
    Asia/Dhaka:
      exemplar_city: டாக்கா
    Europe/Brussels:
      exemplar_city: புரூசல்ஸ்
    Africa/Ouagadougou:
      exemplar_city: அவுகடவ்கு
    Europe/Sofia:
      exemplar_city: சோஃபியா
    Asia/Bahrain:
      exemplar_city: பஹ்ரைன்
    Africa/Bujumbura:
      exemplar_city: புஜும்புரா
    Africa/Porto-Novo:
      exemplar_city: போர்ட்டோ-நோவோ
    America/St_Barthelemy:
      exemplar_city: செயின்ட் பார்தேலெமி
    Atlantic/Bermuda:
      exemplar_city: பெர்முடா
    Asia/Brunei:
      exemplar_city: புருனே
    America/La_Paz:
      exemplar_city: லா பாஸ்
    America/Kralendijk:
      exemplar_city: கிரெலன்டிஜ்
    America/Eirunepe:
      exemplar_city: ஈருனெபே
    America/Rio_Branco:
      exemplar_city: ரியோ பிரான்கோ
    America/Porto_Velho:
      exemplar_city: போர்ட்டோ வெல்ஹோ
    America/Boa_Vista:
      exemplar_city: போவா விஸ்டா
    America/Manaus:
      exemplar_city: மனாஸ்
    America/Cuiaba:
      exemplar_city: குயாபே
    America/Santarem:
      exemplar_city: சான்டரெம்
    America/Campo_Grande:
      exemplar_city: கேம்போ கிராண்டே
    America/Belem:
      exemplar_city: பெலெம்
    America/Araguaina:
      exemplar_city: அரகுவாய்னா
    America/Sao_Paulo:
      exemplar_city: சாவோ பவுலோ
    America/Bahia:
      exemplar_city: பாஹியா
    America/Fortaleza:
      exemplar_city: ஃபோர்டாலெசா
    America/Maceio:
      exemplar_city: மேசியோ
    America/Recife:
      exemplar_city: ரெஸிஃபி
    America/Noronha:
      exemplar_city: நோரன்ஹா
    America/Nassau:
      exemplar_city: நசவ்
    Asia/Thimphu:
      exemplar_city: திம்பு
    Africa/Gaborone:
      exemplar_city: கபோரோன்
    Europe/Minsk:
      exemplar_city: மின்ஸ்க்
    America/Belize:
      exemplar_city: பெலிஸ்
    America/Dawson:
      exemplar_city: டாவ்சன்
    America/Whitehorse:
      exemplar_city: வொயிட்ஹார்ஸ்
    America/Inuvik:
      exemplar_city: இனுவிக்
    America/Vancouver:
      exemplar_city: வான்கூவர்
    America/Fort_Nelson:
      exemplar_city: ஃபோர்ட் நெல்சன்
    America/Dawson_Creek:
      exemplar_city: டாவ்சன் கிரீக்
    America/Creston:
      exemplar_city: க்ரெஸ்டான்
    America/Edmonton:
      exemplar_city: எட்மான்டான்
    America/Swift_Current:
      exemplar_city: ஸ்விஃப்ட் கரண்ட்
    America/Cambridge_Bay:
      exemplar_city: கேம்பிரிட்ஜ் வளைகுடா
    America/Regina:
      exemplar_city: ரெஜினா
    America/Winnipeg:
      exemplar_city: வின்னிபெக்
    America/Resolute:
      exemplar_city: ரெசலூட்
    America/Rankin_Inlet:
      exemplar_city: ரான்கின் இன்லெட்
    America/Coral_Harbour:
      exemplar_city: அடிகோகன்
    America/Toronto:
      exemplar_city: டொரொன்டோ
    America/Iqaluit:
      exemplar_city: இகாலூயித்
    America/Moncton:
      exemplar_city: மாங்டான்
    America/Halifax:
      exemplar_city: ஹலிஃபேக்ஸ்
    America/Goose_Bay:
      exemplar_city: கூஸ் பே
    America/Glace_Bay:
      exemplar_city: கிலேஸ் வளைகுடா
    America/Blanc-Sablon:
      exemplar_city: ப்லாங்க்-சப்லான்
    America/St_Johns:
      exemplar_city: செயின்ட் ஜான்ஸ்
    Indian/Cocos:
      exemplar_city: கோகோஸ்
    Africa/Kinshasa:
      exemplar_city: கின்ஷசா
    Africa/Lubumbashi:
      exemplar_city: லுபும்பாஷி
    Africa/Bangui:
      exemplar_city: பாங்குயீ
    Africa/Brazzaville:
      exemplar_city: பிராஸாவில்லி
    Europe/Zurich:
      exemplar_city: ஜூரிச்
    Africa/Abidjan:
      exemplar_city: அபிட்ஜான்
    Pacific/Rarotonga:
      exemplar_city: ரரோடோங்கா
    Pacific/Easter:
      exemplar_city: ஈஸ்டர்
    America/Punta_Arenas:
      exemplar_city: புன்டா அரீனாஸ்
    America/Santiago:
      exemplar_city: சாண்டியாகோ
    Africa/Douala:
      exemplar_city: தவுலா
    Asia/Urumqi:
      exemplar_city: உரும்கி
    Asia/Shanghai:
      exemplar_city: ஷாங்காய்
    America/Bogota:
      exemplar_city: போகோடா
    America/Costa_Rica:
      exemplar_city: கோஸ்டா ரிகா
    America/Havana:
      exemplar_city: ஹவானா
    Atlantic/Cape_Verde:
      exemplar_city: கேப் வெர்டே
    America/Curacao:
      exemplar_city: க்யூராகோ
    Indian/Christmas:
      exemplar_city: கிறிஸ்துமஸ்
    Asia/Nicosia:
      exemplar_city: நிகோசியா
    Asia/Famagusta:
      exemplar_city: ஃபாமகுஸ்டா
    Europe/Prague:
      exemplar_city: ப்ராக்
    Europe/Busingen:
      exemplar_city: பசிங்ஜென்
    Europe/Berlin:
      exemplar_city: பெர்லின்
    Africa/Djibouti:
      exemplar_city: ஜிபௌட்டி
    Europe/Copenhagen:
      exemplar_city: கோபன்ஹேகன்
    America/Dominica:
      exemplar_city: டொமினிகா
    America/Santo_Domingo:
      exemplar_city: சாண்டோ டோமிங்கோ
    Africa/Algiers:
      exemplar_city: அல்ஜியர்ஸ்
    Pacific/Galapagos:
      exemplar_city: கலபகோஸ்
    America/Guayaquil:
      exemplar_city: குவாயகில்
    Europe/Tallinn:
      exemplar_city: டலின்
    Africa/Cairo:
      exemplar_city: கெய்ரோ
    Africa/El_Aaiun:
      exemplar_city: எல் ஆயுன்
    Africa/Asmera:
      exemplar_city: அஸ்மாரா
    Atlantic/Canary:
      exemplar_city: கேனரி
    Africa/Ceuta:
      exemplar_city: சியூட்டா
    Europe/Madrid:
      exemplar_city: மேட்ரிட்
    Africa/Addis_Ababa:
      exemplar_city: அடிஸ் அபாபா
    Europe/Helsinki:
      exemplar_city: ஹெல்சிங்கி
    Pacific/Fiji:
      exemplar_city: ஃபிஜி
    Atlantic/Stanley:
      exemplar_city: ஸ்டேன்லி
    Pacific/Truk:
      exemplar_city: சுக்
    Pacific/Ponape:
      exemplar_city: ஃபோன்பெய்
    Pacific/Kosrae:
      exemplar_city: கோஸ்ரே
    Atlantic/Faeroe:
      exemplar_city: ஃபரோ
    Europe/Paris:
      exemplar_city: பாரீஸ்
    Africa/Libreville:
      exemplar_city: லிப்ரேவில்லே
    Europe/London:
      exemplar_city: லண்டன்
      long:
        daylight: பிரிட்டிஷ் கோடை நேரம்
    America/Grenada:
      exemplar_city: கிரனடா
    Asia/Tbilisi:
      exemplar_city: த்பிலிசி
    America/Cayenne:
      exemplar_city: கெய்ன்
    Europe/Guernsey:
      exemplar_city: கர்னஸே
    Africa/Accra:
      exemplar_city: அக்ரா
    Europe/Gibraltar:
      exemplar_city: ஜிப்ரால்டர்
    America/Thule:
      exemplar_city: துலே
    America/Godthab:
      exemplar_city: நூக்
    America/Scoresbysund:
      exemplar_city: இடோகோர்டோர்மிட்
    America/Danmarkshavn:
      exemplar_city: டென்மார்க்ஷாவ்ன்
    Africa/Banjul:
      exemplar_city: பஞ்சுல்
    Africa/Conakry:
      exemplar_city: கோனக்ரே
    America/Guadeloupe:
      exemplar_city: கவுடேலூப்
    Africa/Malabo:
      exemplar_city: மாலபோ
    Europe/Athens:
      exemplar_city: ஏதன்ஸ்
    Atlantic/South_Georgia:
      exemplar_city: தெற்கு ஜார்ஜியா
    America/Guatemala:
      exemplar_city: கவுதமாலா
    Pacific/Guam:
      exemplar_city: குவாம்
    Africa/Bissau:
      exemplar_city: பிஸாவ்
    America/Guyana:
      exemplar_city: கயானா
    Asia/Hong_Kong:
      exemplar_city: ஹாங்காங்
    America/Tegucigalpa:
      exemplar_city: தெகுசிகல்பா
    Europe/Zagreb:
      exemplar_city: ஸக்ரெப்
    America/Port-au-Prince:
      exemplar_city: போர்ட்-அவ்-பிரின்ஸ்
    Europe/Budapest:
      exemplar_city: புடாபெஸ்ட்
    Asia/Jakarta:
      exemplar_city: ஜகார்த்தா
    Asia/Pontianak:
      exemplar_city: போன்டியானாக்
    Asia/Makassar:
      exemplar_city: மக்கஸர்
    Asia/Jayapura:
      exemplar_city: ஜெயபூரா
    Europe/Dublin:
      exemplar_city: டப்ளின்
      long:
        daylight: ஐரிஷ் நிலையான நேரம்
    Asia/Jerusalem:
      exemplar_city: ஜெருசலேம்
    Europe/Isle_of_Man:
      exemplar_city: ஐல் ஆஃப் மேன்
    Asia/Calcutta:
      exemplar_city: கொல்கத்தா
    Indian/Chagos:
      exemplar_city: சாகோஸ்
    Asia/Baghdad:
      exemplar_city: பாக்தாத்
    Asia/Tehran:
      exemplar_city: டெஹ்ரான்
    Atlantic/Reykjavik:
      exemplar_city: ரேக்ஜாவிக்
    Europe/Rome:
      exemplar_city: ரோம்
    Europe/Jersey:
      exemplar_city: ஜெர்சி
    America/Jamaica:
      exemplar_city: ஜமைக்கா
    Asia/Amman:
      exemplar_city: அம்மான்
    Asia/Tokyo:
      exemplar_city: டோக்கியோ
    Africa/Nairobi:
      exemplar_city: நைரோபி
    Asia/Bishkek:
      exemplar_city: பிஷ்கெக்
    Asia/Phnom_Penh:
      exemplar_city: ஃப்னோம் பென்
    Pacific/Enderbury:
      exemplar_city: எண்டர்பரி
    Pacific/Kanton:
      exemplar_city: கேன்டன்
    Pacific/Kiritimati:
      exemplar_city: கிரிடிமாட்டி
    Pacific/Tarawa:
      exemplar_city: தராவா
    Indian/Comoro:
      exemplar_city: கொமரோ
    America/St_Kitts:
      exemplar_city: செயின்ட் கீட்ஸ்
    Asia/Pyongyang:
      exemplar_city: பியாங்யாங்
    Asia/Seoul:
      exemplar_city: சியோல்
    Asia/Kuwait:
      exemplar_city: குவைத்
    America/Cayman:
      exemplar_city: கேமன்
    Asia/Aqtau:
      exemplar_city: அக்தவ்
    Asia/Oral:
      exemplar_city: ஓரல்
    Asia/Atyrau:
      exemplar_city: அடிரா
    Asia/Aqtobe:
      exemplar_city: அக்டோப்
    Asia/Qostanay:
      exemplar_city: கோஸ்டானே
    Asia/Qyzylorda:
      exemplar_city: கிஸிலோர்டா
    Asia/Almaty:
      exemplar_city: அல்மாதி
    Asia/Vientiane:
      exemplar_city: வியன்டியன்
    Asia/Beirut:
      exemplar_city: பெய்ரூட்
    America/St_Lucia:
      exemplar_city: செயின்ட் லூசியா
    Europe/Vaduz:
      exemplar_city: வதுஸ்
    Asia/Colombo:
      exemplar_city: கொழும்பு
    Africa/Monrovia:
      exemplar_city: மான்ரோவியா
    Africa/Maseru:
      exemplar_city: மசேரு
    Europe/Vilnius:
      exemplar_city: வில்னியஸ்
    Europe/Luxembourg:
      exemplar_city: லக்சம்பர்க்
    Europe/Riga:
      exemplar_city: ரிகா
    Africa/Tripoli:
      exemplar_city: த்ரிபோலி
    Africa/Casablanca:
      exemplar_city: காஸாபிளான்கா
    Europe/Monaco:
      exemplar_city: மொனாக்கோ
    Europe/Chisinau:
      exemplar_city: சிசினவ்
    Europe/Podgorica:
      exemplar_city: போட்கோரிகா
    America/Marigot:
      exemplar_city: மாரிகாட்
    Indian/Antananarivo:
      exemplar_city: ஆண்டனநரிவோ
    Pacific/Kwajalein:
      exemplar_city: க்வாஜாலீயன்
    Pacific/Majuro:
      exemplar_city: மஜுரோ
    Europe/Skopje:
      exemplar_city: ஸ்கோப்ஜே
    Africa/Bamako:
      exemplar_city: பமாகோ
    Asia/Rangoon:
      exemplar_city: ரங்கூன்
    Asia/Hovd:
      exemplar_city: ஹோவ்த்
    Asia/Ulaanbaatar:
      exemplar_city: உலான்பாட்டர்
    Asia/Macau:
      exemplar_city: மகாவு
    Pacific/Saipan:
      exemplar_city: சைபன்
    America/Martinique:
      exemplar_city: மார்ட்டினிக்
    Africa/Nouakchott:
      exemplar_city: நோவாக்சோட்
    America/Montserrat:
      exemplar_city: மான்செரேட்
    Europe/Malta:
      exemplar_city: மால்டா
    Indian/Mauritius:
      exemplar_city: மொரிஷியஸ்
    Indian/Maldives:
      exemplar_city: மாலத்தீவுகள்
    Africa/Blantyre:
      exemplar_city: பிளான்டையர்
    America/Tijuana:
      exemplar_city: டிஜுவானா
    America/Hermosillo:
      exemplar_city: ஹெர்மோசிலோ
    America/Ciudad_Juarez:
      exemplar_city: சியுடாட் வாரஸ்
    America/Mazatlan:
      exemplar_city: மஸட்லன்
    America/Chihuahua:
      exemplar_city: சுவாவா
    America/Bahia_Banderas:
      exemplar_city: பஹியா பந்தேராஸ்
    America/Ojinaga:
      exemplar_city: ஒஜினகா
    America/Monterrey:
      exemplar_city: மான்டெர்ரே
    America/Mexico_City:
      exemplar_city: மெக்ஸிகோ நகரம்
    America/Matamoros:
      exemplar_city: மடமோராஸ்
    America/Merida:
      exemplar_city: மெரிடா
    America/Cancun:
      exemplar_city: கன்குன்
    Asia/Kuala_Lumpur:
      exemplar_city: கோலாலம்பூர்
    Asia/Kuching:
      exemplar_city: குசிங்
    Africa/Maputo:
      exemplar_city: மபுடோ
    Africa/Windhoek:
      exemplar_city: வைண்ட்ஹோக்
    Pacific/Noumea:
      exemplar_city: நோவுமியா
    Africa/Niamey:
      exemplar_city: நியாமே
    Pacific/Norfolk:
      exemplar_city: நார்ஃபோக்
    Africa/Lagos:
      exemplar_city: லாகோஸ்
    America/Managua:
      exemplar_city: மானாகுவா
    Europe/Amsterdam:
      exemplar_city: ஆம்ஸ்ட்ரடாம்
    Europe/Oslo:
      exemplar_city: ஓஸ்லோ
    Asia/Katmandu:
      exemplar_city: காத்மாண்டு
    Pacific/Nauru:
      exemplar_city: நவ்ரூ
    Pacific/Niue:
      exemplar_city: நியு
    Pacific/Chatham:
      exemplar_city: சத்தாம்
    Pacific/Auckland:
      exemplar_city: ஆக்லாந்து
    Asia/Muscat:
      exemplar_city: மஸ்கட்
    America/Panama:
      exemplar_city: பனாமா
    America/Lima:
      exemplar_city: லிமா
    Pacific/Tahiti:
      exemplar_city: தஹிதி
    Pacific/Marquesas:
      exemplar_city: மார்கியூசாஸ்
    Pacific/Gambier:
      exemplar_city: கேம்பியர்
    Pacific/Port_Moresby:
      exemplar_city: போர்ட் மோர்ஸ்பை
    Pacific/Bougainville:
      exemplar_city: போகெய்ன்வில்லே
    Asia/Manila:
      exemplar_city: மணிலா
    Asia/Karachi:
      exemplar_city: கராச்சி
    Europe/Warsaw:
      exemplar_city: வார்ஸா
    America/Miquelon:
      exemplar_city: மிக்யூலன்
    Pacific/Pitcairn:
      exemplar_city: பிட்கெய்ர்ன்
    America/Puerto_Rico:
      exemplar_city: பியூர்டோ ரிகோ
    Asia/Gaza:
      exemplar_city: காஸா
    Asia/Hebron:
      exemplar_city: ஹெப்ரான்
    Atlantic/Azores:
      exemplar_city: அசோரஸ்
    Atlantic/Madeira:
      exemplar_city: மடிரா
    Europe/Lisbon:
      exemplar_city: லிஸ்பன்
    Pacific/Palau:
      exemplar_city: பாலவ்
    America/Asuncion:
      exemplar_city: அஸன்சியன்
    Asia/Qatar:
      exemplar_city: கத்தார்
    Indian/Reunion:
      exemplar_city: ரீயூனியன்
    Europe/Bucharest:
      exemplar_city: புசாரெஸ்ட்
    Europe/Belgrade:
      exemplar_city: பெல்கிரேட்
    Europe/Kaliningrad:
      exemplar_city: கலினின்கிராட்
    Europe/Moscow:
      exemplar_city: மாஸ்கோ
    Europe/Volgograd:
      exemplar_city: வோல்கோகிராட்
    Europe/Saratov:
      exemplar_city: சரடோவ்
    Europe/Astrakhan:
      exemplar_city: அஸ்ட்ராகான்
    Europe/Ulyanovsk:
      exemplar_city: உல்யானோஸ்க்
    Europe/Kirov:
      exemplar_city: கிரோவ்
    Europe/Samara:
      exemplar_city: சமாரா
    Asia/Yekaterinburg:
      exemplar_city: யெகாடிரின்பர்க்
    Asia/Omsk:
      exemplar_city: ஓம்ஸ்க்
    Asia/Novosibirsk:
      exemplar_city: நோவோசீபிர்ஸ்க்
    Asia/Barnaul:
      exemplar_city: பார்னால்
    Asia/Tomsk:
      exemplar_city: டாம்ஸ்க்
    Asia/Novokuznetsk:
      exemplar_city: நோவோகுஸ்நெட்ஸ்க்
    Asia/Krasnoyarsk:
      exemplar_city: கிராஸ்னோயார்க்ஸ்
    Asia/Irkutsk:
      exemplar_city: இர்குட்ஸ்க்
    Asia/Chita:
      exemplar_city: சிடா
    Asia/Yakutsk:
      exemplar_city: யகுட்ஸ்க்
    Asia/Vladivostok:
      exemplar_city: விளாடிவொஸ்தோக்
    Asia/Khandyga:
      exemplar_city: கான்டிகா
    Asia/Sakhalin:
      exemplar_city: சகலின்
    Asia/Ust-Nera:
      exemplar_city: உஸ்ட்-நேரா
    Asia/Magadan:
      exemplar_city: மகதன்
    Asia/Srednekolymsk:
      exemplar_city: ஸ்ரெட்நிகோலிம்ஸ்க்
    Asia/Kamchatka:
      exemplar_city: காம்சட்கா
    Asia/Anadyr:
      exemplar_city: அனடீர்
    Africa/Kigali:
      exemplar_city: கிகலி
    Asia/Riyadh:
      exemplar_city: ரியாத்
    Pacific/Guadalcanal:
      exemplar_city: க்வாடால்கேனல்
    Indian/Mahe:
      exemplar_city: மாஹே
    Africa/Khartoum:
      exemplar_city: கார்டோம்
    Europe/Stockholm:
      exemplar_city: ஸ்டாக்ஹோம்
    Asia/Singapore:
      exemplar_city: சிங்கப்பூர்
    Atlantic/St_Helena:
      exemplar_city: செயின்ட் ஹெலெனா
    Europe/Ljubljana:
      exemplar_city: ஜுப்லானா
    Arctic/Longyearbyen:
      exemplar_city: லாங்இயர்பியன்
    Europe/Bratislava:
      exemplar_city: பிரடிஸ்லாவா
    Africa/Freetown:
      exemplar_city: ஃப்ரீடவுன்
    Europe/San_Marino:
      exemplar_city: சான் மரினோ
    Africa/Dakar:
      exemplar_city: டாகர்
    Africa/Mogadishu:
      exemplar_city: மொகாதிஷு
    America/Paramaribo:
      exemplar_city: பரமரிபோ
    Africa/Juba:
      exemplar_city: ஜுபா
    Africa/Sao_Tome:
      exemplar_city: சாவோ டோமே
    America/El_Salvador:
      exemplar_city: எல் சால்வடோர்
    America/Lower_Princes:
      exemplar_city: லோயர் பிரின்ஸஸ் குவார்ட்டர்
    Asia/Damascus:
      exemplar_city: டமாஸ்கஸ்
    Africa/Mbabane:
      exemplar_city: பபான்
    America/Grand_Turk:
      exemplar_city: கிராண்ட் டர்க்
    Africa/Ndjamena:
      exemplar_city: ஜமேனா
    Indian/Kerguelen:
      exemplar_city: கெர்யூலென்
    Africa/Lome:
      exemplar_city: லோம்
    Asia/Bangkok:
      exemplar_city: பாங்காக்
    Asia/Dushanbe:
      exemplar_city: துஷன்பே
    Pacific/Fakaofo:
      exemplar_city: ஃபகாஃபோ
    Asia/Dili:
      exemplar_city: டிலி
    Asia/Ashgabat:
      exemplar_city: அஷ்காபாத்
    Africa/Tunis:
      exemplar_city: டுனிஸ்
    Pacific/Tongatapu:
      exemplar_city: டோன்கடப்பு
    Europe/Istanbul:
      exemplar_city: இஸ்தான்புல்
    America/Port_of_Spain:
      exemplar_city: போர்ட் ஆஃப் ஸ்பெயின்
    Pacific/Funafuti:
      exemplar_city: ஃபுனாஃபுடி
    Asia/Taipei:
      exemplar_city: தாய்பே
    Africa/Dar_es_Salaam:
      exemplar_city: தார் எஸ் சலாம்
    Europe/Kiev:
      exemplar_city: கீவ்
    Europe/Simferopol:
      exemplar_city: சிம்ஃபெரோபோல்
    Africa/Kampala:
      exemplar_city: கம்பாலா
    Pacific/Midway:
      exemplar_city: மிட்வே
    Pacific/Wake:
      exemplar_city: வேக்
    America/Adak:
      exemplar_city: அடக்
    America/Nome:
      exemplar_city: நோம்
    America/Anchorage:
      exemplar_city: அங்கோரேஜ்
    America/Yakutat:
      exemplar_city: யகுடட்
    America/Sitka:
      exemplar_city: சிட்கா
    America/Juneau:
      exemplar_city: ஜுனியூ
    America/Metlakatla:
      exemplar_city: மெட்லகட்லா
    America/Los_Angeles:
      exemplar_city: லாஸ் ஏஞ்சல்ஸ்
    America/Boise:
      exemplar_city: போய்ஸ்
    America/Phoenix:
      exemplar_city: ஃபோனிக்ஸ்
    America/Denver:
      exemplar_city: டென்வர்
    America/North_Dakota/Beulah:
      exemplar_city: பெவுலா, வடக்கு டகோட்டா
    America/North_Dakota/New_Salem:
      exemplar_city: நியூ சலேம், வடக்கு டகோடா
    America/North_Dakota/Center:
      exemplar_city: சென்டர், வடக்கு டகோடா
    America/Chicago:
      exemplar_city: சிகாகோ
    America/Menominee:
      exemplar_city: மெனோமினி
    America/Indiana/Vincennes:
      exemplar_city: வின்செனேஸ், இண்டியானா
    America/Indiana/Petersburg:
      exemplar_city: பீட்டர்ஸ்பெர்க், இண்டியானா
    America/Indiana/Tell_City:
      exemplar_city: டெல் சிட்டி, இண்டியானா
    America/Indiana/Knox:
      exemplar_city: நாக்ஸ், இண்டியானா
    America/Indiana/Winamac:
      exemplar_city: வினாமேக், இண்டியானா
    America/Indiana/Marengo:
      exemplar_city: மரென்கோ, இண்டியானா
    America/Indianapolis:
      exemplar_city: இண்டியானாபொலிஸ்
    America/Louisville:
      exemplar_city: லூயிஸ்வில்லே
    America/Indiana/Vevay:
      exemplar_city: வேவே, இண்டியானா
    America/Kentucky/Monticello:
      exemplar_city: மான்டிசெல்லோ, கென்டகி
    America/Detroit:
      exemplar_city: டெட்ராய்ட்
    America/New_York:
      exemplar_city: நியூயார்க்
    America/Montevideo:
      exemplar_city: மான்டேவீடியோ
    Asia/Samarkand:
      exemplar_city: சமார்கண்ட்
    Asia/Tashkent:
      exemplar_city: தாஷ்கண்ட்
    Europe/Vatican:
      exemplar_city: வாடிகன்
    America/St_Vincent:
      exemplar_city: செயின்ட் வின்சென்ட்
    America/Caracas:
      exemplar_city: கரகாஸ்
    America/Tortola:
      exemplar_city: டோர்டோலா
    America/St_Thomas:
      exemplar_city: செயின்ட் தாமஸ்
    Asia/Saigon:
      exemplar_city: ஹோ சி மின் சிட்டி
    Pacific/Efate:
      exemplar_city: ஈஃபேட்
    Pacific/Wallis:
      exemplar_city: வாலிஸ்
    Pacific/Apia:
      exemplar_city: அபியா
    Asia/Aden:
      exemplar_city: ஏடன்
    Indian/Mayotte:
      exemplar_city: மயோட்டி
    Africa/Johannesburg:
      exemplar_city: ஜோஹன்னஸ்பெர்க்
    Africa/Lusaka:
      exemplar_city: லுசாகா
    Africa/Harare:
      exemplar_city: ஹராரே
  metazones:
    Acre:
      long:
        generic: அக்ரே நேரம்
        standard: அக்ரே தர நேரம்
        daylight: அக்ரே கோடை நேரம்
    Afghanistan:
      long:
        standard: ஆஃப்கானிஸ்தான் நேரம்
    Africa_Central:
      long:
        standard: மத்திய ஆப்பிரிக்க நேரம்
    Africa_Eastern:
      long:
        standard: கிழக்கு ஆப்பிரிக்க நேரம்
    Africa_Southern:
      long:
        standard: தென் ஆப்பிரிக்க நிலையான நேரம்
    Africa_Western:
      long:
        generic: மேற்கு ஆப்பிரிக்க நேரம்
        standard: மேற்கு ஆப்பிரிக்க நிலையான நேரம்
        daylight: மேற்கு ஆப்பிரிக்க கோடை நேரம்
    Alaska:
      long:
        generic: அலாஸ்கா நேரம்
        standard: அலாஸ்கா நிலையான நேரம்
        daylight: அலாஸ்கா பகலொளி நேரம்
    Almaty:
      long:
        generic: அல்மாடி நேரம்
        standard: அல்மாடி தர நேரம்
        daylight: அல்மாடி கோடை நேரம்
    Amazon:
      long:
        generic: அமேசான் நேரம்
        standard: அமேசான் நிலையான நேரம்
        daylight: அமேசான் கோடை நேரம்
    America_Central:
      long:
        generic: மத்திய நேரம்
        standard: மத்திய நிலையான நேரம்
        daylight: மத்திய பகலொளி நேரம்
    America_Eastern:
      long:
        generic: கிழக்கத்திய நேரம்
        standard: கிழக்கத்திய நிலையான நேரம்
        daylight: கிழக்கத்திய பகலொளி நேரம்
    America_Mountain:
      long:
        generic: மவுன்டைன் நேரம்
        standard: மவுன்டைன் நிலையான நேரம்
        daylight: மவுன்டைன் பகலொளி நேரம்
    America_Pacific:
      long:
        generic: பசிபிக் நேரம்
        standard: பசிபிக் நிலையான நேரம்
        daylight: பசிபிக் பகலொளி நேரம்
    Anadyr:
      long:
        generic: அனடீர் நேரம்
        standard: அனாடையர் தர நேரம்
        daylight: அனாடையர் கோடை நேரம்
    Apia:
      long:
        generic: ஏபியா நேரம்
        standard: ஏபியா நிலையான நேரம்
        daylight: ஏபியா பகலொளி நேரம்
    Aqtau:
      long:
        generic: அட்டௌ நேரம்
        standard: அட்டௌ தர நேரம்
        daylight: அட்டௌ கோடை நேரம்
    Aqtobe:
      long:
        generic: அட்டோபே நேரம்
        standard: அட்டோபே தர நேரம்
        daylight: அட்டோபே கோடை நேரம்
    Arabian:
      long:
        generic: அரேபிய நேரம்
        standard: அரேபிய நிலையான நேரம்
        daylight: அரேபிய பகலொளி நேரம்
    Argentina:
      long:
        generic: அர்ஜென்டினா நேரம்
        standard: அர்ஜென்டினா நிலையான நேரம்
        daylight: அர்ஜென்டினா கோடை நேரம்
    Argentina_Western:
      long:
        generic: மேற்கத்திய அர்ஜென்டினா நேரம்
        standard: மேற்கத்திய அர்ஜென்டினா நிலையான நேரம்
        daylight: மேற்கத்திய அர்ஜென்டினா கோடை நேரம்
    Armenia:
      long:
        generic: ஆர்மேனிய நேரம்
        standard: ஆர்மேனிய நிலையான நேரம்
        daylight: ஆர்மேனிய கோடை நேரம்
    Atlantic:
      long:
        generic: அட்லாண்டிக் நேரம்
        standard: அட்லாண்டிக் நிலையான நேரம்
        daylight: அட்லாண்டிக் பகலொளி நேரம்
    Australia_Central:
      long:
        generic: மத்திய ஆஸ்திரேலிய நேரம்
        standard: ஆஸ்திரேலியன் மத்திய நிலையான நேரம்
        daylight: ஆஸ்திரேலியன் மத்திய பகலொளி நேரம்
    Australia_CentralWestern:
      long:
        generic: ஆஸ்திரேலியன் மத்திய மேற்கத்திய நேரம்
        standard: ஆஸ்திரேலியன் மத்திய மேற்கத்திய நிலையான நேரம்
        daylight: ஆஸ்திரேலியன் மத்திய மேற்கத்திய பகலொளி நேரம்
    Australia_Eastern:
      long:
        generic: கிழக்கத்திய ஆஸ்திரேலிய நேரம்
        standard: ஆஸ்திரேலியன் கிழக்கத்திய நிலையான நேரம்
        daylight: ஆஸ்திரேலியன் கிழக்கத்திய பகலொளி நேரம்
    Australia_Western:
      long:
        generic: மேற்கத்திய ஆஸ்திரேலிய நேரம்
        standard: ஆஸ்திரேலியன் மேற்கத்திய நிலையான நேரம்
        daylight: ஆஸ்திரேலியன் மேற்கத்திய பகலொளி நேரம்
    Azerbaijan:
      long:
        generic: அசர்பைஜான் நேரம்
        standard: அசர்பைஜான் நிலையான நேரம்
        daylight: அசர்பைஜான் கோடை நேரம்
    Azores:
      long:
        generic: அசோரஸ் நேரம்
        standard: அசோரஸ் நிலையான நேரம்
        daylight: அசோர்ஸ் கோடை நேரம்
    Bangladesh:
      long:
        generic: வங்கதேச நேரம்
        standard: வங்கதேச நிலையான நேரம்
        daylight: வங்கதேச கோடை நேரம்
    Bhutan:
      long:
        standard: பூடான் நேரம்
    Bolivia:
      long:
        standard: பொலிவியா நேரம்
    Brasilia:
      long:
        generic: பிரேசிலியா நேரம்
        standard: பிரேசிலியா நிலையான நேரம்
        daylight: பிரேசிலியா கோடை நேரம்
    Brunei:
      long:
        standard: புருனே டருஸ்ஸலாம் நேரம்
    Cape_Verde:
      long:
        generic: கேப் வெர்டே நேரம்
        standard: கேப் வெர்டே நிலையான நேரம்
        daylight: கேப் வெர்டே கோடை நேரம்
    Chamorro:
      long:
        standard: சாமோரோ நிலையான நேரம்
    Chatham:
      long:
        generic: சத்தாம் நேரம்
        standard: சத்தாம் நிலையான நேரம்
        daylight: சத்தாம் பகலொளி நேரம்
    Chile:
      long:
        generic: சிலி நேரம்
        standard: சிலி நிலையான நேரம்
        daylight: சிலி கோடை நேரம்
    China:
      long:
        generic: சீன நேரம்
        standard: சீன நிலையான நேரம்
        daylight: சீன பகலொளி நேரம்
    Christmas:
      long:
        standard: கிறிஸ்துமஸ் தீவு நேரம்
    Cocos:
      long:
        standard: கோகோஸ் தீவுகள் நேரம்
    Colombia:
      long:
        generic: கொலம்பியா நேரம்
        standard: கொலம்பியா நிலையான நேரம்
        daylight: கொலம்பியா கோடை நேரம்
    Cook:
      long:
        generic: குக் தீவுகள் நேரம்
        standard: குக் தீவுகள் நிலையான நேரம்
        daylight: குக் தீவுகள் அரை கோடை நேரம்
    Cuba:
      long:
        generic: கியூபா நேரம்
        standard: கியூபா நிலையான நேரம்
        daylight: கியூபா பகலொளி நேரம்
    Davis:
      long:
        standard: டேவிஸ் நேரம்
    DumontDUrville:
      long:
        standard: டுமோண்ட்-டி உர்வில்லே நேரம்
    East_Timor:
      long:
        standard: கிழக்கு திமோர் நேரம்
    Easter:
      long:
        generic: ஈஸ்டர் தீவு நேரம்
        standard: ஈஸ்டர் தீவு நிலையான நேரம்
        daylight: ஈஸ்டர் தீவு கோடை நேரம்
    Ecuador:
      long:
        standard: ஈக்வடார் நேரம்
    Europe_Central:
      long:
        generic: மத்திய ஐரோப்பிய நேரம்
        standard: மத்திய ஐரோப்பிய நிலையான நேரம்
        daylight: மத்திய ஐரோப்பிய கோடை நேரம்
    Europe_Eastern:
      long:
        generic: கிழக்கத்திய ஐரோப்பிய நேரம்
        standard: கிழக்கத்திய ஐரோப்பிய நிலையான நேரம்
        daylight: கிழக்கத்திய ஐரோப்பிய கோடை நேரம்
    Europe_Further_Eastern:
      long:
        standard: தூர-கிழக்கு ஐரோப்பிய நேரம்
    Europe_Western:
      long:
        generic: மேற்கத்திய ஐரோப்பிய நேரம்
        standard: மேற்கத்திய ஐரோப்பிய நிலையான நேரம்
        daylight: மேற்கத்திய ஐரோப்பிய கோடை நேரம்
    Falkland:
      long:
        generic: ஃபாக்லாந்து தீவுகள் நேரம்
        standard: ஃபாக்லாந்து தீவுகள் நிலையான நேரம்
        daylight: ஃபாக்லாந்து தீவுகள் கோடை நேரம்
    Fiji:
      long:
        generic: ஃபிஜி நேரம்
        standard: ஃபிஜி நிலையான நேரம்
        daylight: ஃபிஜி கோடை நேரம்
    French_Guiana:
      long:
        standard: ஃபிரஞ்சு கயானா நேரம்
    French_Southern:
      long:
        standard: பிரெஞ்சு தெற்கத்திய & அண்டார்டிக் நேரம்
    Galapagos:
      long:
        standard: கலபகோஸ் நேரம்
    Gambier:
      long:
        standard: கேம்பியர் நேரம்
    Georgia:
      long:
        generic: ஜார்ஜியா நேரம்
        standard: ஜார்ஜியா நிலையான நேரம்
        daylight: ஜார்ஜியா கோடை நேரம்
    Gilbert_Islands:
      long:
        standard: கில்பர்ட் தீவுகள் நேரம்
    GMT:
      long:
        standard: கிரீன்விச் சராசரி நேரம்
    Greenland_Eastern:
      long:
        generic: கிழக்கு கிரீன்லாந்து நேரம்
        standard: கிழக்கு கிரீன்லாந்து நிலையான நேரம்
        daylight: கிழக்கு கிரீன்லாந்து கோடை நேரம்
    Greenland_Western:
      long:
        generic: மேற்கு கிரீன்லாந்து நேரம்
        standard: மேற்கு கிரீன்லாந்து நிலையான நேரம்
        daylight: மேற்கு கிரீன்லாந்து கோடை நேரம்
    Guam:
      long:
        standard: கம் தர நேரம்
    Gulf:
      long:
        standard: வளைகுடா நிலையான நேரம்
    Guyana:
      long:
        standard: கயானா நேரம்
    Hawaii_Aleutian:
      long:
        generic: ஹவாய்-அலேஷியன் நேரம்
        standard: ஹவாய்-அலேஷியன் நிலையான நேரம்
        daylight: ஹவாய்-அலேஷியன் பகலொளி நேரம்
    Hong_Kong:
      long:
        generic: ஹாங்காங் நேரம்
        standard: ஹாங்காங் நிலையான நேரம்
        daylight: ஹாங்காங் கோடை நேரம்
    Hovd:
      long:
        generic: ஹோவ்த் நேரம்
        standard: ஹோவ்த் நிலையான நேரம்
        daylight: ஹோவ்த் கோடை நேரம்
    India:
      short:
        standard: IST
      long:
        standard: இந்திய நிலையான நேரம்
    Indian_Ocean:
      long:
        standard: இந்தியப் பெருங்கடல் நேரம்
    Indochina:
      long:
        standard: இந்தோசீன நேரம்
    Indonesia_Central:
      long:
        standard: மத்திய இந்தோனேசிய நேரம்
    Indonesia_Eastern:
      long:
        standard: கிழக்கத்திய இந்தோனேசிய நேரம்
    Indonesia_Western:
      long:
        standard: மேற்கத்திய இந்தோனேசிய நேரம்
    Iran:
      long:
        generic: ஈரான் நேரம்
        standard: ஈரான் நிலையான நேரம்
        daylight: ஈரான் பகலொளி நேரம்
    Irkutsk:
      long:
        generic: இர்குட்ஸ்க் நேரம்
        standard: இர்குட்ஸ்க் நிலையான நேரம்
        daylight: இர்குட்ஸ்க் கோடை நேரம்
    Israel:
      long:
        generic: இஸ்ரேல் நேரம்
        standard: இஸ்ரேல் நிலையான நேரம்
        daylight: இஸ்ரேல் பகலொளி நேரம்
    Japan:
      long:
        generic: ஜப்பான் நேரம்
        standard: ஜப்பான் நிலையான நேரம்
        daylight: ஜப்பான் பகலொளி நேரம்
    Kamchatka:
      long:
        generic: பெட்ரோபவ்லோவ்ஸ்க் கம்சட்ஸ்கி நேரம்
        standard: பெட்ரோபவ்லோவ்ஸ்க் கம்சட்ஸ்கி தர நேரம்
        daylight: பெட்ரோபவ்லோவ்ஸ்க் கம்சட்ஸ்கி கோடை நேரம்
    Kazakhstan:
      long:
        standard: கஜகஸ்தான் நேரம்
    Kazakhstan_Eastern:
      long:
        standard: கிழக்கு கஜகஸ்தான் நேரம்
    Kazakhstan_Western:
      long:
        standard: மேற்கு கஜகஸ்தான் நேரம்
    Korea:
      long:
        generic: கொரிய நேரம்
        standard: கொரிய நிலையான நேரம்
        daylight: கொரிய பகலொளி நேரம்
    Kosrae:
      long:
        standard: கோஸ்ரே நேரம்
    Krasnoyarsk:
      long:
        generic: க்ரஸ்னோயார்ஸ்க் நேரம்
        standard: க்ரஸ்னோயார்ஸ்க் நிலையான நேரம்
        daylight: க்ரஸ்னோயார்ஸ்க் கோடை நேரம்
    Kyrgystan:
      long:
        standard: கிர்கிஸ்தான் நேரம்
    Lanka:
      long:
        standard: லங்கா நேரம்
    Line_Islands:
      long:
        standard: லைன் தீவுகள் நேரம்
    Lord_Howe:
      long:
        generic: லார்ட் ஹோவ் நேரம்
        standard: லார்ட் ஹோவ் நிலையான நேரம்
        daylight: லார்ட் ஹோவ் பகலொளி நேரம்
    Macau:
      long:
        generic: மக்காவ் நேரம்
        standard: மக்காவ் தர நேரம்
        daylight: மக்காவ் கோடை நேரம்
    Magadan:
      long:
        generic: மகதன் நேரம்
        standard: மகதன் நிலையான நேரம்
        daylight: மகதன் கோடை நேரம்
    Malaysia:
      long:
        standard: மலேஷிய நேரம்
    Maldives:
      long:
        standard: மாலத்தீவுகள் நேரம்
    Marquesas:
      long:
        standard: மார்கியூசாஸ் நேரம்
    Marshall_Islands:
      long:
        standard: மார்ஷல் தீவுகள் நேரம்
    Mauritius:
      long:
        generic: மொரிஷியஸ் நேரம்
        standard: மொரிஷியஸ் நிலையான நேரம்
        daylight: மொரிஷியஸ் கோடை நேரம்
    Mawson:
      long:
        standard: மாசன் நேரம்
    Mexico_Pacific:
      long:
        generic: மெக்ஸிகன் பசிபிக் நேரம்
        standard: மெக்ஸிகன் பசிபிக் நிலையான நேரம்
        daylight: மெக்ஸிகன் பசிபிக் பகலொளி நேரம்
    Mongolia:
      long:
        generic: உலன் பாடர் நேரம்
        standard: உலன் பாடர் நிலையான நேரம்
        daylight: உலன் பாடர் கோடை நேரம்
    Moscow:
      long:
        generic: மாஸ்கோ நேரம்
        standard: மாஸ்கோ நிலையான நேரம்
        daylight: மாஸ்கோ கோடை நேரம்
    Myanmar:
      long:
        standard: மியான்மர் நேரம்
    Nauru:
      long:
        standard: நவ்ரூ நேரம்
    Nepal:
      long:
        standard: நேபாள நேரம்
    New_Caledonia:
      long:
        generic: நியூ கலிடோனியா நேரம்
        standard: நியூ கலிடோனியா நிலையான நேரம்
        daylight: நியூ கலிடோனியா கோடை நேரம்
    New_Zealand:
      long:
        generic: நியூசிலாந்து நேரம்
        standard: நியூசிலாந்து நிலையான நேரம்
        daylight: நியூசிலாந்து பகலொளி நேரம்
    Newfoundland:
      long:
        generic: நியூஃபவுண்ட்லாந்து நேரம்
        standard: நியூஃபவுண்ட்லாந்து நிலையான நேரம்
        daylight: நியூஃபவுண்ட்லாந்து பகலொளி நேரம்
    Niue:
      long:
        standard: நியு நேரம்
    Norfolk:
      long:
        generic: நார்ஃபோக் தீவு நேரம்
        standard: நார்ஃபோக் தீவு நிலையான நேரம்
        daylight: நார்ஃபோக் தீவு பகலொளி நேரம்
    Noronha:
      long:
        generic: பெர்னாண்டோ டி நோரன்ஹா நேரம்
        standard: பெர்னான்டோ டி நோரோன்ஹா நிலையான நேரம்
        daylight: பெர்னான்டோ டி நோரோன்ஹா கோடை நேரம்
    North_Mariana:
      long:
        standard: வடக்கு மரினா தீவுகள் நேரம்
    Novosibirsk:
      long:
        generic: நோவோசிபிரிஸ்க் நேரம்
        standard: நோவோசிபிரிஸ்க் நிலையான நேரம்
        daylight: நோவோசிபிரிஸ்க் கோடை நேரம்
    Omsk:
      long:
        generic: ஓம்ஸ்க் நேரம்
        standard: ஓம்ஸ்க் நிலையான நேரம்
        daylight: ஓம்ஸ்க் கோடை நேரம்
    Pakistan:
      long:
        generic: பாகிஸ்தான் நேரம்
        standard: பாகிஸ்தான் நிலையான நேரம்
        daylight: பாகிஸ்தான் கோடை நேரம்
    Palau:
      long:
        standard: பாலவ் நேரம்
    Papua_New_Guinea:
      long:
        standard: பபுவா நியூ கினியா நேரம்
    Paraguay:
      long:
        generic: பராகுவே நேரம்
        standard: பராகுவே நிலையான நேரம்
        daylight: பராகுவே கோடை நேரம்
    Peru:
      long:
        generic: பெரு நேரம்
        standard: பெரு நிலையான நேரம்
        daylight: பெரு கோடை நேரம்
    Philippines:
      long:
        generic: பிலிப்பைன் நேரம்
        standard: பிலிப்பைன் நிலையான நேரம்
        daylight: பிலிப்பைன் கோடை நேரம்
    Phoenix_Islands:
      long:
        standard: ஃபோனிக்ஸ் தீவுகள் நேரம்
    Pierre_Miquelon:
      long:
        generic: செயின்ட் பியரி & மிக்குயிலான் நேரம்
        standard: செயின்ட் பியரி & மிக்குயிலான் நிலையான நேரம்
        daylight: செயின்ட் பியரி & மிக்குயிலான் பகலொளி நேரம்
    Pitcairn:
      long:
        standard: பிட்கெய்ர்ன் நேரம்
    Ponape:
      long:
        standard: போனாபே நேரம்
    Pyongyang:
      long:
        standard: பியாங்யாங் நேரம்
    Qyzylorda:
      long:
        generic: கைஜைலோர்டா நேரம்
        standard: கைஜைலோர்டா தர நேரம்
        daylight: கைஜைலோர்டா கோடை நேரம்
    Reunion:
      long:
        standard: ரீயூனியன் நேரம்
    Rothera:
      long:
        standard: ரோதேரா நேரம்
    Sakhalin:
      long:
        generic: சகலின் நேரம்
        standard: சகலின் நிலையான நேரம்
        daylight: சகலின் கோடை நேரம்
    Samara:
      long:
        generic: சமரா நேரம்
        standard: சமரா தர நேரம்
        daylight: சமரா கோடை நேரம்
    Samoa:
      long:
        generic: சமோவா நேரம்
        standard: சமோவா நிலையான நேரம்
        daylight: சமோவா பகலொளி நேரம்
    Seychelles:
      long:
        standard: சீசெல்ஸ் நேரம்
    Singapore:
      long:
        standard: சிங்கப்பூர் நிலையான நேரம்
    Solomon:
      long:
        standard: சாலமன் தீவுகள் நேரம்
    South_Georgia:
      long:
        standard: தெற்கு ஜார்ஜியா நேரம்
    Suriname:
      long:
        standard: சுரினாம் நேரம்
    Syowa:
      long:
        standard: ஸ்யோவா நேரம்
    Tahiti:
      long:
        standard: தஹிதி நேரம்
    Taipei:
      long:
        generic: தாய்பே நேரம்
        standard: தாய்பே நிலையான நேரம்
        daylight: தாய்பே பகலொளி நேரம்
    Tajikistan:
      long:
        standard: தஜிகிஸ்தான் நேரம்
    Tokelau:
      long:
        standard: டோக்கெலாவ் நேரம்
    Tonga:
      long:
        generic: டோங்கா நேரம்
        standard: டோங்கா நிலையான நேரம்
        daylight: டோங்கா கோடை நேரம்
    Truk:
      long:
        standard: சுக் நேரம்
    Turkmenistan:
      long:
        generic: துர்க்மெனிஸ்தான் நேரம்
        standard: துர்க்மெனிஸ்தான் நிலையான நேரம்
        daylight: துர்க்மெனிஸ்தான் கோடை நேரம்
    Tuvalu:
      long:
        standard: துவாலு நேரம்
    Uruguay:
      long:
        generic: உருகுவே நேரம்
        standard: உருகுவே நிலையான நேரம்
        daylight: உருகுவே கோடை நேரம்
    Uzbekistan:
      long:
        generic: உஸ்பெகிஸ்தான் நேரம்
        standard: உஸ்பெகிஸ்தான் நிலையான நேரம்
        daylight: உஸ்பெகிஸ்தான் கோடை நேரம்
    Vanuatu:
      long:
        generic: வனுவாட்டு நேரம்
        standard: வனுவாட்டு நிலையான நேரம்
        daylight: வனுவாட்டு கோடை நேரம்
    Venezuela:
      long:
        standard: வெனிசுலா நேரம்
    Vladivostok:
      long:
        generic: விளாடிவோஸ்டோக் நேரம்
        standard: விளாடிவோஸ்டோக் நிலையான நேரம்
        daylight: விளாடிவோஸ்டோக் கோடை நேரம்
    Volgograd:
      long:
        generic: வோல்கோக்ராட் நேரம்
        standard: வோல்கோக்ராட் நிலையான நேரம்
        daylight: வோல்கோக்ராட் கோடை நேரம்
    Vostok:
      long:
        standard: வோஸ்டோக் நேரம்
    Wake:
      long:
        standard: வேக் தீவு நேரம்
    Wallis:
      long:
        standard: வாலிஸ் மற்றும் ஃப்யூடுனா நேரம்
    Yakutsk:
      long:
        generic: யகுட்ஸ்க் நேரம்
        standard: யகுட்ஸ்க் நிலையான நேரம்
        daylight: யகுட்ஸ்க் கோடை நேரம்
    Yekaterinburg:
      long:
        generic: யேகாடெரின்பர்க் நேரம்
        standard: யேகாடெரின்பர்க் நிலையான நேரம்
        daylight: யேகாடெரின்பர்க் கோடை நேரம்
    Yukon:
      long:
        standard: யூகோன் நேரம்
